<?xml version="1.0" encoding="UTF-8" standalone="no" ?>
<COLLADA xmlns="http://www.collada.org/2005/11/COLLADASchema" version="1.4.1">
    <asset>
        <contributor>
            <authoring_tool>SketchUp 20.2.172</authoring_tool>
        </contributor>
        <created>2021-03-19T10:40:25Z</created>
        <modified>2021-03-19T10:40:25Z</modified>
        <unit meter="0.0254" name="inch" />
        <up_axis>Z_UP</up_axis>
    </asset>
    <library_cameras>
        <camera id="ID1" name="skp_camera_Last_Saved_SketchUp_View">
            <optics>
                <technique_common>
                    <perspective>
                        <yfov>35</yfov>
                        <aspect_ratio>0</aspect_ratio>
                        <znear>0.1</znear>
                        <zfar>2</zfar>
                    </perspective>
                </technique_common>
            </optics>
        </camera>
    </library_cameras>
    <library_visual_scenes>
        <visual_scene id="ID2">
            <node name="SketchUp">
                <node name="skp_camera_Last_Saved_SketchUp_View">
                    <matrix>0.7997037 0.07644726 -0.595508 -30.04928 -0.6003948 0.1018249 -0.7931947 -60.17159 -6.938894e-18 0.9918606 0.1273283 27.87253 0 0 0 1</matrix>
                    <instance_camera url="#ID1" />
                </node>
                <node id="ID3" name="birou">
                    <matrix>1 0 0 0 0 1 0 0 0 0 1 0 0 0 0 1</matrix>
                    <node id="ID4" name="group_0">
                        <matrix>1 0 0 0 0 1 0 1.541913e-14 0 0 1 0.1181102 0 0 0 1</matrix>
                        <node id="ID5" name="instance_0">
                            <matrix>1 0 0 2.356382e-14 0 1 0 0.7086614 0 0 1 0 0 0 0 1</matrix>
                            <instance_geometry url="#ID6">
                                <bind_material>
                                    <technique_common>
                                        <instance_material symbol="Material2" target="#ID7">
                                            <bind_vertex_input semantic="UVSET0" input_semantic="TEXCOORD" input_set="0" />
                                        </instance_material>
                                        <instance_material symbol="Material3" target="#ID16">
                                            <bind_vertex_input semantic="UVSET0" input_semantic="TEXCOORD" input_set="0" />
                                        </instance_material>
                                    </technique_common>
                                </bind_material>
                            </instance_geometry>
                        </node>
                        <node id="ID21" name="instance_1">
                            <matrix>0 1 0 2.49134e-16 0 0 1 -2.268027e-17 1 0 0 0 0 0 0 1</matrix>
                            <instance_geometry url="#ID22">
                                <bind_material>
                                    <technique_common>
                                        <instance_material symbol="Material2" target="#ID7">
                                            <bind_vertex_input semantic="UVSET0" input_semantic="TEXCOORD" input_set="0" />
                                        </instance_material>
                                        <instance_material symbol="Material3" target="#ID16">
                                            <bind_vertex_input semantic="UVSET0" input_semantic="TEXCOORD" input_set="0" />
                                        </instance_material>
                                    </technique_common>
                                </bind_material>
                            </instance_geometry>
                        </node>
                        <node id="ID30" name="instance_2">
                            <matrix>-7.657137e-16 1 -8.766067e-16 2.356382e-14 -7.734765e-16 -8.766067e-16 -1 27.55906 1 7.657137e-16 -7.734765e-16 7.105427e-15 0 0 0 1</matrix>
                            <instance_geometry url="#ID31">
                                <bind_material>
                                    <technique_common>
                                        <instance_material symbol="Material2" target="#ID7">
                                            <bind_vertex_input semantic="UVSET0" input_semantic="TEXCOORD" input_set="0" />
                                        </instance_material>
                                        <instance_material symbol="Material3" target="#ID16">
                                            <bind_vertex_input semantic="UVSET0" input_semantic="TEXCOORD" input_set="0" />
                                        </instance_material>
                                    </technique_common>
                                </bind_material>
                            </instance_geometry>
                        </node>
                        <node id="ID39" name="instance_3">
                            <matrix>1 -0 0 3.733058e-14 0 0.4771588 -0.8788171 13.14961 0 0.8788171 0.4771588 15.33192 0 0 0 1</matrix>
                            <instance_geometry url="#ID40">
                                <bind_material>
                                    <technique_common>
                                        <instance_material symbol="Material2" target="#ID7">
                                            <bind_vertex_input semantic="UVSET0" input_semantic="TEXCOORD" input_set="0" />
                                        </instance_material>
                                        <instance_material symbol="Material3" target="#ID16">
                                            <bind_vertex_input semantic="UVSET0" input_semantic="TEXCOORD" input_set="0" />
                                        </instance_material>
                                    </technique_common>
                                </bind_material>
                            </instance_geometry>
                        </node>
                        <node id="ID48" name="instance_4">
                            <matrix>1 -7.657137e-16 0 3.377787e-14 7.657137e-16 1 0 0.7086614 0 0 -1 29.52756 0 0 0 1</matrix>
                            <instance_geometry url="#ID49">
                                <bind_material>
                                    <technique_common>
                                        <instance_material symbol="Material2" target="#ID7">
                                            <bind_vertex_input semantic="UVSET0" input_semantic="TEXCOORD" input_set="0" />
                                        </instance_material>
                                        <instance_material symbol="Material3" target="#ID16">
                                            <bind_vertex_input semantic="UVSET0" input_semantic="TEXCOORD" input_set="0" />
                                        </instance_material>
                                    </technique_common>
                                </bind_material>
                            </instance_geometry>
                        </node>
                        <node id="ID57" name="instance_5">
                            <matrix>-8.896639e-17 1 -9.193593e-14 1.734657e-14 -0.8788171 4.378985e-14 0.4771588 26.85039 0.4771588 8.083732e-14 0.8788171 7.086614 0 0 0 1</matrix>
                            <instance_geometry url="#ID58">
                                <bind_material>
                                    <technique_common>
                                        <instance_material symbol="Material2" target="#ID7">
                                            <bind_vertex_input semantic="UVSET0" input_semantic="TEXCOORD" input_set="0" />
                                        </instance_material>
                                        <instance_material symbol="Material3" target="#ID16">
                                            <bind_vertex_input semantic="UVSET0" input_semantic="TEXCOORD" input_set="0" />
                                        </instance_material>
                                    </technique_common>
                                </bind_material>
                            </instance_geometry>
                        </node>
                        <node id="ID66" name="instance_6">
                            <matrix>4.407461e-16 1 -3.140834e-16 1.046319e-14 -0.4771588 -6.571596e-17 -0.8788171 12.81146 -0.8788171 5.372028e-16 0.4771588 14.70913 0 0 0 1</matrix>
                            <instance_geometry url="#ID67">
                                <bind_material>
                                    <technique_common>
                                        <instance_material symbol="Material2" target="#ID7">
                                            <bind_vertex_input semantic="UVSET0" input_semantic="TEXCOORD" input_set="0" />
                                        </instance_material>
                                        <instance_material symbol="Material3" target="#ID16">
                                            <bind_vertex_input semantic="UVSET0" input_semantic="TEXCOORD" input_set="0" />
                                        </instance_material>
                                    </technique_common>
                                </bind_material>
                            </instance_geometry>
                        </node>
                    </node>
                    <node id="ID75" name="group_1">
                        <matrix>1 0 0 0.5905512 0 1 0 1.181102 0 0 1 0 0 0 0 1</matrix>
                        <node id="ID76" name="instance_7">
                            <matrix>-1 -2.707168e-15 -7.657137e-16 6.102362 2.707168e-15 -1 -7.657137e-16 24.48819 -7.657137e-16 -7.657137e-16 1 0.1181102 0 0 0 1</matrix>
                            <instance_geometry url="#ID77">
                                <bind_material>
                                    <technique_common>
                                        <instance_material symbol="Material2" target="#ID78">
                                            <bind_vertex_input semantic="UVSET0" input_semantic="TEXCOORD" input_set="0" />
                                        </instance_material>
                                        <instance_material symbol="Material3" target="#ID83">
                                            <bind_vertex_input semantic="UVSET0" input_semantic="TEXCOORD" input_set="0" />
                                        </instance_material>
                                    </technique_common>
                                </bind_material>
                            </instance_geometry>
                        </node>
                        <node id="ID87" name="instance_8">
                            <matrix>-1 -2.707168e-15 -1.036458e-30 6.102362 -2.707168e-15 1 7.657137e-16 0.7086614 1.036458e-30 -7.657137e-16 1 0.1181102 0 0 0 1</matrix>
                            <instance_geometry url="#ID88">
                                <bind_material>
                                    <technique_common>
                                        <instance_material symbol="Material2" target="#ID78">
                                            <bind_vertex_input semantic="UVSET0" input_semantic="TEXCOORD" input_set="0" />
                                        </instance_material>
                                        <instance_material symbol="Material3" target="#ID83">
                                            <bind_vertex_input semantic="UVSET0" input_semantic="TEXCOORD" input_set="0" />
                                        </instance_material>
                                    </technique_common>
                                </bind_material>
                            </instance_geometry>
                        </node>
                        <node id="ID94" name="instance_9">
                            <matrix>1 -1.031302e-15 -7.657137e-16 67.3219 -1.031302e-15 -1 -7.734765e-16 25.19685 7.657137e-16 -7.734765e-16 1 0.1181102 0 0 0 1</matrix>
                            <instance_geometry url="#ID95">
                                <bind_material>
                                    <technique_common>
                                        <instance_material symbol="Material2" target="#ID78">
                                            <bind_vertex_input semantic="UVSET0" input_semantic="TEXCOORD" input_set="0" />
                                        </instance_material>
                                        <instance_material symbol="Material3" target="#ID83">
                                            <bind_vertex_input semantic="UVSET0" input_semantic="TEXCOORD" input_set="0" />
                                        </instance_material>
                                    </technique_common>
                                </bind_material>
                            </instance_geometry>
                        </node>
                        <node id="ID101" name="instance_10">
                            <matrix>1 0 0 67.3219 0 1 0 0 0 0 1 0.1181102 0 0 0 1</matrix>
                            <instance_geometry url="#ID102">
                                <bind_material>
                                    <technique_common>
                                        <instance_material symbol="Material2" target="#ID78">
                                            <bind_vertex_input semantic="UVSET0" input_semantic="TEXCOORD" input_set="0" />
                                        </instance_material>
                                        <instance_material symbol="Material3" target="#ID83">
                                            <bind_vertex_input semantic="UVSET0" input_semantic="TEXCOORD" input_set="0" />
                                        </instance_material>
                                    </technique_common>
                                </bind_material>
                            </instance_geometry>
                        </node>
                        <node id="ID108" name="instance_11">
                            <matrix>1 0 -7.657137e-16 0.5905512 0 -1 0 24.48819 7.657137e-16 0 1 0.1181102 0 0 0 1</matrix>
                            <instance_geometry url="#ID109">
                                <bind_material>
                                    <technique_common>
                                        <instance_material symbol="Material2" target="#ID78">
                                            <bind_vertex_input semantic="UVSET0" input_semantic="TEXCOORD" input_set="0" />
                                        </instance_material>
                                        <instance_material symbol="Material3" target="#ID83">
                                            <bind_vertex_input semantic="UVSET0" input_semantic="TEXCOORD" input_set="0" />
                                        </instance_material>
                                    </technique_common>
                                </bind_material>
                            </instance_geometry>
                        </node>
                        <node id="ID115" name="instance_12">
                            <matrix>1 0 0 0.5905512 0 1 0 0.7086614 0 0 1 0.1181102 0 0 0 1</matrix>
                            <instance_geometry url="#ID116">
                                <bind_material>
                                    <technique_common>
                                        <instance_material symbol="Material2" target="#ID78">
                                            <bind_vertex_input semantic="UVSET0" input_semantic="TEXCOORD" input_set="0" />
                                        </instance_material>
                                        <instance_material symbol="Material3" target="#ID83">
                                            <bind_vertex_input semantic="UVSET0" input_semantic="TEXCOORD" input_set="0" />
                                        </instance_material>
                                    </technique_common>
                                </bind_material>
                            </instance_geometry>
                        </node>
                    </node>
                    <node id="ID122" name="instance_13">
                        <matrix>0 0 -1 68.89764 0 1 0 -8.323501e-17 1 -0 0 0.1181102 0 0 0 1</matrix>
                        <instance_geometry url="#ID123">
                            <bind_material>
                                <technique_common>
                                    <instance_material symbol="Material2" target="#ID124">
                                        <bind_vertex_input semantic="UVSET0" input_semantic="TEXCOORD" input_set="0" />
                                    </instance_material>
                                    <instance_material symbol="Material3" target="#ID129">
                                        <bind_vertex_input semantic="UVSET0" input_semantic="TEXCOORD" input_set="0" />
                                    </instance_material>
                                </technique_common>
                            </bind_material>
                        </instance_geometry>
                    </node>
                    <node id="ID133" name="instance_14">
                        <matrix>1 0 0 2.49134e-16 0 1 0 1.71728e-14 0 0 1 29.64567 0 0 0 1</matrix>
                        <instance_geometry url="#ID134">
                            <bind_material>
                                <technique_common>
                                    <instance_material symbol="Material2" target="#ID124">
                                        <bind_vertex_input semantic="UVSET0" input_semantic="TEXCOORD" input_set="0" />
                                    </instance_material>
                                    <instance_material symbol="Material3" target="#ID129">
                                        <bind_vertex_input semantic="UVSET0" input_semantic="TEXCOORD" input_set="0" />
                                    </instance_material>
                                </technique_common>
                            </bind_material>
                        </instance_geometry>
                    </node>
                </node>
                <node id="ID140" name="reviste">
                    <matrix>0.006905708 -0.6656782 0.01951521 7.364819 0.3182678 -0.01384445 -0.5848675 12.67737 0.5849905 0.01539037 0.3179705 15.63573 0 0 0 1</matrix>
                    <instance_geometry url="#ID141">
                        <bind_material>
                            <technique_common>
                                <instance_material symbol="Material2" target="#ID142">
                                    <bind_vertex_input semantic="UVSET0" input_semantic="TEXCOORD" input_set="0" />
                                </instance_material>
                                <instance_material symbol="Material3" target="#ID151">
                                    <bind_vertex_input semantic="UVSET0" input_semantic="TEXCOORD" input_set="0" />
                                </instance_material>
                            </technique_common>
                        </bind_material>
                    </instance_geometry>
                    <instance_geometry url="#ID156">
                        <bind_material>
                            <technique_common>
                                <instance_material symbol="Material2" target="#ID142">
                                    <bind_vertex_input semantic="UVSET0" input_semantic="TEXCOORD" input_set="0" />
                                </instance_material>
                                <instance_material symbol="Material3" target="#ID151">
                                    <bind_vertex_input semantic="UVSET0" input_semantic="TEXCOORD" input_set="0" />
                                </instance_material>
                            </technique_common>
                        </bind_material>
                    </instance_geometry>
                    <instance_geometry url="#ID164">
                        <bind_material>
                            <technique_common>
                                <instance_material symbol="Material2" target="#ID142">
                                    <bind_vertex_input semantic="UVSET0" input_semantic="TEXCOORD" input_set="0" />
                                </instance_material>
                                <instance_material symbol="Material3" target="#ID151">
                                    <bind_vertex_input semantic="UVSET0" input_semantic="TEXCOORD" input_set="0" />
                                </instance_material>
                            </technique_common>
                        </bind_material>
                    </instance_geometry>
                    <instance_geometry url="#ID172">
                        <bind_material>
                            <technique_common>
                                <instance_material symbol="Material2" target="#ID142">
                                    <bind_vertex_input semantic="UVSET0" input_semantic="TEXCOORD" input_set="0" />
                                </instance_material>
                                <instance_material symbol="Material3" target="#ID151">
                                    <bind_vertex_input semantic="UVSET0" input_semantic="TEXCOORD" input_set="0" />
                                </instance_material>
                            </technique_common>
                        </bind_material>
                    </instance_geometry>
                    <instance_geometry url="#ID180">
                        <bind_material>
                            <technique_common>
                                <instance_material symbol="Material2" target="#ID142">
                                    <bind_vertex_input semantic="UVSET0" input_semantic="TEXCOORD" input_set="0" />
                                </instance_material>
                                <instance_material symbol="Material3" target="#ID151">
                                    <bind_vertex_input semantic="UVSET0" input_semantic="TEXCOORD" input_set="0" />
                                </instance_material>
                            </technique_common>
                        </bind_material>
                    </instance_geometry>
                    <instance_geometry url="#ID188">
                        <bind_material>
                            <technique_common>
                                <instance_material symbol="Material2" target="#ID142">
                                    <bind_vertex_input semantic="UVSET0" input_semantic="TEXCOORD" input_set="0" />
                                </instance_material>
                                <instance_material symbol="Material3" target="#ID151">
                                    <bind_vertex_input semantic="UVSET0" input_semantic="TEXCOORD" input_set="0" />
                                </instance_material>
                            </technique_common>
                        </bind_material>
                    </instance_geometry>
                    <instance_geometry url="#ID196">
                        <bind_material>
                            <technique_common>
                                <instance_material symbol="Material2" target="#ID142">
                                    <bind_vertex_input semantic="UVSET0" input_semantic="TEXCOORD" input_set="0" />
                                </instance_material>
                                <instance_material symbol="Material3" target="#ID151">
                                    <bind_vertex_input semantic="UVSET0" input_semantic="TEXCOORD" input_set="0" />
                                </instance_material>
                            </technique_common>
                        </bind_material>
                    </instance_geometry>
                    <instance_geometry url="#ID204">
                        <bind_material>
                            <technique_common>
                                <instance_material symbol="Material2" target="#ID142">
                                    <bind_vertex_input semantic="UVSET0" input_semantic="TEXCOORD" input_set="0" />
                                </instance_material>
                                <instance_material symbol="Material3" target="#ID151">
                                    <bind_vertex_input semantic="UVSET0" input_semantic="TEXCOORD" input_set="0" />
                                </instance_material>
                            </technique_common>
                        </bind_material>
                    </instance_geometry>
                    <instance_geometry url="#ID212">
                        <bind_material>
                            <technique_common>
                                <instance_material symbol="Material2" target="#ID142">
                                    <bind_vertex_input semantic="UVSET0" input_semantic="TEXCOORD" input_set="0" />
                                </instance_material>
                                <instance_material symbol="Material3" target="#ID151">
                                    <bind_vertex_input semantic="UVSET0" input_semantic="TEXCOORD" input_set="0" />
                                </instance_material>
                            </technique_common>
                        </bind_material>
                    </instance_geometry>
                </node>
                <node id="ID220" name="group_2">
                    <matrix>1 0 0 -26.99082 0 1 0 -31.32574 0 0 1 0 0 0 0 1</matrix>
                    <instance_geometry url="#ID221">
                        <bind_material>
                            <technique_common>
                                <instance_material symbol="Material2" target="#ID223">
                                    <bind_vertex_input semantic="UVSET0" input_semantic="TEXCOORD" input_set="0" />
                                </instance_material>
                                <instance_material symbol="Material3" target="#ID151">
                                    <bind_vertex_input semantic="UVSET0" input_semantic="TEXCOORD" input_set="0" />
                                </instance_material>
                            </technique_common>
                        </bind_material>
                    </instance_geometry>
                </node>
            </node>
        </visual_scene>
    </library_visual_scenes>
    <library_geometries>
        <geometry id="ID6">
            <mesh>
                <source id="ID12">
                    <float_array id="ID18" count="216">0.05905512 26.08268 7.105427e-15 7.814961 0.05905512 0 0.05905512 0.05905512 7.105427e-15 7.814961 26.08268 7.105427e-15 0.05905512 0.05905512 7.105427e-15 0.05905512 26.08268 7.105427e-15 7.814961 26.08268 7.105427e-15 7.814961 0.05905512 0 2.664535e-17 26.08268 0.05905512 0.05905512 0.05905512 7.105427e-15 2.664535e-17 0.05905512 0.05905512 0.05905512 26.08268 7.105427e-15 2.664535e-17 0.05905512 0.05905512 2.664535e-17 26.08268 0.05905512 0.05905512 26.14173 0.05905512 7.814961 26.08268 7.105427e-15 7.814961 26.14173 0.05905512 0.05905512 26.14173 0.05905512 7.814961 26.14173 0.05905512 7.874016 0.05905512 0.05905512 7.814961 0.05905512 0 7.874016 26.08268 0.05905512 7.874016 26.08268 0.05905512 7.874016 0.05905512 0.05905512 7.814961 4.440892e-16 0.05905512 0.05905512 0 0.05905512 7.814961 4.440892e-16 0.05905512 0.05905512 0 0.05905512 2.930989e-16 26.08268 0.6496063 2.664535e-17 0.05905512 0.05905512 2.930989e-16 0.05905512 0.6496063 2.664535e-17 26.08268 0.05905512 2.930989e-16 0.05905512 0.6496063 2.930989e-16 26.08268 0.6496063 0.05905512 26.14173 0.6496063 7.814961 26.14173 0.05905512 0.05905512 26.14173 0.05905512 7.814961 26.14173 0.6496063 7.814961 26.14173 0.6496063 0.05905512 26.14173 0.6496063 7.874016 26.08268 0.05905512 7.874016 0.05905512 0.6496063 7.874016 0.05905512 0.05905512 7.874016 26.08268 0.6496063 7.874016 0.05905512 0.6496063 7.874016 26.08268 0.6496063 7.814961 4.440892e-16 0.6496063 0.05905512 0 0.05905512 7.814961 4.440892e-16 0.05905512 0.05905512 0 0.6496063 7.814961 4.440892e-16 0.6496063 0.05905512 0 0.6496063 0.05905512 0 0.6496063 2.930989e-16 0.05905512 0.6496063 0.05905512 26.08268 0.7086614 0.05905512 0.05905512 0.7086614 2.930989e-16 26.08268 0.6496063 0.05905512 0.05905512 0.7086614 0.05905512 26.08268 0.7086614 0.05905512 26.14173 0.6496063 7.814961 26.14173 0.6496063 7.814961 26.08268 0.7086614 7.814961 26.08268 0.7086614 7.874016 26.08268 0.6496063 7.814961 4.440892e-16 0.6496063 7.874016 0.05905512 0.6496063 7.814961 0.05905512 0.7086614 7.814961 0.05905512 0.7086614 7.814961 0.05905512 0.7086614 0.05905512 26.08268 0.7086614 0.05905512 0.05905512 0.7086614 7.814961 26.08268 0.7086614</float_array>
                    <technique_common>
                        <accessor count="72" source="#ID18" stride="3">
                            <param name="X" type="float" />
                            <param name="Y" type="float" />
                            <param name="Z" type="float" />
                        </accessor>
                    </technique_common>
                </source>
                <source id="ID13">
                    <float_array id="ID19" count="216">-4.580656e-16 1.365188e-16 -1 -4.580656e-16 1.365188e-16 -1 -4.580656e-16 1.365188e-16 -1 -4.580656e-16 1.365188e-16 -1 0 0 0 0 0 0 0 0 0 0 0 0 -0.7587909 0.4605629 -0.4605629 -0.4605629 -0.4605629 -0.7587909 -0.7587909 -0.4605629 -0.4605629 -0.4605629 0.4605629 -0.7587909 0 0 0 0 0 0 -0.4605629 0.7587909 -0.4605629 0.4605629 0.4605629 -0.7587909 0.4605629 0.7587909 -0.4605629 0 0 0 0 0 0 0.7587909 -0.4605629 -0.4605629 0.4605629 -0.4605629 -0.7587909 0.7587909 0.4605629 -0.4605629 0 0 0 0 0 0 0.4605629 -0.7587909 -0.4605629 -0.4605629 -0.7587909 -0.4605629 0 0 0 0 0 0 -1 0 4.511946e-16 -1 0 4.511946e-16 -1 0 4.511946e-16 -1 0 4.511946e-16 0 0 0 0 0 0 -1.504175e-16 1 -4.144509e-45 -1.504175e-16 1 -4.144509e-45 -1.504175e-16 1 -4.144509e-45 -1.504175e-16 1 -4.144509e-45 0 0 0 0 0 0 1 5.339907e-17 3.942179e-31 1 5.339907e-17 3.942179e-31 1 5.339907e-17 3.942179e-31 1 5.339907e-17 3.942179e-31 0 0 0 0 0 0 6.45302e-17 -1 -6.284983e-31 6.45302e-17 -1 -6.284983e-31 6.45302e-17 -1 -6.284983e-31 6.45302e-17 -1 -6.284983e-31 0 0 0 0 0 0 -0.4605629 -0.7587909 0.4605629 -0.7587909 -0.4605629 0.4605629 -0.4605629 0.4605629 0.7587909 -0.4605629 -0.4605629 0.7587909 -0.7587909 0.4605629 0.4605629 0 0 0 0 0 0 -0.4605629 0.7587909 0.4605629 0.4605629 0.7587909 0.4605629 0.4605629 0.4605629 0.7587909 0 0 0 0.7587909 0.4605629 0.4605629 0.4605629 -0.7587909 0.4605629 0.7587909 -0.4605629 0.4605629 0.4605629 -0.4605629 0.7587909 0 0 0 4.580656e-16 -1.365188e-16 1 4.580656e-16 -1.365188e-16 1 4.580656e-16 -1.365188e-16 1 4.580656e-16 -1.365188e-16 1</float_array>
                    <technique_common>
                        <accessor count="72" source="#ID19" stride="3">
                            <param name="X" type="float" />
                            <param name="Y" type="float" />
                            <param name="Z" type="float" />
                        </accessor>
                    </technique_common>
                </source>
                <source id="ID15">
                    <float_array id="ID20" count="192">-0.001685393 0.744382 -0.2230337 0.001685393 -0.001685393 0.001685393 -0.2230337 0.744382 -0.744382 0.001685393 -0.7467655 -0.7410112 -0.744382 -0.7410112 -0.7467655 0.001685393 -0.001685393 0.5287411 -0.2230337 0.5263576 -0.001685393 0.5263576 -0.2230337 0.5287411 -0.7467655 -1.527528 -0.744382 -0.7848315 -0.7467655 -0.7848315 -0.744382 -1.527528 0.2230337 0.001191753 0.001685393 -0.001191753 0.2230337 -0.001191753 0.001685393 0.001191753 -0.001191753 0.0006880589 5.346847e-18 -0.001376118 0.001191753 0.0006880589 -0.7275281 0.001685393 -0.744382 -0.7410112 -0.7275281 -0.7410112 -0.744382 0.001685393 -0.5287411 0.3052688 -0.5275493 0.3032046 -0.5263576 0.3052688 -0.001685393 0.01853933 -0.2230337 0.001685393 -0.001685393 0.001685393 -0.2230337 0.01853933 0.3698407 0.39701 0.3674572 0.39701 0.3686489 0.3949458 -0.744382 -1.527528 -0.7275281 -0.7848315 -0.744382 -0.7848315 -0.7275281 -1.527528 0.1600922 0.09242925 0.1577086 0.09242925 0.1589004 0.09036507 0.2230337 0.01853933 0.001685393 0.001685393 0.2230337 0.001685393 0.001685393 0.01853933 0.001191753 0.01853933 -0.001191753 0.001685393 0.001191753 0.001685393 -0.001191753 0.01853933 -0.7251446 0.001685393 -0.7275281 -0.7410112 -0.7251446 -0.7410112 -0.7275281 0.001685393 -0.5287411 0.01853933 -0.5263576 0.001685393 -0.5263576 0.01853933 -0.5287411 0.001685393 -0.001685393 -0.5120565 -0.2230337 -0.51444 -0.001685393 -0.51444 -0.2230337 -0.5120565 0.3698407 0.001685393 0.3674572 0.01853933 0.3674572 0.001685393 0.3698407 0.01853933 0.1600922 0.001685393 0.1577086 0.01853933 0.1577086 0.001685393 0.1600922 0.01853933 -0.7275281 -0.7848315 -0.7251446 -1.527528 -0.7251446 -0.7848315 -0.7275281 -1.527528 0.2230337 0.01549279 0.001685393 0.01310928 0.2230337 0.01310928 0.001685393 0.01549279 2.138739e-17 0.01788953 -0.001191753 0.01582536 0.001191753 0.01582536 0.2230337 0.001685393 0.001685393 0.744382 0.001685393 0.001685393 0.2230337 0.744382 -0.5287411 -0.2887554 -0.5263576 -0.2887554 -0.5275493 -0.2866912 0.3698407 -0.3804966 0.3686489 -0.3784324 0.3674572 -0.3804966 0.1600922 -0.07591583 0.1589004 -0.07385166 0.1577086 -0.07591583</float_array>
                    <technique_common>
                        <accessor count="96" source="#ID20" stride="2">
                            <param name="S" type="float" />
                            <param name="T" type="float" />
                        </accessor>
                    </technique_common>
                </source>
                <vertices id="ID14">
                    <input semantic="POSITION" source="#ID12" />
                    <input semantic="NORMAL" source="#ID13" />
                </vertices>
                <triangles count="44" material="Material2">
                    <input offset="0" semantic="VERTEX" source="#ID14" />
                    <input offset="1" semantic="TEXCOORD" source="#ID15" />
                    <p>0 0 1 1 2 2 1 1 0 0 3 3 8 4 9 5 10 6 9 5 8 4 11 7 14 8 15 9 11 10 15 9 14 8 16 11 15 12 19 13 20 14 19 13 15 12 21 15 24 16 9 17 20 18 9 17 24 16 25 19 10 20 9 21 25 22 28 23 29 24 30 25 29 24 28 23 31 26 14 27 11 28 8 29 34 30 35 31 36 32 35 31 34 30 37 33 16 34 21 35 15 36 40 37 41 38 42 39 41 38 40 37 43 40 19 41 24 42 20 43 46 44 47 45 48 46 47 45 46 44 49 47 52 48 10 49 25 50 10 49 52 48 53 51 54 52 53 53 55 54 53 53 54 52 56 55 59 56 8 57 56 58 8 57 59 56 14 59 54 60 60 61 59 62 60 61 54 60 61 63 16 64 63 65 21 66 63 65 16 64 60 67 19 68 64 69 24 70 64 69 19 68 65 71 65 72 61 73 66 74 61 73 65 72 63 75 66 76 52 77 64 78 52 77 66 76 55 79 55 80 53 81 52 82 68 83 69 84 70 85 69 84 68 83 71 86 59 87 56 88 54 89 60 90 61 91 63 92 65 93 66 94 64 95</p>
                </triangles>
                <lines count="48" material="Material3">
                    <input offset="0" semantic="VERTEX" source="#ID14" />
                    <p />
                </lines>
            </mesh>
        </geometry>
        <geometry id="ID22">
            <mesh>
                <source id="ID23">
                    <float_array id="ID27" count="216">29.4685 7.814961 2.268027e-17 0.05905512 0.05905512 3.597535e-15 0.05905512 7.814961 1.413888e-14 29.4685 0.05905512 3.557186e-15 0.05905512 0.05905512 3.597535e-15 0.05905512 7.814961 1.413888e-14 29.4685 7.814961 2.268027e-17 29.4685 0.05905512 3.557186e-15 0.05905512 7.814961 1.413888e-14 1.387779e-17 0.05905512 0.05905512 1.387779e-17 7.814961 0.05905512 0.05905512 0.05905512 3.597535e-15 1.387779e-17 0.05905512 0.05905512 1.387779e-17 7.814961 0.05905512 29.4685 7.874016 0.05905512 29.4685 7.814961 2.268027e-17 0.05905512 7.874016 0.05905512 0.05905512 7.874016 0.05905512 29.4685 7.874016 0.05905512 29.52756 7.814961 0.05905512 29.4685 0.05905512 3.557186e-15 29.52756 0.05905512 0.05905512 29.52756 7.814961 0.05905512 29.52756 0.05905512 0.05905512 29.4685 -2.264855e-17 0.05905512 0.05905512 -2.264855e-17 0.05905512 29.4685 -2.264855e-17 0.05905512 0.05905512 -2.264855e-17 0.05905512 1.387779e-16 7.814961 0.6496063 1.387779e-17 0.05905512 0.05905512 1.387779e-16 0.05905512 0.6496063 1.387779e-17 7.814961 0.05905512 1.387779e-16 0.05905512 0.6496063 1.387779e-16 7.814961 0.6496063 0.05905512 7.874016 0.05905512 29.4685 7.874016 0.6496063 29.4685 7.874016 0.05905512 0.05905512 7.874016 0.6496063 29.4685 7.874016 0.6496063 0.05905512 7.874016 0.6496063 29.52756 0.05905512 0.05905512 29.52756 7.814961 0.6496063 29.52756 0.05905512 0.6496063 29.52756 7.814961 0.05905512 29.52756 7.814961 0.6496063 29.52756 0.05905512 0.6496063 29.4685 -2.49134e-16 0.6496063 0.05905512 -2.264855e-17 0.05905512 29.4685 -2.264855e-17 0.05905512 0.05905512 -2.49134e-16 0.6496063 0.05905512 -2.49134e-16 0.6496063 29.4685 -2.49134e-16 0.6496063 0.05905512 -2.49134e-16 0.6496063 1.387779e-16 0.05905512 0.6496063 0.05905512 0.05905512 0.7086614 1.387779e-16 7.814961 0.6496063 0.05905512 7.814961 0.7086614 0.05905512 0.05905512 0.7086614 0.05905512 7.814961 0.7086614 0.05905512 7.874016 0.6496063 29.4685 7.814961 0.7086614 29.4685 7.874016 0.6496063 29.4685 7.814961 0.7086614 29.52756 7.814961 0.6496063 29.52756 0.05905512 0.6496063 29.4685 0.05905512 0.7086614 29.4685 0.05905512 0.7086614 29.4685 -2.49134e-16 0.6496063 29.4685 0.05905512 0.7086614 0.05905512 7.814961 0.7086614 0.05905512 0.05905512 0.7086614 29.4685 7.814961 0.7086614</float_array>
                    <technique_common>
                        <accessor count="72" source="#ID27" stride="3">
                            <param name="X" type="float" />
                            <param name="Y" type="float" />
                            <param name="Z" type="float" />
                        </accessor>
                    </technique_common>
                </source>
                <source id="ID24">
                    <float_array id="ID28" count="216">-2.406803e-16 4.5171e-16 -1 -2.406803e-16 4.5171e-16 -1 -2.406803e-16 4.5171e-16 -1 -2.406803e-16 4.5171e-16 -1 0 0 0 0 0 0 0 0 0 0 0 0 -0.4605629 0.4605629 -0.7587909 -0.7587909 -0.4605629 -0.4605629 -0.7587909 0.4605629 -0.4605629 -0.4605629 -0.4605629 -0.7587909 0 0 0 0 0 0 0.4605629 0.7587909 -0.4605629 0.4605629 0.4605629 -0.7587909 -0.4605629 0.7587909 -0.4605629 0 0 0 0 0 0 0.7587909 0.4605629 -0.4605629 0.4605629 -0.4605629 -0.7587909 0.7587909 -0.4605629 -0.4605629 0 0 0 0 0 0 0.4605629 -0.7587909 -0.4605629 -0.4605629 -0.7587909 -0.4605629 0 0 0 0 0 0 -1 -2.960959e-31 2.191517e-16 -1 -2.960959e-31 2.191517e-16 -1 -2.960959e-31 2.191517e-16 -1 -2.960959e-31 2.191517e-16 0 0 0 0 0 0 0 1 0 0 1 0 0 1 0 0 1 0 0 0 0 0 0 0 1 0 0 1 0 0 1 0 0 1 0 0 0 0 0 0 0 0 2.05215e-32 -1 -3.835154e-16 2.05215e-32 -1 -3.835154e-16 2.05215e-32 -1 -3.835154e-16 2.05215e-32 -1 -3.835154e-16 0 0 0 0 0 0 -0.4605629 -0.7587909 0.4605629 -0.7587909 -0.4605629 0.4605629 -0.4605629 -0.4605629 0.7587909 -0.7587909 0.4605629 0.4605629 -0.4605629 0.4605629 0.7587909 0 0 0 0 0 0 -0.4605629 0.7587909 0.4605629 0.4605629 0.4605629 0.7587909 0.4605629 0.7587909 0.4605629 0 0 0 0.7587909 0.4605629 0.4605629 0.7587909 -0.4605629 0.4605629 0.4605629 -0.4605629 0.7587909 0 0 0 0.4605629 -0.7587909 0.4605629 2.416036e-16 -4.580656e-16 1 2.416036e-16 -4.580656e-16 1 2.416036e-16 -4.580656e-16 1 2.416036e-16 -4.580656e-16 1</float_array>
                    <technique_common>
                        <accessor count="72" source="#ID28" stride="3">
                            <param name="X" type="float" />
                            <param name="Y" type="float" />
                            <param name="Z" type="float" />
                        </accessor>
                    </technique_common>
                </source>
                <source id="ID26">
                    <float_array id="ID29" count="190">-0.2230337 -0.8410112 -0.001685393 -0.001685393 -0.2230337 -0.001685393 -0.001685393 -0.8410112 -0.001685393 0.0006981127 -0.2230337 0.0006981127 -0.001685393 -0.001685393 -0.2230337 -0.001685393 -0.2254172 -0.8410112 -0.2230337 -0.8410112 -0.2254172 -0.001685393 -0.2230337 -0.8433947 -0.001685393 -0.8410112 -0.2230337 -0.8410112 -0.001685393 -0.8433947 0.0006981127 -0.8410112 -0.001685393 -0.001685393 -0.001685393 -0.8410112 0.0006981127 -0.001685393 -0.2230337 0.01755205 -0.001685393 0.0006981127 -0.001685393 0.01755205 -0.2230337 0.0006981127 -0.2250979 -0.0004936403 -0.2230337 -0.001685393 -0.2230337 0.0006981127 0.0003787835 -0.0004936403 -0.001685393 0.0006981127 -0.001685393 -0.001685393 -0.2254172 -0.001685393 -0.2422711 -0.8410112 -0.2254172 -0.8410112 -0.2422711 -0.001685393 -0.2230337 -0.8433947 -0.2230337 -0.8410112 -0.2250979 -0.842203 -0.001685393 -0.8433947 -0.2230337 -0.8602487 -0.001685393 -0.8602487 -0.2230337 -0.8433947 0.0003787835 -0.842203 -0.001685393 -0.8410112 -0.001685393 -0.8433947 0.01755205 -0.8410112 0.0006981127 -0.001685393 0.0006981127 -0.8410112 0.01755205 -0.001685393 0.01853933 -0.0002044725 0.001685393 0.002179034 0.001685393 -0.0002044725 0.01853933 0.002179034 0.001685393 -0.001685393 0.2230337 0.0006981127 0.001685393 0.0006981127 0.2230337 -0.001685393 -0.2422711 0.0006981127 -0.2254172 -0.001685393 -0.2254172 0.0006981127 -0.2422711 -0.001685393 0.2230337 -0.8410112 0.2254172 -0.001685393 0.2230337 -0.001685393 0.2254172 -0.8410112 -0.2254172 -0.8602487 -0.2230337 -0.8433947 -0.2254172 -0.8433947 -0.2230337 -0.8602487 -0.001685393 -0.8602487 -0.2230337 -0.8626322 -0.001685393 -0.8626322 -0.2230337 -0.8602487 0.01755205 -0.8433947 0.0006981127 -0.8410112 0.0006981127 -0.8433947 0.01755205 -0.8410112 -0.0006981127 -0.8410112 0.001685393 -0.001685393 -0.0006981127 -0.001685393 0.001685393 -0.8410112 0.0206035 0.0009872805 0.01853933 0.002179034 0.01853933 -0.0002044725 0.001685393 -0.8410112 0.2230337 -0.001685393 0.001685393 -0.001685393 0.2230337 -0.8410112 0.1457911 -0.1000674 0.1445994 -0.09800323 0.1434076 -0.1000674 0.1445994 -0.5888186 0.1457911 -0.5867544 0.1434076 -0.5867544 0.01755205 -0.8433947 0.01961622 -0.842203 0.01755205 -0.8410112</float_array>
                    <technique_common>
                        <accessor count="95" source="#ID29" stride="2">
                            <param name="S" type="float" />
                            <param name="T" type="float" />
                        </accessor>
                    </technique_common>
                </source>
                <vertices id="ID25">
                    <input semantic="POSITION" source="#ID23" />
                    <input semantic="NORMAL" source="#ID24" />
                </vertices>
                <triangles count="44" material="Material2">
                    <input offset="0" semantic="VERTEX" source="#ID25" />
                    <input offset="1" semantic="TEXCOORD" source="#ID26" />
                    <p>0 0 1 1 2 2 1 1 0 0 3 3 8 2 9 4 10 5 9 4 8 2 11 6 8 7 14 8 15 9 14 8 8 7 16 10 19 11 20 12 15 13 20 12 19 11 21 14 24 15 11 16 20 17 11 16 24 15 25 18 28 19 29 20 30 21 29 20 28 19 31 22 16 23 8 24 10 25 25 26 9 27 11 28 34 29 35 30 36 31 35 30 34 29 37 32 19 33 15 34 14 35 40 36 41 37 42 38 41 37 40 36 43 39 24 40 20 41 21 42 46 43 47 44 48 45 47 44 46 43 49 46 52 47 9 48 25 49 9 48 52 47 53 50 54 51 55 52 53 53 55 52 54 51 56 54 55 55 16 56 10 57 16 56 55 55 59 58 60 59 59 60 56 61 59 60 60 59 61 62 61 63 19 64 14 65 19 64 61 63 63 66 64 67 60 68 65 69 60 68 64 67 63 70 64 71 24 72 21 73 24 72 64 71 67 74 67 75 54 76 52 77 54 76 67 75 65 78 54 79 53 80 52 81 68 82 69 83 70 84 69 83 68 82 71 85 59 86 55 87 56 88 63 89 61 90 60 91 64 92 65 93 67 94</p>
                </triangles>
                <lines count="48" material="Material3">
                    <input offset="0" semantic="VERTEX" source="#ID25" />
                    <p />
                </lines>
            </mesh>
        </geometry>
        <geometry id="ID31">
            <mesh>
                <source id="ID32">
                    <float_array id="ID36" count="216">29.4685 0.05905512 3.557186e-15 29.4685 7.814961 2.268027e-17 0.05905512 0.05905512 3.597535e-15 0.05905512 7.814961 1.413888e-14 0.05905512 0.05905512 3.597535e-15 0.05905512 7.814961 1.413888e-14 29.4685 7.814961 2.268027e-17 29.4685 0.05905512 3.557186e-15 0.05905512 0.05905512 3.597535e-15 0.05905512 7.814961 1.413888e-14 1.387779e-17 0.05905512 0.05905512 1.387779e-17 7.814961 0.05905512 1.387779e-17 0.05905512 0.05905512 1.387779e-17 7.814961 0.05905512 0.05905512 7.874016 0.05905512 29.4685 7.874016 0.05905512 29.4685 7.814961 2.268027e-17 0.05905512 7.874016 0.05905512 29.4685 7.874016 0.05905512 29.52756 0.05905512 0.05905512 29.52756 7.814961 0.05905512 29.4685 0.05905512 3.557186e-15 29.52756 7.814961 0.05905512 29.52756 0.05905512 0.05905512 0.05905512 -2.264855e-17 0.05905512 29.4685 -2.264855e-17 0.05905512 29.4685 -2.264855e-17 0.05905512 0.05905512 -2.264855e-17 0.05905512 1.387779e-17 7.814961 0.05905512 1.387779e-16 7.814961 0.6496063 1.387779e-17 0.05905512 0.05905512 1.387779e-16 0.05905512 0.6496063 1.387779e-16 0.05905512 0.6496063 1.387779e-16 7.814961 0.6496063 0.05905512 7.874016 0.6496063 0.05905512 7.874016 0.05905512 29.4685 7.874016 0.6496063 29.4685 7.874016 0.05905512 29.4685 7.874016 0.6496063 0.05905512 7.874016 0.6496063 29.52756 7.814961 0.05905512 29.52756 0.05905512 0.05905512 29.52756 7.814961 0.6496063 29.52756 0.05905512 0.6496063 29.52756 7.814961 0.6496063 29.52756 0.05905512 0.6496063 0.05905512 -2.49134e-16 0.6496063 29.4685 -2.49134e-16 0.6496063 0.05905512 -2.264855e-17 0.05905512 29.4685 -2.264855e-17 0.05905512 0.05905512 -2.49134e-16 0.6496063 29.4685 -2.49134e-16 0.6496063 1.387779e-16 0.05905512 0.6496063 0.05905512 -2.49134e-16 0.6496063 0.05905512 7.814961 0.7086614 0.05905512 0.05905512 0.7086614 1.387779e-16 7.814961 0.6496063 0.05905512 0.05905512 0.7086614 0.05905512 7.814961 0.7086614 0.05905512 7.874016 0.6496063 29.4685 7.874016 0.6496063 29.4685 7.814961 0.7086614 29.4685 7.814961 0.7086614 29.52756 7.814961 0.6496063 29.52756 0.05905512 0.6496063 29.4685 0.05905512 0.7086614 29.4685 0.05905512 0.7086614 29.4685 -2.49134e-16 0.6496063 29.4685 7.814961 0.7086614 29.4685 0.05905512 0.7086614 0.05905512 7.814961 0.7086614 0.05905512 0.05905512 0.7086614</float_array>
                    <technique_common>
                        <accessor count="72" source="#ID36" stride="3">
                            <param name="X" type="float" />
                            <param name="Y" type="float" />
                            <param name="Z" type="float" />
                        </accessor>
                    </technique_common>
                </source>
                <source id="ID33">
                    <float_array id="ID37" count="216">-2.406803e-16 4.5171e-16 -1 -2.406803e-16 4.5171e-16 -1 -2.406803e-16 4.5171e-16 -1 -2.406803e-16 4.5171e-16 -1 0 0 0 0 0 0 0 0 0 0 0 0 -0.4605629 -0.4605629 -0.7587909 -0.4605629 0.4605629 -0.7587909 -0.7587909 -0.4605629 -0.4605629 -0.7587909 0.4605629 -0.4605629 0 0 0 0 0 0 -0.4605629 0.7587909 -0.4605629 0.4605629 0.7587909 -0.4605629 0.4605629 0.4605629 -0.7587909 0 0 0 0 0 0 0.7587909 -0.4605629 -0.4605629 0.7587909 0.4605629 -0.4605629 0.4605629 -0.4605629 -0.7587909 0 0 0 0 0 0 -0.4605629 -0.7587909 -0.4605629 0.4605629 -0.7587909 -0.4605629 0 0 0 0 0 0 -1 -2.960959e-31 2.191517e-16 -1 -2.960959e-31 2.191517e-16 -1 -2.960959e-31 2.191517e-16 -1 -2.960959e-31 2.191517e-16 0 0 0 0 0 0 0 1 0 0 1 0 0 1 0 0 1 0 0 0 0 0 0 0 1 0 0 1 0 0 1 0 0 1 0 0 0 0 0 0 0 0 2.05215e-32 -1 -3.835154e-16 2.05215e-32 -1 -3.835154e-16 2.05215e-32 -1 -3.835154e-16 2.05215e-32 -1 -3.835154e-16 0 0 0 0 0 0 -0.7587909 -0.4605629 0.4605629 -0.4605629 -0.7587909 0.4605629 -0.4605629 0.4605629 0.7587909 -0.4605629 -0.4605629 0.7587909 -0.7587909 0.4605629 0.4605629 0 0 0 0 0 0 -0.4605629 0.7587909 0.4605629 0.4605629 0.7587909 0.4605629 0.4605629 0.4605629 0.7587909 0 0 0 0.7587909 0.4605629 0.4605629 0.7587909 -0.4605629 0.4605629 0.4605629 -0.4605629 0.7587909 0 0 0 0.4605629 -0.7587909 0.4605629 2.416036e-16 -4.580656e-16 1 2.416036e-16 -4.580656e-16 1 2.416036e-16 -4.580656e-16 1 2.416036e-16 -4.580656e-16 1</float_array>
                    <technique_common>
                        <accessor count="72" source="#ID37" stride="3">
                            <param name="X" type="float" />
                            <param name="Y" type="float" />
                            <param name="Z" type="float" />
                        </accessor>
                    </technique_common>
                </source>
                <source id="ID35">
                    <float_array id="ID38" count="190">-0.001685393 -0.8410112 -0.2230337 -0.8410112 -0.001685393 -0.001685393 -0.2230337 -0.001685393 -0.001685393 -0.001685393 -0.001685393 0.0006981127 -0.2230337 0.0006981127 -0.2254172 -0.001685393 -0.2230337 -0.001685393 -0.2254172 -0.8410112 -0.2230337 -0.8410112 -0.001685393 -0.8433947 -0.2230337 -0.8433947 -0.001685393 -0.8410112 -0.2230337 -0.8410112 0.0006981127 -0.001685393 0.0006981127 -0.8410112 -0.001685393 -0.001685393 -0.001685393 -0.8410112 -0.2230337 0.0006981127 -0.2230337 0.01755205 -0.001685393 0.0006981127 -0.001685393 0.01755205 -0.2230337 0.0006981127 -0.2230337 -0.001685393 -0.2250979 -0.0004936403 -0.001685393 -0.001685393 -0.001685393 0.0006981127 0.0003787835 -0.0004936403 -0.2422711 -0.001685393 -0.2254172 -0.001685393 -0.2422711 -0.8410112 -0.2254172 -0.8410112 -0.2250979 -0.842203 -0.2230337 -0.8410112 -0.2230337 -0.8433947 -0.2230337 -0.8433947 -0.001685393 -0.8433947 -0.2230337 -0.8602487 -0.001685393 -0.8602487 -0.001685393 -0.8433947 -0.001685393 -0.8410112 0.0003787835 -0.842203 0.01755205 -0.001685393 0.01755205 -0.8410112 0.0006981127 -0.001685393 0.0006981127 -0.8410112 0.01853933 0.002179034 0.01853933 -0.0002044725 0.001685393 0.002179034 0.001685393 -0.0002044725 0.2230337 -0.001685393 0.001685393 -0.001685393 0.2230337 0.0006981127 0.001685393 0.0006981127 -0.2422711 -0.001685393 -0.2422711 0.0006981127 -0.2254172 -0.001685393 -0.2254172 0.0006981127 0.2254172 -0.8410112 0.2230337 -0.8410112 0.2254172 -0.001685393 0.2230337 -0.001685393 -0.2230337 -0.8602487 -0.2254172 -0.8602487 -0.2230337 -0.8433947 -0.2254172 -0.8433947 -0.2230337 -0.8602487 -0.001685393 -0.8602487 -0.2230337 -0.8626322 -0.001685393 -0.8626322 0.01755205 -0.8410112 0.01755205 -0.8433947 0.0006981127 -0.8410112 0.0006981127 -0.8433947 0.001685393 -0.8410112 -0.0006981127 -0.8410112 0.001685393 -0.001685393 -0.0006981127 -0.001685393 0.01853933 -0.0002044725 0.01853933 0.002179034 0.0206035 0.0009872805 0.2230337 -0.8410112 0.001685393 -0.8410112 0.2230337 -0.001685393 0.001685393 -0.001685393 0.1434076 -0.1000674 0.1445994 -0.09800323 0.1457911 -0.1000674 0.1434076 -0.5867544 0.1457911 -0.5867544 0.1445994 -0.5888186 0.01755205 -0.8410112 0.01961622 -0.842203 0.01755205 -0.8433947</float_array>
                    <technique_common>
                        <accessor count="95" source="#ID38" stride="2">
                            <param name="S" type="float" />
                            <param name="T" type="float" />
                        </accessor>
                    </technique_common>
                </source>
                <vertices id="ID34">
                    <input semantic="POSITION" source="#ID32" />
                    <input semantic="NORMAL" source="#ID33" />
                </vertices>
                <triangles count="44" material="Material2">
                    <input offset="0" semantic="VERTEX" source="#ID34" />
                    <input offset="1" semantic="TEXCOORD" source="#ID35" />
                    <p>0 0 1 1 2 2 3 3 2 2 1 1 8 4 9 3 10 5 11 6 10 5 9 3 14 7 9 8 15 9 16 10 15 9 9 8 19 11 20 12 21 13 16 14 21 13 20 12 24 15 25 16 8 17 21 18 8 17 25 16 28 19 29 20 30 21 31 22 30 21 29 20 11 23 9 24 14 25 8 26 10 27 24 28 34 29 35 30 36 31 37 32 36 31 35 30 15 33 16 34 20 35 40 36 41 37 42 38 43 39 42 38 41 37 19 40 21 41 25 42 46 43 47 44 48 45 49 46 48 45 47 44 52 47 53 48 10 49 24 50 10 49 53 48 54 51 55 52 56 53 52 54 56 53 55 52 59 55 56 56 14 57 11 58 14 57 56 56 60 59 61 60 59 61 54 62 59 61 61 60 63 63 60 64 20 65 15 66 20 65 60 64 63 67 64 68 61 69 65 70 61 69 64 68 67 71 64 72 25 73 19 74 25 73 64 72 65 75 67 76 55 77 53 78 55 77 67 76 53 79 52 80 55 81 68 82 69 83 70 84 71 85 70 84 69 83 54 86 56 87 59 88 61 89 60 90 63 91 67 92 65 93 64 94</p>
                </triangles>
                <lines count="48" material="Material3">
                    <input offset="0" semantic="VERTEX" source="#ID34" />
                    <p />
                </lines>
            </mesh>
        </geometry>
        <geometry id="ID40">
            <mesh>
                <source id="ID41">
                    <float_array id="ID45" count="216">7.814961 15.27955 3.375078e-14 0.05905512 0.05905512 0 0.05905512 15.27955 3.375078e-14 7.814961 0.05905512 0 7.814961 0.05905512 0 0.05905512 0.05905512 0 0.05905512 15.27955 3.375078e-14 7.814961 15.27955 3.375078e-14 7.814961 -3.552714e-15 0.05905512 0.05905512 0.05905512 0 7.814961 0.05905512 0 0.05905512 -3.552714e-15 0.05905512 0.05905512 -3.552714e-15 0.05905512 7.814961 -3.552714e-15 0.05905512 -1.75453e-14 15.24748 0.05905512 -6.104152e-17 0.05905512 0.05905512 0.05905512 15.27955 3.375078e-14 -6.104152e-17 0.05905512 0.05905512 -1.75453e-14 15.24748 0.05905512 0.05905512 15.31468 0.05905512 7.814961 15.27955 3.375078e-14 7.814961 15.31468 0.05905512 0.05905512 15.31468 0.05905512 7.814961 15.31468 0.05905512 7.874016 0.05905512 0.05905512 7.874016 15.24748 0.05905512 7.874016 15.24748 0.05905512 7.874016 0.05905512 0.05905512 7.814961 -3.552714e-15 0.6496063 0.05905512 -3.552714e-15 0.05905512 7.814961 -3.552714e-15 0.05905512 0.05905512 -3.552714e-15 0.6496063 7.814961 -3.552714e-15 0.6496063 0.05905512 -3.552714e-15 0.6496063 -1.71558e-14 14.92684 0.6496063 -6.104152e-17 0.05905512 0.05905512 2.77056e-17 0.05905512 0.6496063 -1.75453e-14 15.24748 0.05905512 2.77056e-17 0.05905512 0.6496063 -1.71558e-14 14.92684 0.6496063 0.05905512 14.99404 0.6496063 7.814961 15.31468 0.05905512 0.05905512 15.31468 0.05905512 7.814961 14.99404 0.6496063 7.814961 14.99404 0.6496063 0.05905512 14.99404 0.6496063 7.874016 15.24748 0.05905512 7.874016 0.05905512 0.6496063 7.874016 0.05905512 0.05905512 7.874016 14.92684 0.6496063 7.874016 14.92684 0.6496063 7.874016 0.05905512 0.6496063 7.814961 -3.552714e-15 0.6496063 7.874016 0.05905512 0.6496063 7.814961 0.05905512 0.7086614 0.05905512 -3.552714e-15 0.6496063 0.05905512 0.05905512 0.7086614 7.814961 0.05905512 0.7086614 0.05905512 0.05905512 0.7086614 2.77056e-17 0.05905512 0.6496063 0.05905512 14.89477 0.7086614 -1.71558e-14 14.92684 0.6496063 0.05905512 14.89477 0.7086614 0.05905512 14.99404 0.6496063 7.814961 14.99404 0.6496063 7.874016 14.92684 0.6496063 7.814961 14.89477 0.7086614 7.814961 14.89477 0.7086614 0.05905512 0.05905512 0.7086614 7.814961 14.89477 0.7086614 0.05905512 14.89477 0.7086614 7.814961 0.05905512 0.7086614</float_array>
                    <technique_common>
                        <accessor count="72" source="#ID45" stride="3">
                            <param name="X" type="float" />
                            <param name="Y" type="float" />
                            <param name="Z" type="float" />
                        </accessor>
                    </technique_common>
                </source>
                <source id="ID42">
                    <float_array id="ID46" count="216">-1.088194e-17 2.220446e-15 -1 -1.088194e-17 2.220446e-15 -1 -1.088194e-17 2.220446e-15 -1 -1.088194e-17 2.220446e-15 -1 0 0 0 0 0 0 0 0 0 0 0 0 0.4605629 -0.7587909 -0.4605629 -0.4605629 -0.4605629 -0.7587909 0.4605629 -0.4605629 -0.7587909 -0.4605629 -0.7587909 -0.4605629 0 0 0 0 0 0 -0.8586546 0.4404928 -0.2620657 -0.7587909 -0.4605629 -0.4605629 -0.4948458 0.6127075 -0.616212 0 0 0 0 0 0 -0.4948458 0.8338964 -0.2444268 0.4948458 0.6127075 -0.616212 0.4948458 0.8338964 -0.2444268 0 0 0 0 0 0 0.7587909 -0.4605629 -0.4605629 0.8586546 0.4404928 -0.2620657 0 0 0 0 0 0 0 -1 3.330669e-15 0 -1 3.330669e-15 0 -1 3.330669e-15 0 -1 3.330669e-15 0 0 0 0 0 0 -1 -1.153406e-15 9.179598e-17 -1 -1.153406e-15 9.179598e-17 -1 -1.153406e-15 9.179598e-17 -1 -1.153406e-15 9.179598e-17 0 0 0 0 0 0 0 0.8788171 0.4771588 0 0.8788171 0.4771588 0 0.8788171 0.4771588 0 0.8788171 0.4771588 0 0 0 0 0 0 1 2.304683e-15 6.256703e-16 1 2.304683e-15 6.256703e-16 1 2.304683e-15 6.256703e-16 1 2.304683e-15 6.256703e-16 0 0 0 0 0 0 0.4605629 -0.7587909 0.4605629 0.7587909 -0.4605629 0.4605629 0.4605629 -0.4605629 0.7587909 -0.4605629 -0.7587909 0.4605629 -0.4605629 -0.4605629 0.7587909 0 0 0 0 0 0 -0.7587909 -0.4605629 0.4605629 -0.4517288 0.2967947 0.8413406 -0.668931 0.3800567 0.6388178 0 0 0 -0.4517288 0.5977663 0.6622813 0.4517288 0.5977663 0.6622813 0.668931 0.3800567 0.6388178 0.4517288 0.2967947 0.8413406 0 0 0 -2.495277e-18 -2.331468e-15 1 -2.495277e-18 -2.331468e-15 1 -2.495277e-18 -2.331468e-15 1 -2.495277e-18 -2.331468e-15 1</float_array>
                    <technique_common>
                        <accessor count="72" source="#ID46" stride="3">
                            <param name="X" type="float" />
                            <param name="Y" type="float" />
                            <param name="Z" type="float" />
                        </accessor>
                    </technique_common>
                </source>
                <source id="ID44">
                    <float_array id="ID47" count="192">-0.2230337 0.436068 -0.001685393 0.001685393 -0.001685393 0.436068 -0.2230337 0.001685393 0.2230337 0.001191753 0.001685393 -0.001191753 0.2230337 -0.001191753 0.001685393 0.001191753 -0.4351529 0.001191753 -0.001685393 -0.001191753 -0.001685393 0.001191753 -0.436068 -0.001191753 -0.001685393 0.2249196 -0.2230337 0.2229585 -0.001685393 0.2229585 -0.2230337 0.2249196 0.436068 0.1577086 0.001685393 0.1600922 0.001685393 0.1577086 0.4351529 0.1600922 0.2230337 0.01853933 0.001685393 0.001685393 0.2230337 0.001685393 0.001685393 0.01853933 4.871571e-17 -0.001376118 0.001191753 0.0006880589 -0.001191753 0.0006880589 0.1600922 0.09242925 0.1577086 0.09242925 0.1589004 0.09036507 -0.4260019 0.01853933 -0.001685393 0.001685393 -0.001685393 0.01853933 -0.4351529 0.001685393 -0.32942 0.1065762 -0.3286668 0.1047655 -0.3268668 0.1065762 -0.001685393 -0.187893 -0.2230337 -0.2070709 -0.001685393 -0.2070709 -0.2230337 -0.187893 0.1810768 0.1682811 0.1785237 0.1682811 0.1803236 0.1664704 0.4351529 0.001685393 0.001685393 0.01853933 0.001685393 0.001685393 0.4260019 0.01853933 0.1600922 0.001685393 0.1577086 0.01853933 0.1577086 0.001685393 0.1600922 0.01853933 0.2230337 0.01549279 0.001685393 0.01310928 0.2230337 0.01310928 0.001685393 0.01549279 0.001191753 0.01853933 -0.001191753 0.001685393 0.001191753 0.001685393 -0.001191753 0.01853933 -0.001685393 0.01310928 -0.4250868 0.01549279 -0.4260019 0.01310928 -0.001685393 0.01549279 -0.3225462 -0.07743049 -0.3268668 -0.0953343 -0.3199931 -0.07743049 -0.32942 -0.0953343 0.1785237 -0.1522873 0.174203 -0.1343835 0.1716499 -0.1343835 0.1810768 -0.1522873 -0.001685393 -0.3549816 -0.2230337 -0.3582779 -0.001685393 -0.3582779 -0.2230337 -0.3549816 0.001685393 -0.1434076 0.4260019 -0.1457911 0.4250868 -0.1434076 0.001685393 -0.1457911 0.1589004 -0.07385166 0.1577086 -0.07591583 0.1600922 -0.07591583 0.001685393 0.001685393 0.2230337 0.4250868 0.001685393 0.4250868 0.2230337 0.001685393 1.334731e-16 0.01788953 -0.001191753 0.01582536 0.001191753 0.01582536 -0.3204183 -0.193967 -0.3225462 -0.1964845 -0.3199931 -0.1964845 0.1716499 -0.3218738 0.174203 -0.3218738 0.1720751 -0.3193563</float_array>
                    <technique_common>
                        <accessor count="96" source="#ID47" stride="2">
                            <param name="S" type="float" />
                            <param name="T" type="float" />
                        </accessor>
                    </technique_common>
                </source>
                <vertices id="ID43">
                    <input semantic="POSITION" source="#ID41" />
                    <input semantic="NORMAL" source="#ID42" />
                </vertices>
                <triangles count="44" material="Material2">
                    <input offset="0" semantic="VERTEX" source="#ID43" />
                    <input offset="1" semantic="TEXCOORD" source="#ID44" />
                    <p>0 0 1 1 2 2 1 1 0 0 3 3 8 4 9 5 10 6 9 5 8 4 11 7 14 8 9 9 15 10 9 9 14 8 16 11 19 12 20 13 16 14 20 13 19 12 21 15 20 16 24 17 10 18 24 17 20 16 25 19 28 20 29 21 30 22 29 21 28 20 31 23 9 24 11 25 15 26 24 27 8 28 10 29 34 30 35 31 36 32 35 31 34 30 37 33 19 34 16 35 14 36 40 37 41 38 42 39 41 38 40 37 43 40 21 41 25 42 20 43 46 44 47 45 48 46 47 45 46 44 49 47 24 48 52 49 8 50 52 49 24 48 53 51 54 52 55 53 52 54 55 53 54 52 56 55 55 56 15 57 11 58 15 57 55 56 59 59 59 60 60 61 61 62 60 61 59 60 56 63 63 64 14 65 61 66 14 65 63 64 19 67 25 68 64 69 65 70 64 69 25 68 21 71 60 72 64 73 63 74 64 73 60 72 66 75 54 76 65 77 66 78 65 77 54 76 53 79 54 80 52 81 53 82 68 83 69 84 70 85 69 84 68 83 71 86 56 87 59 88 55 89 60 90 63 91 61 92 65 93 64 94 66 95</p>
                </triangles>
                <lines count="48" material="Material3">
                    <input offset="0" semantic="VERTEX" source="#ID43" />
                    <p />
                </lines>
            </mesh>
        </geometry>
        <geometry id="ID49">
            <mesh>
                <source id="ID50">
                    <float_array id="ID54" count="216">7.814961 26.08268 7.105427e-15 0.05905512 26.08268 7.105427e-15 7.814961 0.05905512 0 0.05905512 0.05905512 7.105427e-15 0.05905512 0.05905512 7.105427e-15 0.05905512 26.08268 7.105427e-15 7.814961 26.08268 7.105427e-15 7.814961 0.05905512 0 0.05905512 26.08268 7.105427e-15 2.664535e-17 26.08268 0.05905512 0.05905512 0.05905512 7.105427e-15 2.664535e-17 0.05905512 0.05905512 2.664535e-17 0.05905512 0.05905512 2.664535e-17 26.08268 0.05905512 7.814961 26.14173 0.05905512 0.05905512 26.14173 0.05905512 7.814961 26.08268 7.105427e-15 0.05905512 26.14173 0.05905512 7.814961 26.14173 0.05905512 7.874016 26.08268 0.05905512 7.874016 0.05905512 0.05905512 7.814961 0.05905512 0 7.874016 26.08268 0.05905512 7.874016 0.05905512 0.05905512 0.05905512 0 0.05905512 7.814961 4.440892e-16 0.05905512 7.814961 4.440892e-16 0.05905512 0.05905512 0 0.05905512 2.664535e-17 26.08268 0.05905512 2.930989e-16 26.08268 0.6496063 2.664535e-17 0.05905512 0.05905512 2.930989e-16 0.05905512 0.6496063 2.930989e-16 0.05905512 0.6496063 2.930989e-16 26.08268 0.6496063 7.814961 26.14173 0.6496063 0.05905512 26.14173 0.6496063 7.814961 26.14173 0.05905512 0.05905512 26.14173 0.05905512 7.814961 26.14173 0.6496063 0.05905512 26.14173 0.6496063 7.874016 26.08268 0.6496063 7.874016 26.08268 0.05905512 7.874016 0.05905512 0.6496063 7.874016 0.05905512 0.05905512 7.874016 0.05905512 0.6496063 7.874016 26.08268 0.6496063 0.05905512 0 0.6496063 7.814961 4.440892e-16 0.6496063 0.05905512 0 0.05905512 7.814961 4.440892e-16 0.05905512 7.814961 4.440892e-16 0.6496063 0.05905512 0 0.6496063 2.930989e-16 0.05905512 0.6496063 0.05905512 0 0.6496063 2.930989e-16 26.08268 0.6496063 0.05905512 26.08268 0.7086614 0.05905512 0.05905512 0.7086614 0.05905512 0.05905512 0.7086614 0.05905512 26.08268 0.7086614 0.05905512 26.14173 0.6496063 7.814961 26.08268 0.7086614 7.814961 26.14173 0.6496063 7.814961 26.08268 0.7086614 7.874016 26.08268 0.6496063 7.874016 0.05905512 0.6496063 7.814961 4.440892e-16 0.6496063 7.814961 0.05905512 0.7086614 7.814961 0.05905512 0.7086614 7.814961 26.08268 0.7086614 7.814961 0.05905512 0.7086614 0.05905512 26.08268 0.7086614 0.05905512 0.05905512 0.7086614</float_array>
                    <technique_common>
                        <accessor count="72" source="#ID54" stride="3">
                            <param name="X" type="float" />
                            <param name="Y" type="float" />
                            <param name="Z" type="float" />
                        </accessor>
                    </technique_common>
                </source>
                <source id="ID51">
                    <float_array id="ID55" count="216">-4.580656e-16 1.365188e-16 -1 -4.580656e-16 1.365188e-16 -1 -4.580656e-16 1.365188e-16 -1 -4.580656e-16 1.365188e-16 -1 0 0 0 0 0 0 0 0 0 0 0 0 -0.4605629 0.4605629 -0.7587909 -0.7587909 0.4605629 -0.4605629 -0.4605629 -0.4605629 -0.7587909 -0.7587909 -0.4605629 -0.4605629 0 0 0 0 0 0 0.4605629 0.7587909 -0.4605629 -0.4605629 0.7587909 -0.4605629 0.4605629 0.4605629 -0.7587909 0 0 0 0 0 0 0.7587909 0.4605629 -0.4605629 0.7587909 -0.4605629 -0.4605629 0.4605629 -0.4605629 -0.7587909 0 0 0 0 0 0 -0.4605629 -0.7587909 -0.4605629 0.4605629 -0.7587909 -0.4605629 0 0 0 0 0 0 -1 0 4.511946e-16 -1 0 4.511946e-16 -1 0 4.511946e-16 -1 0 4.511946e-16 0 0 0 0 0 0 -1.504175e-16 1 -4.144509e-45 -1.504175e-16 1 -4.144509e-45 -1.504175e-16 1 -4.144509e-45 -1.504175e-16 1 -4.144509e-45 0 0 0 0 0 0 1 5.339907e-17 3.942179e-31 1 5.339907e-17 3.942179e-31 1 5.339907e-17 3.942179e-31 1 5.339907e-17 3.942179e-31 0 0 0 0 0 0 6.45302e-17 -1 -6.284983e-31 6.45302e-17 -1 -6.284983e-31 6.45302e-17 -1 -6.284983e-31 6.45302e-17 -1 -6.284983e-31 0 0 0 0 0 0 -0.7587909 -0.4605629 0.4605629 -0.4605629 -0.7587909 0.4605629 -0.7587909 0.4605629 0.4605629 -0.4605629 0.4605629 0.7587909 -0.4605629 -0.4605629 0.7587909 0 0 0 0 0 0 -0.4605629 0.7587909 0.4605629 0.4605629 0.4605629 0.7587909 0.4605629 0.7587909 0.4605629 0 0 0 0.7587909 0.4605629 0.4605629 0.7587909 -0.4605629 0.4605629 0.4605629 -0.7587909 0.4605629 0.4605629 -0.4605629 0.7587909 0 0 0 4.580656e-16 -1.365188e-16 1 4.580656e-16 -1.365188e-16 1 4.580656e-16 -1.365188e-16 1 4.580656e-16 -1.365188e-16 1</float_array>
                    <technique_common>
                        <accessor count="72" source="#ID55" stride="3">
                            <param name="X" type="float" />
                            <param name="Y" type="float" />
                            <param name="Z" type="float" />
                        </accessor>
                    </technique_common>
                </source>
                <source id="ID53">
                    <float_array id="ID56" count="192">-0.2230337 0.744382 -0.001685393 0.744382 -0.2230337 0.001685393 -0.001685393 0.001685393 -0.7467655 0.001685393 -0.744382 0.001685393 -0.7467655 -0.7410112 -0.744382 -0.7410112 -0.2230337 0.5287411 -0.001685393 0.5287411 -0.2230337 0.5263576 -0.001685393 0.5263576 -0.744382 -1.527528 -0.7467655 -1.527528 -0.744382 -0.7848315 -0.7467655 -0.7848315 0.001685393 0.001191753 0.2230337 0.001191753 0.001685393 -0.001191753 0.2230337 -0.001191753 0.001191753 0.0006880589 5.346847e-18 -0.001376118 -0.001191753 0.0006880589 -0.744382 0.001685393 -0.7275281 0.001685393 -0.744382 -0.7410112 -0.7275281 -0.7410112 -0.5263576 0.3052688 -0.5275493 0.3032046 -0.5287411 0.3052688 -0.2230337 0.01853933 -0.001685393 0.01853933 -0.2230337 0.001685393 -0.001685393 0.001685393 0.3686489 0.3949458 0.3674572 0.39701 0.3698407 0.39701 -0.7275281 -1.527528 -0.744382 -1.527528 -0.7275281 -0.7848315 -0.744382 -0.7848315 0.1589004 0.09036507 0.1577086 0.09242925 0.1600922 0.09242925 0.001685393 0.01853933 0.2230337 0.01853933 0.001685393 0.001685393 0.2230337 0.001685393 -0.001191753 0.01853933 0.001191753 0.01853933 -0.001191753 0.001685393 0.001191753 0.001685393 -0.7275281 0.001685393 -0.7251446 0.001685393 -0.7275281 -0.7410112 -0.7251446 -0.7410112 -0.5287411 0.001685393 -0.5287411 0.01853933 -0.5263576 0.001685393 -0.5263576 0.01853933 -0.2230337 -0.5120565 -0.001685393 -0.5120565 -0.2230337 -0.51444 -0.001685393 -0.51444 0.3698407 0.01853933 0.3698407 0.001685393 0.3674572 0.01853933 0.3674572 0.001685393 0.1600922 0.01853933 0.1600922 0.001685393 0.1577086 0.01853933 0.1577086 0.001685393 -0.7275281 -1.527528 -0.7275281 -0.7848315 -0.7251446 -1.527528 -0.7251446 -0.7848315 0.001685393 0.01549279 0.2230337 0.01549279 0.001685393 0.01310928 0.2230337 0.01310928 0.001191753 0.01582536 -0.001191753 0.01582536 2.138739e-17 0.01788953 0.2230337 0.744382 0.2230337 0.001685393 0.001685393 0.744382 0.001685393 0.001685393 -0.5275493 -0.2866912 -0.5263576 -0.2887554 -0.5287411 -0.2887554 0.3674572 -0.3804966 0.3686489 -0.3784324 0.3698407 -0.3804966 0.1577086 -0.07591583 0.1589004 -0.07385166 0.1600922 -0.07591583</float_array>
                    <technique_common>
                        <accessor count="96" source="#ID56" stride="2">
                            <param name="S" type="float" />
                            <param name="T" type="float" />
                        </accessor>
                    </technique_common>
                </source>
                <vertices id="ID52">
                    <input semantic="POSITION" source="#ID50" />
                    <input semantic="NORMAL" source="#ID51" />
                </vertices>
                <triangles count="44" material="Material2">
                    <input offset="0" semantic="VERTEX" source="#ID52" />
                    <input offset="1" semantic="TEXCOORD" source="#ID53" />
                    <p>0 0 1 1 2 2 3 3 2 2 1 1 8 4 9 5 10 6 11 7 10 6 9 5 14 8 15 9 16 10 8 11 16 10 15 9 19 12 16 13 20 14 21 15 20 14 16 13 24 16 25 17 10 18 21 19 10 18 25 17 24 20 10 21 11 22 28 23 29 24 30 25 31 26 30 25 29 24 9 27 8 28 15 29 34 30 35 31 36 32 37 33 36 32 35 31 16 34 19 35 14 36 40 37 41 38 42 39 43 40 42 39 41 38 21 41 25 42 20 43 46 44 47 45 48 46 49 47 48 46 47 45 52 48 53 49 11 50 24 51 11 50 53 49 54 52 55 53 52 54 56 55 52 54 55 53 15 56 59 57 9 58 54 59 9 58 59 57 60 60 55 61 61 62 59 63 61 62 55 61 61 64 14 65 63 66 19 67 63 66 14 65 64 68 20 69 65 70 25 71 65 70 20 69 63 72 64 73 60 74 66 75 60 74 64 73 56 76 66 77 53 78 65 79 53 78 66 77 53 80 52 81 56 82 68 83 69 84 70 85 71 86 70 85 69 84 55 87 54 88 59 89 63 90 60 91 61 92 65 93 66 94 64 95</p>
                </triangles>
                <lines count="48" material="Material3">
                    <input offset="0" semantic="VERTEX" source="#ID52" />
                    <p />
                </lines>
            </mesh>
        </geometry>
        <geometry id="ID58">
            <mesh>
                <source id="ID59">
                    <float_array id="ID63" count="216">30.03201 7.481822e-13 0.6496063 0.09926273 1.419801e-14 0.05905512 29.71136 3.850074e-14 0.05905512 0.4199059 4.278583e-14 0.6496063 29.71136 3.850074e-14 0.05905512 30.03201 7.481822e-13 0.6496063 0.4199059 4.278583e-14 0.6496063 0.09926273 1.419801e-14 0.05905512 30.09921 0.05905512 0.6496063 29.71136 3.850074e-14 0.05905512 29.77856 0.05905512 0.05905512 30.03201 7.481822e-13 0.6496063 30.09921 0.05905512 0.6496063 29.77856 0.05905512 0.05905512 0.4519702 0.05905512 0.7086614 0.4199059 4.278583e-14 0.6496063 30.06407 0.05905512 0.7086614 0.4519702 0.05905512 0.7086614 30.06407 0.05905512 0.7086614 0.09926273 1.419801e-14 0.05905512 0.3527074 0.05905512 0.6496063 0.03206431 0.05905512 0.05905512 0.3527074 0.05905512 0.6496063 0.03206431 0.05905512 0.05905512 0.06719842 0.05905512 -3.552714e-15 29.6793 0.05905512 -3.907985e-14 0.06719842 0.05905512 -3.552714e-15 29.6793 0.05905512 -3.907985e-14 29.77856 7.814961 0.05905512 30.09921 0.05905512 0.6496063 29.77856 0.05905512 0.05905512 30.09921 7.814961 0.6496063 29.77856 7.814961 0.05905512 30.09921 7.814961 0.6496063 0.4519702 0.05905512 0.7086614 30.06407 7.814961 0.7086614 0.4519702 7.814961 0.7086614 30.06407 0.05905512 0.7086614 30.06407 7.814961 0.7086614 0.4519702 7.814961 0.7086614 0.3527074 0.05905512 0.6496063 0.03206431 7.814961 0.05905512 0.03206431 0.05905512 0.05905512 0.3527074 7.814961 0.6496063 0.03206431 7.814961 0.05905512 0.3527074 7.814961 0.6496063 0.06719842 7.814961 -3.552714e-15 29.6793 0.05905512 -3.907985e-14 0.06719842 0.05905512 -3.552714e-15 29.6793 7.814961 -3.073097e-12 0.06719842 7.814961 -3.552714e-15 29.6793 7.814961 -3.073097e-12 29.77856 7.814961 0.05905512 29.6793 7.814961 -3.073097e-12 30.03201 7.874016 0.6496063 29.71136 7.874016 0.05905512 30.09921 7.814961 0.6496063 30.03201 7.874016 0.6496063 29.71136 7.874016 0.05905512 30.06407 7.814961 0.7086614 0.4199059 7.874016 0.6496063 0.4519702 7.814961 0.7086614 0.4199059 7.874016 0.6496063 0.3527074 7.814961 0.6496063 0.06719842 7.814961 -3.552714e-15 0.03206431 7.814961 0.05905512 0.09926273 7.874016 0.05905512 0.09926273 7.874016 0.05905512 0.09926273 7.874016 0.05905512 30.03201 7.874016 0.6496063 29.71136 7.874016 0.05905512 0.4199059 7.874016 0.6496063</float_array>
                    <technique_common>
                        <accessor count="72" source="#ID63" stride="3">
                            <param name="X" type="float" />
                            <param name="Y" type="float" />
                            <param name="Z" type="float" />
                        </accessor>
                    </technique_common>
                </source>
                <source id="ID60">
                    <float_array id="ID64" count="216">1.232096e-14 -1 6.183783e-13 1.232096e-14 -1 6.183783e-13 1.232096e-14 -1 6.183783e-13 1.232096e-14 -1 6.183783e-13 0 0 0 0 0 0 0 0 0 0 0 0 0.8338964 -0.4948458 0.2444268 0.3800567 -0.668931 -0.6388178 0.5977663 -0.4517288 -0.6622813 0.4404928 -0.8586546 0.2620657 0 0 0 0 0 0 -0.2967947 -0.4517288 0.8413406 -0.3800567 -0.668931 0.6388178 0.6127075 -0.4948458 0.616212 0 0 0 0 0 0 -0.4404928 -0.8586546 -0.2620657 -0.5977663 -0.4517288 0.6622813 -0.8338964 -0.4948458 -0.2444268 0 0 0 0 0 0 -0.6127075 -0.4948458 -0.616212 0.2967947 -0.4517288 -0.8413406 0 0 0 0 0 0 0.8788171 5.707338e-13 -0.4771588 0.8788171 5.707338e-13 -0.4771588 0.8788171 5.707338e-13 -0.4771588 0.8788171 5.707338e-13 -0.4771588 0 0 0 0 0 0 3.98015e-14 2.420181e-13 1 3.98015e-14 2.420181e-13 1 3.98015e-14 2.420181e-13 1 3.98015e-14 2.420181e-13 1 0 0 0 0 0 0 -0.8788171 4.035436e-14 0.4771588 -0.8788171 4.035436e-14 0.4771588 -0.8788171 4.035436e-14 0.4771588 -0.8788171 4.035436e-14 0.4771588 0 0 0 0 0 0 -5.251355e-14 -1.957294e-13 -1 -5.251355e-14 -1.957294e-13 -1 -5.251355e-14 -1.957294e-13 -1 -5.251355e-14 -1.957294e-13 -1 0 0 0 0 0 0 0.5977663 0.4517288 -0.6622813 0.2967947 0.4517288 -0.8413406 0.4404928 0.8586546 0.2620657 0.3800567 0.668931 -0.6388178 0.8338964 0.4948458 0.2444268 0 0 0 0 0 0 0.6127075 0.4948458 0.616212 -0.3800567 0.668931 0.6388178 -0.2967947 0.4517288 0.8413406 0 0 0 -0.5977663 0.4517288 0.6622813 -0.6127075 0.4948458 -0.616212 -0.8338964 0.4948458 -0.2444268 -0.4404928 0.8586546 -0.2620657 0 0 0 4.323911e-13 1 4.172216e-14 4.323911e-13 1 4.172216e-14 4.323911e-13 1 4.172216e-14 4.323911e-13 1 4.172216e-14</float_array>
                    <technique_common>
                        <accessor count="72" source="#ID64" stride="3">
                            <param name="X" type="float" />
                            <param name="Y" type="float" />
                            <param name="Z" type="float" />
                        </accessor>
                    </technique_common>
                </source>
                <source id="ID62">
                    <float_array id="ID65" count="190">0.8282555 0.8542604 0.8451094 -9.237403e-17 0.8451094 0.8451094 0.8282555 0.009150939 -0.02111111 0.4130884 -0.02393146 0.3893127 -0.02111111 0.3903955 -0.02393146 0.4120056 0.8282555 0.8542604 0.825872 0.01006603 0.8282555 0.009150939 0.825872 0.8551755 -0.9027481 -0.08784519 -0.9055685 -0.06623512 -0.9055685 -0.088928 -0.9027481 -0.06515231 0.8451094 0.8451094 0.8474929 -0.0009150939 0.8474929 0.8441943 0.8451094 -1.136244e-16 -0.2619166 0.02501357 1.297634e-09 0.002320542 1.398735e-08 0.02501342 -0.2619166 0.002320689 0 -2.775558e-16 0.002789378 0.00116027 1.297634e-09 0.002320542 -0.009770155 0.3065119 -0.0125396 0.3053048 -0.01088815 0.3027751 8.673617e-19 -1 -0.2619167 1.464621e-07 -0.2619167 -0.9999999 4.336809e-19 -4.440892e-16 -0.5068526 -0.4214582 -0.5079706 -0.4251951 -0.5052011 -0.423988 -6.396359e-15 -0.06623566 -0.2619167 -0.0889284 -1.308025e-14 -0.08892855 -0.2619167 -0.06623551 -0.7997745 0.1176733 -0.8024659 0.1163008 -0.8006986 0.114797 0.2659053 -1.012994 0.00398858 -0.01299374 0.00398858 -1.012994 0.2659053 -0.01299388 0.2659052 -0.009093394 0.003988578 -0.01299373 0.2659052 -0.01299387 0.00398858 -0.009093248 0.20835 0.4120057 0.2055296 0.3903956 0.20835 0.3893128 0.2055296 0.4130885 -0.2619166 0.002320689 1.297634e-09 0.002320542 -0.2619166 1.46462e-07 1.810086 1.021213 1.036121 0.6795381 1.037926 0.6777322 1.808281 1.023018 -2.181129e-09 -1.0039 -0.2619167 -0.9999999 -0.2619168 -1.0039 4.336809e-19 -1 0.003988579 -1.015314 0.2659053 -1.012994 0.00398858 -1.012994 0.2659053 -1.015314 -0.2619166 -0.08892836 -0.264737 -0.06515267 -0.264737 -0.08784555 -0.2619166 -0.06623548 1.825297 1.009533 1.054942 0.6642465 1.827102 1.007727 1.053137 0.6660524 0.2055295 0.3903954 0.2068125 0.386712 0.2083499 0.3893126 1.825297 1.009533 1.037926 0.6777322 1.053137 0.6660524 1.810086 1.021213 0.2071295 0.4147691 0.2055295 0.4130883 0.2083499 0.4120055 0.2906476 -0.4873364 0.2889962 -0.4898661 0.2917656 -0.4910732 0.6832513 0.2610871 0.6805599 0.2624596 0.6814839 0.2595833</float_array>
                    <technique_common>
                        <accessor count="95" source="#ID65" stride="2">
                            <param name="S" type="float" />
                            <param name="T" type="float" />
                        </accessor>
                    </technique_common>
                </source>
                <vertices id="ID61">
                    <input semantic="POSITION" source="#ID59" />
                    <input semantic="NORMAL" source="#ID60" />
                </vertices>
                <triangles count="44" material="Material2">
                    <input offset="0" semantic="VERTEX" source="#ID61" />
                    <input offset="1" semantic="TEXCOORD" source="#ID62" />
                    <p>0 0 1 1 2 2 1 1 0 0 3 3 8 4 9 5 10 6 9 5 8 4 11 7 11 8 14 9 15 10 14 9 11 8 16 11 19 12 20 13 21 14 20 13 19 12 15 15 9 16 24 17 25 18 24 17 9 16 19 19 28 20 29 21 30 22 29 21 28 20 31 23 16 24 11 25 8 26 10 27 9 28 25 29 34 30 35 31 36 32 35 31 34 30 37 33 14 34 20 35 15 36 40 37 41 38 42 39 41 38 40 37 43 40 19 41 21 42 24 43 46 44 47 45 48 46 47 45 46 44 49 47 52 48 25 49 53 50 25 49 52 48 10 51 54 52 52 53 55 54 52 53 54 52 56 55 56 56 16 24 8 57 16 24 56 56 59 58 60 59 59 60 54 61 59 60 60 59 61 62 20 63 61 64 63 65 61 64 20 63 14 66 21 67 64 68 24 69 64 68 21 67 65 70 65 71 60 72 66 73 60 72 65 71 63 74 66 75 53 76 64 77 53 76 66 75 55 78 52 79 53 80 55 81 68 82 69 83 70 84 69 83 68 82 71 85 59 86 56 87 54 88 61 89 60 90 63 91 65 92 66 93 64 94</p>
                </triangles>
                <lines count="48" material="Material3">
                    <input offset="0" semantic="VERTEX" source="#ID61" />
                    <p />
                </lines>
            </mesh>
        </geometry>
        <geometry id="ID67">
            <mesh>
                <source id="ID68">
                    <float_array id="ID72" count="216">0.05905512 7.874016 0.6496063 15.89591 7.874016 0.05905512 0.05905512 7.874016 0.05905512 16.21655 7.874016 0.6496063 16.21655 7.874016 0.6496063 15.89591 7.874016 0.05905512 0.05905512 7.874016 0.05905512 0.05905512 7.874016 0.6496063 15.89591 7.874016 0.05905512 16.28375 7.814961 0.6496063 15.9631 7.814961 0.05905512 16.21655 7.874016 0.6496063 15.9631 7.814961 0.05905512 16.28375 7.814961 0.6496063 0.05905512 7.814961 1.776357e-15 0.05905512 7.874016 0.05905512 15.86384 7.814961 4.52971e-14 0.05905512 7.814961 1.776357e-15 15.86384 7.814961 4.52971e-14 1.065814e-14 7.814961 0.6496063 1.421085e-14 7.814961 0.05905512 0.05905512 7.874016 0.6496063 1.421085e-14 7.814961 0.05905512 1.065814e-14 7.814961 0.6496063 0.05905512 7.814961 0.7086614 16.24861 7.814961 0.7086614 0.05905512 7.814961 0.7086614 16.24861 7.814961 0.7086614 15.9631 7.814961 0.05905512 16.28375 0.05905512 0.6496063 15.9631 0.05905512 0.05905512 16.28375 7.814961 0.6496063 16.28375 0.05905512 0.6496063 15.9631 0.05905512 0.05905512 0.05905512 7.814961 1.776357e-15 15.86384 0.05905512 -1.24345e-14 0.05905512 0.05905512 -1.776357e-15 15.86384 7.814961 4.52971e-14 15.86384 0.05905512 -1.24345e-14 0.05905512 0.05905512 -1.776357e-15 3.552714e-15 0.05905512 0.6496063 1.421085e-14 7.814961 0.05905512 3.552714e-15 0.05905512 0.05905512 1.065814e-14 7.814961 0.6496063 3.552714e-15 0.05905512 0.05905512 3.552714e-15 0.05905512 0.6496063 16.24861 0.05905512 0.7086614 0.05905512 7.814961 0.7086614 0.05905512 0.05905512 0.7086614 16.24861 7.814961 0.7086614 16.24861 0.05905512 0.7086614 0.05905512 0.05905512 0.7086614 16.24861 0.05905512 0.7086614 16.28375 0.05905512 0.6496063 15.9631 0.05905512 0.05905512 16.21655 1.852986e-14 0.6496063 15.89591 1.61193e-14 0.05905512 16.21655 1.852986e-14 0.6496063 15.89591 1.61193e-14 0.05905512 15.86384 0.05905512 -1.24345e-14 0.05905512 1.329759e-16 0.05905512 0.05905512 0.05905512 -1.776357e-15 0.05905512 1.329759e-16 0.05905512 3.552714e-15 0.05905512 0.05905512 0.05905512 3.455287e-16 0.6496063 3.552714e-15 0.05905512 0.6496063 0.05905512 3.455287e-16 0.6496063 0.05905512 0.05905512 0.7086614 16.21655 1.852986e-14 0.6496063 0.05905512 1.329759e-16 0.05905512 15.89591 1.61193e-14 0.05905512 0.05905512 3.455287e-16 0.6496063</float_array>
                    <technique_common>
                        <accessor count="72" source="#ID72" stride="3">
                            <param name="X" type="float" />
                            <param name="Y" type="float" />
                            <param name="Z" type="float" />
                        </accessor>
                    </technique_common>
                </source>
                <source id="ID69">
                    <float_array id="ID73" count="216">1.660972e-15 1 -3.653312e-15 1.660972e-15 1 -3.653312e-15 1.660972e-15 1 -3.653312e-15 1.660972e-15 1 -3.653312e-15 0 0 0 0 0 0 0 0 0 0 0 0 0.3800567 0.668931 -0.6388178 0.8338964 0.4948458 0.2444268 0.5977663 0.4517288 -0.6622813 0.4404928 0.8586546 0.2620657 0 0 0 0 0 0 -0.4605629 0.4605629 -0.7587909 -0.4605629 0.7587909 -0.4605629 0.2967947 0.4517288 -0.8413406 0 0 0 0 0 0 -0.7587909 0.4605629 0.4605629 -0.7587909 0.4605629 -0.4605629 -0.4605629 0.7587909 0.4605629 0 0 0 0 0 0 -0.4605629 0.4605629 0.7587909 0.6127075 0.4948458 0.616212 0 0 0 0 0 0 0.8788171 2.30317e-14 -0.4771588 0.8788171 2.30317e-14 -0.4771588 0.8788171 2.30317e-14 -0.4771588 0.8788171 2.30317e-14 -0.4771588 0 0 0 0 0 0 1.110223e-15 4.02233e-15 -1 1.110223e-15 4.02233e-15 -1 1.110223e-15 4.02233e-15 -1 1.110223e-15 4.02233e-15 -1 0 0 0 0 0 0 -1 1.16884e-15 -5.551115e-16 -1 1.16884e-15 -5.551115e-16 -1 1.16884e-15 -5.551115e-16 -1 1.16884e-15 -5.551115e-16 0 0 0 0 0 0 -1.498801e-15 -3.677468e-15 1 -1.498801e-15 -3.677468e-15 1 -1.498801e-15 -3.677468e-15 1 -1.498801e-15 -3.677468e-15 1 0 0 0 0 0 0 0.6127075 -0.4948458 0.616212 0.8338964 -0.4948458 0.2444268 0.5977663 -0.4517288 -0.6622813 0.4404928 -0.8586546 0.2620657 0.3800567 -0.668931 -0.6388178 0 0 0 0 0 0 0.2967947 -0.4517288 -0.8413406 -0.4605629 -0.7587909 -0.4605629 -0.4605629 -0.4605629 -0.7587909 0 0 0 -0.7587909 -0.4605629 -0.4605629 -0.4605629 -0.7587909 0.4605629 -0.7587909 -0.4605629 0.4605629 0 0 0 -0.4605629 -0.4605629 0.7587909 1.068603e-15 -1 1.930805e-15 1.068603e-15 -1 1.930805e-15 1.068603e-15 -1 1.930805e-15 1.068603e-15 -1 1.930805e-15</float_array>
                    <technique_common>
                        <accessor count="72" source="#ID73" stride="3">
                            <param name="X" type="float" />
                            <param name="Y" type="float" />
                            <param name="Z" type="float" />
                        </accessor>
                    </technique_common>
                </source>
                <source id="ID71">
                    <float_array id="ID74" count="192">0.368885 0.7631756 0.7387622 1.023473 0.3597057 0.7773105 0.7556161 1.014322 0.7387622 1.023473 0.7575576 1.01598 0.7407037 1.025131 0.7556161 1.014322 0.7387622 1.023473 0.3584076 0.7793095 0.3597057 0.7773105 0.7366966 1.024973 0.366886 0.7618775 0.3597057 0.7773105 0.3577067 0.7760124 0.368885 0.7631756 0.3701832 0.7611766 0.7556161 1.014322 0.368885 0.7631756 0.7576817 1.012821 0.6439626 1.064217 0.8621564 1.022332 0.8641326 1.041408 0.6419864 1.045141 0.8118545 0.7710759 0.8087832 0.7698789 0.8110269 0.7686606 0.6417843 1.04319 0.6419864 1.045141 0.6395406 1.044409 1.098319 0.3664734 0.9377129 0.8425553 0.8788628 0.395353 1.157169 0.8136758 0.7010484 0.7174398 0.6994783 0.719233 0.6987103 0.7169766 0.8968559 0.5552939 1.081216 0.4316396 0.9072797 0.5685378 1.070793 0.4183957 0.4243331 0.9881987 0.4230934 0.986163 0.4254762 0.9861072 0.9511596 0.9566551 0.7654074 0.4791917 0.9861211 0.4959407 0.7304458 0.9399061 0.6419864 1.045141 0.8619543 1.020381 0.8621564 1.022332 0.6417843 1.04319 0.937044 0.8457831 0.9256175 0.8602278 0.9354691 0.8437736 0.9271924 0.8622373 1.153788 0.890695 0.9377129 0.8425553 1.154457 0.8874672 0.937044 0.8457831 0.9377129 0.8425553 0.8764997 0.395664 0.8788628 0.395353 0.9354691 0.8437736 1.081216 0.4316396 0.9087538 0.5704108 0.9072797 0.5685378 1.08269 0.4335126 0.8907455 0.5644932 0.9072797 0.5685378 0.9063947 0.5707509 0.8916305 0.5622801 0.9861211 0.4959407 0.8046964 0.3691107 0.9874656 0.4939726 0.8033519 0.3710788 0.9511596 0.9566551 0.9884978 0.496121 0.9536055 0.955923 0.9861211 0.4959407 0.9511596 0.9566551 0.9536055 0.955923 0.9524004 0.9581738 0.9814797 0.8916878 0.9983336 0.4305639 0.9983336 0.8825369 0.9814797 0.4305639 0.937044 0.8457831 0.9354691 0.8437736 0.9377129 0.8425553 0.9087538 0.5704108 0.9063947 0.5707509 0.9072797 0.5685378 0.9861211 0.4959407 0.9874656 0.4939726 0.9884978 0.496121</float_array>
                    <technique_common>
                        <accessor count="96" source="#ID74" stride="2">
                            <param name="S" type="float" />
                            <param name="T" type="float" />
                        </accessor>
                    </technique_common>
                </source>
                <vertices id="ID70">
                    <input semantic="POSITION" source="#ID68" />
                    <input semantic="NORMAL" source="#ID69" />
                </vertices>
                <triangles count="44" material="Material2">
                    <input offset="0" semantic="VERTEX" source="#ID70" />
                    <input offset="1" semantic="TEXCOORD" source="#ID71" />
                    <p>0 0 1 1 2 2 1 1 0 0 3 3 8 4 9 5 10 6 9 5 8 4 11 7 8 8 14 9 15 10 14 9 8 8 16 11 19 12 15 13 20 14 15 13 19 12 21 15 24 16 11 17 21 18 11 17 24 16 25 19 28 20 29 21 30 22 29 21 28 20 31 23 10 24 16 25 8 26 25 27 9 28 11 29 34 30 35 31 36 32 35 31 34 30 37 33 15 34 14 35 20 36 40 37 41 38 42 39 41 38 40 37 43 40 21 41 19 42 24 43 46 44 47 45 48 46 47 45 46 44 49 47 9 48 52 49 53 50 52 49 9 48 25 51 54 52 55 53 56 54 55 53 54 52 53 55 10 56 59 57 16 58 59 57 10 56 54 59 59 60 60 61 61 62 60 61 59 60 56 63 20 64 61 65 63 66 61 65 20 64 14 67 64 68 63 69 60 70 63 69 64 68 65 71 67 72 19 73 65 74 19 73 67 72 24 75 52 76 64 77 55 78 64 77 52 76 67 79 52 80 55 81 53 82 68 83 69 84 70 85 69 84 68 83 71 86 54 87 56 88 59 89 61 90 60 91 63 92 67 93 65 94 64 95</p>
                </triangles>
                <lines count="48" material="Material3">
                    <input offset="0" semantic="VERTEX" source="#ID70" />
                    <p />
                </lines>
            </mesh>
        </geometry>
        <geometry id="ID77">
            <mesh>
                <source id="ID80">
                    <float_array id="ID85" count="432">-0.5704286 -0.1528459 1.56819e-14 -0.5704286 0.1528459 1.051936e-14 -0.5905512 0 1.35586e-14 -0.5114323 -0.2952756 1.672273e-14 -0.5114323 0.2952756 6.77236e-15 -0.4175827 -0.4175827 1.662559e-14 -0.4175827 0.4175827 2.553513e-15 -0.2952756 -0.5114323 1.540434e-14 -0.2952756 0.5114323 -1.845746e-15 -0.1528459 -0.5704286 1.312839e-14 -0.1528459 0.5704286 -6.106227e-15 0 -0.5905512 9.950374e-15 0 0.5905512 -9.950374e-15 0.1528459 -0.5704286 6.106227e-15 0.1528459 0.5704286 -1.312839e-14 0.2952756 -0.5114323 1.845746e-15 0.2952756 0.5114323 -1.540434e-14 0.4175827 -0.4175827 -2.553513e-15 0.4175827 0.4175827 -1.662559e-14 0.5114323 -0.2952756 -6.77236e-15 0.5114323 0.2952756 -1.672273e-14 0.5704286 -0.1528459 -1.051936e-14 0.5704286 0.1528459 -1.56819e-14 0.5905512 0 -1.35586e-14 -0.1528459 0.5704286 -6.106227e-15 -0.2952756 0.5114323 -1.845746e-15 -0.4175827 0.4175827 2.553513e-15 -0.5114323 0.2952756 6.77236e-15 -0.5704286 0.1528459 1.051936e-14 -0.5905512 0 1.35586e-14 -0.5704286 -0.1528459 1.56819e-14 -0.5114323 -0.2952756 1.672273e-14 -0.4175827 -0.4175827 1.662559e-14 -0.2952756 -0.5114323 1.540434e-14 -0.1528459 -0.5704286 1.312839e-14 0 -0.5905512 9.950374e-15 0.1528459 -0.5704286 6.106227e-15 0.2952756 -0.5114323 1.845746e-15 0.4175827 -0.4175827 -2.553513e-15 0.5114323 -0.2952756 -6.77236e-15 0.5704286 -0.1528459 -1.051936e-14 0.5905512 0 -1.35586e-14 0.5704286 0.1528459 -1.56819e-14 0.5114323 0.2952756 -1.672273e-14 0.4175827 0.4175827 -1.662559e-14 0.2952756 0.5114323 -1.540434e-14 0.1528459 0.5704286 -1.312839e-14 0 0.5905512 -9.950374e-15 -0.2952756 0.5114323 -0.1181102 -0.1528459 0.5704286 -6.106227e-15 -0.1528459 0.5704286 -0.1181102 -0.2952756 0.5114323 -1.845746e-15 -0.1528459 0.5704286 -0.1181102 -0.2952756 0.5114323 -0.1181102 -0.4175827 0.4175827 -0.1181102 -0.4175827 0.4175827 2.553513e-15 -0.4175827 0.4175827 -0.1181102 -0.5114323 0.2952756 6.77236e-15 -0.5114323 0.2952756 -0.1181102 -0.5114323 0.2952756 -0.1181102 -0.5704286 0.1528459 1.051936e-14 -0.5704286 0.1528459 -0.1181102 -0.5704286 0.1528459 -0.1181102 -0.5905512 0 1.35586e-14 -0.5905512 -1.998401e-15 -0.1181102 -0.5905512 -1.998401e-15 -0.1181102 -0.5704286 -0.1528459 1.56819e-14 -0.5704286 -0.1528459 -0.1181102 -0.5704286 -0.1528459 -0.1181102 -0.5114323 -0.2952756 1.672273e-14 -0.5114323 -0.2952756 -0.1181102 -0.5114323 -0.2952756 -0.1181102 -0.4175827 -0.4175827 1.662559e-14 -0.4175827 -0.4175827 -0.1181102 -0.4175827 -0.4175827 -0.1181102 -0.2952756 -0.5114323 1.540434e-14 -0.2952756 -0.5114323 -0.1181102 -0.2952756 -0.5114323 -0.1181102 -0.1528459 -0.5704286 1.312839e-14 -0.1528459 -0.5704286 -0.1181102 -0.1528459 -0.5704286 -0.1181102 0 -0.5905512 9.950374e-15 -2.664535e-15 -0.5905512 -0.1181102 -2.664535e-15 -0.5905512 -0.1181102 0.1528459 -0.5704286 6.106227e-15 0.1528459 -0.5704286 -0.1181102 0.1528459 -0.5704286 -0.1181102 0.2952756 -0.5114323 1.845746e-15 0.2952756 -0.5114323 -0.1181102 0.2952756 -0.5114323 -0.1181102 0.4175827 -0.4175827 -2.553513e-15 0.4175827 -0.4175827 -0.1181102 0.4175827 -0.4175827 -0.1181102 0.5114323 -0.2952756 -0.1181102 0.5114323 -0.2952756 -6.77236e-15 0.5114323 -0.2952756 -0.1181102 0.5704286 -0.1528459 -0.1181102 0.5704286 -0.1528459 -1.051936e-14 0.5704286 -0.1528459 -0.1181102 0.5905512 -1.998401e-15 -0.1181102 0.5905512 0 -1.35586e-14 0.5905512 -1.998401e-15 -0.1181102 0.5704286 0.1528459 -0.1181102 0.5704286 0.1528459 -1.56819e-14 0.5704286 0.1528459 -0.1181102 0.5114323 0.2952756 -0.1181102 0.5114323 0.2952756 -1.672273e-14 0.5114323 0.2952756 -0.1181102 0.4175827 0.4175827 -0.1181102 0.4175827 0.4175827 -1.662559e-14 0.4175827 0.4175827 -0.1181102 0.2952756 0.5114323 -0.1181102 0.2952756 0.5114323 -1.540434e-14 0.2952756 0.5114323 -0.1181102 0.1528459 0.5704286 -0.1181102 0.1528459 0.5704286 -1.312839e-14 0.1528459 0.5704286 -0.1181102 -2.664535e-15 0.5905512 -0.1181102 0 0.5905512 -9.950374e-15 -2.664535e-15 0.5905512 -0.1181102 -0.5704286 0.1528459 -0.1181102 -0.5704286 -0.1528459 -0.1181102 -0.5905512 -1.998401e-15 -0.1181102 -0.5114323 -0.2952756 -0.1181102 -0.5114323 0.2952756 -0.1181102 -0.4175827 -0.4175827 -0.1181102 -0.4175827 0.4175827 -0.1181102 -0.2952756 -0.5114323 -0.1181102 -0.2952756 0.5114323 -0.1181102 -0.1528459 -0.5704286 -0.1181102 -0.1528459 0.5704286 -0.1181102 -2.664535e-15 -0.5905512 -0.1181102 -2.664535e-15 0.5905512 -0.1181102 0.1528459 0.5704286 -0.1181102 0.1528459 -0.5704286 -0.1181102 0.2952756 -0.5114323 -0.1181102 0.2952756 0.5114323 -0.1181102 0.4175827 -0.4175827 -0.1181102 0.4175827 0.4175827 -0.1181102 0.5114323 -0.2952756 -0.1181102 0.5114323 0.2952756 -0.1181102 0.5704286 -0.1528459 -0.1181102 0.5704286 0.1528459 -0.1181102 0.5905512 -1.998401e-15 -0.1181102</float_array>
                    <technique_common>
                        <accessor count="144" source="#ID85" stride="3">
                            <param name="X" type="float" />
                            <param name="Y" type="float" />
                            <param name="Z" type="float" />
                        </accessor>
                    </technique_common>
                </source>
                <source id="ID81">
                    <float_array id="ID86" count="432">2.296536e-14 1.685823e-14 1 2.296536e-14 1.685823e-14 1 2.296536e-14 1.685823e-14 1 2.296536e-14 1.685823e-14 1 2.296536e-14 1.685823e-14 1 2.296536e-14 1.685823e-14 1 2.296536e-14 1.685823e-14 1 2.296536e-14 1.685823e-14 1 2.296536e-14 1.685823e-14 1 2.296536e-14 1.685823e-14 1 2.296536e-14 1.685823e-14 1 2.296536e-14 1.685823e-14 1 2.296536e-14 1.685823e-14 1 2.296536e-14 1.685823e-14 1 2.296536e-14 1.685823e-14 1 2.296536e-14 1.685823e-14 1 2.296536e-14 1.685823e-14 1 2.296536e-14 1.685823e-14 1 2.296536e-14 1.685823e-14 1 2.296536e-14 1.685823e-14 1 2.296536e-14 1.685823e-14 1 2.296536e-14 1.685823e-14 1 2.296536e-14 1.685823e-14 1 2.296536e-14 1.685823e-14 1 0 0 0 0 0 0 0 0 0 0 0 0 0 0 0 0 0 0 0 0 0 0 0 0 0 0 0 0 0 0 0 0 0 0 0 0 0 0 0 0 0 0 0 0 0 0 0 0 0 0 0 0 0 0 0 0 0 0 0 0 0 0 0 0 0 0 0 0 0 0 0 0 -0.5 0.8660254 -3.11698e-15 -0.258819 0.9659258 -1.033993e-14 -0.258819 0.9659258 -1.033993e-14 -0.5 0.8660254 -3.11698e-15 0 0 0 0 0 0 -0.7071068 0.7071068 4.318388e-15 -0.7071068 0.7071068 4.318388e-15 0 0 0 -0.8660254 0.5 1.145946e-14 -0.8660254 0.5 1.145946e-14 0 0 0 -0.9659258 0.258819 1.78196e-14 -0.9659258 0.258819 1.78196e-14 0 0 0 -1 3.653555e-16 2.296536e-14 -1 3.564444e-16 2.296536e-14 0 0 0 -0.9659258 -0.258819 2.654606e-14 -0.9659258 -0.258819 2.654606e-14 0 0 0 -0.8660254 -0.5 2.83177e-14 -0.8660254 -0.5 2.83177e-14 0 0 0 -0.7071068 -0.7071068 2.815953e-14 -0.7071068 -0.7071068 2.815953e-14 0 0 0 -0.5 -0.8660254 2.608234e-14 -0.5 -0.8660254 2.608234e-14 0 0 0 -0.258819 -0.9659258 2.222767e-14 -0.258819 -0.9659258 2.222767e-14 0 0 0 -3.653555e-16 -1 1.685823e-14 -2.940666e-16 -1 1.685823e-14 0 0 0 0.258819 -0.9659258 1.033993e-14 0.258819 -0.9659258 1.033993e-14 0 0 0 0.5 -0.8660254 3.11698e-15 0.5 -0.8660254 3.11698e-15 0 0 0 0.7071068 -0.7071068 -4.318388e-15 0.7071068 -0.7071068 -4.318388e-15 0 0 0 0.8660254 -0.5 -1.145946e-14 0.8660254 -0.5 -1.145946e-14 0 0 0 0.9659258 -0.258819 -1.78196e-14 0.9659258 -0.258819 -1.78196e-14 0 0 0 1 -4.455555e-16 -2.296536e-14 1 -4.366444e-16 -2.296536e-14 0 0 0 0.9659258 0.258819 -2.654606e-14 0.9659258 0.258819 -2.654606e-14 0 0 0 0.8660254 0.5 -2.83177e-14 0.8660254 0.5 -2.83177e-14 0 0 0 0.7071068 0.7071068 -2.815953e-14 0.7071068 0.7071068 -2.815953e-14 0 0 0 0.5 0.8660254 -2.608234e-14 0.5 0.8660254 -2.608234e-14 0 0 0 0.258819 0.9659258 -2.222767e-14 0.258819 0.9659258 -2.222767e-14 0 0 0 -5.346666e-17 1 -1.685823e-14 -1.158444e-16 1 -1.685823e-14 0 0 0 -2.296536e-14 -1.685823e-14 -1 -2.296536e-14 -1.685823e-14 -1 -2.296536e-14 -1.685823e-14 -1 -2.296536e-14 -1.685823e-14 -1 -2.296536e-14 -1.685823e-14 -1 -2.296536e-14 -1.685823e-14 -1 -2.296536e-14 -1.685823e-14 -1 -2.296536e-14 -1.685823e-14 -1 -2.296536e-14 -1.685823e-14 -1 -2.296536e-14 -1.685823e-14 -1 -2.296536e-14 -1.685823e-14 -1 -2.296536e-14 -1.685823e-14 -1 -2.296536e-14 -1.685823e-14 -1 -2.296536e-14 -1.685823e-14 -1 -2.296536e-14 -1.685823e-14 -1 -2.296536e-14 -1.685823e-14 -1 -2.296536e-14 -1.685823e-14 -1 -2.296536e-14 -1.685823e-14 -1 -2.296536e-14 -1.685823e-14 -1 -2.296536e-14 -1.685823e-14 -1 -2.296536e-14 -1.685823e-14 -1 -2.296536e-14 -1.685823e-14 -1 -2.296536e-14 -1.685823e-14 -1 -2.296536e-14 -1.685823e-14 -1</float_array>
                    <technique_common>
                        <accessor count="144" source="#ID86" stride="3">
                            <param name="X" type="float" />
                            <param name="Y" type="float" />
                            <param name="Z" type="float" />
                        </accessor>
                    </technique_common>
                </source>
                <vertices id="ID82">
                    <input semantic="POSITION" source="#ID80" />
                    <input semantic="NORMAL" source="#ID81" />
                </vertices>
                <triangles count="92" material="Material2">
                    <input offset="0" semantic="VERTEX" source="#ID82" />
                    <p>0 1 2 1 0 3 1 3 4 4 3 5 4 5 6 6 5 7 6 7 8 8 7 9 8 9 10 10 9 11 10 11 12 12 11 13 12 13 14 14 13 15 14 15 16 16 15 17 16 17 18 18 17 19 18 19 20 20 19 21 20 21 22 22 21 23 48 49 50 49 48 51 54 51 48 51 54 55 57 54 58 54 57 55 60 58 61 58 60 57 63 61 64 61 63 60 66 64 67 64 66 63 69 67 70 67 69 66 72 70 73 70 72 69 75 73 76 73 75 72 78 76 79 76 78 75 81 79 82 79 81 78 84 82 85 82 84 81 87 85 88 85 87 84 90 88 91 88 90 87 93 90 91 90 93 94 96 94 93 94 96 97 99 97 96 97 99 100 102 100 99 100 102 103 105 103 102 103 105 106 108 106 105 106 108 109 111 109 108 109 111 112 114 112 111 112 114 115 117 115 114 115 117 118 50 118 117 118 50 49 120 121 122 121 120 123 123 120 124 123 124 125 125 124 126 125 126 127 127 126 128 127 128 129 129 128 130 129 130 131 131 130 132 131 132 133 131 133 134 134 133 135 135 133 136 135 136 137 137 136 138 137 138 139 139 138 140 139 140 141 141 140 142 141 142 143</p>
                </triangles>
                <lines count="72" material="Material3">
                    <input offset="0" semantic="VERTEX" source="#ID82" />
                    <p>24 25 25 26 26 27 27 28 28 29 29 30 30 31 31 32 32 33 33 34 34 35 35 36 36 37 37 38 38 39 39 40 40 41 41 42 42 43 43 44 44 45 45 46 46 47 47 24 52 53 53 56 56 59 59 62 62 65 65 68 68 71 71 74 74 77 77 80 80 83 83 86 86 89 89 92 92 95 95 98 98 101 101 104 104 107 107 110 110 113 113 116 116 119 119 52</p>
                </lines>
            </mesh>
        </geometry>
        <geometry id="ID88">
            <mesh>
                <source id="ID89">
                    <float_array id="ID92" count="432">0.5905512 0 -1.35586e-14 0.5704286 -0.1528459 -1.051936e-14 0.5704286 0.1528459 -1.56819e-14 0.5114323 0.2952756 -1.672273e-14 0.5114323 -0.2952756 -6.77236e-15 0.4175827 0.4175827 -1.662559e-14 0.4175827 -0.4175827 -2.553513e-15 0.2952756 0.5114323 -1.540434e-14 0.2952756 -0.5114323 1.845746e-15 0.1528459 0.5704286 -1.312839e-14 0.1528459 -0.5704286 6.106227e-15 0 0.5905512 -9.950374e-15 0 -0.5905512 9.950374e-15 -0.1528459 0.5704286 -6.106227e-15 -0.1528459 -0.5704286 1.312839e-14 -0.2952756 0.5114323 -1.845746e-15 -0.2952756 -0.5114323 1.540434e-14 -0.4175827 0.4175827 2.553513e-15 -0.4175827 -0.4175827 1.662559e-14 -0.5114323 0.2952756 6.77236e-15 -0.5114323 -0.2952756 1.672273e-14 -0.5704286 0.1528459 1.051936e-14 -0.5704286 -0.1528459 1.56819e-14 -0.5905512 0 1.35586e-14 -0.1528459 0.5704286 -6.106227e-15 -0.2952756 0.5114323 -1.845746e-15 -0.4175827 0.4175827 2.553513e-15 -0.5114323 0.2952756 6.77236e-15 -0.5704286 0.1528459 1.051936e-14 -0.5905512 0 1.35586e-14 -0.5704286 -0.1528459 1.56819e-14 -0.5114323 -0.2952756 1.672273e-14 -0.4175827 -0.4175827 1.662559e-14 -0.2952756 -0.5114323 1.540434e-14 -0.1528459 -0.5704286 1.312839e-14 0 -0.5905512 9.950374e-15 0.1528459 -0.5704286 6.106227e-15 0.2952756 -0.5114323 1.845746e-15 0.4175827 -0.4175827 -2.553513e-15 0.5114323 -0.2952756 -6.77236e-15 0.5704286 -0.1528459 -1.051936e-14 0.5905512 0 -1.35586e-14 0.5704286 0.1528459 -1.56819e-14 0.5114323 0.2952756 -1.672273e-14 0.4175827 0.4175827 -1.662559e-14 0.2952756 0.5114323 -1.540434e-14 0.1528459 0.5704286 -1.312839e-14 0 0.5905512 -9.950374e-15 -0.2952756 0.5114323 -1.845746e-15 -0.2952756 0.5114323 -0.1181102 -0.1528459 0.5704286 -6.106227e-15 -0.1528459 0.5704286 -0.1181102 -0.1528459 0.5704286 -0.1181102 -0.2952756 0.5114323 -0.1181102 -0.4175827 0.4175827 2.553513e-15 -0.4175827 0.4175827 -0.1181102 -0.4175827 0.4175827 -0.1181102 -0.5114323 0.2952756 6.77236e-15 -0.5114323 0.2952756 -0.1181102 -0.5114323 0.2952756 -0.1181102 -0.5704286 0.1528459 1.051936e-14 -0.5704286 0.1528459 -0.1181102 -0.5704286 0.1528459 -0.1181102 -0.5905512 0 1.35586e-14 -0.5905512 -1.998401e-15 -0.1181102 -0.5905512 -1.998401e-15 -0.1181102 -0.5704286 -0.1528459 1.56819e-14 -0.5704286 -0.1528459 -0.1181102 -0.5704286 -0.1528459 -0.1181102 -0.5114323 -0.2952756 1.672273e-14 -0.5114323 -0.2952756 -0.1181102 -0.5114323 -0.2952756 -0.1181102 -0.4175827 -0.4175827 1.662559e-14 -0.4175827 -0.4175827 -0.1181102 -0.4175827 -0.4175827 -0.1181102 -0.2952756 -0.5114323 1.540434e-14 -0.2952756 -0.5114323 -0.1181102 -0.2952756 -0.5114323 -0.1181102 -0.1528459 -0.5704286 1.312839e-14 -0.1528459 -0.5704286 -0.1181102 -0.1528459 -0.5704286 -0.1181102 0 -0.5905512 9.950374e-15 -2.664535e-15 -0.5905512 -0.1181102 -2.664535e-15 -0.5905512 -0.1181102 0.1528459 -0.5704286 6.106227e-15 0.1528459 -0.5704286 -0.1181102 0.1528459 -0.5704286 -0.1181102 0.2952756 -0.5114323 1.845746e-15 0.2952756 -0.5114323 -0.1181102 0.2952756 -0.5114323 -0.1181102 0.4175827 -0.4175827 -2.553513e-15 0.4175827 -0.4175827 -0.1181102 0.4175827 -0.4175827 -0.1181102 0.5114323 -0.2952756 -6.77236e-15 0.5114323 -0.2952756 -0.1181102 0.5114323 -0.2952756 -0.1181102 0.5704286 -0.1528459 -1.051936e-14 0.5704286 -0.1528459 -0.1181102 0.5704286 -0.1528459 -0.1181102 0.5905512 0 -1.35586e-14 0.5905512 -1.998401e-15 -0.1181102 0.5905512 -1.998401e-15 -0.1181102 0.5704286 0.1528459 -1.56819e-14 0.5704286 0.1528459 -0.1181102 0.5704286 0.1528459 -0.1181102 0.5114323 0.2952756 -1.672273e-14 0.5114323 0.2952756 -0.1181102 0.5114323 0.2952756 -0.1181102 0.4175827 0.4175827 -1.662559e-14 0.4175827 0.4175827 -0.1181102 0.4175827 0.4175827 -0.1181102 0.2952756 0.5114323 -1.540434e-14 0.2952756 0.5114323 -0.1181102 0.2952756 0.5114323 -0.1181102 0.1528459 0.5704286 -1.312839e-14 0.1528459 0.5704286 -0.1181102 0.1528459 0.5704286 -0.1181102 0 0.5905512 -9.950374e-15 -2.664535e-15 0.5905512 -0.1181102 -2.664535e-15 0.5905512 -0.1181102 0.5905512 -1.998401e-15 -0.1181102 0.5704286 0.1528459 -0.1181102 0.5704286 -0.1528459 -0.1181102 0.5114323 0.2952756 -0.1181102 0.5114323 -0.2952756 -0.1181102 0.4175827 0.4175827 -0.1181102 0.4175827 -0.4175827 -0.1181102 0.2952756 0.5114323 -0.1181102 0.2952756 -0.5114323 -0.1181102 0.1528459 0.5704286 -0.1181102 0.1528459 -0.5704286 -0.1181102 -2.664535e-15 -0.5905512 -0.1181102 -2.664535e-15 0.5905512 -0.1181102 -0.1528459 0.5704286 -0.1181102 -0.1528459 -0.5704286 -0.1181102 -0.2952756 0.5114323 -0.1181102 -0.2952756 -0.5114323 -0.1181102 -0.4175827 0.4175827 -0.1181102 -0.4175827 -0.4175827 -0.1181102 -0.5114323 0.2952756 -0.1181102 -0.5114323 -0.2952756 -0.1181102 -0.5704286 0.1528459 -0.1181102 -0.5704286 -0.1528459 -0.1181102 -0.5905512 -1.998401e-15 -0.1181102</float_array>
                    <technique_common>
                        <accessor count="144" source="#ID92" stride="3">
                            <param name="X" type="float" />
                            <param name="Y" type="float" />
                            <param name="Z" type="float" />
                        </accessor>
                    </technique_common>
                </source>
                <source id="ID90">
                    <float_array id="ID93" count="432">2.296536e-14 1.685823e-14 1 2.296536e-14 1.685823e-14 1 2.296536e-14 1.685823e-14 1 2.296536e-14 1.685823e-14 1 2.296536e-14 1.685823e-14 1 2.296536e-14 1.685823e-14 1 2.296536e-14 1.685823e-14 1 2.296536e-14 1.685823e-14 1 2.296536e-14 1.685823e-14 1 2.296536e-14 1.685823e-14 1 2.296536e-14 1.685823e-14 1 2.296536e-14 1.685823e-14 1 2.296536e-14 1.685823e-14 1 2.296536e-14 1.685823e-14 1 2.296536e-14 1.685823e-14 1 2.296536e-14 1.685823e-14 1 2.296536e-14 1.685823e-14 1 2.296536e-14 1.685823e-14 1 2.296536e-14 1.685823e-14 1 2.296536e-14 1.685823e-14 1 2.296536e-14 1.685823e-14 1 2.296536e-14 1.685823e-14 1 2.296536e-14 1.685823e-14 1 2.296536e-14 1.685823e-14 1 0 0 0 0 0 0 0 0 0 0 0 0 0 0 0 0 0 0 0 0 0 0 0 0 0 0 0 0 0 0 0 0 0 0 0 0 0 0 0 0 0 0 0 0 0 0 0 0 0 0 0 0 0 0 0 0 0 0 0 0 0 0 0 0 0 0 0 0 0 0 0 0 -0.5 0.8660254 -3.11698e-15 -0.5 0.8660254 -3.11698e-15 -0.258819 0.9659258 -1.033993e-14 -0.258819 0.9659258 -1.033993e-14 0 0 0 0 0 0 -0.7071068 0.7071068 4.318388e-15 -0.7071068 0.7071068 4.318388e-15 0 0 0 -0.8660254 0.5 1.145946e-14 -0.8660254 0.5 1.145946e-14 0 0 0 -0.9659258 0.258819 1.78196e-14 -0.9659258 0.258819 1.78196e-14 0 0 0 -1 3.653555e-16 2.296536e-14 -1 3.564444e-16 2.296536e-14 0 0 0 -0.9659258 -0.258819 2.654606e-14 -0.9659258 -0.258819 2.654606e-14 0 0 0 -0.8660254 -0.5 2.83177e-14 -0.8660254 -0.5 2.83177e-14 0 0 0 -0.7071068 -0.7071068 2.815953e-14 -0.7071068 -0.7071068 2.815953e-14 0 0 0 -0.5 -0.8660254 2.608234e-14 -0.5 -0.8660254 2.608234e-14 0 0 0 -0.258819 -0.9659258 2.222767e-14 -0.258819 -0.9659258 2.222767e-14 0 0 0 -3.653555e-16 -1 1.685823e-14 -2.940666e-16 -1 1.685823e-14 0 0 0 0.258819 -0.9659258 1.033993e-14 0.258819 -0.9659258 1.033993e-14 0 0 0 0.5 -0.8660254 3.11698e-15 0.5 -0.8660254 3.11698e-15 0 0 0 0.7071068 -0.7071068 -4.318388e-15 0.7071068 -0.7071068 -4.318388e-15 0 0 0 0.8660254 -0.5 -1.145946e-14 0.8660254 -0.5 -1.145946e-14 0 0 0 0.9659258 -0.258819 -1.78196e-14 0.9659258 -0.258819 -1.78196e-14 0 0 0 1 -4.366444e-16 -2.296536e-14 1 -4.455555e-16 -2.296536e-14 0 0 0 0.9659258 0.258819 -2.654606e-14 0.9659258 0.258819 -2.654606e-14 0 0 0 0.8660254 0.5 -2.83177e-14 0.8660254 0.5 -2.83177e-14 0 0 0 0.7071068 0.7071068 -2.815953e-14 0.7071068 0.7071068 -2.815953e-14 0 0 0 0.5 0.8660254 -2.608234e-14 0.5 0.8660254 -2.608234e-14 0 0 0 0.258819 0.9659258 -2.222767e-14 0.258819 0.9659258 -2.222767e-14 0 0 0 -1.158444e-16 1 -1.685823e-14 -5.346666e-17 1 -1.685823e-14 0 0 0 -2.296536e-14 -1.685823e-14 -1 -2.296536e-14 -1.685823e-14 -1 -2.296536e-14 -1.685823e-14 -1 -2.296536e-14 -1.685823e-14 -1 -2.296536e-14 -1.685823e-14 -1 -2.296536e-14 -1.685823e-14 -1 -2.296536e-14 -1.685823e-14 -1 -2.296536e-14 -1.685823e-14 -1 -2.296536e-14 -1.685823e-14 -1 -2.296536e-14 -1.685823e-14 -1 -2.296536e-14 -1.685823e-14 -1 -2.296536e-14 -1.685823e-14 -1 -2.296536e-14 -1.685823e-14 -1 -2.296536e-14 -1.685823e-14 -1 -2.296536e-14 -1.685823e-14 -1 -2.296536e-14 -1.685823e-14 -1 -2.296536e-14 -1.685823e-14 -1 -2.296536e-14 -1.685823e-14 -1 -2.296536e-14 -1.685823e-14 -1 -2.296536e-14 -1.685823e-14 -1 -2.296536e-14 -1.685823e-14 -1 -2.296536e-14 -1.685823e-14 -1 -2.296536e-14 -1.685823e-14 -1 -2.296536e-14 -1.685823e-14 -1</float_array>
                    <technique_common>
                        <accessor count="144" source="#ID93" stride="3">
                            <param name="X" type="float" />
                            <param name="Y" type="float" />
                            <param name="Z" type="float" />
                        </accessor>
                    </technique_common>
                </source>
                <vertices id="ID91">
                    <input semantic="POSITION" source="#ID89" />
                    <input semantic="NORMAL" source="#ID90" />
                </vertices>
                <triangles count="92" material="Material2">
                    <input offset="0" semantic="VERTEX" source="#ID91" />
                    <p>0 1 2 2 1 3 1 4 3 3 4 5 4 6 5 5 6 7 6 8 7 7 8 9 8 10 9 9 10 11 10 12 11 11 12 13 12 14 13 13 14 15 14 16 15 15 16 17 16 18 17 17 18 19 18 20 19 19 20 21 20 22 21 23 21 22 48 49 50 51 50 49 54 55 48 49 48 55 54 57 55 58 55 57 57 60 58 61 58 60 60 63 61 64 61 63 63 66 64 67 64 66 66 69 67 70 67 69 69 72 70 73 70 72 72 75 73 76 73 75 75 78 76 79 76 78 78 81 79 82 79 81 81 84 82 85 82 84 84 87 85 88 85 87 87 90 88 91 88 90 93 94 90 91 90 94 96 97 93 94 93 97 99 100 96 97 96 100 102 103 99 100 99 103 105 106 102 103 102 106 108 109 105 106 105 109 111 112 108 109 108 112 114 115 111 112 111 115 117 118 114 115 114 118 50 51 117 118 117 51 120 121 122 121 123 122 122 123 124 123 125 124 124 125 126 125 127 126 126 127 128 127 129 128 128 129 130 130 129 131 129 132 131 132 133 131 131 133 134 133 135 134 134 135 136 135 137 136 136 137 138 137 139 138 138 139 140 139 141 140 140 141 142 143 142 141</p>
                </triangles>
                <lines count="72" material="Material3">
                    <input offset="0" semantic="VERTEX" source="#ID91" />
                    <p>24 25 25 26 26 27 27 28 28 29 29 30 30 31 31 32 32 33 33 34 34 35 35 36 36 37 37 38 38 39 39 40 40 41 41 42 42 43 43 44 44 45 45 46 46 47 47 24 52 53 53 56 56 59 59 62 62 65 65 68 68 71 71 74 74 77 77 80 80 83 83 86 86 89 89 92 92 95 95 98 98 101 101 104 104 107 107 110 110 113 113 116 116 119 119 52</p>
                </lines>
            </mesh>
        </geometry>
        <geometry id="ID95">
            <mesh>
                <source id="ID96">
                    <float_array id="ID99" count="96">0.5905512 1.181102 6.800116e-16 0.5905512 2.131628e-14 1.665335e-16 1.421085e-14 1.181102 5.134781e-16 0 0 0 0.5905512 2.131628e-14 1.665335e-16 0 0 0 0.5905512 1.181102 6.800116e-16 1.421085e-14 1.181102 5.134781e-16 0.5905512 2.131628e-14 1.665335e-16 0.5905512 2.131628e-14 -0.1181102 0 0 0 0 0 -0.1181102 0 0 -0.1181102 0.5905512 2.131628e-14 -0.1181102 0.5905512 1.181102 6.800116e-16 0.5905512 1.181102 -0.1181102 0.5905512 2.131628e-14 1.665335e-16 0.5905512 2.131628e-14 -0.1181102 0.5905512 1.181102 -0.1181102 0.5905512 1.181102 6.800116e-16 1.421085e-14 1.181102 5.134781e-16 0.5905512 1.181102 -0.1181102 1.421085e-14 1.181102 -0.1181102 1.421085e-14 1.181102 -0.1181102 1.421085e-14 1.181102 -0.1181102 1.421085e-14 1.181102 5.134781e-16 0 0 -0.1181102 0 0 0 0.5905512 1.181102 -0.1181102 1.421085e-14 1.181102 -0.1181102 0.5905512 2.131628e-14 -0.1181102 0 0 -0.1181102</float_array>
                    <technique_common>
                        <accessor count="32" source="#ID99" stride="3">
                            <param name="X" type="float" />
                            <param name="Y" type="float" />
                            <param name="Z" type="float" />
                        </accessor>
                    </technique_common>
                </source>
                <source id="ID97">
                    <float_array id="ID100" count="96">-2.829504e-16 -4.383034e-16 1 -2.829504e-16 -4.383034e-16 1 -2.829504e-16 -4.383034e-16 1 -2.829504e-16 -4.383034e-16 1 0 0 0 0 0 0 0 0 0 0 0 0 3.609557e-14 -1 -4.383034e-16 3.609557e-14 -1 -4.383034e-16 3.609557e-14 -1 -4.383034e-16 3.609557e-14 -1 -4.383034e-16 0 0 0 0 0 0 1 -1.203186e-14 2.829504e-16 1 -1.203186e-14 2.829504e-16 1 -1.203186e-14 2.829504e-16 1 -1.203186e-14 2.829504e-16 0 0 0 -1.236001e-31 1 4.383034e-16 -1.236001e-31 1 4.383034e-16 -1.236001e-31 1 4.383034e-16 -1.236001e-31 1 4.383034e-16 0 0 0 -1 1.203186e-14 -2.829504e-16 -1 1.203186e-14 -2.829504e-16 -1 1.203186e-14 -2.829504e-16 -1 1.203186e-14 -2.829504e-16 2.829504e-16 4.383034e-16 -1 2.829504e-16 4.383034e-16 -1 2.829504e-16 4.383034e-16 -1 2.829504e-16 4.383034e-16 -1</float_array>
                    <technique_common>
                        <accessor count="32" source="#ID100" stride="3">
                            <param name="X" type="float" />
                            <param name="Y" type="float" />
                            <param name="Z" type="float" />
                        </accessor>
                    </technique_common>
                </source>
                <vertices id="ID98">
                    <input semantic="POSITION" source="#ID96" />
                    <input semantic="NORMAL" source="#ID97" />
                </vertices>
                <triangles count="12" material="Material2">
                    <input offset="0" semantic="VERTEX" source="#ID98" />
                    <p>0 1 2 3 2 1 8 9 10 11 10 9 14 15 16 17 16 15 19 20 21 22 21 20 24 25 26 27 26 25 28 29 30 31 30 29</p>
                </triangles>
                <lines count="12" material="Material3">
                    <input offset="0" semantic="VERTEX" source="#ID98" />
                    <p>4 5 6 4 7 6 5 7 5 12 13 12 4 13 18 13 6 18 23 18 7 23 12 23</p>
                </lines>
            </mesh>
        </geometry>
        <geometry id="ID102">
            <mesh>
                <source id="ID103">
                    <float_array id="ID106" count="96">0.5905512 2.131628e-14 1.665335e-16 1.421085e-14 1.181102 5.134781e-16 0 0 0 0.5905512 1.181102 6.800116e-16 0.5905512 2.131628e-14 1.665335e-16 0 0 0 0.5905512 1.181102 6.800116e-16 1.421085e-14 1.181102 5.134781e-16 0.5905512 2.131628e-14 -0.1181102 0 0 0 0 0 -0.1181102 0.5905512 2.131628e-14 1.665335e-16 0 0 -0.1181102 0.5905512 2.131628e-14 -0.1181102 0.5905512 1.181102 -0.1181102 0.5905512 2.131628e-14 1.665335e-16 0.5905512 2.131628e-14 -0.1181102 0.5905512 1.181102 6.800116e-16 0.5905512 1.181102 -0.1181102 1.421085e-14 1.181102 5.134781e-16 0.5905512 1.181102 -0.1181102 1.421085e-14 1.181102 -0.1181102 0.5905512 1.181102 6.800116e-16 1.421085e-14 1.181102 -0.1181102 1.421085e-14 1.181102 5.134781e-16 0 0 -0.1181102 0 0 0 1.421085e-14 1.181102 -0.1181102 1.421085e-14 1.181102 -0.1181102 0.5905512 2.131628e-14 -0.1181102 0 0 -0.1181102 0.5905512 1.181102 -0.1181102</float_array>
                    <technique_common>
                        <accessor count="32" source="#ID106" stride="3">
                            <param name="X" type="float" />
                            <param name="Y" type="float" />
                            <param name="Z" type="float" />
                        </accessor>
                    </technique_common>
                </source>
                <source id="ID104">
                    <float_array id="ID107" count="96">-2.829504e-16 -4.383034e-16 1 -2.829504e-16 -4.383034e-16 1 -2.829504e-16 -4.383034e-16 1 -2.829504e-16 -4.383034e-16 1 0 0 0 0 0 0 0 0 0 0 0 0 3.609557e-14 -1 -4.383034e-16 3.609557e-14 -1 -4.383034e-16 3.609557e-14 -1 -4.383034e-16 3.609557e-14 -1 -4.383034e-16 0 0 0 0 0 0 1 -1.203186e-14 2.829504e-16 1 -1.203186e-14 2.829504e-16 1 -1.203186e-14 2.829504e-16 1 -1.203186e-14 2.829504e-16 0 0 0 -1.236001e-31 1 4.383034e-16 -1.236001e-31 1 4.383034e-16 -1.236001e-31 1 4.383034e-16 -1.236001e-31 1 4.383034e-16 0 0 0 -1 1.203186e-14 -2.829504e-16 -1 1.203186e-14 -2.829504e-16 -1 1.203186e-14 -2.829504e-16 -1 1.203186e-14 -2.829504e-16 2.829504e-16 4.383034e-16 -1 2.829504e-16 4.383034e-16 -1 2.829504e-16 4.383034e-16 -1 2.829504e-16 4.383034e-16 -1</float_array>
                    <technique_common>
                        <accessor count="32" source="#ID107" stride="3">
                            <param name="X" type="float" />
                            <param name="Y" type="float" />
                            <param name="Z" type="float" />
                        </accessor>
                    </technique_common>
                </source>
                <vertices id="ID105">
                    <input semantic="POSITION" source="#ID103" />
                    <input semantic="NORMAL" source="#ID104" />
                </vertices>
                <triangles count="12" material="Material2">
                    <input offset="0" semantic="VERTEX" source="#ID105" />
                    <p>0 1 2 1 0 3 8 9 10 9 8 11 14 15 16 15 14 17 19 20 21 20 19 22 24 25 26 25 24 27 28 29 30 29 28 31</p>
                </triangles>
                <lines count="12" material="Material3">
                    <input offset="0" semantic="VERTEX" source="#ID105" />
                    <p>4 5 6 4 7 6 5 7 5 12 13 12 4 13 18 13 6 18 23 18 7 23 12 23</p>
                </lines>
            </mesh>
        </geometry>
        <geometry id="ID109">
            <mesh>
                <source id="ID110">
                    <float_array id="ID113" count="432">0.5905512 0 -1.35586e-14 0.5704286 -0.1528459 -1.051936e-14 0.5704286 0.1528459 -1.56819e-14 0.5114323 0.2952756 -1.672273e-14 0.5114323 -0.2952756 -6.77236e-15 0.4175827 0.4175827 -1.662559e-14 0.4175827 -0.4175827 -2.553513e-15 0.2952756 0.5114323 -1.540434e-14 0.2952756 -0.5114323 1.845746e-15 0.1528459 0.5704286 -1.312839e-14 0.1528459 -0.5704286 6.106227e-15 0 0.5905512 -9.950374e-15 0 -0.5905512 9.950374e-15 -0.1528459 0.5704286 -6.106227e-15 -0.1528459 -0.5704286 1.312839e-14 -0.2952756 0.5114323 -1.845746e-15 -0.2952756 -0.5114323 1.540434e-14 -0.4175827 0.4175827 2.553513e-15 -0.4175827 -0.4175827 1.662559e-14 -0.5114323 0.2952756 6.77236e-15 -0.5114323 -0.2952756 1.672273e-14 -0.5704286 0.1528459 1.051936e-14 -0.5704286 -0.1528459 1.56819e-14 -0.5905512 0 1.35586e-14 -0.1528459 0.5704286 -6.106227e-15 -0.2952756 0.5114323 -1.845746e-15 -0.4175827 0.4175827 2.553513e-15 -0.5114323 0.2952756 6.77236e-15 -0.5704286 0.1528459 1.051936e-14 -0.5905512 0 1.35586e-14 -0.5704286 -0.1528459 1.56819e-14 -0.5114323 -0.2952756 1.672273e-14 -0.4175827 -0.4175827 1.662559e-14 -0.2952756 -0.5114323 1.540434e-14 -0.1528459 -0.5704286 1.312839e-14 0 -0.5905512 9.950374e-15 0.1528459 -0.5704286 6.106227e-15 0.2952756 -0.5114323 1.845746e-15 0.4175827 -0.4175827 -2.553513e-15 0.5114323 -0.2952756 -6.77236e-15 0.5704286 -0.1528459 -1.051936e-14 0.5905512 0 -1.35586e-14 0.5704286 0.1528459 -1.56819e-14 0.5114323 0.2952756 -1.672273e-14 0.4175827 0.4175827 -1.662559e-14 0.2952756 0.5114323 -1.540434e-14 0.1528459 0.5704286 -1.312839e-14 0 0.5905512 -9.950374e-15 -0.2952756 0.5114323 -1.845746e-15 -0.2952756 0.5114323 -0.1181102 -0.1528459 0.5704286 -6.106227e-15 -0.1528459 0.5704286 -0.1181102 -0.1528459 0.5704286 -0.1181102 -0.2952756 0.5114323 -0.1181102 -0.4175827 0.4175827 2.553513e-15 -0.4175827 0.4175827 -0.1181102 -0.4175827 0.4175827 -0.1181102 -0.5114323 0.2952756 6.77236e-15 -0.5114323 0.2952756 -0.1181102 -0.5114323 0.2952756 -0.1181102 -0.5704286 0.1528459 1.051936e-14 -0.5704286 0.1528459 -0.1181102 -0.5704286 0.1528459 -0.1181102 -0.5905512 0 1.35586e-14 -0.5905512 -1.998401e-15 -0.1181102 -0.5905512 -1.998401e-15 -0.1181102 -0.5704286 -0.1528459 1.56819e-14 -0.5704286 -0.1528459 -0.1181102 -0.5704286 -0.1528459 -0.1181102 -0.5114323 -0.2952756 1.672273e-14 -0.5114323 -0.2952756 -0.1181102 -0.5114323 -0.2952756 -0.1181102 -0.4175827 -0.4175827 1.662559e-14 -0.4175827 -0.4175827 -0.1181102 -0.4175827 -0.4175827 -0.1181102 -0.2952756 -0.5114323 1.540434e-14 -0.2952756 -0.5114323 -0.1181102 -0.2952756 -0.5114323 -0.1181102 -0.1528459 -0.5704286 1.312839e-14 -0.1528459 -0.5704286 -0.1181102 -0.1528459 -0.5704286 -0.1181102 0 -0.5905512 9.950374e-15 -2.664535e-15 -0.5905512 -0.1181102 -2.664535e-15 -0.5905512 -0.1181102 0.1528459 -0.5704286 6.106227e-15 0.1528459 -0.5704286 -0.1181102 0.1528459 -0.5704286 -0.1181102 0.2952756 -0.5114323 1.845746e-15 0.2952756 -0.5114323 -0.1181102 0.2952756 -0.5114323 -0.1181102 0.4175827 -0.4175827 -2.553513e-15 0.4175827 -0.4175827 -0.1181102 0.4175827 -0.4175827 -0.1181102 0.5114323 -0.2952756 -6.77236e-15 0.5114323 -0.2952756 -0.1181102 0.5114323 -0.2952756 -0.1181102 0.5704286 -0.1528459 -1.051936e-14 0.5704286 -0.1528459 -0.1181102 0.5704286 -0.1528459 -0.1181102 0.5905512 0 -1.35586e-14 0.5905512 -1.998401e-15 -0.1181102 0.5905512 -1.998401e-15 -0.1181102 0.5704286 0.1528459 -1.56819e-14 0.5704286 0.1528459 -0.1181102 0.5704286 0.1528459 -0.1181102 0.5114323 0.2952756 -1.672273e-14 0.5114323 0.2952756 -0.1181102 0.5114323 0.2952756 -0.1181102 0.4175827 0.4175827 -1.662559e-14 0.4175827 0.4175827 -0.1181102 0.4175827 0.4175827 -0.1181102 0.2952756 0.5114323 -1.540434e-14 0.2952756 0.5114323 -0.1181102 0.2952756 0.5114323 -0.1181102 0.1528459 0.5704286 -1.312839e-14 0.1528459 0.5704286 -0.1181102 0.1528459 0.5704286 -0.1181102 0 0.5905512 -9.950374e-15 -2.664535e-15 0.5905512 -0.1181102 -2.664535e-15 0.5905512 -0.1181102 0.5905512 -1.998401e-15 -0.1181102 0.5704286 0.1528459 -0.1181102 0.5704286 -0.1528459 -0.1181102 0.5114323 0.2952756 -0.1181102 0.5114323 -0.2952756 -0.1181102 0.4175827 0.4175827 -0.1181102 0.4175827 -0.4175827 -0.1181102 0.2952756 0.5114323 -0.1181102 0.2952756 -0.5114323 -0.1181102 0.1528459 0.5704286 -0.1181102 0.1528459 -0.5704286 -0.1181102 -2.664535e-15 -0.5905512 -0.1181102 -2.664535e-15 0.5905512 -0.1181102 -0.1528459 0.5704286 -0.1181102 -0.1528459 -0.5704286 -0.1181102 -0.2952756 0.5114323 -0.1181102 -0.2952756 -0.5114323 -0.1181102 -0.4175827 0.4175827 -0.1181102 -0.4175827 -0.4175827 -0.1181102 -0.5114323 0.2952756 -0.1181102 -0.5114323 -0.2952756 -0.1181102 -0.5704286 0.1528459 -0.1181102 -0.5704286 -0.1528459 -0.1181102 -0.5905512 -1.998401e-15 -0.1181102</float_array>
                    <technique_common>
                        <accessor count="144" source="#ID113" stride="3">
                            <param name="X" type="float" />
                            <param name="Y" type="float" />
                            <param name="Z" type="float" />
                        </accessor>
                    </technique_common>
                </source>
                <source id="ID111">
                    <float_array id="ID114" count="432">2.296536e-14 1.685823e-14 1 2.296536e-14 1.685823e-14 1 2.296536e-14 1.685823e-14 1 2.296536e-14 1.685823e-14 1 2.296536e-14 1.685823e-14 1 2.296536e-14 1.685823e-14 1 2.296536e-14 1.685823e-14 1 2.296536e-14 1.685823e-14 1 2.296536e-14 1.685823e-14 1 2.296536e-14 1.685823e-14 1 2.296536e-14 1.685823e-14 1 2.296536e-14 1.685823e-14 1 2.296536e-14 1.685823e-14 1 2.296536e-14 1.685823e-14 1 2.296536e-14 1.685823e-14 1 2.296536e-14 1.685823e-14 1 2.296536e-14 1.685823e-14 1 2.296536e-14 1.685823e-14 1 2.296536e-14 1.685823e-14 1 2.296536e-14 1.685823e-14 1 2.296536e-14 1.685823e-14 1 2.296536e-14 1.685823e-14 1 2.296536e-14 1.685823e-14 1 2.296536e-14 1.685823e-14 1 0 0 0 0 0 0 0 0 0 0 0 0 0 0 0 0 0 0 0 0 0 0 0 0 0 0 0 0 0 0 0 0 0 0 0 0 0 0 0 0 0 0 0 0 0 0 0 0 0 0 0 0 0 0 0 0 0 0 0 0 0 0 0 0 0 0 0 0 0 0 0 0 -0.5 0.8660254 -3.11698e-15 -0.5 0.8660254 -3.11698e-15 -0.258819 0.9659258 -1.033993e-14 -0.258819 0.9659258 -1.033993e-14 0 0 0 0 0 0 -0.7071068 0.7071068 4.318388e-15 -0.7071068 0.7071068 4.318388e-15 0 0 0 -0.8660254 0.5 1.145946e-14 -0.8660254 0.5 1.145946e-14 0 0 0 -0.9659258 0.258819 1.78196e-14 -0.9659258 0.258819 1.78196e-14 0 0 0 -1 3.653555e-16 2.296536e-14 -1 3.564444e-16 2.296536e-14 0 0 0 -0.9659258 -0.258819 2.654606e-14 -0.9659258 -0.258819 2.654606e-14 0 0 0 -0.8660254 -0.5 2.83177e-14 -0.8660254 -0.5 2.83177e-14 0 0 0 -0.7071068 -0.7071068 2.815953e-14 -0.7071068 -0.7071068 2.815953e-14 0 0 0 -0.5 -0.8660254 2.608234e-14 -0.5 -0.8660254 2.608234e-14 0 0 0 -0.258819 -0.9659258 2.222767e-14 -0.258819 -0.9659258 2.222767e-14 0 0 0 -3.653555e-16 -1 1.685823e-14 -2.940666e-16 -1 1.685823e-14 0 0 0 0.258819 -0.9659258 1.033993e-14 0.258819 -0.9659258 1.033993e-14 0 0 0 0.5 -0.8660254 3.11698e-15 0.5 -0.8660254 3.11698e-15 0 0 0 0.7071068 -0.7071068 -4.318388e-15 0.7071068 -0.7071068 -4.318388e-15 0 0 0 0.8660254 -0.5 -1.145946e-14 0.8660254 -0.5 -1.145946e-14 0 0 0 0.9659258 -0.258819 -1.78196e-14 0.9659258 -0.258819 -1.78196e-14 0 0 0 1 -4.366444e-16 -2.296536e-14 1 -4.455555e-16 -2.296536e-14 0 0 0 0.9659258 0.258819 -2.654606e-14 0.9659258 0.258819 -2.654606e-14 0 0 0 0.8660254 0.5 -2.83177e-14 0.8660254 0.5 -2.83177e-14 0 0 0 0.7071068 0.7071068 -2.815953e-14 0.7071068 0.7071068 -2.815953e-14 0 0 0 0.5 0.8660254 -2.608234e-14 0.5 0.8660254 -2.608234e-14 0 0 0 0.258819 0.9659258 -2.222767e-14 0.258819 0.9659258 -2.222767e-14 0 0 0 -1.158444e-16 1 -1.685823e-14 -5.346666e-17 1 -1.685823e-14 0 0 0 -2.296536e-14 -1.685823e-14 -1 -2.296536e-14 -1.685823e-14 -1 -2.296536e-14 -1.685823e-14 -1 -2.296536e-14 -1.685823e-14 -1 -2.296536e-14 -1.685823e-14 -1 -2.296536e-14 -1.685823e-14 -1 -2.296536e-14 -1.685823e-14 -1 -2.296536e-14 -1.685823e-14 -1 -2.296536e-14 -1.685823e-14 -1 -2.296536e-14 -1.685823e-14 -1 -2.296536e-14 -1.685823e-14 -1 -2.296536e-14 -1.685823e-14 -1 -2.296536e-14 -1.685823e-14 -1 -2.296536e-14 -1.685823e-14 -1 -2.296536e-14 -1.685823e-14 -1 -2.296536e-14 -1.685823e-14 -1 -2.296536e-14 -1.685823e-14 -1 -2.296536e-14 -1.685823e-14 -1 -2.296536e-14 -1.685823e-14 -1 -2.296536e-14 -1.685823e-14 -1 -2.296536e-14 -1.685823e-14 -1 -2.296536e-14 -1.685823e-14 -1 -2.296536e-14 -1.685823e-14 -1 -2.296536e-14 -1.685823e-14 -1</float_array>
                    <technique_common>
                        <accessor count="144" source="#ID114" stride="3">
                            <param name="X" type="float" />
                            <param name="Y" type="float" />
                            <param name="Z" type="float" />
                        </accessor>
                    </technique_common>
                </source>
                <vertices id="ID112">
                    <input semantic="POSITION" source="#ID110" />
                    <input semantic="NORMAL" source="#ID111" />
                </vertices>
                <triangles count="92" material="Material2">
                    <input offset="0" semantic="VERTEX" source="#ID112" />
                    <p>0 1 2 2 1 3 1 4 3 3 4 5 4 6 5 5 6 7 6 8 7 7 8 9 8 10 9 9 10 11 10 12 11 11 12 13 12 14 13 13 14 15 14 16 15 15 16 17 16 18 17 17 18 19 18 20 19 19 20 21 20 22 21 23 21 22 48 49 50 51 50 49 54 55 48 49 48 55 54 57 55 58 55 57 57 60 58 61 58 60 60 63 61 64 61 63 63 66 64 67 64 66 66 69 67 70 67 69 69 72 70 73 70 72 72 75 73 76 73 75 75 78 76 79 76 78 78 81 79 82 79 81 81 84 82 85 82 84 84 87 85 88 85 87 87 90 88 91 88 90 93 94 90 91 90 94 96 97 93 94 93 97 99 100 96 97 96 100 102 103 99 100 99 103 105 106 102 103 102 106 108 109 105 106 105 109 111 112 108 109 108 112 114 115 111 112 111 115 117 118 114 115 114 118 50 51 117 118 117 51 120 121 122 121 123 122 122 123 124 123 125 124 124 125 126 125 127 126 126 127 128 127 129 128 128 129 130 130 129 131 129 132 131 132 133 131 131 133 134 133 135 134 134 135 136 135 137 136 136 137 138 137 139 138 138 139 140 139 141 140 140 141 142 143 142 141</p>
                </triangles>
                <lines count="72" material="Material3">
                    <input offset="0" semantic="VERTEX" source="#ID112" />
                    <p>24 25 25 26 26 27 27 28 28 29 29 30 30 31 31 32 32 33 33 34 34 35 35 36 36 37 37 38 38 39 39 40 40 41 41 42 42 43 43 44 44 45 45 46 46 47 47 24 52 53 53 56 56 59 59 62 62 65 65 68 68 71 71 74 74 77 77 80 80 83 83 86 86 89 89 92 92 95 95 98 98 101 101 104 104 107 107 110 110 113 113 116 116 119 119 52</p>
                </lines>
            </mesh>
        </geometry>
        <geometry id="ID116">
            <mesh>
                <source id="ID117">
                    <float_array id="ID120" count="432">-0.5704286 -0.1528459 1.56819e-14 -0.5704286 0.1528459 1.051936e-14 -0.5905512 0 1.35586e-14 -0.5114323 -0.2952756 1.672273e-14 -0.5114323 0.2952756 6.77236e-15 -0.4175827 -0.4175827 1.662559e-14 -0.4175827 0.4175827 2.553513e-15 -0.2952756 -0.5114323 1.540434e-14 -0.2952756 0.5114323 -1.845746e-15 -0.1528459 -0.5704286 1.312839e-14 -0.1528459 0.5704286 -6.106227e-15 0 -0.5905512 9.950374e-15 0 0.5905512 -9.950374e-15 0.1528459 -0.5704286 6.106227e-15 0.1528459 0.5704286 -1.312839e-14 0.2952756 -0.5114323 1.845746e-15 0.2952756 0.5114323 -1.540434e-14 0.4175827 -0.4175827 -2.553513e-15 0.4175827 0.4175827 -1.662559e-14 0.5114323 -0.2952756 -6.77236e-15 0.5114323 0.2952756 -1.672273e-14 0.5704286 -0.1528459 -1.051936e-14 0.5704286 0.1528459 -1.56819e-14 0.5905512 0 -1.35586e-14 -0.1528459 0.5704286 -6.106227e-15 -0.2952756 0.5114323 -1.845746e-15 -0.4175827 0.4175827 2.553513e-15 -0.5114323 0.2952756 6.77236e-15 -0.5704286 0.1528459 1.051936e-14 -0.5905512 0 1.35586e-14 -0.5704286 -0.1528459 1.56819e-14 -0.5114323 -0.2952756 1.672273e-14 -0.4175827 -0.4175827 1.662559e-14 -0.2952756 -0.5114323 1.540434e-14 -0.1528459 -0.5704286 1.312839e-14 0 -0.5905512 9.950374e-15 0.1528459 -0.5704286 6.106227e-15 0.2952756 -0.5114323 1.845746e-15 0.4175827 -0.4175827 -2.553513e-15 0.5114323 -0.2952756 -6.77236e-15 0.5704286 -0.1528459 -1.051936e-14 0.5905512 0 -1.35586e-14 0.5704286 0.1528459 -1.56819e-14 0.5114323 0.2952756 -1.672273e-14 0.4175827 0.4175827 -1.662559e-14 0.2952756 0.5114323 -1.540434e-14 0.1528459 0.5704286 -1.312839e-14 0 0.5905512 -9.950374e-15 -0.2952756 0.5114323 -0.1181102 -0.1528459 0.5704286 -6.106227e-15 -0.1528459 0.5704286 -0.1181102 -0.2952756 0.5114323 -1.845746e-15 -0.1528459 0.5704286 -0.1181102 -0.2952756 0.5114323 -0.1181102 -0.4175827 0.4175827 -0.1181102 -0.4175827 0.4175827 2.553513e-15 -0.4175827 0.4175827 -0.1181102 -0.5114323 0.2952756 6.77236e-15 -0.5114323 0.2952756 -0.1181102 -0.5114323 0.2952756 -0.1181102 -0.5704286 0.1528459 1.051936e-14 -0.5704286 0.1528459 -0.1181102 -0.5704286 0.1528459 -0.1181102 -0.5905512 0 1.35586e-14 -0.5905512 -1.998401e-15 -0.1181102 -0.5905512 -1.998401e-15 -0.1181102 -0.5704286 -0.1528459 1.56819e-14 -0.5704286 -0.1528459 -0.1181102 -0.5704286 -0.1528459 -0.1181102 -0.5114323 -0.2952756 1.672273e-14 -0.5114323 -0.2952756 -0.1181102 -0.5114323 -0.2952756 -0.1181102 -0.4175827 -0.4175827 1.662559e-14 -0.4175827 -0.4175827 -0.1181102 -0.4175827 -0.4175827 -0.1181102 -0.2952756 -0.5114323 1.540434e-14 -0.2952756 -0.5114323 -0.1181102 -0.2952756 -0.5114323 -0.1181102 -0.1528459 -0.5704286 1.312839e-14 -0.1528459 -0.5704286 -0.1181102 -0.1528459 -0.5704286 -0.1181102 0 -0.5905512 9.950374e-15 -2.664535e-15 -0.5905512 -0.1181102 -2.664535e-15 -0.5905512 -0.1181102 0.1528459 -0.5704286 6.106227e-15 0.1528459 -0.5704286 -0.1181102 0.1528459 -0.5704286 -0.1181102 0.2952756 -0.5114323 1.845746e-15 0.2952756 -0.5114323 -0.1181102 0.2952756 -0.5114323 -0.1181102 0.4175827 -0.4175827 -2.553513e-15 0.4175827 -0.4175827 -0.1181102 0.4175827 -0.4175827 -0.1181102 0.5114323 -0.2952756 -0.1181102 0.5114323 -0.2952756 -6.77236e-15 0.5114323 -0.2952756 -0.1181102 0.5704286 -0.1528459 -0.1181102 0.5704286 -0.1528459 -1.051936e-14 0.5704286 -0.1528459 -0.1181102 0.5905512 -1.998401e-15 -0.1181102 0.5905512 0 -1.35586e-14 0.5905512 -1.998401e-15 -0.1181102 0.5704286 0.1528459 -0.1181102 0.5704286 0.1528459 -1.56819e-14 0.5704286 0.1528459 -0.1181102 0.5114323 0.2952756 -0.1181102 0.5114323 0.2952756 -1.672273e-14 0.5114323 0.2952756 -0.1181102 0.4175827 0.4175827 -0.1181102 0.4175827 0.4175827 -1.662559e-14 0.4175827 0.4175827 -0.1181102 0.2952756 0.5114323 -0.1181102 0.2952756 0.5114323 -1.540434e-14 0.2952756 0.5114323 -0.1181102 0.1528459 0.5704286 -0.1181102 0.1528459 0.5704286 -1.312839e-14 0.1528459 0.5704286 -0.1181102 -2.664535e-15 0.5905512 -0.1181102 0 0.5905512 -9.950374e-15 -2.664535e-15 0.5905512 -0.1181102 -0.5704286 0.1528459 -0.1181102 -0.5704286 -0.1528459 -0.1181102 -0.5905512 -1.998401e-15 -0.1181102 -0.5114323 -0.2952756 -0.1181102 -0.5114323 0.2952756 -0.1181102 -0.4175827 -0.4175827 -0.1181102 -0.4175827 0.4175827 -0.1181102 -0.2952756 -0.5114323 -0.1181102 -0.2952756 0.5114323 -0.1181102 -0.1528459 -0.5704286 -0.1181102 -0.1528459 0.5704286 -0.1181102 -2.664535e-15 -0.5905512 -0.1181102 -2.664535e-15 0.5905512 -0.1181102 0.1528459 0.5704286 -0.1181102 0.1528459 -0.5704286 -0.1181102 0.2952756 -0.5114323 -0.1181102 0.2952756 0.5114323 -0.1181102 0.4175827 -0.4175827 -0.1181102 0.4175827 0.4175827 -0.1181102 0.5114323 -0.2952756 -0.1181102 0.5114323 0.2952756 -0.1181102 0.5704286 -0.1528459 -0.1181102 0.5704286 0.1528459 -0.1181102 0.5905512 -1.998401e-15 -0.1181102</float_array>
                    <technique_common>
                        <accessor count="144" source="#ID120" stride="3">
                            <param name="X" type="float" />
                            <param name="Y" type="float" />
                            <param name="Z" type="float" />
                        </accessor>
                    </technique_common>
                </source>
                <source id="ID118">
                    <float_array id="ID121" count="432">2.296536e-14 1.685823e-14 1 2.296536e-14 1.685823e-14 1 2.296536e-14 1.685823e-14 1 2.296536e-14 1.685823e-14 1 2.296536e-14 1.685823e-14 1 2.296536e-14 1.685823e-14 1 2.296536e-14 1.685823e-14 1 2.296536e-14 1.685823e-14 1 2.296536e-14 1.685823e-14 1 2.296536e-14 1.685823e-14 1 2.296536e-14 1.685823e-14 1 2.296536e-14 1.685823e-14 1 2.296536e-14 1.685823e-14 1 2.296536e-14 1.685823e-14 1 2.296536e-14 1.685823e-14 1 2.296536e-14 1.685823e-14 1 2.296536e-14 1.685823e-14 1 2.296536e-14 1.685823e-14 1 2.296536e-14 1.685823e-14 1 2.296536e-14 1.685823e-14 1 2.296536e-14 1.685823e-14 1 2.296536e-14 1.685823e-14 1 2.296536e-14 1.685823e-14 1 2.296536e-14 1.685823e-14 1 0 0 0 0 0 0 0 0 0 0 0 0 0 0 0 0 0 0 0 0 0 0 0 0 0 0 0 0 0 0 0 0 0 0 0 0 0 0 0 0 0 0 0 0 0 0 0 0 0 0 0 0 0 0 0 0 0 0 0 0 0 0 0 0 0 0 0 0 0 0 0 0 -0.5 0.8660254 -3.11698e-15 -0.258819 0.9659258 -1.033993e-14 -0.258819 0.9659258 -1.033993e-14 -0.5 0.8660254 -3.11698e-15 0 0 0 0 0 0 -0.7071068 0.7071068 4.318388e-15 -0.7071068 0.7071068 4.318388e-15 0 0 0 -0.8660254 0.5 1.145946e-14 -0.8660254 0.5 1.145946e-14 0 0 0 -0.9659258 0.258819 1.78196e-14 -0.9659258 0.258819 1.78196e-14 0 0 0 -1 3.653555e-16 2.296536e-14 -1 3.564444e-16 2.296536e-14 0 0 0 -0.9659258 -0.258819 2.654606e-14 -0.9659258 -0.258819 2.654606e-14 0 0 0 -0.8660254 -0.5 2.83177e-14 -0.8660254 -0.5 2.83177e-14 0 0 0 -0.7071068 -0.7071068 2.815953e-14 -0.7071068 -0.7071068 2.815953e-14 0 0 0 -0.5 -0.8660254 2.608234e-14 -0.5 -0.8660254 2.608234e-14 0 0 0 -0.258819 -0.9659258 2.222767e-14 -0.258819 -0.9659258 2.222767e-14 0 0 0 -3.653555e-16 -1 1.685823e-14 -2.940666e-16 -1 1.685823e-14 0 0 0 0.258819 -0.9659258 1.033993e-14 0.258819 -0.9659258 1.033993e-14 0 0 0 0.5 -0.8660254 3.11698e-15 0.5 -0.8660254 3.11698e-15 0 0 0 0.7071068 -0.7071068 -4.318388e-15 0.7071068 -0.7071068 -4.318388e-15 0 0 0 0.8660254 -0.5 -1.145946e-14 0.8660254 -0.5 -1.145946e-14 0 0 0 0.9659258 -0.258819 -1.78196e-14 0.9659258 -0.258819 -1.78196e-14 0 0 0 1 -4.455555e-16 -2.296536e-14 1 -4.366444e-16 -2.296536e-14 0 0 0 0.9659258 0.258819 -2.654606e-14 0.9659258 0.258819 -2.654606e-14 0 0 0 0.8660254 0.5 -2.83177e-14 0.8660254 0.5 -2.83177e-14 0 0 0 0.7071068 0.7071068 -2.815953e-14 0.7071068 0.7071068 -2.815953e-14 0 0 0 0.5 0.8660254 -2.608234e-14 0.5 0.8660254 -2.608234e-14 0 0 0 0.258819 0.9659258 -2.222767e-14 0.258819 0.9659258 -2.222767e-14 0 0 0 -5.346666e-17 1 -1.685823e-14 -1.158444e-16 1 -1.685823e-14 0 0 0 -2.296536e-14 -1.685823e-14 -1 -2.296536e-14 -1.685823e-14 -1 -2.296536e-14 -1.685823e-14 -1 -2.296536e-14 -1.685823e-14 -1 -2.296536e-14 -1.685823e-14 -1 -2.296536e-14 -1.685823e-14 -1 -2.296536e-14 -1.685823e-14 -1 -2.296536e-14 -1.685823e-14 -1 -2.296536e-14 -1.685823e-14 -1 -2.296536e-14 -1.685823e-14 -1 -2.296536e-14 -1.685823e-14 -1 -2.296536e-14 -1.685823e-14 -1 -2.296536e-14 -1.685823e-14 -1 -2.296536e-14 -1.685823e-14 -1 -2.296536e-14 -1.685823e-14 -1 -2.296536e-14 -1.685823e-14 -1 -2.296536e-14 -1.685823e-14 -1 -2.296536e-14 -1.685823e-14 -1 -2.296536e-14 -1.685823e-14 -1 -2.296536e-14 -1.685823e-14 -1 -2.296536e-14 -1.685823e-14 -1 -2.296536e-14 -1.685823e-14 -1 -2.296536e-14 -1.685823e-14 -1 -2.296536e-14 -1.685823e-14 -1</float_array>
                    <technique_common>
                        <accessor count="144" source="#ID121" stride="3">
                            <param name="X" type="float" />
                            <param name="Y" type="float" />
                            <param name="Z" type="float" />
                        </accessor>
                    </technique_common>
                </source>
                <vertices id="ID119">
                    <input semantic="POSITION" source="#ID117" />
                    <input semantic="NORMAL" source="#ID118" />
                </vertices>
                <triangles count="92" material="Material2">
                    <input offset="0" semantic="VERTEX" source="#ID119" />
                    <p>0 1 2 1 0 3 1 3 4 4 3 5 4 5 6 6 5 7 6 7 8 8 7 9 8 9 10 10 9 11 10 11 12 12 11 13 12 13 14 14 13 15 14 15 16 16 15 17 16 17 18 18 17 19 18 19 20 20 19 21 20 21 22 22 21 23 48 49 50 49 48 51 54 51 48 51 54 55 57 54 58 54 57 55 60 58 61 58 60 57 63 61 64 61 63 60 66 64 67 64 66 63 69 67 70 67 69 66 72 70 73 70 72 69 75 73 76 73 75 72 78 76 79 76 78 75 81 79 82 79 81 78 84 82 85 82 84 81 87 85 88 85 87 84 90 88 91 88 90 87 93 90 91 90 93 94 96 94 93 94 96 97 99 97 96 97 99 100 102 100 99 100 102 103 105 103 102 103 105 106 108 106 105 106 108 109 111 109 108 109 111 112 114 112 111 112 114 115 117 115 114 115 117 118 50 118 117 118 50 49 120 121 122 121 120 123 123 120 124 123 124 125 125 124 126 125 126 127 127 126 128 127 128 129 129 128 130 129 130 131 131 130 132 131 132 133 131 133 134 134 133 135 135 133 136 135 136 137 137 136 138 137 138 139 139 138 140 139 140 141 141 140 142 141 142 143</p>
                </triangles>
                <lines count="72" material="Material3">
                    <input offset="0" semantic="VERTEX" source="#ID119" />
                    <p>24 25 25 26 26 27 27 28 28 29 29 30 30 31 31 32 32 33 33 34 34 35 35 36 36 37 37 38 38 39 39 40 40 41 41 42 42 43 43 44 44 45 45 46 46 47 47 24 52 53 53 56 56 59 59 62 62 65 65 68 68 71 71 74 74 77 77 80 80 83 83 86 86 89 89 92 92 95 95 98 98 101 101 104 104 107 107 110 110 113 113 116 116 119 119 52</p>
                </lines>
            </mesh>
        </geometry>
        <geometry id="ID123">
            <mesh>
                <source id="ID126">
                    <float_array id="ID131" count="216">0.05905512 27.5 0 29.4685 0.05905512 0 0.05905512 0.05905512 0 29.4685 27.5 0 0.05905512 27.5 0 29.4685 27.5 0 29.4685 0.05905512 0 0.05905512 0.05905512 0 29.4685 27.55906 0.05905512 0.05905512 27.5 0 0.05905512 27.55906 0.05905512 29.4685 27.5 0 0.05905512 27.55906 0.05905512 29.4685 27.55906 0.05905512 29.52756 0.05905512 0.05905512 29.4685 0.05905512 0 29.52756 27.5 0.05905512 29.52756 27.5 0.05905512 29.52756 0.05905512 0.05905512 29.4685 2.864401e-14 0.05905512 0.05905512 0.05905512 0 0.05905512 8.323501e-17 0.05905512 29.4685 2.864401e-14 0.05905512 0.05905512 8.323501e-17 0.05905512 1.063039e-14 27.5 0.05905512 2.775558e-17 0.05905512 0.05905512 2.775558e-17 0.05905512 0.05905512 1.063039e-14 27.5 0.05905512 0.05905512 27.55906 1.318898 29.4685 27.55906 0.05905512 0.05905512 27.55906 0.05905512 29.4685 27.55906 1.318898 29.4685 27.55906 1.318898 0.05905512 27.55906 1.318898 29.52756 27.5 0.05905512 29.52756 0.05905512 1.318898 29.52756 0.05905512 0.05905512 29.52756 27.5 1.318898 29.52756 27.5 1.318898 29.52756 0.05905512 1.318898 29.4685 2.91962e-14 1.318898 0.05905512 8.323501e-17 0.05905512 29.4685 2.864401e-14 0.05905512 0.05905512 6.354282e-16 1.318898 29.4685 2.91962e-14 1.318898 0.05905512 6.354282e-16 1.318898 2.775558e-17 0.05905512 1.318898 1.063039e-14 27.5 0.05905512 2.775558e-17 0.05905512 0.05905512 1.063039e-14 27.5 1.318898 2.775558e-17 0.05905512 1.318898 1.063039e-14 27.5 1.318898 0.05905512 27.55906 1.318898 1.063039e-14 27.5 1.318898 29.4685 27.55906 1.318898 29.52756 27.5 1.318898 0.05905512 27.5 1.377953 29.4685 27.5 1.377953 0.05905512 27.5 1.377953 29.4685 27.5 1.377953 29.52756 0.05905512 1.318898 29.4685 0.05905512 1.377953 29.4685 0.05905512 1.377953 29.4685 2.91962e-14 1.318898 0.05905512 6.354282e-16 1.318898 0.05905512 0.05905512 1.377953 0.05905512 0.05905512 1.377953 2.775558e-17 0.05905512 1.318898 29.4685 0.05905512 1.377953 0.05905512 27.5 1.377953 0.05905512 0.05905512 1.377953 29.4685 27.5 1.377953</float_array>
                    <technique_common>
                        <accessor count="72" source="#ID131" stride="3">
                            <param name="X" type="float" />
                            <param name="Y" type="float" />
                            <param name="Z" type="float" />
                        </accessor>
                    </technique_common>
                </source>
                <source id="ID127">
                    <float_array id="ID132" count="216">0 0 -1 0 0 -1 0 0 -1 0 0 -1 0 0 0 0 0 0 0 0 0 0 0 0 0.4605629 0.7587909 -0.4605629 -0.4605629 0.4605629 -0.7587909 -0.4605629 0.7587909 -0.4605629 0.4605629 0.4605629 -0.7587909 0 0 0 0 0 0 0.7587909 -0.4605629 -0.4605629 0.4605629 -0.4605629 -0.7587909 0.7587909 0.4605629 -0.4605629 0 0 0 0 0 0 0.4605629 -0.7587909 -0.4605629 -0.4605629 -0.4605629 -0.7587909 -0.4605629 -0.7587909 -0.4605629 0 0 0 0 0 0 -0.7587909 0.4605629 -0.4605629 -0.7587909 -0.4605629 -0.4605629 0 0 0 0 0 0 2.416036e-16 1 2.819966e-15 2.416036e-16 1 2.819966e-15 2.416036e-16 1 2.819966e-15 2.416036e-16 1 2.819966e-15 0 0 0 0 0 0 1 0 0 1 0 0 1 0 0 1 0 0 0 0 0 0 0 0 9.711427e-16 -1 4.383034e-16 9.711427e-16 -1 4.383034e-16 9.711427e-16 -1 4.383034e-16 9.711427e-16 -1 4.383034e-16 0 0 0 0 0 0 -1 3.866273e-16 -6.505213e-19 -1 3.866273e-16 -6.505213e-19 -1 3.866273e-16 -6.505213e-19 -1 3.866273e-16 -6.505213e-19 0 0 0 0 0 0 -0.4605629 0.7587909 0.4605629 -0.7587909 0.4605629 0.4605629 0.4605629 0.7587909 0.4605629 0.7587909 0.4605629 0.4605629 -0.4605629 0.4605629 0.7587909 0.4605629 0.4605629 0.7587909 0 0 0 0 0 0 0.7587909 -0.4605629 0.4605629 0.4605629 -0.4605629 0.7587909 0 0 0 0.4605629 -0.7587909 0.4605629 -0.4605629 -0.7587909 0.4605629 -0.4605629 -0.4605629 0.7587909 0 0 0 -0.7587909 -0.4605629 0.4605629 0 0 1 0 0 1 0 0 1 0 0 1</float_array>
                    <technique_common>
                        <accessor count="72" source="#ID132" stride="3">
                            <param name="X" type="float" />
                            <param name="Y" type="float" />
                            <param name="Z" type="float" />
                        </accessor>
                    </technique_common>
                </source>
                <vertices id="ID128">
                    <input semantic="POSITION" source="#ID126" />
                    <input semantic="NORMAL" source="#ID127" />
                </vertices>
                <triangles count="44" material="Material2">
                    <input offset="0" semantic="VERTEX" source="#ID128" />
                    <p>0 1 2 1 0 3 8 9 10 9 8 11 11 14 15 14 11 16 19 20 15 20 19 21 24 20 25 20 24 9 10 9 24 28 29 30 29 28 31 16 11 8 34 35 36 35 34 37 14 19 15 40 41 42 41 40 43 20 21 25 46 47 48 47 46 49 52 24 53 24 52 10 16 54 55 54 16 8 56 54 52 54 56 57 60 57 61 57 60 55 14 63 19 63 14 60 61 64 63 64 61 65 64 25 21 25 64 67 65 53 67 53 65 56 56 52 53 54 57 55 68 69 70 69 68 71 61 63 60 65 67 64</p>
                </triangles>
                <lines count="48" material="Material3">
                    <input offset="0" semantic="VERTEX" source="#ID128" />
                    <p />
                </lines>
            </mesh>
        </geometry>
        <geometry id="ID134">
            <mesh>
                <source id="ID135">
                    <float_array id="ID138" count="216">68.83858 2.588406e-17 1.318898 0.05905512 3.017218e-14 0.05905512 68.83858 2.588406e-17 0.05905512 0.05905512 3.017218e-14 1.318898 68.83858 2.588406e-17 0.05905512 0.05905512 3.017218e-14 0.05905512 68.83858 2.588406e-17 1.318898 0.05905512 3.017218e-14 1.318898 68.83858 2.588406e-17 0.05905512 0.05905512 0.05905512 0 68.83858 0.05905512 0 0.05905512 3.017218e-14 0.05905512 0.05905512 0.05905512 0 68.83858 0.05905512 0 68.89764 0.05905512 1.318898 68.89764 0.05905512 0.05905512 68.83858 2.588406e-17 1.318898 68.89764 0.05905512 0.05905512 68.89764 0.05905512 1.318898 68.83858 0.05905512 1.377953 0.05905512 3.017218e-14 1.318898 0.05905512 0.05905512 1.377953 0.05905512 0.05905512 1.377953 68.83858 0.05905512 1.377953 4.567775e-17 0.05905512 1.318898 4.567775e-17 0.05905512 0.05905512 4.567775e-17 0.05905512 0.05905512 4.567775e-17 0.05905512 1.318898 0.05905512 27.5 0 68.83858 0.05905512 0 0.05905512 0.05905512 0 68.83858 27.5 0 0.05905512 27.5 0 68.83858 27.5 0 68.89764 27.5 0.05905512 68.89764 0.05905512 1.318898 68.89764 0.05905512 0.05905512 68.89764 27.5 1.318898 68.89764 27.5 0.05905512 68.89764 27.5 1.318898 68.83858 0.05905512 1.377953 0.05905512 27.5 1.377953 0.05905512 0.05905512 1.377953 68.83858 27.5 1.377953 0.05905512 27.5 1.377953 68.83858 27.5 1.377953 2.12706e-14 27.5 1.318898 4.567775e-17 0.05905512 0.05905512 4.567775e-17 0.05905512 1.318898 2.12706e-14 27.5 0.05905512 2.12706e-14 27.5 0.05905512 2.12706e-14 27.5 1.318898 0.05905512 27.5 0 2.12706e-14 27.5 0.05905512 0.05905512 27.55906 0.05905512 68.83858 27.5 0 68.83858 27.55906 0.05905512 0.05905512 27.55906 0.05905512 68.83858 27.55906 0.05905512 68.89764 27.5 0.05905512 68.89764 27.5 1.318898 68.83858 27.55906 1.318898 68.83858 27.55906 1.318898 68.83858 27.5 1.377953 0.05905512 27.5 1.377953 2.12706e-14 27.5 1.318898 0.05905512 27.55906 1.318898 0.05905512 27.55906 1.318898 0.05905512 27.55906 1.318898 68.83858 27.55906 0.05905512 0.05905512 27.55906 0.05905512 68.83858 27.55906 1.318898</float_array>
                    <technique_common>
                        <accessor count="72" source="#ID138" stride="3">
                            <param name="X" type="float" />
                            <param name="Y" type="float" />
                            <param name="Z" type="float" />
                        </accessor>
                    </technique_common>
                </source>
                <source id="ID136">
                    <float_array id="ID139" count="216">-4.383034e-16 -1 0 -4.383034e-16 -1 0 -4.383034e-16 -1 0 -4.383034e-16 -1 0 0 0 0 0 0 0 0 0 0 0 0 0 0.4605629 -0.7587909 -0.4605629 -0.4605629 -0.4605629 -0.7587909 0.4605629 -0.4605629 -0.7587909 -0.4605629 -0.7587909 -0.4605629 0 0 0 0 0 0 0.7587909 -0.4605629 0.4605629 0.7587909 -0.4605629 -0.4605629 0.4605629 -0.7587909 0.4605629 0 0 0 0 0 0 0.4605629 -0.4605629 0.7587909 -0.4605629 -0.7587909 0.4605629 -0.4605629 -0.4605629 0.7587909 0 0 0 0 0 0 -0.7587909 -0.4605629 0.4605629 -0.7587909 -0.4605629 -0.4605629 0 0 0 0 0 0 0 0 -1 0 0 -1 0 0 -1 0 0 -1 0 0 0 0 0 0 1 0 0 1 0 0 1 0 0 1 0 0 0 0 0 0 0 0 0 0 1 0 0 1 0 0 1 0 0 1 0 0 0 0 0 0 -1 7.734765e-16 0 -1 7.734765e-16 0 -1 7.734765e-16 0 -1 7.734765e-16 0 0 0 0 0 0 0 -0.4605629 0.4605629 -0.7587909 -0.7587909 0.4605629 -0.4605629 -0.4605629 0.7587909 -0.4605629 0.4605629 0.4605629 -0.7587909 0.4605629 0.7587909 -0.4605629 0 0 0 0 0 0 0.7587909 0.4605629 -0.4605629 0.7587909 0.4605629 0.4605629 0.4605629 0.7587909 0.4605629 0 0 0 0.4605629 0.4605629 0.7587909 -0.4605629 0.4605629 0.7587909 -0.7587909 0.4605629 0.4605629 -0.4605629 0.7587909 0.4605629 0 0 0 -2.066146e-16 1 0 -2.066146e-16 1 0 -2.066146e-16 1 0 -2.066146e-16 1 0</float_array>
                    <technique_common>
                        <accessor count="72" source="#ID139" stride="3">
                            <param name="X" type="float" />
                            <param name="Y" type="float" />
                            <param name="Z" type="float" />
                        </accessor>
                    </technique_common>
                </source>
                <vertices id="ID137">
                    <input semantic="POSITION" source="#ID135" />
                    <input semantic="NORMAL" source="#ID136" />
                </vertices>
                <triangles count="44" material="Material2">
                    <input offset="0" semantic="VERTEX" source="#ID137" />
                    <p>0 1 2 1 0 3 8 9 10 9 8 11 14 8 15 8 14 16 19 20 16 20 19 21 24 11 20 11 24 25 28 29 30 29 28 31 8 10 15 25 9 11 34 35 36 35 34 37 19 16 14 40 41 42 41 40 43 24 20 21 46 47 48 47 46 49 25 52 9 52 25 53 54 55 52 55 54 56 10 59 15 59 10 55 56 60 59 60 56 61 60 19 14 19 60 63 64 24 21 24 64 65 64 61 66 61 64 63 66 53 65 53 66 54 54 52 53 68 69 70 69 68 71 56 59 55 61 63 60 66 65 64</p>
                </triangles>
                <lines count="48" material="Material3">
                    <input offset="0" semantic="VERTEX" source="#ID137" />
                    <p />
                </lines>
            </mesh>
        </geometry>
        <geometry id="ID141">
            <mesh>
                <source id="ID147">
                    <float_array id="ID153" count="1860">13.4485 0.1698952 1.61385 13.4485 0.1698952 1.53045 10.11575 0.1698952 1.53045 10.11575 0.1698952 1.53045 13.4485 0.1698952 1.53045 13.4485 0.1698952 1.61385 13.4485 0.1698952 1.53045 13.4485 0.1698952 1.61385 10.11575 0.1698952 1.53045 13.4485 2.794895 1.61385 13.4485 0.1698952 1.53045 13.4485 0.1698952 1.61385 13.4485 0.1698952 1.61385 13.4485 0.1698952 1.53045 13.4485 2.794895 1.61385 13.4485 2.794895 1.61385 13.4485 2.794895 1.53045 10.11575 0.1698952 1.53045 13.4485 0.1698952 1.53045 13.4485 0.1698952 1.53045 10.11575 0.1698952 1.53045 13.4485 2.794895 1.53045 13.4485 2.794895 1.53045 10.11575 0.1698952 1.61385 10.11575 0.1698952 1.61385 10.11575 0.1698952 1.61385 13.4485 2.794895 1.53045 13.4485 2.794895 1.53045 13.4485 2.794895 1.69725 13.4485 2.794895 1.69725 13.4485 2.794895 1.69725 10.11575 2.794895 1.53045 10.11575 2.794895 1.53045 10.11575 2.794895 1.53045 6.78305 0.1698952 1.53045 6.78305 0.1698952 1.53045 6.78305 0.1698952 1.53045 13.4485 0.1698951 1.69725 13.4485 0.1698951 1.69725 13.4485 0.1698951 1.69725 13.4485 5.419895 1.61385 13.4485 5.419895 1.61385 13.4485 5.419895 1.61385 13.4485 5.419895 1.69725 13.4485 5.419895 1.69725 13.4485 5.419895 1.69725 13.4485 0.1698951 1.69725 13.4485 0.1698951 1.69725 13.4485 5.419895 1.53045 13.4485 5.419895 1.53045 13.4485 5.419895 1.53045 6.78305 0.1698952 1.53045 6.78305 0.1698952 1.53045 6.78305 0.1698952 1.61385 6.78305 0.1698952 1.61385 6.78305 0.1698952 1.61385 10.11575 0.1698951 1.69725 10.11575 0.1698951 1.69725 10.11575 0.1698951 1.69725 13.4485 5.419895 1.53045 13.4485 5.419895 1.53045 13.4485 5.419895 1.7807 13.4485 5.419895 1.7807 13.4485 5.419895 1.7807 13.4485 2.794895 1.7807 13.4485 2.794895 1.7807 13.4485 2.794895 1.7807 10.11575 5.419895 1.53045 10.11575 5.419895 1.53045 10.11575 5.419895 1.53045 6.78305 2.794895 1.53045 6.78305 2.794895 1.53045 6.78305 2.794895 1.53045 3.45035 0.1698952 1.53045 3.45035 0.1698952 1.53045 3.45035 0.1698952 1.53045 13.4485 0.1698951 1.7807 13.4485 0.1698951 1.7807 13.4485 0.1698951 1.7807 13.4485 8.044899 1.61385 13.4485 8.044899 1.61385 13.4485 8.044899 1.61385 13.4485 8.044899 1.69725 13.4485 8.044899 1.69725 13.4485 8.044899 1.69725 13.4485 8.044899 1.7807 13.4485 8.044899 1.7807 13.4485 8.044899 1.7807 13.4485 0.1698951 1.7807 13.4485 0.1698951 1.7807 13.4485 8.044899 1.53045 13.4485 8.044899 1.53045 13.4485 8.044899 1.53045 3.45035 0.1698952 1.53045 3.45035 0.1698952 1.53045 3.45035 0.1698952 1.61385 3.45035 0.1698952 1.61385 3.45035 0.1698952 1.61385 6.78305 0.1698951 1.69725 6.78305 0.1698951 1.69725 6.78305 0.1698951 1.69725 10.11575 0.1698951 1.7807 10.11575 0.1698951 1.7807 10.11575 0.1698951 1.7807 13.4485 5.419895 1.7807 10.11575 8.044899 1.7807 10.11575 8.044899 1.7807 13.4485 5.419895 1.7807 10.11575 8.044899 1.7807 13.4485 2.794895 1.7807 10.11575 5.419895 1.7807 10.11575 5.419895 1.7807 13.4485 2.794895 1.7807 10.11575 5.419895 1.7807 13.4485 0.1698951 1.7807 10.11575 2.794895 1.7807 10.11575 2.794895 1.7807 13.4485 0.1698951 1.7807 10.11575 2.794895 1.7807 10.11575 8.044899 1.53045 10.11575 8.044899 1.53045 10.11575 8.044899 1.53045 6.78305 5.419895 1.53045 6.78305 5.419895 1.53045 6.78305 5.419895 1.53045 3.45035 2.794895 1.53045 3.45035 2.794895 1.53045 3.45035 2.794895 1.53045 0.1176001 0.1698952 1.53045 0.1176001 0.1698952 1.53045 0.1176001 0.1698952 1.53045 10.11575 0.1698951 1.7807 10.11575 0.1698951 1.7807 13.4485 10.6675 1.61385 13.4485 10.6675 1.61385 13.4485 10.6675 1.61385 13.4485 10.6675 1.69725 13.4485 10.6675 1.69725 13.4485 10.6675 1.69725 13.4485 10.6352 1.7807 13.4485 10.6352 1.7807 13.4485 10.6352 1.7807 10.11575 10.6352 1.7807 10.11575 10.6352 1.7807 10.11575 10.6352 1.7807 13.4485 10.6352 1.53045 13.4485 10.6352 1.53045 13.4485 10.6352 1.53045 0.1176001 0.1698952 1.53045 0.1176001 0.1698952 1.53045 0.1176001 0.1698952 1.61385 0.1176001 0.1698952 1.61385 0.1176001 0.1698952 1.61385 3.45035 0.1698951 1.69725 3.45035 0.1698951 1.69725 3.45035 0.1698951 1.69725 6.78305 0.1698951 1.7807 6.78305 0.1698951 1.7807 6.78305 0.1698951 1.7807 6.78305 2.794895 1.7807 6.78305 2.794895 1.7807 6.78305 2.794895 1.7807 6.78305 10.6352 1.7807 6.78305 10.6352 1.7807 6.78305 10.6352 1.7807 6.78305 8.044899 1.7807 6.78305 8.044899 1.7807 6.78305 8.044899 1.7807 6.78305 5.419895 1.7807 6.78305 5.419895 1.7807 6.78305 5.419895 1.7807 10.11575 10.6352 1.53045 10.11575 10.6352 1.53045 10.11575 10.6352 1.53045 6.78305 8.044899 1.53045 6.78305 8.044899 1.53045 6.78305 8.044899 1.53045 3.45035 5.419895 1.53045 3.45035 5.419895 1.53045 3.45035 5.419895 1.53045 0.1176001 2.794895 1.53045 0.1176001 2.794895 1.53045 0.1176001 2.794895 1.53045 0.1176001 2.794895 1.53045 0.1176001 0.1698952 1.61385 0.1176001 0.1698952 1.53045 0.1176001 0.1698952 1.53045 0.1176001 0.1698952 1.61385 0.1176001 2.794895 1.53045 6.78305 0.1698951 1.7807 6.78305 0.1698951 1.7807 13.444 10.6786 1.61385 13.444 10.6786 1.61385 13.444 10.6786 1.61385 13.444 10.6786 1.69725 13.444 10.6786 1.69725 13.444 10.6786 1.69725 13.444 10.64615 1.77445 13.444 10.64615 1.77445 13.444 10.64615 1.77445 10.11575 10.64615 1.77445 10.11575 10.64615 1.77445 10.11575 10.64615 1.77445 6.78305 10.64615 1.77445 6.78305 10.64615 1.77445 6.78305 10.64615 1.77445 13.444 10.64615 1.5367 13.444 10.64615 1.5367 13.444 10.64615 1.5367 0.1176001 2.794895 1.61385 0.1176001 2.794895 1.61385 0.1176001 2.794895 1.61385 0.1176001 0.1698951 1.69725 0.1176001 0.1698951 1.69725 0.1176001 0.1698951 1.69725 3.45035 0.1698951 1.7807 3.45035 0.1698951 1.7807 3.45035 0.1698951 1.7807 3.45035 2.794895 1.7807 3.45035 2.794895 1.7807 3.45035 2.794895 1.7807 3.45035 5.419895 1.7807 3.45035 5.419895 1.7807 3.45035 5.419895 1.7807 3.45035 10.64615 1.77445 3.45035 10.64615 1.77445 3.45035 10.64615 1.77445 3.45035 10.6352 1.7807 3.45035 10.6352 1.7807 3.45035 10.6352 1.7807 3.45035 8.044899 1.7807 3.45035 8.044899 1.7807 3.45035 8.044899 1.7807 10.11575 10.64615 1.5367 10.11575 10.64615 1.5367 10.11575 10.64615 1.5367 6.78305 10.6352 1.53045 6.78305 10.6352 1.53045 6.78305 10.6352 1.53045 3.45035 8.044899 1.53045 3.45035 8.044899 1.53045 3.45035 8.044899 1.53045 0.1176001 5.419895 1.53045 0.1176001 5.419895 1.53045 0.1176001 5.419895 1.53045 0.1176001 5.419895 1.53045 0.1176001 5.419895 1.53045 0.1176001 0.1698951 1.69725 0.1176001 0.1698951 1.69725 3.45035 0.1698951 1.7807 3.45035 0.1698951 1.7807 13.444 10.69325 1.61385 13.444 10.69325 1.61385 13.444 10.69325 1.61385 13.444 10.69325 1.69725 13.444 10.69325 1.69725 13.444 10.69325 1.69725 13.444 10.66065 1.77445 13.444 10.66065 1.77445 13.444 10.66065 1.77445 10.11575 10.66065 1.77445 10.11575 10.66065 1.77445 10.11575 10.66065 1.77445 6.78305 10.66065 1.77445 6.78305 10.66065 1.77445 6.78305 10.66065 1.77445 3.45035 10.66065 1.77445 3.45035 10.66065 1.77445 3.45035 10.66065 1.77445 13.444 10.66065 1.5367 13.444 10.66065 1.5367 13.444 10.66065 1.5367 0.1176001 5.419895 1.61385 0.1176001 5.419895 1.61385 0.1176001 5.419895 1.61385 0.1176001 2.794895 1.69725 0.1176001 2.794895 1.69725 0.1176001 2.794895 1.69725 0.1176001 0.1698951 1.7807 0.1176001 0.1698951 1.7807 0.1176001 0.1698951 1.7807 0.1176001 2.794895 1.7807 0.1176001 2.794895 1.7807 0.1176001 2.794895 1.7807 0.1176001 5.419895 1.7807 0.1176001 5.419895 1.7807 0.1176001 5.419895 1.7807 0.1176001 8.044899 1.7807 0.1176001 8.044899 1.7807 0.1176001 8.044899 1.7807 0.1205 10.66065 1.77445 0.1205 10.66065 1.77445 0.1205 10.66065 1.77445 0.1205 10.64615 1.77445 0.1205 10.64615 1.77445 0.1205 10.64615 1.77445 0.1176001 10.6352 1.7807 0.1176001 10.6352 1.7807 0.1176001 10.6352 1.7807 10.11575 10.66065 1.5367 10.11575 10.66065 1.5367 10.11575 10.66065 1.5367 6.78305 10.64615 1.5367 6.78305 10.64615 1.5367 6.78305 10.64615 1.5367 3.45035 10.6352 1.53045 3.45035 10.6352 1.53045 3.45035 10.6352 1.53045 0.1176001 8.044899 1.53045 0.1176001 8.044899 1.53045 0.1176001 8.044899 1.53045 0.1176001 0.1698951 1.7807 0.1176001 0.1698951 1.7807 0.1176001 0.1698951 1.7807 0.1176001 0.1698951 1.7807 13.4485 10.70265 1.61385 13.4485 10.70265 1.61385 13.4485 10.70265 1.61385 13.4485 10.70265 1.69725 13.4485 10.70265 1.69725 13.4485 10.70265 1.69725 13.4485 10.6699 1.7807 13.4485 10.6699 1.7807 13.4485 10.6699 1.7807 13.444 10.66065 1.77445 10.11575 10.66065 1.77445 10.11575 10.6699 1.7807 10.11575 10.6699 1.7807 10.11575 10.66065 1.77445 13.444 10.66065 1.77445 10.11575 10.6699 1.7807 10.11575 10.66065 1.77445 6.78305 10.66065 1.77445 6.78305 10.6699 1.7807 6.78305 10.6699 1.7807 6.78305 10.66065 1.77445 10.11575 10.66065 1.77445 6.78305 10.6699 1.7807 6.78305 10.66065 1.77445 3.45035 10.66065 1.77445 3.45035 10.6699 1.7807 3.45035 10.6699 1.7807 3.45035 10.66065 1.77445 6.78305 10.66065 1.77445 3.45035 10.6699 1.7807 3.45035 10.66065 1.77445 0.1205 10.66065 1.77445 0.1176001 10.6699 1.7807 0.1176001 10.6699 1.7807 0.1205 10.66065 1.77445 3.45035 10.66065 1.77445 0.1176001 10.6699 1.7807 13.4485 10.6699 1.53045 10.11575 10.66065 1.5367 13.444 10.66065 1.5367 13.444 10.66065 1.5367 10.11575 10.66065 1.5367 13.4485 10.6699 1.53045 13.4485 10.6699 1.53045 0.1176001 8.044899 1.61385 0.1176001 8.044899 1.61385 0.1176001 8.044899 1.61385 0.1176001 5.419895 1.69725 0.1176001 5.419895 1.69725 0.1176001 5.419895 1.69725 0.1176001 2.794895 1.7807 0.1176001 2.794895 1.7807 0.1176001 5.419895 1.7807 0.1176001 5.419895 1.7807 0.1176001 8.044899 1.69725 0.1176001 8.044899 1.69725 0.1176001 8.044899 1.69725 0.1176001 10.6675 1.69725 0.1176001 10.6675 1.69725 0.1176001 10.6675 1.69725 13.4485 10.6699 1.53045 13.4485 10.6699 1.53045 13.4485 10.6699 1.7807 13.444 10.66065 1.77445 10.11575 10.6699 1.7807 10.11575 10.6699 1.7807 13.444 10.66065 1.77445 13.4485 10.6699 1.7807 10.11575 10.66065 1.77445 6.78305 10.6699 1.7807 10.11575 10.6699 1.7807 10.11575 10.6699 1.7807 6.78305 10.6699 1.7807 10.11575 10.66065 1.77445 6.78305 10.6699 1.7807 6.78305 10.6699 1.7807 3.45035 10.66065 1.77445 0.1176001 10.6699 1.7807 3.45035 10.6699 1.7807 3.45035 10.6699 1.7807 0.1176001 10.6699 1.7807 3.45035 10.66065 1.77445 0.1176001 10.70265 1.69725 0.1176001 10.6699 1.7807 0.1176001 10.6699 1.7807 0.1176001 10.70265 1.69725 0.1176001 10.70265 1.69725 0.1205 10.69325 1.69725 0.1205 10.69325 1.69725 0.1205 10.69325 1.69725 0.1205 10.6786 1.69725 0.1205 10.6786 1.69725 0.1205 10.6786 1.69725 13.4485 10.6699 1.53045 10.11575 10.6699 1.53045 10.11575 10.66065 1.5367 10.11575 10.66065 1.5367 10.11575 10.6699 1.53045 13.4485 10.6699 1.53045 10.11575 10.6699 1.53045 6.78305 10.66065 1.5367 6.78305 10.66065 1.5367 6.78305 10.66065 1.5367 3.45035 10.64615 1.5367 3.45035 10.64615 1.5367 3.45035 10.64615 1.5367 0.1176001 10.6352 1.53045 0.1176001 10.6352 1.53045 0.1176001 10.6352 1.53045 13.4485 10.72085 1.61385 13.4485 10.72085 1.61385 13.4485 10.72085 1.61385 13.4485 10.72085 1.69725 13.4485 10.72085 1.69725 13.4485 10.72085 1.69725 13.4485 10.6881 1.7807 13.4485 10.6881 1.7807 13.4485 10.6881 1.7807 13.4485 10.6699 1.7807 10.11575 10.6699 1.7807 10.11575 10.6881 1.7807 10.11575 10.6881 1.7807 10.11575 10.6699 1.7807 13.4485 10.6699 1.7807 10.11575 10.6881 1.7807 6.78305 10.6699 1.7807 6.78305 10.6881 1.7807 6.78305 10.6881 1.7807 6.78305 10.6699 1.7807 6.78305 10.6881 1.7807 3.45035 10.6699 1.7807 3.45035 10.6881 1.7807 3.45035 10.6881 1.7807 3.45035 10.6699 1.7807 3.45035 10.6881 1.7807 0.1176001 10.6699 1.7807 0.1176001 10.6881 1.7807 0.1176001 10.6881 1.7807 0.1176001 10.6699 1.7807 0.1176001 10.6881 1.7807 0.1176001 10.72085 1.69725 0.1176001 10.72085 1.69725 0.1176001 10.72085 1.69725 13.4485 10.6881 1.53045 10.11575 10.6699 1.53045 13.4485 10.6699 1.53045 13.4485 10.6699 1.53045 10.11575 10.6699 1.53045 13.4485 10.6881 1.53045 13.4485 10.6881 1.53045 10.11575 10.6699 1.53045 6.78305 10.66065 1.5367 10.11575 10.66065 1.5367 10.11575 10.66065 1.5367 6.78305 10.66065 1.5367 10.11575 10.6699 1.53045 0.1176001 10.6675 1.61385 0.1176001 10.6675 1.61385 0.1176001 10.6675 1.61385 0.1205 10.6786 1.61385 0.1205 10.6786 1.61385 0.1205 10.6786 1.61385 13.4485 10.6881 1.53045 13.4485 10.6881 1.53045 13.4485 10.6881 1.7807 13.4485 10.6881 1.7807 0.1176001 10.6881 1.7807 0.1176001 10.6881 1.7807 0.1176001 10.70265 1.61385 0.1176001 10.70265 1.61385 0.1176001 10.70265 1.61385 0.1176001 10.72085 1.61385 0.1176001 10.72085 1.61385 0.1176001 10.72085 1.61385 0.1205 10.69325 1.61385 0.1205 10.69325 1.61385 0.1205 10.69325 1.61385 10.11575 10.6881 1.53045 10.11575 10.6881 1.53045 10.11575 10.6881 1.53045 10.11575 10.6699 1.53045 6.78305 10.6699 1.53045 6.78305 10.66065 1.5367 6.78305 10.66065 1.5367 6.78305 10.6699 1.53045 10.11575 10.6699 1.53045 6.78305 10.6699 1.53045 3.45035 10.66065 1.5367 3.45035 10.66065 1.5367 3.45035 10.66065 1.5367 0.1205 10.64615 1.5367 0.1205 10.64615 1.5367 0.1205 10.64615 1.5367 10.11575 10.72085 1.69725 13.4485 10.72085 1.61385 13.4485 10.72085 1.69725 13.4485 10.72085 1.69725 13.4485 10.72085 1.61385 10.11575 10.72085 1.69725 10.11575 10.72085 1.69725 10.11575 10.72085 1.61385 13.4485 10.6881 1.53045 13.4485 10.6881 1.53045 10.11575 10.72085 1.61385 10.11575 10.72085 1.61385 10.11575 10.6881 1.7807 13.4485 10.6881 1.7807 13.4485 10.6881 1.7807 10.11575 10.6881 1.7807 6.78305 10.6881 1.7807 10.11575 10.6881 1.7807 10.11575 10.6881 1.7807 6.78305 10.6881 1.7807 3.45035 10.6881 1.7807 6.78305 10.72085 1.69725 6.78305 10.6881 1.7807 6.78305 10.6881 1.7807 6.78305 10.72085 1.69725 3.45035 10.6881 1.7807 6.78305 10.72085 1.69725 0.1176001 10.6881 1.7807 3.45035 10.72085 1.69725 3.45035 10.6881 1.7807 3.45035 10.6881 1.7807 3.45035 10.72085 1.69725 0.1176001 10.6881 1.7807 3.45035 10.72085 1.69725 0.1176001 10.6881 1.7807 0.1176001 10.72085 1.69725 0.1176001 10.72085 1.69725 0.1176001 10.6881 1.7807 0.1176001 10.72085 1.61385 3.45035 10.72085 1.61385 3.45035 10.72085 1.61385 0.1176001 10.72085 1.61385 3.45035 10.72085 1.61385 10.11575 10.6881 1.53045 10.11575 10.6881 1.53045 6.78305 10.6699 1.53045 6.78305 10.6699 1.53045 6.78305 10.6699 1.53045 3.45035 10.66065 1.5367 6.78305 10.66065 1.5367 6.78305 10.66065 1.5367 3.45035 10.66065 1.5367 6.78305 10.6699 1.53045 0.1205 10.66065 1.5367 0.1205 10.66065 1.5367 0.1205 10.66065 1.5367 10.11575 10.6881 1.7807 10.11575 10.6881 1.7807 6.78305 10.6881 1.7807 6.78305 10.6881 1.7807 0.1176001 10.6699 1.53045 0.1176001 10.6699 1.53045 0.1176001 10.6699 1.53045 0.1176001 10.6881 1.53045 0.1176001 10.6881 1.53045 0.1176001 10.6881 1.53045 3.45035 10.6881 1.53045 3.45035 10.6881 1.53045 3.45035 10.6881 1.53045 6.78305 10.72085 1.61385 10.11575 10.6881 1.53045 10.11575 10.6881 1.53045 6.78305 10.72085 1.61385 6.78305 10.72085 1.61385 6.78305 10.6881 1.53045 6.78305 10.6881 1.53045 6.78305 10.6881 1.53045 3.45035 10.6699 1.53045 3.45035 10.6699 1.53045 3.45035 10.6699 1.53045 0.1176001 10.6881 1.53045 3.45035 10.6881 1.53045 3.45035 10.6881 1.53045 0.1176001 10.6881 1.53045 3.45035 10.6881 1.53045 6.78305 10.6881 1.53045 6.78305 10.6881 1.53045 3.45035 10.6881 1.53045 6.78305 10.6881 1.53045 10.11575 10.6881 1.53045 10.11575 10.6881 1.53045 6.78305 10.6881 1.53045 3.45035 10.6699 1.53045 3.45035 10.6699 1.53045 3.45035 10.6699 1.53045 0.1205 10.66065 1.5367 3.45035 10.66065 1.5367 3.45035 10.66065 1.5367 0.1205 10.66065 1.5367 3.45035 10.6699 1.53045 3.45035 10.6699 1.53045 0.1176001 10.6699 1.53045 0.1205 10.66065 1.5367 0.1205 10.66065 1.5367 0.1176001 10.6699 1.53045 3.45035 10.6699 1.53045 3.45035 10.6881 1.53045 0.1176001 10.6881 1.53045 0.1176001 10.6699 1.53045 0.1176001 10.6699 1.53045 0.1176001 10.6881 1.53045 3.45035 10.6881 1.53045</float_array>
                    <technique_common>
                        <accessor count="620" source="#ID153" stride="3">
                            <param name="X" type="float" />
                            <param name="Y" type="float" />
                            <param name="Z" type="float" />
                        </accessor>
                    </technique_common>
                </source>
                <source id="ID148">
                    <float_array id="ID154" count="1860">0 1 4.371139e-08 0 1 4.371139e-08 0 1 4.371139e-08 -0 -1 -4.371139e-08 -0 -1 -4.371139e-08 -0 -1 -4.371139e-08 0 0 0 0 0 0 0 0 0 -1 0 0 -1 0 0 -1 0 0 1 -0 -0 1 -0 -0 1 -0 -0 0 0 0 0 -4.371139e-08 1 0 -4.371139e-08 1 0 -4.371139e-08 1 -0 4.371139e-08 -1 -0 4.371139e-08 -1 -0 4.371139e-08 -1 0 0 0 0 1 4.371139e-08 -0 -1 -4.371139e-08 0 0 0 -1 0 0 1 -0 -0 -1 0 0 1 -0 -0 0 0 0 0 -4.371139e-08 1 -0 4.371139e-08 -1 0 0 0 0 1 4.371139e-08 -0 -1 -4.371139e-08 0 0 0 0 1 4.371139e-08 -0 -1 -4.371139e-08 0 0 0 -1 0 0 1 -0 -0 0 0 0 -1 0 0 1 -0 -0 0 0 0 -1 0 0 1 -0 -0 0 -4.371139e-08 1 -0 4.371139e-08 -1 0 0 0 0 -4.371139e-08 1 -0 4.371139e-08 -1 0 1 4.371139e-08 -0 -1 -4.371139e-08 0 0 0 0 1 4.371139e-08 -0 -1 -4.371139e-08 0 0 0 -1 0 0 1 -0 -0 -1 0 0 1 -0 -0 0 0 0 -1 0 0 1 -0 -0 0 0 0 0 -4.371139e-08 1 -0 4.371139e-08 -1 0 0 0 0 -4.371139e-08 1 -0 4.371139e-08 -1 0 0 0 0 1 4.371139e-08 -0 -1 -4.371139e-08 0 0 0 0 1 4.371139e-08 -0 -1 -4.371139e-08 0 0 0 -1 0 0 1 -0 -0 0 0 0 -1 0 0 1 -0 -0 0 0 0 -0.7071068 3.090862e-08 -0.7071068 0.7071068 -3.090862e-08 0.7071068 0 0 0 -1 0 0 1 -0 -0 -0.7071068 -3.090862e-08 0.7071068 0.7071068 3.090862e-08 -0.7071068 0 0 0 0 -4.371139e-08 1 -0 4.371139e-08 -1 0 1 4.371139e-08 -0 -1 -4.371139e-08 0 0 0 0 1 4.371139e-08 -0 -1 -4.371139e-08 0 0 0 0 1 4.371139e-08 -0 -1 -4.371139e-08 0 0 0 0 4.371139e-08 -1 0 4.371139e-08 -1 -0 -4.371139e-08 1 -0 -4.371139e-08 1 0 0 0 0 4.371139e-08 -1 0 4.371139e-08 -1 -0 -4.371139e-08 1 -0 -4.371139e-08 1 0 0 0 0 4.371139e-08 -1 0 4.371139e-08 -1 -0 -4.371139e-08 1 -0 -4.371139e-08 1 0 0 0 0 -4.371139e-08 1 -0 4.371139e-08 -1 0 0 0 0 -4.371139e-08 1 -0 4.371139e-08 -1 0 0 0 0 -4.371139e-08 1 -0 4.371139e-08 -1 0 0 0 0 1 4.371139e-08 -0 -1 -4.371139e-08 0 0 0 0 4.371139e-08 -1 -0 -4.371139e-08 1 -0.9761633 -0.2123355 0.04493191 0.9761633 0.2123355 -0.04493191 0 0 0 -0.9756099 -0.213944 -0.04912554 0.9756099 0.213944 0.04912554 0 0 0 -0.6628635 -0.2436757 -0.7079789 0.6628635 0.2436757 0.7079789 0 0 0 1.068604e-19 -0.2563931 -0.9665726 -1.068604e-19 0.2563931 0.9665726 0 0 0 -0.6623596 -0.2419331 0.7090473 0.6623596 0.2419331 -0.7090473 0 0 0 0 -4.371139e-08 1 -0 4.371139e-08 -1 0 1 4.371139e-08 -0 -1 -4.371139e-08 0 0 0 0 1 4.371139e-08 -0 -1 -4.371139e-08 0 0 0 0 1 4.371139e-08 -0 -1 -4.371139e-08 0 0 0 0 4.371139e-08 -1 -0 -4.371139e-08 1 0 0 0 -5.355997e-20 -0.2563931 -0.9665726 5.355997e-20 0.2563931 0.9665726 0 0 0 0 4.371139e-08 -1 -0 -4.371139e-08 1 0 0 0 0 4.371139e-08 -1 -0 -4.371139e-08 1 0 0 0 -1.608229e-19 -0.2563931 0.9665726 1.608229e-19 0.2563931 -0.9665726 0 0 0 0 -4.371139e-08 1 -0 4.371139e-08 -1 0 0 0 0 -4.371139e-08 1 -0 4.371139e-08 -1 0 0 0 0 -4.371139e-08 1 -0 4.371139e-08 -1 0 0 0 1 0 0 1 0 0 1 0 0 -1 -0 -0 -1 -0 -0 -1 -0 -0 0 4.371139e-08 -1 -0 -4.371139e-08 1 -0.9851592 -0.1692061 0.02882106 0.9851592 0.1692061 -0.02882106 0 0 0 -0.9853931 -0.1675704 -0.03034055 0.9853931 0.1675704 0.03034055 0 0 0 -0.6164628 -0.3841591 -0.6873103 0.6164628 0.3841591 0.6873103 0 0 0 1.069894e-19 -0.2563931 -0.9665726 -1.069894e-19 0.2563931 0.9665726 0 0 0 -5.330195e-20 -0.2563931 -0.9665726 5.330195e-20 0.2563931 0.9665726 0 0 0 -0.6083347 -0.3876702 0.692561 0.6083347 0.3876702 -0.692561 0 0 0 1 0 0 -1 -0 -0 0 0 0 0 1 4.371139e-08 -0 -1 -4.371139e-08 0 0 0 0 1 4.371139e-08 -0 -1 -4.371139e-08 0 0 0 0 4.371139e-08 -1 -0 -4.371139e-08 1 0 0 0 0 4.371139e-08 -1 -0 -4.371139e-08 1 0 0 0 0 -0.2563931 -0.9665726 -0 0.2563931 0.9665726 0 0 0 1.291195e-22 -0.2563931 -0.9665726 -1.291195e-22 0.2563931 0.9665726 0 0 0 0 4.371139e-08 -1 -0 -4.371139e-08 1 0 0 0 -1.604362e-19 -0.2563931 0.9665726 1.604362e-19 0.2563931 -0.9665726 0 0 0 5.317293e-20 -0.2563931 0.9665726 -5.317293e-20 0.2563931 -0.9665726 0 0 0 0 -4.371139e-08 1 -0 4.371139e-08 -1 0 0 0 0 -4.371139e-08 1 -0 4.371139e-08 -1 0 0 0 1 0 0 -1 -0 -0 1 0 0 -1 -0 -0 0 4.371139e-08 -1 -0 -4.371139e-08 1 -0.9673705 0.2468534 -0.05707694 0.9673705 -0.2468534 0.05707694 0 0 0 -0.9680286 0.2452513 0.05265435 0.9680286 -0.2452513 -0.05265435 0 0 0 -0.9274002 0.1583716 -0.3388913 0.9274002 -0.1583716 0.3388913 0 0 0 0 4.371139e-08 -1 -0 -4.371139e-08 1 0 0 0 0 4.371139e-08 -1 -0 -4.371139e-08 1 0 0 0 0 4.371139e-08 -1 -0 -4.371139e-08 1 0 0 0 -0.9257478 0.1626994 0.34135 0.9257478 -0.1626994 -0.34135 0 0 0 1 0 0 -1 -0 -0 0 0 0 1 0 0 -1 -0 -0 0 0 0 0 1 4.371139e-08 -0 -1 -4.371139e-08 0 0 0 0 4.371139e-08 -1 -0 -4.371139e-08 1 0 0 0 0 4.371139e-08 -1 -0 -4.371139e-08 1 0 0 0 0.7071068 3.090862e-08 -0.7071068 -0.7071068 -3.090862e-08 0.7071068 0 0 0 0.92861 0.1080282 -0.3549836 -0.92861 -0.1080282 0.3549836 0 0 0 0.6686768 -0.3258307 -0.6683605 -0.6686768 0.3258307 0.6683605 0 0 0 0.6604342 -0.2252765 -0.716294 -0.6604342 0.2252765 0.716294 0 0 0 0 -4.371139e-08 1 -0 4.371139e-08 -1 0 0 0 5.355997e-20 -0.2563931 0.9665726 -5.355997e-20 0.2563931 -0.9665726 0 0 0 -5.355839e-20 -0.2563931 0.9665726 5.355839e-20 0.2563931 -0.9665726 0 0 0 0.7071068 -3.090862e-08 0.7071068 -0.7071068 3.090862e-08 -0.7071068 0 0 0 1 0 0 -1 -0 -0 0 4.371139e-08 -1 -0 -4.371139e-08 1 -0.9803756 0.1939779 -0.03516024 0.9803756 -0.1939779 0.03516024 0 0 0 -0.9800894 0.1957038 0.03353791 0.9800894 -0.1957038 -0.03353791 0 0 0 -0.9776568 0.1938543 0.08128725 0.9776568 -0.1938543 -0.08128725 0 0 0 1.388271e-19 0.5598323 -0.8286059 1.388271e-19 0.5598323 -0.8286059 1.388271e-19 0.5598323 -0.8286059 -1.388271e-19 -0.5598323 0.8286059 -1.388271e-19 -0.5598323 0.8286059 -1.388271e-19 -0.5598323 0.8286059 0 0 0 1.384565e-19 0.5598323 -0.8286059 1.384565e-19 0.5598323 -0.8286059 1.384565e-19 0.5598323 -0.8286059 -1.384565e-19 -0.5598323 0.8286059 -1.384565e-19 -0.5598323 0.8286059 -1.384565e-19 -0.5598323 0.8286059 0 0 0 1.384566e-19 0.5598323 -0.8286059 1.384566e-19 0.5598323 -0.8286059 1.384566e-19 0.5598323 -0.8286059 -1.384566e-19 -0.5598323 0.8286059 -1.384566e-19 -0.5598323 0.8286059 -1.384566e-19 -0.5598323 0.8286059 0 0 0 1.386937e-19 0.5598323 -0.8286059 1.386937e-19 0.5598323 -0.8286059 1.386937e-19 0.5598323 -0.8286059 -1.386937e-19 -0.5598323 0.8286059 -1.386937e-19 -0.5598323 0.8286059 -1.386937e-19 -0.5598323 0.8286059 0 0 0 -1.388271e-19 0.5598322 0.828606 -1.388271e-19 0.5598322 0.828606 -1.388271e-19 0.5598322 0.828606 1.388271e-19 -0.5598322 -0.828606 1.388271e-19 -0.5598322 -0.828606 1.388271e-19 -0.5598322 -0.828606 0 0 0 1 0 0 -1 -0 -0 0 0 0 1 0 0 -1 -0 -0 0 0 0 1 0 0 -1 -0 -0 1 0 0 -1 -0 -0 1 0 0 -1 -0 -0 0 0 0 0.9894171 -0.1419216 -0.03020121 -0.9894171 0.1419216 0.03020121 0 0 0 -0.9782296 0.1931666 -0.07585188 0.9782296 -0.1931666 0.07585188 1.384525e-19 0.5598323 -0.8286059 1.384525e-19 0.5598323 -0.8286059 1.384525e-19 0.5598323 -0.8286059 -1.384525e-19 -0.5598323 0.8286059 -1.384525e-19 -0.5598323 0.8286059 -1.384525e-19 -0.5598323 0.8286059 0 0.5598323 -0.8286059 0 0.5598323 -0.8286059 0 0.5598323 -0.8286059 -0 -0.5598323 0.8286059 -0 -0.5598323 0.8286059 -0 -0.5598323 0.8286059 1.384566e-19 0.5598323 -0.8286059 -1.384566e-19 -0.5598323 0.8286059 1.384524e-19 0.5598323 -0.8286059 1.384524e-19 0.5598323 -0.8286059 1.384524e-19 0.5598323 -0.8286059 -1.384524e-19 -0.5598323 0.8286059 -1.384524e-19 -0.5598323 0.8286059 -1.384524e-19 -0.5598323 0.8286059 0.9911883 0.1303608 0.02348949 0.9904498 0.1283447 0.05036764 -0.9904498 -0.1283447 -0.05036764 -0.9911883 -0.1303608 -0.02348949 0 0 0 0.9851569 0.1671721 0.03897951 -0.9851569 -0.1671721 -0.03897951 0 0 0 0.9934687 -0.1125002 -0.0190705 -0.9934687 0.1125002 0.0190705 0 0 0 -2.769049e-19 0.5598322 0.828606 -2.769049e-19 0.5598322 0.828606 -2.769049e-19 0.5598322 0.828606 2.769049e-19 -0.5598322 -0.828606 2.769049e-19 -0.5598322 -0.828606 2.769049e-19 -0.5598322 -0.828606 0 0 0 0 -4.371139e-08 1 -0 4.371139e-08 -1 0 0 0 -5.342938e-20 -0.2563931 0.9665726 5.342938e-20 0.2563931 -0.9665726 0 0 0 0.6608143 -0.2263879 0.7155927 -0.6608143 0.2263879 -0.7155927 0 0 0 -1 0 0 1 -0 -0 0 0 0 -1 0 0 1 -0 -0 0 0 0 -1 0 0 1 -0 -0 0 0 0 0 4.371139e-08 -1 0 4.371139e-08 -1 0 4.371139e-08 -1 -0 -4.371139e-08 1 -0 -4.371139e-08 1 -0 -4.371139e-08 1 0 0 0 0 4.371139e-08 -1 0 4.371139e-08 -1 -0 -4.371139e-08 1 -0 -4.371139e-08 1 0 0 0 0 4.371139e-08 -1 0 4.371139e-08 -1 -0 -4.371139e-08 1 -0 -4.371139e-08 1 0 0 0 0 4.371139e-08 -1 0 4.371139e-08 -1 -0 -4.371139e-08 1 -0 -4.371139e-08 1 0 0 0 1 0 0 -1 -0 -0 0 0 0 0 -4.371139e-08 1 0 -4.371139e-08 1 0 -4.371139e-08 1 -0 4.371139e-08 -1 -0 4.371139e-08 -1 -0 4.371139e-08 -1 0 0 0 0 0.5598322 0.828606 0 0.5598322 0.828606 0 0.5598322 0.828606 -0 -0.5598322 -0.828606 -0 -0.5598322 -0.828606 -0 -0.5598322 -0.828606 0.9891566 -0.1430826 0.03311575 -0.9891566 0.1430826 -0.03311575 0 0 0 0.9935737 -0.1113894 0.02009289 -0.9935737 0.1113894 -0.02009289 0 0 0 -1 0 0 1 -0 -0 0 4.371139e-08 -1 -0 -4.371139e-08 1 1 0 0 -1 -0 -0 0.9910614 0.1315079 -0.0224275 -0.9910614 -0.1315079 0.0224275 0 0 0 1 0 0 -1 -0 -0 0 0 0 0.9854683 0.1660113 -0.03595195 -0.9854683 -0.1660113 0.03595195 0 0 0 0 -4.371139e-08 1 -0 4.371139e-08 -1 0 0 0 -1.384565e-19 0.5598322 0.828606 -1.384565e-19 0.5598322 0.828606 -1.384565e-19 0.5598322 0.828606 1.384565e-19 -0.5598322 -0.828606 1.384565e-19 -0.5598322 -0.828606 1.384565e-19 -0.5598322 -0.828606 0 0 0 0 -4.371139e-08 1 -0 4.371139e-08 -1 0 0 0 0.6741574 -0.3224368 0.6644895 -0.6741574 0.3224368 -0.6644895 0 0 0 -4.255663e-21 -0.9825689 -0.1858986 0 -0.98255 0.1859988 9.703907e-19 -0.9825689 -0.1858986 -9.703907e-19 0.9825689 0.1858986 -0 0.98255 -0.1859988 4.255663e-21 0.9825689 0.1858986 0 0 0 -2.492829e-19 -0.98255 0.1859988 0 -0.9308089 0.3655062 -0 0.9308089 -0.3655062 2.492829e-19 0.98255 -0.1859988 0 0 0 1.957213e-18 -0.9308835 -0.3653163 1.957213e-18 -0.9308835 -0.3653163 -1.957213e-18 0.9308835 0.3653163 -1.957213e-18 0.9308835 0.3653163 9.78635e-19 -0.9308835 -0.3653163 9.78635e-19 -0.9308835 -0.3653163 -9.78635e-19 0.9308835 0.3653163 -9.78635e-19 0.9308835 0.3653163 9.786355e-19 -0.9308835 -0.3653163 2.489992e-19 -0.9825689 -0.1858986 9.786355e-19 -0.9308835 -0.3653163 -9.786355e-19 0.9308835 0.3653163 -2.489992e-19 0.9825689 0.1858986 -9.786355e-19 0.9308835 0.3653163 0 0 0 0 -0.9308835 -0.3653163 2.447365e-19 -0.9825689 -0.1858986 0 -0.9308835 -0.3653163 -0 0.9308835 0.3653163 -2.447365e-19 0.9825689 0.1858986 -0 0.9308835 0.3653163 0 0 0 -9.78606e-19 -0.9308835 -0.3653163 -4.979834e-19 -0.9825689 -0.1858986 4.979834e-19 0.9825689 0.1858986 9.78606e-19 0.9308835 0.3653163 -9.885716e-19 -0.98255 0.1859988 -2.492756e-19 -0.98255 0.1859988 2.492756e-19 0.98255 -0.1859988 9.885716e-19 0.98255 -0.1859988 0 0 0 0 -0.9308089 0.3655062 -0 0.9308089 -0.3655062 0 -4.371139e-08 1 -0 4.371139e-08 -1 -1.384566e-19 0.5598322 0.828606 -1.384566e-19 0.5598322 0.828606 -1.384566e-19 0.5598322 0.828606 1.384566e-19 -0.5598322 -0.828606 1.384566e-19 -0.5598322 -0.828606 1.384566e-19 -0.5598322 -0.828606 0.9295617 0.104995 0.3533994 -0.9295617 -0.104995 -0.3533994 0 0 0 -9.786064e-19 -0.9308835 -0.3653163 9.786064e-19 0.9308835 0.3653163 0 -0.9308835 -0.3653163 -0 0.9308835 0.3653163 0.9901921 0.1288266 -0.05406854 -0.9901921 -0.1288266 0.05406854 0 0 0 1 0 0 -1 -0 -0 0 0 0 -9.797029e-19 -0.9308089 0.3655062 9.797029e-19 0.9308089 -0.3655062 0 0 0 -4.265573e-21 -0.98255 0.1859988 -9.797318e-19 -0.9308089 0.3655062 9.797318e-19 0.9308089 -0.3655062 4.265573e-21 0.98255 -0.1859988 0 0 0 0 -4.371139e-08 1 -0 4.371139e-08 -1 0 0 0 -1.384566e-19 0.5598322 0.828606 1.384566e-19 -0.5598322 -0.828606 0 0 0 -1.959406e-18 -0.9308089 0.3655062 -1.959406e-18 -0.9308089 0.3655062 1.959406e-18 0.9308089 -0.3655062 1.959406e-18 0.9308089 -0.3655062 0 -0.9308089 0.3655062 0 -0.9308089 0.3655062 -0 0.9308089 -0.3655062 -0 0.9308089 -0.3655062 0 -0.9308089 0.3655062 0 -0.9308089 0.3655062 -0 0.9308089 -0.3655062 -0 0.9308089 -0.3655062 0 -4.371139e-08 1 -0 4.371139e-08 -1 -4.16081e-19 0.5598322 0.828606 -4.16081e-19 0.5598322 0.828606 -4.16081e-19 0.5598322 0.828606 4.16081e-19 -0.5598322 -0.828606 4.16081e-19 -0.5598322 -0.828606 4.16081e-19 -0.5598322 -0.828606 0 0.5598322 0.828606 0 0.5598322 0.828606 0 0.5598322 0.828606 -0 -0.5598322 -0.828606 -0 -0.5598322 -0.828606 -0 -0.5598322 -0.828606 0 -4.371139e-08 1 0 -4.371139e-08 1 0 -4.371139e-08 1 -0 4.371139e-08 -1 -0 4.371139e-08 -1 -0 4.371139e-08 -1</float_array>
                    <technique_common>
                        <accessor count="620" source="#ID154" stride="3">
                            <param name="X" type="float" />
                            <param name="Y" type="float" />
                            <param name="Z" type="float" />
                        </accessor>
                    </technique_common>
                </source>
                <source id="ID150">
                    <float_array id="ID155" count="1628">0.80677 0.670825 0.809737 0.670825 0.809747 0.750812 0.803816 0.750035 0.800849 0.668869 0.803817 0.668869 0.738558 0.337092 0.802104 0.41865 0.802114 0.337102 0.80677 0.670825 0.809737 0.750812 0.80677 0.750812 0.800848 0.750035 0.800849 0.668869 0.803816 0.750035 0.803816 0.750035 0.803817 0.668869 0.806784 0.750035 0.738558 0.337092 0.738568 0.41865 0.802104 0.41865 0.80677 0.750812 0.809737 0.750812 0.809747 0.830803 0.803803 0.670825 0.80677 0.670825 0.80678 0.750812 0.803815 0.831204 0.800848 0.750035 0.806782 0.831204 0.803816 0.750035 0.806784 0.750035 0.806784 0.750035 0.803817 0.668869 0.806785 0.668869 0.675012 0.337092 0.738558 0.41865 0.738568 0.337102 0.738558 0.41865 0.802104 0.500227 0.802114 0.41866 0.80677 0.750812 0.809737 0.830803 0.80677 0.830803 0.803803 0.670825 0.80677 0.750812 0.803803 0.750812 0.800847 0.831204 0.800848 0.750035 0.803815 0.831204 0.803815 0.831204 0.803816 0.750035 0.806782 0.831204 0.806782 0.831204 0.806784 0.750035 0.80975 0.831205 0.806784 0.750035 0.806785 0.668869 0.809751 0.750035 0.675012 0.337092 0.675022 0.41865 0.738558 0.41865 0.738558 0.41865 0.738568 0.500227 0.802104 0.500227 0.80677 0.830803 0.809737 0.830803 0.809747 0.91079 0.803803 0.750812 0.80677 0.750812 0.80678 0.830803 0.800837 0.670825 0.803803 0.670825 0.803813 0.750812 0.803811 0.912372 0.800847 0.831204 0.803815 0.831204 0.806783 0.912372 0.803815 0.831204 0.806782 0.831204 0.809749 0.912372 0.806782 0.831204 0.80975 0.831205 0.80975 0.831205 0.806784 0.750035 0.809751 0.750035 0.809751 0.750035 0.806785 0.668869 0.809753 0.668869 0.611466 0.337092 0.675012 0.41865 0.675022 0.337102 0.675012 0.41865 0.738558 0.500227 0.738568 0.41866 0.738558 0.500227 0.802104 0.581804 0.802114 0.500237 0.80677 0.830803 0.809737 0.91079 0.80677 0.91079 0.803803 0.750812 0.80677 0.830803 0.803803 0.830803 0.800837 0.670825 0.803803 0.750812 0.800837 0.750812 0.800846 0.912372 0.800847 0.831204 0.803811 0.912372 0.803811 0.912372 0.803815 0.831204 0.806783 0.912372 0.806783 0.912372 0.806782 0.831204 0.809749 0.912372 0.675011 0.663273 0.61147 0.581735 0.61148 0.663273 0.738552 0.663273 0.675011 0.581735 0.675021 0.663273 0.802094 0.663273 0.738552 0.581735 0.738562 0.663273 0.611466 0.337092 0.611476 0.41865 0.675012 0.41865 0.675012 0.41865 0.675022 0.500227 0.738558 0.500227 0.738558 0.500227 0.738568 0.581804 0.802104 0.581804 0.80677 0.91079 0.809737 0.91079 0.809747 0.990781 0.803803 0.830803 0.80677 0.830803 0.80678 0.91079 0.800837 0.750812 0.803803 0.750812 0.803813 0.830803 0.802094 0.663273 0.802104 0.581745 0.738552 0.581735 0.80382 0.993317 0.800846 0.912372 0.803811 0.912372 0.806776 0.993318 0.803811 0.912372 0.806783 0.912372 0.809741 0.99235 0.806783 0.912372 0.809749 0.912372 0.61147 0.663273 0.61148 0.581745 0.548546 0.581735 0.675011 0.663273 0.675021 0.581745 0.61147 0.581735 0.738552 0.663273 0.738562 0.581745 0.675011 0.581735 0.548537 0.337092 0.611466 0.41865 0.611476 0.337102 0.611466 0.41865 0.675012 0.500227 0.675022 0.41866 0.675012 0.500227 0.738558 0.581804 0.738568 0.500237 0.738558 0.581804 0.802104 0.663368 0.802114 0.581814 0.80677 0.91079 0.809737 0.990781 0.80677 0.990781 0.803803 0.830803 0.80677 0.91079 0.803803 0.91079 0.800837 0.750812 0.803803 0.830803 0.800837 0.830803 0.802094 0.581735 0.738552 0.500176 0.738562 0.581735 0.80382 0.993317 0.800853 0.992347 0.800846 0.912372 0.80382 0.993317 0.803811 0.912372 0.806776 0.993318 0.806776 0.993318 0.806783 0.912372 0.809741 0.99235 0.61147 0.663273 0.548546 0.581735 0.548556 0.663273 0.61147 0.581735 0.548546 0.500176 0.548556 0.581735 0.675011 0.581735 0.61147 0.500176 0.61148 0.581735 0.738552 0.581735 0.675011 0.500176 0.675021 0.581735 0.548537 0.337092 0.548547 0.41865 0.611466 0.41865 0.611466 0.41865 0.611476 0.500227 0.675012 0.500227 0.675012 0.500227 0.675022 0.581804 0.738558 0.581804 0.738558 0.581804 0.738568 0.663368 0.802104 0.663368 0.809769 0.750021 0.806792 0.668873 0.809759 0.668873 0.803803 0.91079 0.80677 0.91079 0.80678 0.990781 0.800837 0.830803 0.803803 0.830803 0.803813 0.91079 0.802094 0.581735 0.802104 0.500186 0.738552 0.500176 0.738552 0.581735 0.738562 0.500186 0.675011 0.500176 0.803817 0.993688 0.800853 0.992347 0.80382 0.993317 0.80678 0.993687 0.80382 0.993317 0.806776 0.993318 0.806776 0.993318 0.809741 0.99235 0.809529 0.992721 0.548546 0.663273 0.548556 0.581745 0.548242 0.581735 0.548546 0.581735 0.548556 0.500186 0.548242 0.500176 0.61147 0.581735 0.61148 0.500186 0.548546 0.500176 0.675011 0.581735 0.675021 0.500186 0.61147 0.500176 0.548547 0.337102 0.548233 0.337092 0.548537 0.41865 0.548537 0.41865 0.611466 0.500227 0.611476 0.41866 0.611466 0.500227 0.675012 0.581804 0.675022 0.500237 0.675012 0.581804 0.738558 0.663368 0.738568 0.581814 0.809759 0.750021 0.806792 0.750021 0.806792 0.668873 0.803803 0.91079 0.80677 0.990781 0.803803 0.990781 0.800837 0.830803 0.803803 0.91079 0.800837 0.91079 0.802094 0.500176 0.738552 0.418618 0.738562 0.500176 0.738552 0.500176 0.675011 0.418618 0.675021 0.500176 0.803817 0.993688 0.801065 0.99272 0.800853 0.992347 0.803817 0.993688 0.80382 0.993317 0.80678 0.993687 0.80678 0.993687 0.806776 0.993318 0.809529 0.992721 0.548546 0.663273 0.548242 0.581735 0.548252 0.663273 0.548546 0.581735 0.548242 0.500176 0.548252 0.581735 0.548546 0.500176 0.548242 0.418618 0.548252 0.500176 0.61147 0.500176 0.548546 0.418618 0.548556 0.500176 0.675011 0.500176 0.61147 0.418618 0.61148 0.500176 0.548233 0.337092 0.548243 0.41865 0.548537 0.41865 0.548537 0.41865 0.548547 0.500227 0.611466 0.500227 0.611466 0.500227 0.611476 0.581804 0.675012 0.581804 0.675012 0.581804 0.675022 0.663368 0.738558 0.663368 0.809769 0.831176 0.806792 0.750021 0.809759 0.750021 0.806802 0.750021 0.803825 0.668873 0.806792 0.668873 0.800837 0.91079 0.803803 0.91079 0.803813 0.990781 0.802094 0.500176 0.802104 0.418628 0.738552 0.418618 0.738552 0.500176 0.738562 0.418628 0.675011 0.418618 0.675011 0.500176 0.675021 0.418628 0.61147 0.418618 0.80382 0.994139 0.801065 0.99272 0.803817 0.993688 0.806776 0.99414 0.803817 0.993688 0.80678 0.993687 0.80678 0.993687 0.809529 0.992721 0.809522 0.993165 0.548242 0.663273 0.548252 0.581745 0.54789 0.581735 0.548242 0.581735 0.548252 0.500186 0.54789 0.500176 0.548242 0.500176 0.548252 0.418628 0.54789 0.418618 0.548546 0.500176 0.548556 0.418628 0.548242 0.418618 0.61147 0.500176 0.61148 0.418628 0.548546 0.418618 0.547881 0.337092 0.548233 0.41865 0.548243 0.337102 0.548233 0.41865 0.548537 0.500227 0.548547 0.41866 0.548537 0.500227 0.611466 0.581804 0.611476 0.500237 0.611466 0.581804 0.675012 0.663368 0.675022 0.581814 0.809759 0.831176 0.806792 0.831176 0.806792 0.750021 0.806792 0.750021 0.803825 0.750021 0.803825 0.668873 0.800837 0.91079 0.803803 0.990781 0.800837 0.990781 0.802094 0.418618 0.738552 0.337073 0.738562 0.418618 0.738552 0.418618 0.675011 0.337073 0.675021 0.418618 0.675011 0.418618 0.61147 0.337073 0.61148 0.418618 0.80382 0.994139 0.801071 0.993164 0.801065 0.99272 0.80382 0.994139 0.803817 0.993688 0.806776 0.99414 0.806776 0.99414 0.80678 0.993687 0.809522 0.993165 0.548242 0.663273 0.54789 0.581735 0.5479 0.663273 0.548242 0.581735 0.54789 0.500176 0.5479 0.581735 0.548242 0.500176 0.54789 0.418618 0.5479 0.500176 0.548242 0.418618 0.54789 0.337073 0.5479 0.418618 0.548546 0.418618 0.548242 0.337073 0.548252 0.418618 0.61147 0.418618 0.548546 0.337073 0.548556 0.418618 0.547881 0.337092 0.547891 0.41865 0.548233 0.41865 0.548233 0.41865 0.548243 0.500227 0.548537 0.500227 0.548537 0.500227 0.548547 0.581804 0.611466 0.581804 0.611466 0.581804 0.611476 0.663368 0.675012 0.663368 0.809769 0.912327 0.806792 0.831176 0.809759 0.831176 0.806802 0.831176 0.803825 0.750021 0.806792 0.750021 0.803835 0.750021 0.800858 0.668873 0.803825 0.668873 0.802094 0.418618 0.802104 0.337083 0.738552 0.337073 0.738552 0.418618 0.738562 0.337083 0.675011 0.337073 0.675011 0.418618 0.675021 0.337083 0.61147 0.337073 0.61147 0.418618 0.61148 0.337083 0.548546 0.337073 0.803815 0.99446 0.801071 0.993164 0.80382 0.994139 0.806781 0.994459 0.80382 0.994139 0.806776 0.99414 0.806776 0.99414 0.809522 0.993165 0.809753 0.99348 0.54789 0.663273 0.5479 0.581745 0.547623 0.581735 0.54789 0.581735 0.5479 0.500186 0.547623 0.500176 0.54789 0.500176 0.5479 0.418628 0.547623 0.418618 0.54789 0.418618 0.5479 0.337083 0.547623 0.337073 0.548242 0.418618 0.548252 0.337083 0.54789 0.337073 0.548546 0.418618 0.548556 0.337083 0.548242 0.337073 0.547614 0.337092 0.547881 0.41865 0.547891 0.337102 0.547881 0.41865 0.548233 0.500227 0.548243 0.41866 0.548233 0.500227 0.548537 0.581804 0.548547 0.500237 0.548537 0.581804 0.611466 0.663368 0.611476 0.581814 0.809759 0.912327 0.806793 0.912327 0.806792 0.831176 0.806792 0.831176 0.803825 0.831176 0.803825 0.750021 0.803825 0.750021 0.800858 0.750021 0.800858 0.668873 0.803825 0.831176 0.800858 0.831176 0.800858 0.750021 0.803824 0.912327 0.800858 0.912327 0.800858 0.831176 0.803828 0.993342 0.800861 0.992357 0.800858 0.912327 0.803815 0.99446 0.800841 0.993479 0.801071 0.993164 0.803815 0.99446 0.80382 0.994139 0.806781 0.994459 0.806781 0.994459 0.806776 0.99414 0.809753 0.99348 0.547633 0.663273 0.54789 0.663273 0.547623 0.581735 0.54789 0.581735 0.547623 0.500176 0.547633 0.581735 0.54789 0.500176 0.547623 0.418618 0.547633 0.500176 0.54789 0.418618 0.547623 0.337073 0.547633 0.418618 0.803826 0.994453 0.800856 0.993454 0.801082 0.993157 0.803828 0.99415 0.801082 0.993157 0.801079 0.99271 0.803827 0.993698 0.801079 0.99271 0.800861 0.992357 0.547614 0.337092 0.547624 0.41865 0.547881 0.41865 0.547881 0.41865 0.547891 0.500227 0.548233 0.500227 0.548233 0.500227 0.548243 0.581804 0.548537 0.581804 0.548537 0.581804 0.548547 0.663368 0.611466 0.663368 0.809756 0.992358 0.806793 0.912327 0.809759 0.912327 0.806793 0.912327 0.803825 0.831176 0.806792 0.831176 0.803835 0.831176 0.800858 0.750021 0.803825 0.750021 0.803824 0.912327 0.800858 0.831176 0.803825 0.831176 0.803828 0.993342 0.800858 0.912327 0.803824 0.912327 0.803827 0.993698 0.800861 0.992357 0.803828 0.993342 0.803818 0.995021 0.800841 0.993479 0.803815 0.99446 0.806777 0.995022 0.803815 0.99446 0.806781 0.994459 0.806781 0.994459 0.809753 0.99348 0.809746 0.994038 0.547623 0.663273 0.547633 0.581735 0.547182 0.581735 0.547623 0.581735 0.547633 0.500176 0.547182 0.500176 0.547623 0.500176 0.547633 0.418618 0.547182 0.418618 0.547623 0.418618 0.547633 0.337073 0.547182 0.337073 0.803826 0.994453 0.801082 0.993157 0.803828 0.99415 0.803828 0.995015 0.800856 0.993454 0.803826 0.994453 0.803828 0.99415 0.801079 0.99271 0.803827 0.993698 0.547173 0.337092 0.547614 0.41865 0.547624 0.337092 0.547614 0.41865 0.547881 0.500227 0.547891 0.41866 0.547881 0.500227 0.548233 0.581804 0.548243 0.500237 0.548233 0.581804 0.548537 0.663368 0.548547 0.581814 0.806791 0.993343 0.806793 0.912327 0.809756 0.992358 0.806793 0.912327 0.803824 0.912327 0.803825 0.831176 0.806791 0.993343 0.803828 0.993342 0.803824 0.912327 0.806792 0.993697 0.803827 0.993698 0.803828 0.993342 0.803818 0.995021 0.803815 0.99446 0.806777 0.995022 0.803818 0.995021 0.800848 0.994038 0.800841 0.993479 0.806777 0.995022 0.806781 0.994459 0.809746 0.994038 0.547623 0.663273 0.547182 0.581735 0.547192 0.663283 0.547623 0.581735 0.547182 0.500176 0.547192 0.581745 0.547623 0.500176 0.547182 0.418618 0.547192 0.500186 0.547623 0.418618 0.547182 0.337073 0.547192 0.418628 0.803828 0.995015 0.80086 0.994016 0.800856 0.993454 0.806793 0.994452 0.803826 0.994453 0.803828 0.99415 0.806791 0.995015 0.803828 0.995015 0.803826 0.994453 0.80679 0.99415 0.803828 0.99415 0.803827 0.993698 0.547173 0.337092 0.547183 0.41866 0.547614 0.41865 0.547614 0.41865 0.547624 0.500227 0.547881 0.500227 0.547881 0.500227 0.547891 0.581804 0.548233 0.581804 0.548233 0.581804 0.548243 0.663368 0.548537 0.663368 0.806791 0.993343 0.809756 0.992358 0.809539 0.992711 0.806791 0.993343 0.803824 0.912327 0.806793 0.912327 0.806792 0.993697 0.803828 0.993342 0.806791 0.993343 0.80679 0.99415 0.803827 0.993698 0.806792 0.993697 0.545105 0.581735 0.543086 0.663273 0.545105 0.663273 0.543086 0.581735 0.541009 0.663273 0.543086 0.663273 0.547182 0.581735 0.545105 0.663273 0.547182 0.663273 0.547182 0.500176 0.545105 0.581735 0.547182 0.581735 0.547182 0.418618 0.545105 0.500176 0.547182 0.500176 0.547182 0.337073 0.545105 0.418618 0.547182 0.418618 0.547182 0.337073 0.545105 0.337073 0.545115 0.418618 0.806793 0.994452 0.803828 0.99415 0.80679 0.99415 0.806791 0.995015 0.803826 0.994453 0.806793 0.994452 0.545105 0.337073 0.543086 0.337073 0.543096 0.418618 0.543086 0.581735 0.541009 0.581735 0.541019 0.663273 0.547173 0.41865 0.547614 0.500227 0.547624 0.41865 0.547614 0.500227 0.547881 0.581804 0.547891 0.500237 0.547881 0.581804 0.548233 0.663368 0.548243 0.581814 0.806792 0.993697 0.806791 0.993343 0.809539 0.992711 0.80679 0.99415 0.806792 0.993697 0.809536 0.993157 0.545105 0.581735 0.543086 0.581735 0.543096 0.663273 0.547182 0.581735 0.545105 0.581735 0.545115 0.663273 0.547182 0.500176 0.545105 0.500176 0.545115 0.581735 0.547182 0.418618 0.545105 0.418618 0.545115 0.500176 0.545105 0.337073 0.543086 0.418618 0.545105 0.418618 0.806793 0.994452 0.80679 0.99415 0.809761 0.993455 0.806791 0.995015 0.806793 0.994452 0.809758 0.994016 0.543086 0.337073 0.541009 0.418618 0.543086 0.418618 0.543086 0.500176 0.541009 0.581735 0.543086 0.581735 0.547173 0.41865 0.547183 0.500237 0.547614 0.500227 0.547614 0.500227 0.547624 0.581804 0.547881 0.581804 0.547881 0.581804 0.547891 0.663368 0.548233 0.663368 0.806792 0.993697 0.809539 0.992711 0.809536 0.993157 0.80679 0.99415 0.809536 0.993157 0.809761 0.993455 0.545105 0.500176 0.545105 0.581735 0.545105 0.418618 0.543086 0.500176 0.545105 0.500176 0.545105 0.418618 0.543086 0.418618 0.543096 0.500176 0.806793 0.994452 0.809761 0.993455 0.809758 0.994016 0.543086 0.337073 0.541009 0.337073 0.541019 0.418618 0.543086 0.418618 0.541009 0.418618 0.541019 0.500176 0.543086 0.500176 0.541009 0.500176 0.541019 0.581735 0.545105 0.500176 0.543086 0.500176 0.543096 0.581735 0.547173 0.500227 0.547614 0.581804 0.547624 0.500227 0.547614 0.581804 0.547881 0.663368 0.547891 0.581814 0.547614 0.581804 0.547624 0.663368 0.547881 0.663368 0.543086 0.418618 0.541009 0.500176 0.543086 0.500176 0.547173 0.581804 0.547183 0.663378 0.547614 0.663368 0.547173 0.500227 0.547183 0.581814 0.547614 0.581804 0.547173 0.581804 0.547614 0.663368 0.547624 0.581804</float_array>
                    <technique_common>
                        <accessor count="814" source="#ID155" stride="2">
                            <param name="S" type="float" />
                            <param name="T" type="float" />
                        </accessor>
                    </technique_common>
                </source>
                <vertices id="ID149">
                    <input semantic="POSITION" source="#ID147" />
                    <input semantic="NORMAL" source="#ID148" />
                </vertices>
                <triangles count="544" material="Material2">
                    <input offset="0" semantic="VERTEX" source="#ID149" />
                    <input offset="1" semantic="TEXCOORD" source="#ID150" />
                    <p>0 0 1 1 2 2 3 2 4 1 5 0 9 3 10 4 11 5 12 5 13 4 14 3 16 6 17 7 18 8 19 8 20 7 21 6 0 9 2 10 23 11 24 11 3 10 5 9 26 12 10 13 9 14 14 14 13 13 27 12 9 15 11 16 28 17 29 17 12 16 14 15 16 18 31 19 17 20 20 20 32 19 21 18 23 21 2 22 34 23 35 23 3 22 24 21 37 24 0 25 23 26 24 26 5 25 38 24 40 27 26 28 9 15 14 15 27 28 41 27 43 29 9 30 28 31 29 31 14 30 44 29 28 32 11 33 46 34 47 34 12 33 29 32 48 35 31 36 16 37 21 37 32 36 49 35 31 38 51 39 17 40 20 40 52 39 32 38 23 41 34 42 53 43 54 43 35 42 24 41 37 44 23 45 56 46 57 46 24 45 38 44 59 47 26 48 40 49 41 49 27 48 60 47 40 50 9 51 43 52 44 52 14 51 41 50 43 53 28 54 61 55 62 55 29 54 44 53 28 56 46 57 64 58 65 58 47 57 29 56 48 59 67 60 31 61 32 61 68 60 49 59 31 62 70 63 51 64 52 64 71 63 32 62 53 65 34 66 73 67 74 67 35 66 54 65 56 68 23 69 53 70 54 70 24 69 57 68 76 71 37 72 56 73 57 73 38 72 77 71 79 74 59 75 40 76 41 76 60 75 80 74 82 77 40 78 43 79 44 79 41 78 83 77 85 80 43 81 61 82 62 82 44 81 86 80 61 83 28 84 64 85 65 85 29 84 62 83 64 86 46 87 88 88 89 88 47 87 65 86 90 89 67 90 48 91 49 91 68 90 91 89 67 92 70 93 31 94 32 94 71 93 68 92 70 95 93 96 51 97 52 97 94 96 71 95 53 98 73 99 95 100 96 100 74 99 54 98 56 101 53 102 98 103 99 103 54 102 57 101 76 104 56 105 101 106 102 106 57 105 77 104 90 107 59 108 79 109 80 109 60 108 91 107 79 110 40 111 82 112 83 112 41 111 80 110 82 113 43 114 85 115 86 115 44 114 83 113 104 116 105 117 85 118 86 118 106 117 107 116 109 119 110 120 104 121 107 121 111 120 112 119 114 122 115 123 109 124 112 124 116 123 117 122 90 125 119 126 67 127 68 127 120 126 91 125 67 128 122 129 70 130 71 130 123 129 68 128 70 131 125 132 93 133 94 133 126 132 71 131 95 134 73 135 128 136 129 136 74 135 96 134 98 137 53 138 95 139 96 139 54 138 99 137 101 140 56 141 98 142 99 142 57 141 102 140 114 143 131 144 115 145 116 145 132 144 117 143 133 146 90 147 79 148 80 148 91 147 134 146 136 149 79 150 82 151 83 151 80 150 137 149 139 152 82 153 85 154 86 154 83 153 140 152 85 155 105 156 142 157 143 157 106 156 86 155 104 158 110 159 105 160 106 160 111 159 107 158 109 161 115 162 110 163 111 163 116 162 112 161 145 164 119 165 90 166 91 166 120 165 146 164 119 167 122 168 67 169 68 169 123 168 120 167 122 170 125 171 70 172 71 172 126 171 123 170 125 173 148 174 93 175 94 175 149 174 126 173 95 176 128 177 150 178 151 178 129 177 96 176 98 179 95 180 153 181 154 181 96 180 99 179 101 182 98 183 156 184 157 184 99 183 102 182 131 185 159 186 115 187 116 187 160 186 132 185 133 188 145 189 90 190 91 190 146 189 134 188 133 191 79 192 136 193 137 193 80 192 134 191 136 194 82 195 139 196 140 196 83 195 137 194 85 197 142 198 139 199 140 199 143 198 86 197 105 200 162 201 142 202 143 202 163 201 106 200 110 203 165 204 105 205 106 205 166 204 111 203 115 206 168 207 110 208 111 208 169 207 116 206 145 209 171 210 119 211 120 211 172 210 146 209 119 212 174 213 122 214 123 214 175 213 120 212 122 215 177 216 125 217 126 217 178 216 123 215 125 218 180 219 148 220 149 220 181 219 126 218 183 221 184 222 185 223 186 223 187 222 188 221 153 224 95 225 150 226 151 226 96 225 154 224 156 227 98 228 153 229 154 229 99 228 157 227 131 230 189 231 159 232 160 232 190 231 132 230 115 233 159 234 168 235 169 235 160 234 116 233 191 236 145 237 133 238 134 238 146 237 192 236 194 239 133 240 136 241 137 241 134 240 195 239 136 242 139 243 197 244 198 244 140 243 137 242 139 245 142 246 200 247 201 247 143 246 140 245 142 248 162 249 203 250 204 250 163 249 143 248 105 251 165 252 162 253 163 253 166 252 106 251 110 254 168 255 165 256 166 256 169 255 111 254 145 257 206 258 171 259 172 259 207 258 146 257 171 260 174 261 119 262 120 262 175 261 172 260 174 263 177 264 122 265 123 265 178 264 175 263 177 266 180 267 125 268 126 268 181 267 178 266 183 269 209 270 184 271 187 271 210 270 188 269 153 272 150 273 212 274 213 274 151 273 154 272 156 275 153 276 215 277 216 277 154 276 157 275 189 278 218 279 159 280 160 280 219 279 190 278 159 281 221 282 168 283 169 283 222 282 160 281 191 284 206 285 145 286 146 286 207 285 192 284 191 287 133 288 194 289 195 289 134 288 192 287 194 290 136 291 197 292 198 292 137 291 195 290 139 293 200 294 197 295 198 295 201 294 140 293 142 296 203 297 200 298 201 298 204 297 143 296 162 299 224 300 203 301 204 301 225 300 163 299 165 302 227 303 162 304 163 304 228 303 166 302 168 305 230 306 165 307 166 307 231 306 169 305 206 308 233 309 171 310 172 310 234 309 207 308 171 311 236 312 174 313 175 313 237 312 172 311 174 314 239 315 177 316 178 316 240 315 175 314 177 317 242 318 180 319 181 319 243 318 178 317 245 320 209 321 183 322 188 322 210 321 246 320 209 323 247 324 184 325 187 325 248 324 210 323 215 326 153 327 212 328 213 328 154 327 216 326 189 329 249 330 218 331 219 331 250 330 190 329 159 332 218 333 221 334 222 334 219 333 160 332 168 335 221 336 230 337 231 337 222 336 169 335 251 338 206 339 191 340 192 340 207 339 252 338 254 341 191 342 194 343 195 343 192 342 255 341 194 344 197 345 257 346 258 346 198 345 195 344 197 347 200 348 260 349 261 349 201 348 198 347 200 350 203 351 263 352 264 352 204 351 201 350 203 353 224 354 266 355 267 355 225 354 204 353 162 356 227 357 224 358 225 358 228 357 163 356 165 359 230 360 227 361 228 361 231 360 166 359 269 362 233 363 206 364 207 364 234 363 270 362 233 365 236 366 171 367 172 367 237 366 234 365 236 368 239 369 174 370 175 370 240 369 237 368 239 371 242 372 177 373 178 373 243 372 240 371 245 374 272 375 209 376 210 376 273 375 246 374 209 377 275 378 247 379 248 379 276 378 210 377 215 380 212 381 278 382 279 382 213 381 216 380 249 383 281 384 218 385 219 385 282 384 250 383 218 386 284 387 221 388 222 388 285 387 219 386 221 389 287 390 230 391 231 391 288 390 222 389 251 392 269 393 206 394 207 394 270 393 252 392 251 395 191 396 254 397 255 397 192 396 252 395 254 398 194 399 257 400 258 400 195 399 255 398 197 401 260 402 257 403 258 403 261 402 198 401 200 404 263 405 260 406 261 406 264 405 201 404 203 407 266 408 263 409 264 409 267 408 204 407 224 410 290 411 266 412 267 412 291 411 225 410 227 413 293 414 224 415 225 415 294 414 228 413 230 416 296 417 227 418 228 418 297 417 231 416 269 419 299 420 233 421 234 421 300 420 270 419 233 422 302 423 236 424 237 424 303 423 234 422 236 425 305 426 239 427 240 427 306 426 237 425 239 428 308 429 242 430 243 430 309 429 240 428 308 431 272 432 245 433 246 433 273 432 309 431 272 434 275 435 209 436 210 436 276 435 273 434 275 437 311 438 247 439 248 439 312 438 276 437 249 440 313 441 281 442 282 442 314 441 250 440 218 443 281 444 284 445 285 445 282 444 219 443 221 446 284 447 287 448 288 448 285 447 222 446 230 449 287 450 296 451 297 451 288 450 231 449 315 452 269 453 251 454 252 454 270 453 316 452 318 455 251 456 254 457 255 457 252 456 319 455 254 458 257 459 321 460 322 460 258 459 255 458 324 461 325 462 326 463 327 463 328 462 329 461 331 464 332 465 333 466 334 466 335 465 336 464 338 467 339 468 340 469 341 469 342 468 343 467 345 470 346 471 347 472 348 472 349 471 350 470 224 473 293 474 290 475 291 475 294 474 225 473 227 476 296 477 293 478 294 478 297 477 228 476 352 479 353 480 354 481 355 481 356 480 357 479 299 482 302 483 233 484 234 484 303 483 300 482 302 485 305 486 236 487 237 487 306 486 303 485 305 488 308 489 239 490 240 490 309 489 306 488 308 491 359 492 272 493 273 493 360 492 309 491 272 494 362 495 275 496 276 496 363 495 273 494 275 497 365 498 311 499 312 499 366 498 276 497 362 500 367 501 365 502 366 502 368 501 363 500 369 503 287 504 367 505 368 505 288 504 370 503 372 506 296 507 287 508 288 508 297 507 373 506 315 509 375 510 269 511 270 511 376 510 316 509 315 512 251 513 318 514 319 514 252 513 316 512 318 515 254 516 321 517 322 517 255 516 319 515 377 518 378 519 379 520 380 520 381 519 382 518 383 521 384 522 385 523 386 523 387 522 388 521 338 524 340 525 389 526 390 526 341 525 343 524 391 527 392 528 393 529 394 529 395 528 396 527 397 530 398 531 290 532 291 532 399 531 400 530 402 533 290 534 293 535 294 535 291 534 403 533 405 536 293 537 296 538 297 538 294 537 406 536 408 539 409 540 410 541 411 541 412 540 413 539 299 542 415 543 302 544 303 544 416 543 300 542 302 545 418 546 305 547 306 547 419 546 303 545 305 548 421 549 308 550 309 550 422 549 306 548 421 551 359 552 308 553 309 553 360 552 422 551 359 554 362 555 272 556 273 556 363 555 360 554 362 557 365 558 275 559 276 559 366 558 363 557 369 560 367 561 362 562 363 562 368 561 370 560 372 563 287 564 369 565 370 565 288 564 373 563 405 566 296 567 372 568 373 568 297 567 406 566 424 569 375 570 315 571 316 571 376 570 425 569 427 572 315 573 318 574 319 574 316 573 428 572 318 575 321 576 430 577 431 577 322 576 319 575 433 578 434 579 435 580 436 580 437 579 438 578 434 581 440 582 441 583 442 583 443 582 437 581 440 584 445 585 446 586 447 586 448 585 443 584 445 587 450 588 451 589 452 589 453 588 448 587 397 590 290 591 402 592 403 592 291 591 400 590 455 593 398 594 397 595 400 595 399 594 456 593 402 596 293 597 405 598 406 598 294 597 403 596 458 599 459 600 460 601 461 601 462 600 463 599 465 602 466 603 467 604 468 604 469 603 470 602 415 605 418 606 302 607 303 607 419 606 416 605 418 608 421 609 305 610 306 610 422 609 419 608 471 611 359 612 421 613 422 613 360 612 472 611 359 614 369 615 362 616 363 616 370 615 360 614 471 617 372 618 369 619 370 619 373 618 472 617 474 620 405 621 372 622 373 622 406 621 475 620 424 623 315 624 427 625 428 625 316 624 425 623 424 626 477 627 375 628 376 628 478 627 425 626 427 629 318 630 430 631 431 631 319 630 428 629 433 632 435 633 479 634 480 634 436 633 438 632 434 635 441 636 435 637 436 637 442 636 437 635 440 638 446 639 441 640 442 640 447 639 443 638 445 641 451 642 446 643 447 643 452 642 448 641 455 644 481 645 398 646 399 646 482 645 456 644 483 647 397 648 402 649 403 649 400 648 484 647 486 650 455 651 397 652 400 652 456 651 487 650 489 653 402 654 405 655 406 655 403 654 490 653 458 656 492 657 459 658 462 658 493 657 463 656 495 659 496 660 497 661 498 661 499 660 500 659 415 662 502 663 418 664 419 664 503 663 416 662 418 665 505 666 421 667 422 667 506 666 419 665 471 668 421 669 505 670 506 670 422 669 472 668 471 671 369 672 359 673 360 673 370 672 472 671 474 674 372 675 471 676 472 676 373 675 475 674 489 677 405 678 474 679 475 679 406 678 490 677 508 680 509 681 510 682 511 682 512 681 513 680 515 683 516 684 509 685 512 685 517 684 518 683 520 686 510 687 521 688 522 688 511 687 523 686 524 689 508 690 525 691 526 691 513 690 527 689 528 692 529 693 530 694 531 694 532 693 533 692 535 695 536 696 537 697 538 697 539 696 540 695 542 698 543 699 536 700 539 700 544 699 545 698 483 701 402 702 489 703 490 703 403 702 484 701 486 704 397 705 483 706 484 706 400 705 487 704 543 707 546 708 547 709 548 709 549 708 544 707 515 710 551 711 516 712 517 712 552 711 518 710 492 713 553 714 459 715 462 715 554 714 493 713 555 716 556 717 557 718 558 718 559 717 560 716 502 719 505 720 418 721 419 721 506 720 503 719 474 722 471 723 505 724 506 724 472 723 475 722 489 725 474 726 561 727 562 727 475 726 490 725 508 728 515 729 509 730 512 730 518 729 513 728 564 731 508 732 510 733 511 733 513 732 565 731 566 734 529 735 508 736 513 736 532 735 567 734 528 737 536 738 529 739 532 739 539 738 533 737 543 740 547 741 536 742 539 742 548 741 544 740 483 743 489 744 568 745 569 745 490 744 484 743 486 746 483 747 571 748 572 748 484 747 487 746 546 749 574 750 547 751 548 751 575 750 549 749 577 752 578 753 515 754 518 754 579 753 580 752 492 755 582 756 553 757 554 757 583 756 493 755 555 758 585 759 556 760 559 760 586 759 560 758 502 761 561 762 505 763 506 763 562 762 503 761 474 764 505 765 561 766 562 766 506 765 475 764 489 767 561 768 568 769 569 769 562 768 490 767 529 770 515 710 508 771 513 771 518 710 532 770 536 772 577 773 529 774 532 774 580 773 539 772 536 775 547 776 577 777 580 777 548 776 539 775 483 778 568 779 571 780 572 780 569 779 484 778 546 781 588 782 589 783 590 783 591 782 549 781 547 784 592 785 593 786 594 786 595 785 548 784 577 787 596 788 597 789 598 789 599 788 580 787 529 790 577 791 515 792 518 792 580 791 532 790 582 793 600 794 553 795 554 795 601 794 583 793 602 796 603 797 604 798 605 798 606 797 607 796 608 799 609 800 610 801 611 801 612 800 613 799 547 802 593 803 577 804 580 804 594 803 548 802 614 805 615 806 616 807 617 807 618 806 619 805 582 808 614 809 600 810 601 810 619 809 583 808 614 811 616 812 600 813 601 813 617 812 619 811</p>
                </triangles>
                <lines count="408" material="Material3">
                    <input offset="0" semantic="VERTEX" source="#ID149" />
                    <p>6 7 8 6 22 6 36 8 39 7 50 22 75 36 78 39 87 63 63 66 66 78 92 50 78 103 75 130 130 152 103 158 182 130 214 152 158 217 244 182 280 214 217 280 259 262 262 265 265 268 268 292 301 271 310 244 280 283 283 286 286 289 259 323 351 292 271 358 323 330 330 337 337 344 344 351 414 358 417 301 432 323 351 454 358 464 429 426 426 464 432 429 439 432 444 439 449 444 454 449 454 457 488 457 464 494 501 414 504 417 573 488 494 584 501 587 563 504 563 570 573 570 576 573 576 584 570 587</p>
                </lines>
            </mesh>
        </geometry>
        <geometry id="ID156">
            <mesh>
                <source id="ID157">
                    <float_array id="ID161" count="1866">0.2064501 10.82125 0.3364505 0.2064501 10.803 0.4198505 0.2064501 10.803 0.3364505 0.2064501 10.803 0.3364505 0.2064501 10.803 0.4198505 0.2064501 10.82125 0.3364505 0.2064501 10.803 0.4198505 0.2064501 10.803 0.3364505 0.2064501 10.82125 0.3364505 0.2093002 10.79365 0.4198505 0.2093002 10.79365 0.4198505 0.2093002 10.79365 0.4198505 0.2064501 10.7885 0.2530005 0.2064501 10.7885 0.2530005 0.2064501 10.7885 0.2530005 0.2064501 10.82125 0.4198505 0.2064501 10.82125 0.4198505 0.2064501 10.82125 0.4198505 0.2093002 10.79365 0.3364505 0.2093002 10.79365 0.3364505 0.2093002 10.79365 0.3364505 0.2093002 10.761 0.4970505 0.2093002 10.761 0.4970505 0.2093002 10.761 0.4970505 0.2064501 10.77025 0.2530005 0.2064501 10.77025 0.2530005 0.2064501 10.77025 0.2530005 0.2064501 10.82125 0.3364505 0.2064501 10.7885 0.2530005 3.53915 10.7885 0.2530005 3.53915 10.7885 0.2530005 0.2064501 10.7885 0.2530005 0.2064501 10.82125 0.3364505 3.53915 10.7885 0.2530005 0.2064501 10.82125 0.4198505 3.53915 10.82125 0.3364505 3.53915 10.82125 0.3364505 0.2064501 10.82125 0.4198505 3.53915 10.82125 0.3364505 0.2064501 10.77025 0.5033005 0.2064501 10.77025 0.5033005 0.2064501 10.77025 0.5033005 0.2093002 10.77895 0.4198505 0.2093002 10.77895 0.4198505 0.2093002 10.77895 0.4198505 0.2093002 10.74655 0.4970505 0.2093002 10.74655 0.4970505 0.2093002 10.74655 0.4970505 3.53915 10.7885 0.2530005 0.2064501 10.7885 0.2530005 0.2064501 10.77025 0.2530005 0.2064501 10.77025 0.2530005 0.2064501 10.7885 0.2530005 3.53915 10.7885 0.2530005 3.53915 10.7885 0.2530005 3.53915 10.7885 0.2530005 3.53915 10.82125 0.4198505 3.53915 10.82125 0.4198505 3.53915 10.82125 0.4198505 0.2064501 10.7885 0.5033005 0.2064501 10.7885 0.5033005 0.2064501 10.7885 0.5033005 0.2093002 10.77895 0.3364505 0.2093002 10.77895 0.3364505 0.2093002 10.77895 0.3364505 0.2093002 10.761 0.2592505 0.2093002 10.761 0.2592505 0.2093002 10.761 0.2592505 3.53915 10.74655 0.4970505 3.53915 10.74655 0.4970505 3.53915 10.74655 0.4970505 3.53915 10.761 0.4970505 0.2093002 10.761 0.4970505 0.2064501 10.77025 0.5033005 0.2064501 10.77025 0.5033005 0.2093002 10.761 0.4970505 3.53915 10.761 0.4970505 3.53915 10.761 0.4970505 3.53915 10.77025 0.2530005 3.53915 10.77025 0.2530005 3.53915 10.77025 0.2530005 3.53915 10.7885 0.2530005 6.87185 10.7885 0.2530005 6.87185 10.7885 0.2530005 3.53915 10.7885 0.2530005 6.87185 10.7885 0.2530005 6.87185 10.82125 0.3364505 6.87185 10.82125 0.3364505 6.87185 10.82125 0.3364505 0.2064501 10.7885 0.5033005 0.2064501 10.7885 0.5033005 3.53915 10.77025 0.5033005 0.2064501 10.77025 0.5033005 0.2064501 10.7885 0.5033005 0.2064501 10.7885 0.5033005 0.2064501 10.77025 0.5033005 3.53915 10.77025 0.5033005 3.53915 10.77025 0.5033005 0.2064501 10.76785 0.4198505 0.2064501 10.76785 0.4198505 0.2064501 10.76785 0.4198505 0.2064501 10.73555 0.5033005 0.2064501 10.73555 0.5033005 0.2064501 10.73555 0.5033005 3.53915 10.77025 0.2530005 0.2064501 10.77025 0.2530005 0.2093002 10.761 0.2592505 0.2093002 10.761 0.2592505 0.2064501 10.77025 0.2530005 3.53915 10.77025 0.2530005 3.53915 10.761 0.4970505 3.53915 10.761 0.4970505 3.53915 10.73555 0.5033005 3.53915 10.73555 0.5033005 3.53915 10.73555 0.5033005 3.53915 10.761 0.4970505 0.2064501 10.77025 0.5033005 3.53915 10.77025 0.5033005 3.53915 10.77025 0.5033005 0.2064501 10.77025 0.5033005 3.53915 10.761 0.4970505 6.87185 10.7885 0.2530005 6.87185 10.7885 0.2530005 6.87185 10.7885 0.2530005 6.87185 10.7885 0.2530005 6.87185 10.82125 0.4198505 6.87185 10.82125 0.4198505 6.87185 10.82125 0.4198505 0.2064501 10.7885 0.5033005 3.53915 10.7885 0.5033005 3.53915 10.7885 0.5033005 0.2064501 10.7885 0.5033005 3.53915 10.7885 0.5033005 3.53915 10.7885 0.5033005 3.53915 10.7885 0.5033005 0.2064501 10.76785 0.3364505 0.2064501 10.76785 0.3364505 0.2064501 10.76785 0.3364505 0.2093002 10.74655 0.2592505 0.2093002 10.74655 0.2592505 0.2093002 10.74655 0.2592505 3.53915 10.77025 0.2530005 0.2093002 10.761 0.2592505 3.53915 10.761 0.2592505 3.53915 10.761 0.2592505 0.2093002 10.761 0.2592505 3.53915 10.77025 0.2530005 3.53915 10.761 0.2592505 6.87185 10.74655 0.4970505 6.87185 10.74655 0.4970505 6.87185 10.74655 0.4970505 6.87185 10.73555 0.5033005 6.87185 10.73555 0.5033005 6.87185 10.73555 0.5033005 6.87185 10.761 0.4970505 3.53915 10.761 0.4970505 3.53915 10.77025 0.5033005 3.53915 10.77025 0.5033005 3.53915 10.761 0.4970505 6.87185 10.761 0.4970505 6.87185 10.761 0.4970505 6.87185 10.77025 0.2530005 6.87185 10.77025 0.2530005 6.87185 10.77025 0.2530005 6.87185 10.7885 0.2530005 10.2046 10.7885 0.2530005 10.2046 10.7885 0.2530005 6.87185 10.7885 0.2530005 10.2046 10.7885 0.2530005 10.2046 10.82125 0.3364505 10.2046 10.82125 0.3364505 10.2046 10.82125 0.3364505 3.53915 10.7885 0.5033005 3.53915 10.7885 0.5033005 6.87185 10.77025 0.5033005 6.87185 10.77025 0.5033005 6.87185 10.77025 0.5033005 0.2064501 8.145248 0.4198504 0.2064501 8.145248 0.4198504 0.2064501 8.145248 0.4198504 0.2064501 8.145248 0.5033004 0.2064501 8.145248 0.5033004 0.2064501 8.145248 0.5033004 3.53915 10.761 0.2592505 3.53915 10.761 0.2592505 3.53915 8.145248 0.5033004 3.53915 8.145248 0.5033004 3.53915 8.145248 0.5033004 6.87185 10.77025 0.2530005 3.53915 10.77025 0.2530005 3.53915 10.761 0.2592505 3.53915 10.761 0.2592505 3.53915 10.77025 0.2530005 6.87185 10.77025 0.2530005 6.87185 10.761 0.4970505 6.87185 10.761 0.4970505 6.87185 8.145248 0.5033004 6.87185 8.145248 0.5033004 6.87185 8.145248 0.5033004 6.87185 10.77025 0.5033005 6.87185 10.77025 0.5033005 10.2046 10.7885 0.2530005 10.2046 10.7885 0.2530005 10.2046 10.7885 0.2530005 10.2046 10.7885 0.2530005 10.2046 10.82125 0.4198505 10.2046 10.82125 0.4198505 10.2046 10.82125 0.4198505 3.53915 10.7885 0.5033005 6.87185 10.7885 0.5033005 6.87185 10.7885 0.5033005 3.53915 10.7885 0.5033005 6.87185 10.7885 0.5033005 6.87185 10.7885 0.5033005 6.87185 10.7885 0.5033005 0.2064501 8.145248 0.3364504 0.2064501 8.145248 0.3364504 0.2064501 8.145248 0.3364504 0.2064501 10.73555 0.2530005 0.2064501 10.73555 0.2530005 0.2064501 10.73555 0.2530005 3.53915 10.74655 0.2592505 3.53915 10.74655 0.2592505 3.53915 10.74655 0.2592505 6.87185 10.761 0.2592505 6.87185 10.761 0.2592505 6.87185 10.761 0.2592505 10.2046 10.74655 0.4970505 10.2046 10.74655 0.4970505 10.2046 10.74655 0.4970505 10.2046 10.73555 0.5033005 10.2046 10.73555 0.5033005 10.2046 10.73555 0.5033005 10.2046 8.145248 0.5033004 10.2046 8.145248 0.5033004 10.2046 8.145248 0.5033004 10.2046 10.761 0.4970505 6.87185 10.761 0.4970505 6.87185 10.77025 0.5033005 6.87185 10.77025 0.5033005 6.87185 10.761 0.4970505 10.2046 10.761 0.4970505 10.2046 10.761 0.4970505 10.2046 10.77025 0.2530005 10.2046 10.77025 0.2530005 10.2046 10.77025 0.2530005 10.2046 10.7885 0.2530005 13.5373 10.7885 0.2530005 13.5373 10.7885 0.2530005 10.2046 10.7885 0.2530005 13.5373 10.7885 0.2530005 13.5373 10.82125 0.3364505 13.5373 10.82125 0.3364505 13.5373 10.82125 0.3364505 6.87185 10.7885 0.5033005 6.87185 10.7885 0.5033005 10.2046 10.77025 0.5033005 10.2046 10.77025 0.5033005 10.2046 10.77025 0.5033005 0.2064501 5.520248 0.4198502 0.2064501 5.520248 0.4198502 0.2064501 5.520248 0.4198502 0.2064501 5.520248 0.5033002 0.2064501 5.520248 0.5033002 0.2064501 5.520248 0.5033002 3.53915 5.520248 0.5033002 3.53915 5.520248 0.5033002 3.53915 5.520248 0.5033002 6.87185 10.761 0.2592505 6.87185 10.761 0.2592505 6.87185 5.520248 0.5033002 6.87185 5.520248 0.5033002 6.87185 5.520248 0.5033002 10.2046 10.77025 0.2530005 6.87185 10.77025 0.2530005 6.87185 10.761 0.2592505 6.87185 10.761 0.2592505 6.87185 10.77025 0.2530005 10.2046 10.77025 0.2530005 10.2046 10.761 0.4970505 10.2046 10.761 0.4970505 10.2046 5.520248 0.5033002 10.2046 5.520248 0.5033002 10.2046 5.520248 0.5033002 10.2046 10.761 0.4970505 6.87185 10.77025 0.5033005 10.2046 10.77025 0.5033005 10.2046 10.77025 0.5033005 6.87185 10.77025 0.5033005 10.2046 10.761 0.4970505 13.5373 10.7885 0.2530005 13.5373 10.7885 0.2530005 13.5373 10.7885 0.2530005 13.5373 10.7885 0.2530005 13.5373 10.82125 0.4198505 13.5373 10.82125 0.4198505 13.5373 10.82125 0.4198505 6.87185 10.7885 0.5033005 10.2046 10.7885 0.5033005 10.2046 10.7885 0.5033005 6.87185 10.7885 0.5033005 10.2046 10.7885 0.5033005 10.2046 10.7885 0.5033005 10.2046 10.7885 0.5033005 0.2064501 5.520248 0.3364502 0.2064501 5.520248 0.3364502 0.2064501 5.520248 0.3364502 0.2064501 8.145248 0.2530004 0.2064501 8.145248 0.2530004 0.2064501 8.145248 0.2530004 0.2064501 5.520248 0.5033002 0.2064501 5.520248 0.5033002 3.53915 10.73555 0.2530005 3.53915 10.73555 0.2530005 3.53915 10.73555 0.2530005 6.87185 10.74655 0.2592505 6.87185 10.74655 0.2592505 6.87185 10.74655 0.2592505 10.2046 10.77025 0.2530005 6.87185 10.761 0.2592505 10.2046 10.761 0.2592505 10.2046 10.761 0.2592505 6.87185 10.761 0.2592505 10.2046 10.77025 0.2530005 10.2046 10.761 0.2592505 13.5328 10.74655 0.4970505 13.5328 10.74655 0.4970505 13.5328 10.74655 0.4970505 13.5373 10.73555 0.5033005 13.5373 10.73555 0.5033005 13.5373 10.73555 0.5033005 13.5373 8.145248 0.5033004 13.5373 8.145248 0.5033004 13.5373 8.145248 0.5033004 13.5373 5.520248 0.5033002 13.5373 5.520248 0.5033002 13.5373 5.520248 0.5033002 13.5328 10.761 0.4970505 10.2046 10.761 0.4970505 10.2046 10.77025 0.5033005 10.2046 10.77025 0.5033005 10.2046 10.761 0.4970505 13.5328 10.761 0.4970505 13.5328 10.761 0.4970505 13.5373 10.77025 0.2530005 13.5373 10.77025 0.2530005 13.5373 10.77025 0.2530005 13.5373 10.82125 0.3364505 13.5373 10.7885 0.2530005 13.5373 10.77025 0.2530005 13.5373 10.77025 0.2530005 13.5373 10.7885 0.2530005 13.5373 10.82125 0.3364505 13.5373 10.803 0.3364505 13.5373 10.82125 0.4198505 13.5373 10.82125 0.4198505 13.5373 10.803 0.3364505 13.5373 10.803 0.3364505 10.2046 10.7885 0.5033005 10.2046 10.7885 0.5033005 13.5373 10.77025 0.5033005 13.5373 10.77025 0.5033005 13.5373 10.77025 0.5033005 0.2064501 2.895248 0.4198501 0.2064501 2.895248 0.4198501 0.2064501 2.895248 0.4198501 0.2064501 2.895248 0.5033001 0.2064501 2.895248 0.5033001 0.2064501 2.895248 0.5033001 3.53915 2.895248 0.5033001 3.53915 2.895248 0.5033001 3.53915 2.895248 0.5033001 6.87185 2.895248 0.5033001 6.87185 2.895248 0.5033001 6.87185 2.895248 0.5033001 10.2046 10.761 0.2592505 10.2046 10.761 0.2592505 10.2046 2.895248 0.5033001 10.2046 2.895248 0.5033001 10.2046 2.895248 0.5033001 13.5373 10.77025 0.2530005 13.5373 10.77025 0.2530005 13.5328 10.761 0.4970505 13.5328 10.761 0.4970505 13.5373 2.895248 0.5033001 13.5373 2.895248 0.5033001 13.5373 2.895248 0.5033001 13.5373 10.77025 0.5033005 13.5328 10.761 0.4970505 10.2046 10.77025 0.5033005 10.2046 10.77025 0.5033005 13.5328 10.761 0.4970505 13.5373 10.77025 0.5033005 13.5373 10.803 0.4198505 13.5373 10.803 0.4198505 13.5373 10.803 0.4198505 10.2046 10.7885 0.5033005 13.5373 10.7885 0.5033005 13.5373 10.7885 0.5033005 10.2046 10.7885 0.5033005 13.5373 10.7885 0.5033005 13.5373 10.7885 0.5033005 13.5373 10.7885 0.5033005 0.2064501 2.895248 0.3364501 0.2064501 2.895248 0.3364501 0.2064501 2.895248 0.3364501 0.2064501 5.520248 0.2530002 0.2064501 5.520248 0.2530002 0.2064501 5.520248 0.2530002 0.2064501 2.895248 0.5033001 0.2064501 2.895248 0.5033001 3.53915 8.145248 0.2530004 3.53915 8.145248 0.2530004 3.53915 8.145248 0.2530004 6.87185 10.73555 0.2530005 6.87185 10.73555 0.2530005 6.87185 10.73555 0.2530005 10.2046 10.74655 0.2592505 10.2046 10.74655 0.2592505 10.2046 10.74655 0.2592505 13.5373 10.77025 0.2530005 10.2046 10.761 0.2592505 13.5328 10.761 0.2592505 13.5328 10.761 0.2592505 10.2046 10.761 0.2592505 13.5373 10.77025 0.2530005 13.5328 10.761 0.2592505 13.5328 10.77895 0.4198505 13.5328 10.77895 0.4198505 13.5328 10.77895 0.4198505 13.5373 10.76785 0.4198505 13.5373 10.76785 0.4198505 13.5373 10.76785 0.4198505 13.5373 8.145248 0.4198504 13.5373 8.145248 0.4198504 13.5373 8.145248 0.4198504 13.5373 5.520248 0.4198502 13.5373 5.520248 0.5033002 13.5373 5.520248 0.5033002 13.5373 5.520248 0.4198502 13.5373 5.520248 0.4198502 13.5373 2.895248 0.4198501 13.5373 2.895248 0.5033001 13.5373 2.895248 0.5033001 13.5373 2.895248 0.4198501 13.5373 2.895248 0.4198501 13.5328 10.79365 0.4198505 13.5373 10.77025 0.5033005 13.5373 10.77025 0.5033005 13.5328 10.79365 0.4198505 13.5328 10.79365 0.4198505 13.5328 10.761 0.2592505 13.5328 10.761 0.2592505 13.5328 10.79365 0.3364505 13.5328 10.79365 0.3364505 13.5328 10.79365 0.3364505 13.5373 10.7885 0.5033005 13.5373 10.7885 0.5033005 0.2064501 0.2702446 0.41985 0.2064501 0.2702446 0.41985 0.2064501 0.2702446 0.41985 0.2064501 0.2702446 0.5033 0.2064501 0.2702446 0.5033 0.2064501 0.2702446 0.5033 0.2064501 5.520248 0.2530002 0.2064501 5.520248 0.2530002 3.53915 0.2702446 0.5033 3.53915 0.2702446 0.5033 3.53915 0.2702446 0.5033 6.87185 0.2702446 0.5033 6.87185 0.2702446 0.5033 6.87185 0.2702446 0.5033 10.2046 0.2702446 0.5033 10.2046 0.2702446 0.5033 10.2046 0.2702446 0.5033 13.5373 0.2702446 0.5033 13.5373 0.2702446 0.5033 13.5373 0.2702446 0.5033 13.5373 0.2702446 0.41985 13.5373 0.2702446 0.41985 13.5373 0.2702446 0.41985 0.2064501 0.2702446 0.33645 0.2064501 0.2702446 0.33645 0.2064501 0.2702446 0.33645 0.2064501 2.895248 0.2530001 0.2064501 2.895248 0.2530001 0.2064501 2.895248 0.2530001 0.2064501 0.2702446 0.5033 0.2064501 0.2702446 0.5033 3.53915 5.520248 0.2530002 3.53915 5.520248 0.2530002 3.53915 5.520248 0.2530002 6.87185 8.145248 0.2530004 6.87185 8.145248 0.2530004 6.87185 8.145248 0.2530004 10.2046 10.73555 0.2530005 10.2046 10.73555 0.2530005 10.2046 10.73555 0.2530005 13.5328 10.74655 0.2592505 13.5328 10.74655 0.2592505 13.5328 10.74655 0.2592505 13.5373 0.2702446 0.5033 13.5373 0.2702446 0.5033 13.5328 10.77895 0.3364505 13.5328 10.77895 0.3364505 13.5328 10.77895 0.3364505 13.5373 10.76785 0.3364505 13.5373 10.76785 0.3364505 13.5373 10.76785 0.3364505 13.5373 8.145248 0.3364504 13.5373 8.145248 0.3364504 13.5373 8.145248 0.3364504 13.5373 5.520248 0.3364502 13.5373 5.520248 0.3364502 13.5373 5.520248 0.3364502 13.5373 2.895248 0.3364501 13.5373 2.895248 0.3364501 13.5373 2.895248 0.3364501 13.5373 0.2702446 0.33645 13.5373 0.2702446 0.33645 13.5373 0.2702446 0.33645 3.53915 0.2702446 0.41985 0.2064501 0.2702446 0.33645 0.2064501 0.2702446 0.41985 0.2064501 0.2702446 0.41985 0.2064501 0.2702446 0.33645 3.53915 0.2702446 0.41985 3.53915 0.2702446 0.41985 3.53915 0.2702446 0.5033 0.2064501 0.2702446 0.5033 0.2064501 0.2702446 0.5033 3.53915 0.2702446 0.5033 0.2064501 2.895248 0.2530001 0.2064501 2.895248 0.2530001 6.87185 0.2702446 0.5033 6.87185 0.2702446 0.5033 10.2046 0.2702446 0.5033 6.87185 0.2702446 0.41985 6.87185 0.2702446 0.41985 10.2046 0.2702446 0.5033 6.87185 0.2702446 0.41985 13.5373 0.2702446 0.5033 10.2046 0.2702446 0.41985 10.2046 0.2702446 0.41985 13.5373 0.2702446 0.5033 10.2046 0.2702446 0.41985 13.5373 0.2702446 0.41985 13.5373 0.2702446 0.41985 13.5373 0.2702446 0.33645 10.2046 0.2702446 0.33645 10.2046 0.2702446 0.33645 13.5373 0.2702446 0.33645 10.2046 0.2702446 0.33645 3.53915 0.2702446 0.33645 3.53915 0.2702446 0.33645 3.53915 0.2702446 0.33645 0.2064501 0.2702446 0.253 0.2064501 0.2702446 0.253 0.2064501 0.2702446 0.253 3.53915 2.895248 0.2530001 3.53915 2.895248 0.2530001 3.53915 2.895248 0.2530001 6.87185 5.520248 0.2530002 6.87185 5.520248 0.2530002 6.87185 5.520248 0.2530002 10.2046 8.145248 0.2530004 10.2046 8.145248 0.2530004 10.2046 8.145248 0.2530004 13.5373 10.73555 0.2530005 13.5373 10.73555 0.2530005 13.5373 10.73555 0.2530005 13.5373 8.145248 0.2530004 13.5373 8.145248 0.2530004 13.5373 8.145248 0.2530004 13.5373 5.520248 0.2530002 13.5373 5.520248 0.2530002 13.5373 5.520248 0.2530002 13.5373 2.895248 0.2530001 13.5373 2.895248 0.2530001 13.5373 2.895248 0.2530001 13.5373 0.2702446 0.253 13.5373 0.2702446 0.253 13.5373 0.2702446 0.253 10.2046 0.2702446 0.253 10.2046 0.2702446 0.253 10.2046 0.2702446 0.253 0.2064501 0.2702446 0.253 0.2064501 0.2702446 0.253 0.2064501 0.2702446 0.253 0.2064501 0.2702446 0.253 6.87185 0.2702446 0.33645 6.87185 0.2702446 0.33645 6.87185 0.2702446 0.33645 13.5373 0.2702446 0.253 13.5373 0.2702446 0.253 6.87185 0.2702446 0.253 6.87185 0.2702446 0.253 6.87185 0.2702446 0.253 3.53915 0.2702446 0.253 3.53915 0.2702446 0.253 3.53915 0.2702446 0.253 3.53915 0.2702446 0.253 3.53915 0.2702446 0.253 6.87185 2.895248 0.2530001 6.87185 2.895248 0.2530001 6.87185 2.895248 0.2530001 10.2046 5.520248 0.2530002 10.2046 5.520248 0.2530002 10.2046 5.520248 0.2530002 13.5373 5.520248 0.2530002 13.5373 5.520248 0.2530002 10.2046 2.895248 0.2530001 13.5373 2.895248 0.2530001 13.5373 2.895248 0.2530001 10.2046 2.895248 0.2530001 10.2046 2.895248 0.2530001 10.2046 0.2702446 0.253 13.5373 0.2702446 0.253 13.5373 0.2702446 0.253 10.2046 0.2702446 0.253 6.87185 0.2702446 0.253 6.87185 0.2702446 0.253</float_array>
                    <technique_common>
                        <accessor count="622" source="#ID161" stride="3">
                            <param name="X" type="float" />
                            <param name="Y" type="float" />
                            <param name="Z" type="float" />
                        </accessor>
                    </technique_common>
                </source>
                <source id="ID158">
                    <float_array id="ID162" count="1866">1 0 0 0.9913887 0.1288721 0.02324622 0.9912609 0.1300406 -0.0221639 -0.9912609 -0.1300406 0.0221639 -0.9913887 -0.1288721 -0.02324622 -1 -0 -0 0 0 0 0 0 0 0 0 0 0.9854797 0.1653423 0.03862228 -0.9854797 -0.1653423 -0.03862228 0 0 0 1 0 0 -1 -0 -0 0 0 0 1 0 0 -1 -0 -0 0 0 0 0.9857935 0.1641594 -0.0355355 -0.9857935 -0.1641594 0.0355355 0 0 0 0.9286342 0.1062438 -0.3554584 -0.9286342 -0.1062438 0.3554584 0 0 0 0.9905099 0.1267176 -0.05322342 -0.9905099 -0.1267176 0.05322342 0 0 0 4.894734e-19 -0.9825689 0.1858986 9.786373e-19 -0.9308834 0.3653165 9.786373e-19 -0.9308834 0.3653165 -9.786373e-19 0.9308834 -0.3653165 -9.786373e-19 0.9308834 -0.3653165 -4.894734e-19 0.9825689 -0.1858986 0 0 0 -4.979993e-19 -0.9825689 -0.1858987 2.447367e-19 -0.9825689 0.1858986 -2.447367e-19 0.9825689 -0.1858986 4.979993e-19 0.9825689 0.1858987 0 0 0 0.9907623 0.1262369 0.04954052 -0.9907623 -0.1262369 -0.04954052 0 0 0 0.9936819 -0.1106552 -0.01875309 -0.9936819 0.1106552 0.01875309 0 0 0 0.6711101 -0.3221624 -0.6676995 -0.6711101 0.3221624 0.6676995 0 0 0 0 -4.371139e-08 1 0 -4.371139e-08 1 0 -4.371139e-08 1 -0 4.371139e-08 -1 -0 4.371139e-08 -1 -0 4.371139e-08 -1 0 -0.9308834 0.3653165 -0 0.9308834 -0.3653165 -2.489996e-19 -0.9825689 -0.1858987 2.489996e-19 0.9825689 0.1858987 0 0 0 1 0 0 -1 -0 -0 0 0 0 0.9937808 -0.1095924 0.01973094 -0.9937808 0.1095924 -0.01973094 0 0 0 0.929575 0.1032226 0.353886 -0.929575 -0.1032226 -0.353886 0 0 0 -1.063377e-19 -0.2554531 -0.9668214 1.063377e-19 0.2554531 0.9668214 0 0 0 0 0.5598305 -0.8286072 0 0.5598305 -0.8286072 0 0.5598305 -0.8286072 -0 -0.5598305 0.8286072 -0 -0.5598305 0.8286072 -0 -0.5598305 0.8286072 0 0 0 0 -4.371139e-08 1 -0 4.371139e-08 -1 0 0 0 9.786372e-19 -0.9308834 0.3653165 9.786372e-19 -0.9308834 0.3653165 -9.786372e-19 0.9308834 -0.3653165 -9.786372e-19 0.9308834 -0.3653165 0 0 0 8.525496e-21 -0.9825689 0.1858986 -8.525496e-21 0.9825689 -0.1858986 0 0 0 -9.786373e-19 -0.9308833 -0.3653166 9.786373e-19 0.9308833 0.3653166 0 4.371139e-08 -1 0 4.371139e-08 -1 0 4.371139e-08 -1 -0 -4.371139e-08 1 -0 -4.371139e-08 1 -0 -4.371139e-08 1 0 0 0 0.9897603 -0.1396124 -0.02971468 -0.9897603 0.1396124 0.02971468 0 0 0 0.6605397 -0.2240139 -0.7165927 -0.6605397 0.2240139 0.7165927 0 0 0 -1.384568e-19 0.5598304 0.8286072 -1.384568e-19 0.5598304 0.8286072 -1.384568e-19 0.5598304 0.8286072 1.384568e-19 -0.5598304 -0.8286072 1.384568e-19 -0.5598304 -0.8286072 1.384568e-19 -0.5598304 -0.8286072 0 4.371139e-08 -1 -0 -4.371139e-08 1 -1.062089e-19 -0.2554531 -0.9668214 1.062089e-19 0.2554531 0.9668214 0 0 0 -1.384568e-19 0.5598305 -0.8286072 -1.384568e-19 0.5598305 -0.8286072 -1.384568e-19 0.5598305 -0.8286072 1.384568e-19 -0.5598305 0.8286072 1.384568e-19 -0.5598305 0.8286072 1.384568e-19 -0.5598305 0.8286072 0 -4.371139e-08 1 -0 4.371139e-08 -1 0 -0.9308834 0.3653165 -0 0.9308834 -0.3653165 4.25558e-21 -0.9825689 -0.1858987 -4.25558e-21 0.9825689 0.1858987 0 0 0 -9.786373e-19 -0.9308833 -0.3653166 -9.786373e-19 -0.9308833 -0.3653166 9.786373e-19 0.9308833 0.3653166 9.786373e-19 0.9308833 0.3653166 0 0 0 0 4.371139e-08 -1 -0 -4.371139e-08 1 0.9895149 -0.1407258 0.03250337 -0.9895149 0.1407258 -0.03250337 0 0 0 0.6763851 -0.3188531 0.6639547 -0.6763851 0.3188531 -0.6639547 0 0 0 0 0.5598304 0.8286072 0 0.5598304 0.8286072 0 0.5598304 0.8286072 -0 -0.5598304 -0.8286072 -0 -0.5598304 -0.8286072 -0 -0.5598304 -0.8286072 0 0 0 -5.312335e-20 -0.2554531 -0.9668214 5.312335e-20 0.2554531 0.9668214 0 0 0 -5.312335e-20 -0.2554531 -0.9668214 5.312335e-20 0.2554531 0.9668214 0 0 0 1.384568e-19 0.5598305 -0.8286072 1.384568e-19 0.5598305 -0.8286072 1.384568e-19 0.5598305 -0.8286072 -1.384568e-19 -0.5598305 0.8286072 -1.384568e-19 -0.5598305 0.8286072 -1.384568e-19 -0.5598305 0.8286072 0 0 0 0 -4.371139e-08 1 -0 4.371139e-08 -1 0 0 0 0 -0.9308834 0.3653165 0 -0.9308834 0.3653165 -0 0.9308834 -0.3653165 -0 0.9308834 -0.3653165 0 0 0 7.427213e-19 -0.9825689 0.1858986 -7.427213e-19 0.9825689 -0.1858986 0 0 0 0 -0.9308833 -0.3653166 -0 0.9308833 0.3653166 0 4.371139e-08 -1 -0 -4.371139e-08 1 0 0 0 1 0 0 -1 -0 -0 0 0 0 0.7071068 3.090862e-08 -0.7071068 -0.7071068 -3.090862e-08 0.7071068 0 0 0 0 -4.371139e-08 1 -0 4.371139e-08 -1 0 4.371139e-08 -1 -0 -4.371139e-08 1 0 0 0 -1.384568e-19 0.5598304 0.8286072 -1.384568e-19 0.5598304 0.8286072 -1.384568e-19 0.5598304 0.8286072 1.384568e-19 -0.5598304 -0.8286072 1.384568e-19 -0.5598304 -0.8286072 1.384568e-19 -0.5598304 -0.8286072 0 4.371139e-08 -1 -0 -4.371139e-08 1 0 4.371139e-08 -1 -0 -4.371139e-08 1 0 0 0 1.384568e-19 0.5598305 -0.8286072 -1.384568e-19 -0.5598305 0.8286072 0 -4.371139e-08 1 -0 4.371139e-08 -1 1.957217e-18 -0.9308834 0.3653165 -1.957217e-18 0.9308834 -0.3653165 -2.404668e-19 -0.9825689 -0.1858987 2.404668e-19 0.9825689 0.1858987 0 0 0 -9.786372e-19 -0.9308833 -0.3653166 -9.786372e-19 -0.9308833 -0.3653166 9.786372e-19 0.9308833 0.3653166 9.786372e-19 0.9308833 0.3653166 0 0 0 0 4.371139e-08 -1 -0 -4.371139e-08 1 1 0 0 -1 -0 -0 0 0 0 0.6609104 -0.2250903 0.7159133 -0.6609104 0.2250903 -0.7159133 0 0 0 1.592419e-19 -0.2554532 0.9668214 -1.592419e-19 0.2554532 -0.9668214 0 0 0 -1.384568e-19 0.5598304 0.8286072 1.384568e-19 -0.5598304 -0.8286072 0 0 0 -5.299496e-20 -0.2554531 -0.9668214 5.299496e-20 0.2554531 0.9668214 0 0 0 -5.312336e-20 -0.2554531 -0.9668214 5.312336e-20 0.2554531 0.9668214 0 0 0 0 4.371139e-08 -1 -0 -4.371139e-08 1 0 0 0 0 0.5598305 -0.8286072 0 0.5598305 -0.8286072 0 0.5598305 -0.8286072 -0 -0.5598305 0.8286072 -0 -0.5598305 0.8286072 -0 -0.5598305 0.8286072 0 0 0 0 -4.371139e-08 1 -0 4.371139e-08 -1 0 0 0 9.786374e-19 -0.9308834 0.3653165 9.786374e-19 -0.9308834 0.3653165 -9.786374e-19 0.9308834 -0.3653165 -9.786374e-19 0.9308834 -0.3653165 0 0 0 0 -0.9825689 0.1858986 -0 0.9825689 -0.1858986 0 0 0 9.786083e-19 -0.9308833 -0.3653166 -9.786083e-19 0.9308833 0.3653166 0 4.371139e-08 -1 -0 -4.371139e-08 1 0 0 0 1 0 0 -1 -0 -0 0 0 0 1 0 0 -1 -0 -0 0 0 0 0 4.371139e-08 -1 -0 -4.371139e-08 1 0 0 0 0 -4.371139e-08 1 -0 4.371139e-08 -1 0 4.371139e-08 -1 -0 -4.371139e-08 1 0 0 0 -1.384527e-19 0.5598304 0.8286072 -1.384527e-19 0.5598304 0.8286072 -1.384527e-19 0.5598304 0.8286072 1.384527e-19 -0.5598304 -0.8286072 1.384527e-19 -0.5598304 -0.8286072 1.384527e-19 -0.5598304 -0.8286072 0 4.371139e-08 -1 -0 -4.371139e-08 1 0 4.371139e-08 -1 -0 -4.371139e-08 1 0 0 0 1.384527e-19 0.5598305 -0.8286072 1.384527e-19 0.5598305 -0.8286072 1.384527e-19 0.5598305 -0.8286072 -1.384527e-19 -0.5598305 0.8286072 -1.384527e-19 -0.5598305 0.8286072 -1.384527e-19 -0.5598305 0.8286072 0 -4.371139e-08 1 -0 4.371139e-08 -1 0 -0.9308834 0.3653165 -0 0.9308834 -0.3653165 -4.894735e-19 -0.9825689 -0.1858987 4.894735e-19 0.9825689 0.1858987 0 0 0 -9.786083e-19 -0.9308833 -0.3653166 -9.786083e-19 -0.9308833 -0.3653166 9.786083e-19 0.9308833 0.3653166 9.786083e-19 0.9308833 0.3653166 0 0 0 0 4.371139e-08 -1 -0 -4.371139e-08 1 1 0 0 -1 -0 -0 0 0 0 0.7071068 -3.090862e-08 0.7071068 -0.7071068 3.090862e-08 -0.7071068 0 0 0 0 4.371139e-08 -1 -0 -4.371139e-08 1 1.593701e-19 -0.2554532 0.9668214 -1.593701e-19 0.2554532 -0.9668214 0 0 0 1.062451e-19 -0.2554532 0.9668214 -1.062451e-19 0.2554532 -0.9668214 0 0 0 0 0.5598304 0.8286072 0 0.5598304 0.8286072 0 0.5598304 0.8286072 -0 -0.5598304 -0.8286072 -0 -0.5598304 -0.8286072 -0 -0.5598304 -0.8286072 0 0 0 -0.6172086 -0.3826407 -0.6874879 0.6172086 0.3826407 0.6874879 0 0 0 -0.6630446 -0.2429107 -0.7080722 0.6630446 0.2429107 0.7080722 0 0 0 -0.7071068 3.090862e-08 -0.7071068 0.7071068 -3.090862e-08 0.7071068 0 0 0 0 4.371139e-08 -1 -0 -4.371139e-08 1 0 0 0 -1.388314e-19 0.5598305 -0.8286072 -1.388314e-19 0.5598305 -0.8286072 -1.388314e-19 0.5598305 -0.8286072 1.388314e-19 -0.5598305 0.8286072 1.388314e-19 -0.5598305 0.8286072 1.388314e-19 -0.5598305 0.8286072 0 0 0 0 -4.371139e-08 1 -0 4.371139e-08 -1 0 0 0 -1 0 0 -1 0 0 -0.9782424 0.1931257 -0.07579039 0.9782424 -0.1931257 0.07579039 1 -0 -0 1 -0 -0 -0.9802044 0.1948091 -0.03533669 -1 0 0 1 -0 -0 0.9802044 -0.1948091 0.03533669 0 0 0 0 -0.9308833 -0.3653166 -0 0.9308833 0.3653166 0 4.371139e-08 -1 -0 -4.371139e-08 1 0 0 0 1 0 0 -1 -0 -0 0 0 0 1 0 0 -1 -0 -0 0 0 0 0 4.371139e-08 -1 -0 -4.371139e-08 1 0 0 0 0 4.371139e-08 -1 -0 -4.371139e-08 1 0 0 0 0 -4.371139e-08 1 -0 4.371139e-08 -1 0 4.371139e-08 -1 -0 -4.371139e-08 1 0 0 0 0 0.5598304 0.8286072 -0 -0.5598304 -0.8286072 -0.9274396 0.1582465 -0.3388419 0.9274396 -0.1582465 0.3388419 0 4.371139e-08 -1 -0 -4.371139e-08 1 0 0 0 0 0.5598305 -0.8286072 0 0.5598305 -0.8286072 0 0.5598305 -0.8286072 -0 -0.5598305 0.8286072 -0 -0.5598305 0.8286072 -0 -0.5598305 0.8286072 -0.9799123 0.1965632 0.03368811 0.9799123 -0.1965632 -0.03368811 0 0 0 -9.786374e-19 -0.9308833 -0.3653166 -9.786374e-19 -0.9308833 -0.3653166 9.786374e-19 0.9308833 0.3653166 9.786374e-19 0.9308833 0.3653166 0 0 0 0 4.371139e-08 -1 -0 -4.371139e-08 1 1 0 0 -1 -0 -0 0 0 0 1 0 0 -1 -0 -0 0 0 0 0 4.371139e-08 -1 -0 -4.371139e-08 1 0 -4.371139e-08 1 -0 4.371139e-08 -1 0 0 0 1.062451e-19 -0.2554532 0.9668214 -1.062451e-19 0.2554532 -0.9668214 0 0 0 5.312178e-20 -0.2554532 0.9668214 -5.312178e-20 0.2554532 -0.9668214 0 0 0 -4.164942e-19 0.5598304 0.8286072 -4.164942e-19 0.5598304 0.8286072 -4.164942e-19 0.5598304 0.8286072 4.164942e-19 -0.5598304 -0.8286072 4.164942e-19 -0.5598304 -0.8286072 4.164942e-19 -0.5598304 -0.8286072 0 0 0 -0.9853941 -0.1675716 -0.03030215 0.9853941 0.1675716 0.03030215 0 0 0 -0.97563 -0.2138733 -0.04903428 0.97563 0.2138733 0.04903428 0 0 0 -1 0 0 1 -0 -0 0 0 0 -1 0 0 -1 0 0 1 -0 -0 1 -0 -0 0 0 0 -1 0 0 -1 0 0 1 -0 -0 1 -0 -0 0 0 0 -0.9677504 0.2462991 0.05287617 -0.9776528 0.1938317 0.08139011 0.9776528 -0.1938317 -0.08139011 0.9677504 -0.2462991 -0.05287617 0 0 0 -0.9257384 0.1627021 0.3413745 0.9257384 -0.1627021 -0.3413745 -0.9670789 0.2479256 -0.05736957 0.9670789 -0.2479256 0.05736957 0 0 0 -1 0 0 1 -0 -0 1 0 0 -1 -0 -0 0 0 0 1 0 0 -1 -0 -0 0 0 0 0 -4.371139e-08 1 -0 4.371139e-08 -1 0 4.371139e-08 -1 -0 -4.371139e-08 1 0 0 0 0 4.371139e-08 -1 -0 -4.371139e-08 1 0 0 0 0 4.371139e-08 -1 -0 -4.371139e-08 1 0 0 0 0 4.371139e-08 -1 -0 -4.371139e-08 1 0 0 0 -1 0 0 1 -0 -0 0 0 0 1 0 0 -1 -0 -0 0 0 0 1 0 0 -1 -0 -0 0 0 0 0 4.371139e-08 -1 -0 -4.371139e-08 1 0 -4.371139e-08 1 -0 4.371139e-08 -1 0 0 0 0 -4.371139e-08 1 -0 4.371139e-08 -1 0 0 0 5.350749e-20 -0.2554532 0.9668214 -5.350749e-20 0.2554532 -0.9668214 0 0 0 -0.6093649 -0.386048 0.6925615 0.6093649 0.386048 -0.6925615 0 0 0 -1 0 0 1 -0 -0 -0.9851629 -0.169188 0.02879891 0.9851629 0.169188 -0.02879891 0 0 0 -0.9761761 -0.212285 0.04489279 0.9761761 0.212285 -0.04489279 0 0 0 -1 0 0 1 -0 -0 0 0 0 -1 0 0 1 -0 -0 0 0 0 -1 0 0 1 -0 -0 0 0 0 -1 0 0 1 -0 -0 0 0 0 0 1 4.371139e-08 0 1 4.371139e-08 0 1 4.371139e-08 -0 -1 -4.371139e-08 -0 -1 -4.371139e-08 -0 -1 -4.371139e-08 0 0 0 0 1 4.371139e-08 0 1 4.371139e-08 -0 -1 -4.371139e-08 -0 -1 -4.371139e-08 0 -4.371139e-08 1 -0 4.371139e-08 -1 0 1 4.371139e-08 -0 -1 -4.371139e-08 0 1 4.371139e-08 0 1 4.371139e-08 -0 -1 -4.371139e-08 -0 -1 -4.371139e-08 0 0 0 0 1 4.371139e-08 0 1 4.371139e-08 -0 -1 -4.371139e-08 -0 -1 -4.371139e-08 0 0 0 0 1 4.371139e-08 -0 -1 -4.371139e-08 0 1 4.371139e-08 0 1 4.371139e-08 -0 -1 -4.371139e-08 -0 -1 -4.371139e-08 0 0 0 0 1 4.371139e-08 -0 -1 -4.371139e-08 0 0 0 1 0 0 -1 -0 -0 0 0 0 0 -4.371139e-08 1 -0 4.371139e-08 -1 0 0 0 0 -4.371139e-08 1 -0 4.371139e-08 -1 0 0 0 0 -4.371139e-08 1 -0 4.371139e-08 -1 0 0 0 -0.6625559 -0.241222 0.7091062 0.6625559 0.241222 -0.7091062 0 0 0 -0.7071068 -3.090862e-08 0.7071068 0.7071068 3.090862e-08 -0.7071068 0 0 0 -1 0 0 1 -0 -0 0 0 0 -1 0 0 1 -0 -0 0 0 0 -1 0 0 1 -0 -0 0 0 0 0 1 4.371139e-08 -0 -1 -4.371139e-08 0 0 0 0 1 4.371139e-08 -0 -1 -4.371139e-08 0 -4.371139e-08 1 -0 4.371139e-08 -1 0 1 4.371139e-08 -0 -1 -4.371139e-08 0 0 0 0 1 4.371139e-08 -0 -1 -4.371139e-08 0 1 4.371139e-08 -0 -1 -4.371139e-08 0 0 0 0 1 4.371139e-08 -0 -1 -4.371139e-08 0 0 0 0 -4.371139e-08 1 -0 4.371139e-08 -1 0 -4.371139e-08 1 -0 4.371139e-08 -1 0 0 0 0 -4.371139e-08 1 -0 4.371139e-08 -1 0 0 0 0 -4.371139e-08 1 -0 4.371139e-08 -1 0 -4.371139e-08 1 0 -4.371139e-08 1 -0 4.371139e-08 -1 -0 4.371139e-08 -1 0 0 0 0 -4.371139e-08 1 0 -4.371139e-08 1 -0 4.371139e-08 -1 -0 4.371139e-08 -1 0 -4.371139e-08 1 -0 4.371139e-08 -1</float_array>
                    <technique_common>
                        <accessor count="622" source="#ID162" stride="3">
                            <param name="X" type="float" />
                            <param name="Y" type="float" />
                            <param name="Z" type="float" />
                        </accessor>
                    </technique_common>
                </source>
                <source id="ID160">
                    <float_array id="ID163" count="1628">0.806791 0.995015 0.803826 0.994453 0.806793 0.994452 0.806793 0.994452 0.803826 0.994453 0.803828 0.99415 0.806791 0.995015 0.806793 0.994452 0.809758 0.994016 0.806791 0.995015 0.803828 0.995015 0.803826 0.994453 0.806793 0.994452 0.803828 0.99415 0.80679 0.99415 0.803826 0.994453 0.801082 0.993157 0.803828 0.99415 0.806793 0.994452 0.809761 0.993455 0.809758 0.994016 0.010182 0.005364 0.008106 0.005364 0.008116 0.086909 0.012202 0.005364 0.010182 0.005364 0.010192 0.086909 0.803828 0.995015 0.800856 0.993454 0.803826 0.994453 0.80679 0.99415 0.803828 0.99415 0.803827 0.993698 0.806793 0.994452 0.80679 0.99415 0.809761 0.993455 0.803828 0.99415 0.801082 0.993157 0.801079 0.99271 0.803826 0.994453 0.801082 0.993157 0.01427 0.250095 0.01428 0.331669 0.014711 0.331659 0.008106 0.086909 0.010182 0.086909 0.012202 0.005364 0.010182 0.086909 0.012202 0.086909 0.803828 0.995015 0.80086 0.994016 0.800856 0.993454 0.80679 0.99415 0.803827 0.993698 0.806792 0.993697 0.803828 0.99415 0.801079 0.99271 0.803827 0.993698 0.80679 0.99415 0.809536 0.993157 0.809761 0.993455 0.015338 0.086909 0.015348 0.005374 0.014987 0.005364 0.014987 0.086909 0.014997 0.005374 0.01472 0.005364 0.01427 0.250095 0.014711 0.331659 0.014721 0.250095 0.010182 0.086909 0.008106 0.086909 0.008116 0.168467 0.012202 0.086909 0.010182 0.086909 0.010192 0.168467 0.014278 0.005364 0.012202 0.005364 0.012212 0.086909 0.01472 0.086909 0.01473 0.005364 0.014278 0.005364 0.806792 0.993697 0.803827 0.993698 0.803828 0.993342 0.80679 0.99415 0.806792 0.993697 0.809536 0.993157 0.803827 0.993698 0.801079 0.99271 0.800861 0.992357 0.014711 0.250095 0.014721 0.331659 0.014978 0.331659 0.015338 0.086909 0.014987 0.005364 0.014997 0.086909 0.015642 0.086909 0.015338 0.005364 0.015348 0.086909 0.014987 0.086909 0.01472 0.005364 0.01473 0.086909 0.01427 0.168518 0.01428 0.250105 0.014711 0.250095 0.010182 0.086909 0.008106 0.168467 0.010182 0.168467 0.012202 0.086909 0.010182 0.168467 0.012202 0.168467 0.014278 0.005364 0.012202 0.086909 0.014278 0.086909 0.01472 0.086909 0.014278 0.005364 0.014288 0.086919 0.806792 0.993697 0.803828 0.993342 0.806791 0.993343 0.803827 0.993698 0.800861 0.992357 0.803828 0.993342 0.806792 0.993697 0.809539 0.992711 0.809536 0.993157 0.015642 0.086909 0.015652 0.005374 0.015338 0.005364 0.014711 0.250095 0.014978 0.331659 0.014988 0.250105 0.015338 0.168467 0.015348 0.086919 0.014987 0.086909 0.015642 0.168467 0.015652 0.086919 0.015338 0.086909 0.014987 0.168467 0.014997 0.086919 0.01472 0.086909 0.01427 0.168518 0.014711 0.250095 0.014721 0.168518 0.010182 0.168467 0.008106 0.168467 0.008116 0.250026 0.012202 0.168467 0.010182 0.168467 0.010192 0.250026 0.014278 0.086909 0.012202 0.086909 0.012212 0.168467 0.01472 0.168467 0.01473 0.086909 0.014278 0.086909 0.806791 0.993343 0.803828 0.993342 0.803824 0.912327 0.806792 0.993697 0.806791 0.993343 0.809539 0.992711 0.803828 0.993342 0.800861 0.992357 0.800858 0.912327 0.014978 0.250095 0.014988 0.331659 0.01533 0.331659 0.078566 0.086909 0.015642 0.005364 0.015652 0.086909 0.014711 0.168518 0.014721 0.250095 0.014978 0.250095 0.015338 0.168467 0.014987 0.086909 0.014997 0.168467 0.015642 0.168467 0.015338 0.086909 0.015348 0.168467 0.078566 0.168467 0.015642 0.086909 0.015652 0.168467 0.014987 0.168467 0.01472 0.086909 0.01473 0.168467 0.01427 0.086941 0.01428 0.168528 0.014711 0.168518 0.010182 0.168467 0.008106 0.250026 0.010182 0.250026 0.012202 0.168467 0.010182 0.250026 0.012202 0.250026 0.014278 0.086909 0.012202 0.168467 0.014278 0.168467 0.01472 0.168467 0.014278 0.086909 0.014288 0.168477 0.806791 0.993343 0.803824 0.912327 0.806793 0.912327 0.803828 0.993342 0.800858 0.912327 0.803824 0.912327 0.806791 0.993343 0.809756 0.992358 0.809539 0.992711 0.078566 0.086909 0.078576 0.005374 0.015642 0.005364 0.014978 0.250095 0.01533 0.331659 0.01534 0.250105 0.078566 0.168467 0.078576 0.086919 0.015642 0.086909 0.014711 0.168518 0.014978 0.250095 0.014988 0.168528 0.015338 0.250026 0.015348 0.168477 0.014987 0.168467 0.015642 0.250026 0.015652 0.168477 0.015338 0.168467 0.078566 0.250026 0.078576 0.168477 0.015642 0.168467 0.014987 0.250026 0.014997 0.168477 0.01472 0.168467 0.01427 0.086941 0.014711 0.168518 0.014721 0.086941 0.010182 0.250026 0.008106 0.250026 0.008116 0.331564 0.012202 0.250026 0.010182 0.250026 0.010192 0.331564 0.014278 0.168467 0.012202 0.168467 0.012212 0.250026 0.01472 0.250026 0.01473 0.168467 0.014278 0.168467 0.806793 0.912327 0.803824 0.912327 0.803825 0.831176 0.806791 0.993343 0.806793 0.912327 0.809756 0.992358 0.803824 0.912327 0.800858 0.912327 0.800858 0.831176 0.01533 0.250095 0.01534 0.331659 0.015633 0.331659 0.142108 0.086909 0.078566 0.005364 0.078576 0.086909 0.014978 0.168518 0.014988 0.250095 0.01533 0.250095 0.142108 0.168467 0.078566 0.086909 0.078576 0.168467 0.014711 0.086941 0.014721 0.168518 0.014978 0.168518 0.015338 0.250026 0.014987 0.168467 0.014997 0.250026 0.015642 0.250026 0.015338 0.168467 0.015348 0.250026 0.078566 0.250026 0.015642 0.168467 0.015652 0.250026 0.142108 0.250026 0.078566 0.168467 0.078576 0.250026 0.014987 0.250026 0.01472 0.168467 0.01473 0.250026 0.01427 0.005383 0.01428 0.086951 0.014711 0.086941 0.010182 0.250026 0.008106 0.331564 0.010182 0.331564 0.012202 0.250026 0.010182 0.331564 0.012202 0.331564 0.014278 0.168467 0.012202 0.250026 0.014278 0.250026 0.01472 0.250026 0.014278 0.168467 0.014288 0.250036 0.806793 0.912327 0.803825 0.831176 0.806792 0.831176 0.803824 0.912327 0.800858 0.831176 0.803825 0.831176 0.809756 0.992358 0.806793 0.912327 0.809759 0.912327 0.142108 0.086909 0.142118 0.005374 0.078566 0.005364 0.01533 0.250095 0.015633 0.331659 0.015643 0.250105 0.142108 0.168467 0.142118 0.086919 0.078566 0.086909 0.014978 0.168518 0.01533 0.250095 0.01534 0.168528 0.142108 0.250026 0.142118 0.168477 0.078566 0.168467 0.014711 0.086941 0.014978 0.168518 0.014988 0.086951 0.015338 0.331564 0.015348 0.250036 0.014987 0.250026 0.015642 0.331564 0.015652 0.250036 0.015338 0.250026 0.078566 0.331564 0.078576 0.250036 0.015642 0.250026 0.142108 0.331564 0.142118 0.250036 0.078566 0.250026 0.014987 0.331564 0.014997 0.250036 0.01472 0.250026 0.01427 0.005383 0.014711 0.086941 0.014721 0.005383 0.803818 0.995021 0.800848 0.994038 0.800841 0.993479 0.803818 0.995021 0.803815 0.99446 0.806777 0.995022 0.014278 0.250026 0.012202 0.250026 0.012212 0.331564 0.01472 0.331564 0.01473 0.250026 0.014278 0.250026 0.806792 0.831176 0.803825 0.831176 0.803825 0.750021 0.809759 0.912327 0.806793 0.912327 0.806792 0.831176 0.803825 0.831176 0.800858 0.831176 0.800858 0.750021 0.015633 0.250095 0.015643 0.331659 0.078562 0.331659 0.205649 0.086909 0.142108 0.005364 0.142118 0.086909 0.01533 0.168518 0.01534 0.250095 0.015633 0.250095 0.205649 0.168467 0.142108 0.086909 0.142118 0.168467 0.014978 0.086941 0.014988 0.168518 0.01533 0.168518 0.205649 0.250026 0.142108 0.168467 0.142118 0.250026 0.014711 0.005383 0.014721 0.086941 0.014978 0.086941 0.015338 0.331564 0.014987 0.250026 0.014997 0.331564 0.015642 0.331564 0.015338 0.250026 0.015348 0.331564 0.078566 0.331564 0.015642 0.250026 0.015652 0.331564 0.142108 0.331564 0.078566 0.250026 0.078576 0.331564 0.205649 0.331564 0.142108 0.250026 0.142118 0.331564 0.01473 0.331564 0.014987 0.331564 0.01472 0.250026 0.803818 0.995021 0.800841 0.993479 0.803815 0.99446 0.806777 0.995022 0.803815 0.99446 0.806781 0.994459 0.014278 0.250026 0.012202 0.331564 0.014278 0.331564 0.01472 0.331564 0.014278 0.250026 0.014288 0.331574 0.806802 0.831176 0.803825 0.750021 0.806792 0.750021 0.803835 0.831176 0.800858 0.750021 0.803825 0.750021 0.809769 0.912327 0.806792 0.831176 0.809759 0.831176 0.205649 0.086909 0.205659 0.005374 0.142108 0.005364 0.015633 0.250095 0.078562 0.331659 0.078572 0.250105 0.205649 0.168467 0.205659 0.086919 0.142108 0.086909 0.01533 0.168518 0.015633 0.250095 0.015643 0.168528 0.205649 0.250026 0.205659 0.168477 0.142108 0.168467 0.014978 0.086941 0.01533 0.168518 0.01534 0.086951 0.205649 0.331564 0.205659 0.250036 0.142108 0.250026 0.014711 0.005383 0.014978 0.086941 0.014988 0.005393 0.80678 0.993687 0.809529 0.992721 0.809522 0.993165 0.806776 0.993318 0.809741 0.99235 0.809529 0.992721 0.809741 0.99235 0.806783 0.912372 0.809749 0.912372 0.809749 0.912372 0.806782 0.831204 0.80975 0.831205 0.80975 0.831205 0.806784 0.750035 0.809751 0.750035 0.806776 0.99414 0.809522 0.993165 0.809753 0.99348 0.803815 0.99446 0.800841 0.993479 0.801071 0.993164 0.803815 0.99446 0.80382 0.994139 0.806781 0.994459 0.806777 0.995022 0.806781 0.994459 0.809746 0.994038 0.806781 0.994459 0.809753 0.99348 0.809746 0.994038 0.806792 0.750021 0.803825 0.750021 0.803825 0.668873 0.809759 0.831176 0.806792 0.831176 0.806792 0.750021 0.803825 0.750021 0.800858 0.750021 0.800858 0.668873 0.078562 0.250095 0.078572 0.331659 0.142108 0.331659 0.26919 0.086909 0.205649 0.005364 0.205659 0.086909 0.015633 0.168518 0.015643 0.250095 0.078562 0.250095 0.26919 0.168467 0.205649 0.086909 0.205659 0.168467 0.01533 0.086941 0.01534 0.168518 0.015633 0.168518 0.26919 0.250026 0.205649 0.168467 0.205659 0.250026 0.014978 0.005383 0.014988 0.086941 0.01533 0.086941 0.26919 0.331564 0.205649 0.250026 0.205659 0.331564 0.806776 0.99414 0.80678 0.993687 0.809522 0.993165 0.80678 0.993687 0.806776 0.993318 0.809529 0.992721 0.806776 0.993318 0.806783 0.912372 0.809741 0.99235 0.806783 0.912372 0.806782 0.831204 0.809749 0.912372 0.806782 0.831204 0.806784 0.750035 0.80975 0.831205 0.806784 0.750035 0.806785 0.668869 0.809751 0.750035 0.806781 0.994459 0.806776 0.99414 0.809753 0.99348 0.803815 0.99446 0.801071 0.993164 0.80382 0.994139 0.806781 0.994459 0.80382 0.994139 0.806776 0.99414 0.806802 0.750021 0.803825 0.668873 0.806792 0.668873 0.803835 0.750021 0.800858 0.668873 0.803825 0.668873 0.809769 0.831176 0.806792 0.750021 0.809759 0.750021 0.26919 0.086909 0.2692 0.005374 0.205649 0.005364 0.078562 0.250095 0.142108 0.331659 0.142118 0.250105 0.26919 0.168467 0.2692 0.086919 0.205649 0.086909 0.015633 0.168518 0.078562 0.250095 0.078572 0.168528 0.26919 0.250026 0.2692 0.168477 0.205649 0.168467 0.01533 0.086941 0.015633 0.168518 0.015643 0.086951 0.26919 0.331564 0.2692 0.250036 0.205649 0.250026 0.014978 0.005383 0.01533 0.086941 0.01534 0.005393 0.809751 0.750035 0.806785 0.668869 0.809753 0.668869 0.806776 0.99414 0.803817 0.993688 0.80678 0.993687 0.80678 0.993687 0.80382 0.993317 0.806776 0.993318 0.806776 0.993318 0.803811 0.912372 0.806783 0.912372 0.806783 0.912372 0.803815 0.831204 0.806782 0.831204 0.806782 0.831204 0.803816 0.750035 0.806784 0.750035 0.806784 0.750035 0.803817 0.668869 0.806785 0.668869 0.80382 0.994139 0.801071 0.993164 0.801065 0.99272 0.80382 0.994139 0.803817 0.993688 0.806776 0.99414 0.803803 0.91079 0.80677 0.990781 0.803803 0.990781 0.809759 0.750021 0.806792 0.750021 0.806792 0.668873 0.800837 0.91079 0.803803 0.990781 0.800837 0.990781 0.142108 0.250095 0.142118 0.331659 0.205654 0.331659 0.078562 0.168518 0.078572 0.250095 0.142108 0.250095 0.800837 0.830803 0.803803 0.91079 0.800837 0.91079 0.015633 0.086941 0.015643 0.168518 0.078562 0.168518 0.800837 0.750812 0.803803 0.830803 0.800837 0.830803 0.01533 0.005383 0.01534 0.086941 0.015633 0.086941 0.800837 0.670825 0.803803 0.750812 0.800837 0.750812 0.800837 0.670825 0.803803 0.670825 0.803813 0.750812 0.803817 0.993688 0.80382 0.993317 0.80678 0.993687 0.80382 0.993317 0.803811 0.912372 0.806776 0.993318 0.803811 0.912372 0.803815 0.831204 0.806783 0.912372 0.803815 0.831204 0.803816 0.750035 0.806782 0.831204 0.803816 0.750035 0.803817 0.668869 0.806784 0.750035 0.803803 0.670825 0.80677 0.670825 0.80678 0.750812 0.80382 0.994139 0.801065 0.99272 0.803817 0.993688 0.803803 0.91079 0.80677 0.91079 0.80678 0.990781 0.800837 0.91079 0.803803 0.91079 0.803813 0.990781 0.809769 0.750021 0.806792 0.668873 0.809759 0.668873 0.142108 0.250095 0.205654 0.331659 0.205664 0.250105 0.078562 0.168518 0.142108 0.250095 0.142118 0.168528 0.800837 0.830803 0.803803 0.830803 0.803813 0.91079 0.015633 0.086941 0.078562 0.168518 0.078572 0.086951 0.800837 0.750812 0.803803 0.750812 0.803813 0.830803 0.015643 0.005393 0.01533 0.005383 0.015633 0.086941 0.803803 0.670825 0.80677 0.750812 0.803803 0.750812 0.803817 0.993688 0.800853 0.992347 0.80382 0.993317 0.80382 0.993317 0.800846 0.912372 0.803811 0.912372 0.803811 0.912372 0.800847 0.831204 0.803815 0.831204 0.803815 0.831204 0.800848 0.750035 0.803816 0.750035 0.803816 0.750035 0.800849 0.668869 0.803817 0.668869 0.80677 0.670825 0.809737 0.750812 0.80677 0.750812 0.803817 0.993688 0.801065 0.99272 0.800853 0.992347 0.803803 0.830803 0.80677 0.91079 0.803803 0.91079 0.80677 0.91079 0.809737 0.990781 0.80677 0.990781 0.205654 0.250095 0.205664 0.331659 0.2692 0.331659 0.142108 0.168518 0.142118 0.250095 0.205654 0.250095 0.078562 0.086941 0.078572 0.168518 0.142108 0.168518 0.015633 0.005383 0.015643 0.086941 0.078562 0.086941 0.803803 0.750812 0.80677 0.830803 0.803803 0.830803 0.803803 0.750812 0.80677 0.750812 0.80678 0.830803 0.80382 0.993317 0.800853 0.992347 0.800846 0.912372 0.800846 0.912372 0.800847 0.831204 0.803811 0.912372 0.800847 0.831204 0.800848 0.750035 0.803815 0.831204 0.800848 0.750035 0.800849 0.668869 0.803816 0.750035 0.80677 0.670825 0.809737 0.670825 0.809747 0.750812 0.80677 0.750812 0.809737 0.750812 0.809747 0.830803 0.803803 0.830803 0.80677 0.830803 0.80678 0.91079 0.80677 0.91079 0.809737 0.91079 0.809747 0.990781 0.205654 0.250095 0.2692 0.331659 0.26921 0.250105 0.142108 0.168518 0.205654 0.250095 0.205664 0.168528 0.078562 0.086941 0.142108 0.168518 0.142118 0.086951 0.015633 0.005383 0.078562 0.086941 0.078572 0.005393 0.80677 0.750812 0.809737 0.830803 0.80677 0.830803 0.078562 0.005383 0.142108 0.086941 0.142118 0.005393 0.142108 0.005383 0.205654 0.086941 0.205664 0.005393 0.205654 0.005383 0.2692 0.086941 0.26921 0.005393 0.205654 0.086941 0.2692 0.168518 0.26921 0.086951 0.80677 0.830803 0.809737 0.91079 0.80677 0.91079 0.205654 0.168518 0.205664 0.250095 0.2692 0.250095 0.142108 0.086941 0.142118 0.168518 0.205654 0.168518 0.078562 0.005383 0.078572 0.086941 0.142108 0.086941 0.80677 0.830803 0.809737 0.830803 0.809747 0.91079 0.142108 0.005383 0.142118 0.086941 0.205654 0.086941 0.205654 0.005383 0.205664 0.086941 0.2692 0.086941 0.205654 0.086941 0.205664 0.168518 0.2692 0.168518 0.205654 0.168518 0.2692 0.250095 0.26921 0.168528 0.142108 0.086941 0.205654 0.168518 0.205664 0.086951</float_array>
                    <technique_common>
                        <accessor count="814" source="#ID163" stride="2">
                            <param name="S" type="float" />
                            <param name="T" type="float" />
                        </accessor>
                    </technique_common>
                </source>
                <vertices id="ID159">
                    <input semantic="POSITION" source="#ID157" />
                    <input semantic="NORMAL" source="#ID158" />
                </vertices>
                <triangles count="544" material="Material2">
                    <input offset="0" semantic="VERTEX" source="#ID159" />
                    <input offset="1" semantic="TEXCOORD" source="#ID160" />
                    <p>0 0 1 1 2 2 3 2 4 1 5 0 2 3 1 4 9 5 10 5 4 4 3 3 0 6 2 7 12 8 13 8 3 7 5 6 0 9 15 10 1 11 4 11 16 10 5 9 2 12 9 13 18 14 19 14 10 13 3 12 1 15 21 16 9 17 10 17 22 16 4 15 2 18 24 19 12 20 13 20 25 19 3 18 27 21 28 22 29 23 30 23 31 22 32 21 34 24 27 25 35 26 36 26 32 25 37 24 15 27 39 28 1 29 4 29 40 28 16 27 18 30 9 31 42 32 43 32 10 31 19 30 2 33 18 34 24 35 25 35 19 34 3 33 9 36 21 37 45 38 46 38 22 37 10 36 1 39 39 28 21 40 22 40 40 28 4 39 48 41 49 42 50 43 51 43 52 42 53 41 27 25 54 44 35 45 36 45 55 44 32 25 34 46 35 47 56 48 57 48 36 47 37 46 15 49 59 50 39 51 40 51 60 50 16 49 18 52 42 53 62 54 63 54 43 53 19 52 9 55 45 56 42 57 43 57 46 56 10 55 18 58 65 59 24 60 25 60 66 59 19 58 68 61 45 62 21 63 22 63 46 62 69 61 71 64 72 65 73 66 74 66 75 65 76 64 48 67 50 68 78 69 79 69 51 68 53 67 35 70 81 71 82 72 83 72 84 71 36 70 56 73 35 74 86 75 87 75 36 74 57 73 89 76 34 77 56 78 57 78 37 77 90 76 91 79 92 80 93 81 94 81 95 80 96 79 62 82 42 83 98 84 99 84 43 83 63 82 18 85 62 86 65 87 66 87 63 86 19 85 42 88 45 89 101 90 102 90 46 89 43 88 104 91 105 92 106 93 107 93 108 92 109 91 68 94 21 95 110 96 111 96 22 95 69 94 112 97 45 98 68 99 69 99 46 98 113 97 115 100 116 101 117 102 118 102 119 101 120 100 121 103 48 104 78 105 79 105 53 104 122 103 35 106 123 107 86 108 87 108 124 107 36 106 56 109 86 110 125 111 126 111 87 110 57 109 128 112 56 113 129 114 130 114 57 113 131 112 91 115 93 116 133 117 134 117 94 116 96 115 62 118 98 119 135 120 136 120 99 119 63 118 42 121 101 122 98 123 99 123 102 122 43 121 62 124 138 125 65 126 66 126 139 125 63 124 112 127 101 128 45 129 46 129 102 128 113 127 141 130 142 131 143 132 144 132 145 131 146 130 148 133 68 134 110 135 111 135 69 134 149 133 151 136 112 137 68 138 69 138 113 137 152 136 154 139 155 140 156 141 157 141 158 140 159 139 121 142 78 143 161 144 162 144 79 143 122 142 86 145 164 146 165 147 166 147 167 146 87 145 125 148 86 149 169 150 170 150 87 149 126 148 172 151 56 152 125 153 126 153 57 152 173 151 174 154 91 155 133 156 134 156 96 155 175 154 135 157 98 158 177 159 178 159 99 158 136 157 62 160 135 161 138 162 139 162 136 161 63 160 98 163 101 164 180 165 181 165 102 164 99 163 183 166 65 167 138 168 139 168 66 167 184 166 185 169 101 170 112 171 113 171 102 170 186 169 188 172 189 173 190 174 191 174 192 173 193 172 148 175 110 176 194 177 195 177 111 176 149 175 151 178 68 179 148 180 149 180 69 179 152 178 196 181 112 182 151 183 152 183 113 182 197 181 154 184 156 185 199 186 200 186 157 185 159 184 201 187 121 188 161 189 162 189 122 188 202 187 86 190 203 191 169 192 170 192 204 191 87 190 125 193 169 194 205 195 206 195 170 194 126 193 208 196 125 197 209 198 210 198 126 197 211 196 174 199 133 200 213 201 214 201 134 200 175 199 135 202 177 203 215 204 216 204 178 203 136 202 98 205 180 206 177 207 178 207 181 206 99 205 135 208 218 209 138 210 139 210 219 209 136 208 185 211 180 212 101 213 102 213 181 212 186 211 183 214 138 215 221 216 222 216 139 215 184 214 196 217 185 218 112 219 113 219 186 218 197 217 188 220 190 221 224 222 225 222 191 221 193 220 227 223 148 224 194 225 195 225 149 224 228 223 230 226 151 227 148 228 149 228 152 227 231 226 233 229 196 230 151 231 152 231 197 230 234 229 236 232 237 233 238 234 239 234 240 233 241 232 201 235 161 236 243 237 244 237 162 236 202 235 169 238 246 239 247 240 248 240 249 239 170 238 205 241 169 242 251 243 252 243 170 242 206 241 254 244 125 245 205 246 206 246 126 245 255 244 256 247 174 248 213 249 214 249 175 248 257 247 215 250 177 251 259 252 260 252 178 251 216 250 135 253 215 254 218 255 219 255 216 254 136 253 177 256 180 257 262 258 263 258 181 257 178 256 221 259 138 260 218 261 219 261 139 260 222 259 265 262 180 263 185 264 186 264 181 263 266 262 268 265 183 266 221 267 222 267 184 266 269 265 270 268 185 269 196 270 197 270 186 269 271 268 273 271 274 272 275 273 276 273 277 272 278 271 227 274 194 275 279 276 280 276 195 275 228 274 230 277 148 278 227 279 228 279 149 278 231 277 233 280 151 281 230 282 231 282 152 281 234 280 281 283 196 284 233 285 234 285 197 284 282 283 284 286 285 287 286 288 287 288 288 287 289 286 290 289 201 290 243 291 244 291 202 290 291 289 169 292 292 293 251 294 252 294 293 293 170 292 205 295 251 296 294 297 295 297 252 296 206 295 297 298 205 299 298 300 299 300 206 299 300 298 256 301 213 302 302 303 303 303 214 302 257 301 215 304 259 305 304 306 305 306 260 305 216 304 177 307 262 308 259 309 260 309 263 308 178 307 218 310 215 311 307 312 308 312 216 311 219 310 265 313 310 314 180 315 181 315 311 314 266 313 221 316 218 317 312 318 313 318 219 317 222 316 270 319 265 320 185 321 186 321 266 320 271 319 268 322 221 323 315 324 316 324 222 323 269 322 281 325 270 326 196 327 197 327 271 326 282 325 318 328 319 329 320 330 321 330 322 329 323 328 325 331 227 332 279 333 280 333 228 332 326 331 328 334 230 335 227 336 228 336 231 335 329 334 331 337 233 338 230 339 231 339 234 338 332 337 334 340 281 341 233 342 234 342 282 341 335 340 337 343 338 344 339 345 340 345 341 344 342 343 290 346 243 347 344 348 345 348 244 347 291 346 347 349 348 350 349 351 350 351 351 350 352 349 347 352 353 353 354 354 355 354 356 353 352 352 358 355 205 356 294 357 295 357 206 356 359 355 360 358 256 359 302 360 303 360 257 359 361 358 304 361 259 362 363 363 364 363 260 362 305 361 307 364 215 365 304 366 305 366 216 365 308 364 259 367 262 368 366 369 367 369 263 368 260 367 312 370 218 371 307 372 308 372 219 371 313 370 369 373 310 374 265 375 266 375 311 374 370 373 315 376 221 377 312 378 313 378 222 377 316 376 372 379 265 380 270 381 271 381 266 380 373 379 375 382 268 383 315 384 316 384 269 383 376 382 377 385 270 386 281 387 282 387 271 386 378 385 380 388 318 389 320 390 321 390 323 389 381 388 325 391 279 392 382 393 383 393 280 392 326 391 328 394 227 395 325 396 326 396 228 395 329 394 331 397 230 398 328 399 329 399 231 398 332 397 334 400 233 401 331 402 332 402 234 401 335 400 384 403 281 404 334 405 335 405 282 404 385 403 387 406 388 407 389 408 390 408 391 407 392 406 347 409 349 410 353 411 356 411 350 410 352 409 354 412 353 413 393 414 394 414 356 413 355 412 396 415 294 416 397 417 398 417 295 416 399 415 360 418 302 419 401 420 402 420 303 419 361 418 304 421 363 422 403 423 404 423 364 422 305 421 259 424 366 425 363 426 364 426 367 425 260 424 307 427 304 428 406 429 407 429 305 428 308 427 369 430 409 431 310 432 311 432 410 431 370 430 312 433 307 434 411 435 412 435 308 434 313 433 372 436 369 437 265 438 266 438 370 437 373 436 315 439 312 440 414 441 415 441 313 440 316 439 377 442 372 443 270 444 271 444 373 443 378 442 375 445 315 446 417 447 418 447 316 446 376 445 384 448 377 449 281 450 282 450 378 449 385 448 420 451 421 452 422 453 423 453 424 452 425 451 427 454 325 455 382 456 383 456 326 455 428 454 430 457 328 458 325 459 326 459 329 458 431 457 328 460 433 461 331 462 332 462 434 461 329 460 331 463 436 464 437 465 438 465 439 464 332 463 437 466 441 467 442 468 443 468 444 467 438 466 446 469 382 470 447 471 448 471 383 470 449 469 353 472 349 473 451 474 452 474 350 473 356 472 353 475 453 476 393 477 394 477 454 476 356 475 354 478 393 479 456 480 457 480 394 479 355 478 393 481 447 482 456 483 457 483 448 482 394 481 403 484 363 485 458 486 459 486 364 485 404 484 406 487 304 488 403 489 404 489 305 488 407 487 363 490 366 491 461 492 462 492 367 491 364 490 411 493 307 494 464 495 465 495 308 494 412 493 466 496 409 497 369 498 370 498 410 497 467 496 414 499 312 500 411 501 412 501 313 500 415 499 469 502 369 503 372 504 373 504 370 503 470 502 417 505 315 506 414 507 415 507 316 506 418 505 472 508 372 509 377 510 378 510 373 509 473 508 451 511 375 512 417 513 418 513 376 512 452 511 475 514 377 515 384 516 385 516 378 515 476 514 446 517 427 518 382 519 383 519 428 518 449 517 427 520 430 521 325 522 326 522 431 521 428 520 430 523 433 524 328 525 329 525 434 524 431 523 433 526 436 527 331 528 332 528 439 527 434 526 436 529 441 530 437 531 438 531 444 530 439 529 441 532 478 533 442 534 443 534 479 533 444 532 393 535 446 536 447 537 448 537 449 536 394 535 353 538 451 539 453 540 454 540 452 539 356 538 393 541 453 542 446 543 449 543 454 542 394 541 403 544 458 545 481 546 482 546 459 545 404 544 363 547 461 548 458 549 459 549 462 548 364 547 406 550 403 551 484 552 485 552 404 551 407 550 466 553 487 554 409 555 410 555 488 554 467 553 411 556 464 557 489 558 490 558 465 557 412 556 469 559 466 560 369 561 370 561 467 560 470 559 414 562 411 563 492 564 493 564 412 563 415 562 472 565 469 566 372 567 373 567 470 566 473 565 417 568 414 569 495 570 496 570 415 569 418 568 475 571 472 572 377 573 378 573 473 572 476 571 451 574 417 575 498 576 499 576 418 575 452 574 442 577 478 578 501 579 502 579 479 578 443 577 446 580 503 581 427 582 428 582 504 581 449 580 427 583 506 584 430 585 431 585 507 584 428 583 430 586 509 587 433 588 434 588 510 587 431 586 433 589 512 590 436 591 439 591 513 590 434 589 436 592 515 593 441 594 444 594 516 593 439 592 441 595 518 596 478 597 479 597 519 596 444 595 453 598 451 599 498 600 499 600 452 599 454 598 453 601 503 602 446 603 449 603 504 602 454 601 521 604 522 605 523 606 524 606 525 605 526 604 484 607 403 608 481 609 482 609 404 608 485 607 528 610 523 611 529 612 530 612 524 611 531 610 489 613 464 614 532 615 533 615 465 614 490 613 492 616 411 617 489 618 490 618 412 617 493 616 534 619 521 620 528 621 531 621 526 620 535 619 495 622 414 623 492 624 493 624 415 623 496 622 536 625 537 626 534 627 535 627 538 626 539 625 498 628 417 629 495 630 496 630 418 629 499 628 541 631 542 632 536 633 539 633 543 632 544 631 541 634 546 635 542 636 543 636 547 635 544 634 503 637 506 638 427 639 428 639 507 638 504 637 506 640 509 641 430 642 431 642 510 641 507 640 509 643 512 644 433 645 434 645 513 644 510 643 512 646 515 647 436 648 439 648 516 647 513 646 515 649 518 650 441 651 444 651 519 650 516 649 546 652 548 653 549 654 550 654 551 653 547 652 453 655 498 656 503 657 504 657 499 656 454 655 521 658 553 659 522 660 525 660 554 659 526 658 528 661 521 662 523 663 524 663 526 662 531 661 484 664 481 665 556 666 557 666 482 665 485 664 489 667 532 668 559 669 560 669 533 668 490 667 492 670 489 671 562 672 563 672 490 671 493 670 534 673 537 674 521 675 526 675 538 674 535 673 495 676 492 677 565 678 566 678 493 677 496 676 536 679 542 680 537 681 538 681 543 680 539 679 568 682 498 683 495 684 496 684 499 683 569 682 546 685 549 686 542 687 543 687 550 686 547 685 503 688 568 689 506 690 507 690 569 689 504 688 506 691 571 692 509 693 510 693 572 692 507 691 509 694 574 695 512 696 513 696 575 695 510 694 512 697 577 698 515 699 516 699 578 698 513 697 515 700 580 701 518 702 519 702 581 701 516 700 548 703 583 704 549 705 550 705 584 704 551 703 503 706 498 707 568 708 569 708 499 707 504 706 537 709 553 710 521 711 526 711 554 710 538 709 553 712 586 713 522 714 525 714 587 713 554 712 559 715 532 716 588 717 589 717 533 716 560 715 562 718 489 719 559 720 560 720 490 719 563 718 565 721 492 722 562 723 563 723 493 722 566 721 568 724 495 725 565 726 566 726 496 725 569 724 542 727 590 728 537 729 538 729 591 728 543 727 542 730 549 731 590 732 591 732 550 731 543 730 506 733 568 734 571 735 572 735 569 734 507 733 571 736 574 737 509 738 510 738 575 737 572 736 574 739 577 740 512 741 513 741 578 740 575 739 577 742 580 743 515 744 516 744 581 743 578 742 548 745 593 746 583 747 584 747 594 746 551 745 549 748 583 749 595 750 596 750 584 749 550 748 537 751 590 752 553 753 554 753 591 752 538 751 553 754 598 755 586 756 587 756 599 755 554 754 559 757 588 758 601 759 602 759 589 758 560 757 562 760 559 761 603 762 604 762 560 761 563 760 565 763 562 764 606 765 607 765 563 764 566 763 568 766 565 767 571 768 572 768 566 767 569 766 549 769 595 770 590 771 591 771 596 770 550 769 571 772 606 773 609 774 610 774 607 773 572 772 609 775 611 776 612 777 613 777 614 776 610 775 612 778 616 779 617 780 618 780 619 779 613 778 611 781 620 782 616 783 619 783 621 782 614 781 590 784 598 785 553 786 554 786 599 785 591 784 603 787 559 788 601 789 602 789 560 788 604 787 606 790 562 791 603 792 604 792 563 791 607 790 571 793 565 794 606 795 607 795 566 794 572 793 590 796 595 797 598 798 599 798 596 797 591 796 609 799 606 800 611 801 614 801 607 800 610 799 612 802 611 803 616 804 619 804 614 803 613 802 611 805 603 806 620 807 621 807 604 806 614 805 603 808 601 809 620 810 621 810 602 809 604 808 606 811 603 812 611 813 614 813 604 812 607 811</p>
                </triangles>
                <lines count="408" material="Material3">
                    <input offset="0" semantic="VERTEX" source="#ID159" />
                    <p>14 8 8 17 14 26 33 14 41 23 61 17 41 61 67 26 77 23 26 80 33 85 97 41 61 132 67 147 160 77 163 80 168 85 176 97 132 212 147 226 242 160 163 245 250 168 258 176 264 182 253 250 296 253 212 301 226 324 343 242 245 346 346 250 362 258 368 264 333 336 336 386 343 362 400 296 301 400 400 362 309 408 324 426 426 346 463 368 386 477 460 483 463 460 408 486 468 463 471 468 474 471 477 474 477 480 480 520 558 483 486 558 582 520 573 576 576 579 579 582 585 582 597 585 600 558 600 597</p>
                </lines>
            </mesh>
        </geometry>
        <geometry id="ID164">
            <mesh>
                <source id="ID165">
                    <float_array id="ID169" count="1842">3.408 0.0388489 0.5882 3.408 0.03884891 0.5048 0.07525003 0.03884891 0.5048 0.07525003 0.03884891 0.5048 3.408 0.03884891 0.5048 3.408 0.0388489 0.5882 3.408 0.0388489 0.5882 3.408 0.03884891 0.5048 0.07525003 0.03884891 0.5048 6.7407 0.0388489 0.5882 6.7407 0.0388489 0.5882 6.7407 0.0388489 0.5882 3.408 2.663849 0.5048001 0.07525003 0.03884891 0.5048 3.408 0.03884891 0.5048 3.408 0.03884891 0.5048 0.07525003 0.03884891 0.5048 3.408 2.663849 0.5048001 3.408 2.663849 0.5048001 0.07525003 0.0388489 0.5882 0.07525003 0.0388489 0.5882 0.07525003 0.0388489 0.5882 6.7407 0.03884891 0.5048 6.7407 0.03884891 0.5048 6.7407 0.03884891 0.5048 6.7407 0.0388489 0.6716 6.7407 0.0388489 0.6716 6.7407 0.0388489 0.6716 0.07525003 2.663849 0.5048001 0.07525003 2.663849 0.5048001 0.07525003 2.663849 0.5048001 6.7407 2.663849 0.5048001 6.7407 2.663849 0.5048001 6.7407 2.663849 0.5048001 0.07525003 2.663849 0.5048001 0.07525003 0.0388489 0.5882 0.07525003 0.03884891 0.5048 0.07525003 0.03884891 0.5048 0.07525003 0.0388489 0.5882 0.07525003 2.663849 0.5048001 3.408 0.0388489 0.6716 3.408 0.0388489 0.6716 3.408 0.0388489 0.6716 10.07345 0.0388489 0.5882 10.07345 0.0388489 0.5882 10.07345 0.0388489 0.5882 6.7407 0.03884891 0.5048 6.7407 0.03884891 0.5048 10.07345 0.0388489 0.6716 10.07345 0.0388489 0.6716 10.07345 0.0388489 0.6716 3.408 5.288845 0.5048002 3.408 5.288845 0.5048002 3.408 5.288845 0.5048002 6.7407 5.288845 0.5048002 6.7407 5.288845 0.5048002 6.7407 5.288845 0.5048002 0.07525003 2.663849 0.5882001 0.07525003 2.663849 0.5882001 0.07525003 2.663849 0.5882001 0.07525003 0.0388489 0.6716 0.07525003 0.0388489 0.6716 0.07525003 0.0388489 0.6716 10.07345 0.03884891 0.5048 10.07345 0.03884891 0.5048 10.07345 0.03884891 0.5048 10.07345 2.663849 0.5048001 10.07345 2.663849 0.5048001 10.07345 2.663849 0.5048001 10.07345 0.0388489 0.75505 10.07345 0.0388489 0.75505 10.07345 0.0388489 0.75505 6.7407 0.0388489 0.75505 6.7407 0.0388489 0.75505 6.7407 0.0388489 0.75505 0.07525003 5.288845 0.5048002 0.07525003 5.288845 0.5048002 0.07525003 5.288845 0.5048002 10.07345 5.288845 0.5048002 10.07345 5.288845 0.5048002 10.07345 5.288845 0.5048002 0.07525003 5.288845 0.5048002 0.07525003 5.288845 0.5048002 0.07525003 0.0388489 0.6716 0.07525003 0.0388489 0.6716 3.408 0.0388489 0.75505 3.408 0.0388489 0.75505 3.408 0.0388489 0.75505 13.40615 0.0388489 0.5882 13.40615 0.0388489 0.5882 13.40615 0.0388489 0.5882 10.07345 0.03884891 0.5048 10.07345 0.03884891 0.5048 13.40615 0.0388489 0.6716 13.40615 0.0388489 0.6716 13.40615 0.0388489 0.6716 13.40615 0.0388489 0.75505 13.40615 0.0388489 0.75505 13.40615 0.0388489 0.75505 3.408 7.913849 0.5048004 3.408 7.913849 0.5048004 3.408 7.913849 0.5048004 6.7407 7.913849 0.5048004 6.7407 7.913849 0.5048004 6.7407 7.913849 0.5048004 10.07345 7.913849 0.5048004 10.07345 7.913849 0.5048004 10.07345 7.913849 0.5048004 0.07525003 5.288845 0.5882002 0.07525003 5.288845 0.5882002 0.07525003 5.288845 0.5882002 0.07525003 2.663849 0.6716001 0.07525003 2.663849 0.6716001 0.07525003 2.663849 0.6716001 0.07525003 0.0388489 0.75505 0.07525003 0.0388489 0.75505 0.07525003 0.0388489 0.75505 13.40615 0.03884891 0.5048 13.40615 0.03884891 0.5048 13.40615 0.03884891 0.5048 13.40615 2.663849 0.5048001 13.40615 2.663849 0.5048001 13.40615 2.663849 0.5048001 13.40615 5.288845 0.5048002 13.40615 5.288845 0.5048002 13.40615 5.288845 0.5048002 13.40615 0.0388489 0.75505 10.07345 0.0388489 0.75505 10.07345 2.663849 0.7550501 10.07345 2.663849 0.7550501 10.07345 0.0388489 0.75505 13.40615 0.0388489 0.75505 10.07345 2.663849 0.7550501 6.7407 0.0388489 0.75505 6.7407 2.663849 0.7550501 6.7407 2.663849 0.7550501 6.7407 0.0388489 0.75505 6.7407 2.663849 0.7550501 3.408 0.0388489 0.75505 3.408 2.663849 0.7550501 3.408 2.663849 0.7550501 3.408 0.0388489 0.75505 3.408 2.663849 0.7550501 0.07525003 7.913849 0.5048004 0.07525003 7.913849 0.5048004 0.07525003 7.913849 0.5048004 13.40615 7.913849 0.5048004 13.40615 7.913849 0.5048004 13.40615 7.913849 0.5048004 0.07525003 0.0388489 0.75505 0.07525003 0.0388489 0.75505 0.07525003 0.0388489 0.75505 0.07525003 2.663849 0.7550501 0.07525003 2.663849 0.7550501 0.07525003 0.0388489 0.75505 0.07525003 2.663849 0.7550501 13.40615 2.663849 0.5882001 13.40615 0.03884891 0.5048 13.40615 0.0388489 0.5882 13.40615 0.0388489 0.5882 13.40615 0.03884891 0.5048 13.40615 2.663849 0.5882001 13.40615 2.663849 0.5882001 13.40615 0.03884891 0.5048 13.40615 0.03884891 0.5048 13.40615 2.663849 0.6716001 13.40615 0.0388489 0.6716 13.40615 0.0388489 0.6716 13.40615 2.663849 0.6716001 13.40615 2.663849 0.6716001 13.40615 2.663849 0.7550501 13.40615 0.0388489 0.75505 13.40615 0.0388489 0.75505 13.40615 2.663849 0.7550501 13.40615 2.663849 0.7550501 13.40615 2.663849 0.7550501 13.40615 2.663849 0.7550501 3.408 10.50415 0.5048005 3.408 10.50415 0.5048005 3.408 10.50415 0.5048005 6.7407 10.50415 0.5048005 6.7407 10.50415 0.5048005 6.7407 10.50415 0.5048005 10.07345 10.50415 0.5048005 10.07345 10.50415 0.5048005 10.07345 10.50415 0.5048005 13.40615 10.50415 0.5048005 13.40615 10.50415 0.5048005 13.40615 10.50415 0.5048005 0.07525003 7.913849 0.5882004 0.07525003 7.913849 0.5882004 0.07525003 7.913849 0.5882004 0.07525003 5.288845 0.6716002 0.07525003 5.288845 0.6716002 0.07525003 5.288845 0.6716002 0.07525003 2.663849 0.7550501 0.07525003 2.663849 0.7550501 13.40615 2.663849 0.5048001 13.40615 2.663849 0.5048001 13.40615 5.288845 0.5048002 13.40615 5.288845 0.5882002 13.40615 5.288845 0.5882002 13.40615 5.288845 0.5048002 13.40615 5.288845 0.5882002 13.40615 7.913849 0.5882004 13.40615 7.913849 0.5882004 13.40615 7.913849 0.5882004 10.07345 5.288845 0.7550503 10.07345 5.288845 0.7550503 10.07345 5.288845 0.7550503 6.7407 5.288845 0.7550503 6.7407 5.288845 0.7550503 6.7407 5.288845 0.7550503 3.408 5.288845 0.7550503 3.408 5.288845 0.7550503 3.408 5.288845 0.7550503 0.07525003 5.288845 0.7550503 0.07525003 5.288845 0.7550503 0.07525003 5.288845 0.7550503 0.07525003 10.50415 0.5048005 0.07525003 10.50415 0.5048005 0.07525003 10.50415 0.5048005 13.40615 10.53645 0.5882005 13.40615 10.53645 0.5882005 13.40615 10.53645 0.5882005 13.40615 5.288845 0.6716002 13.40615 5.288845 0.6716002 13.40615 5.288845 0.6716002 13.40615 5.288845 0.7550503 13.40615 5.288845 0.7550503 13.40615 5.288845 0.7550503 13.40615 5.288845 0.7550503 13.40615 5.288845 0.7550503 0.07525003 5.288845 0.7550503 0.07525003 5.288845 0.7550503 3.408 10.51514 0.5110505 3.408 10.51514 0.5110505 3.408 10.51514 0.5110505 6.7407 10.51514 0.5110505 6.7407 10.51514 0.5110505 6.7407 10.51514 0.5110505 10.07345 10.51514 0.5110505 10.07345 10.51514 0.5110505 10.07345 10.51514 0.5110505 13.40165 10.51514 0.5110505 13.40165 10.51514 0.5110505 13.40165 10.51514 0.5110505 13.40165 10.5476 0.5882005 13.40165 10.5476 0.5882005 13.40165 10.5476 0.5882005 0.07525003 10.53645 0.5882005 0.07525003 10.53645 0.5882005 0.07525003 10.53645 0.5882005 0.07525003 7.913849 0.6716003 0.07525003 7.913849 0.6716003 0.07525003 7.913849 0.6716003 13.40615 7.913849 0.6716003 13.40615 7.913849 0.6716003 13.40615 7.913849 0.6716003 13.40615 10.53645 0.6716005 13.40615 10.53645 0.6716005 13.40615 10.53645 0.6716005 10.07345 7.913849 0.7550504 10.07345 7.913849 0.7550504 10.07345 7.913849 0.7550504 6.7407 7.913849 0.7550504 6.7407 7.913849 0.7550504 6.7407 7.913849 0.7550504 3.408 7.913849 0.7550504 3.408 7.913849 0.7550504 3.408 7.913849 0.7550504 0.07525003 7.913849 0.7550504 0.07525003 7.913849 0.7550504 0.07525003 7.913849 0.7550504 0.07815015 10.51514 0.5110505 0.07815015 10.51514 0.5110505 0.07815015 10.51514 0.5110505 13.40165 10.5476 0.6716005 13.40165 10.5476 0.6716005 13.40165 10.5476 0.6716005 13.40615 7.913849 0.7550504 13.40615 7.913849 0.7550504 13.40615 7.913849 0.7550504 3.408 10.5296 0.5110505 3.408 10.5296 0.5110505 3.408 10.5296 0.5110505 6.7407 10.5296 0.5110505 6.7407 10.5296 0.5110505 6.7407 10.5296 0.5110505 10.07345 10.5296 0.5110505 10.07345 10.5296 0.5110505 10.07345 10.5296 0.5110505 13.40165 10.5296 0.5110505 13.40165 10.5296 0.5110505 13.40165 10.5296 0.5110505 13.40165 10.56224 0.5882005 13.40165 10.56224 0.5882005 13.40165 10.56224 0.5882005 13.40165 10.56224 0.6716005 13.40165 10.56224 0.6716005 13.40165 10.56224 0.6716005 0.07815015 10.5476 0.5882005 0.07815015 10.5476 0.5882005 0.07815015 10.5476 0.5882005 0.07525003 10.53645 0.6716005 0.07525003 10.53645 0.6716005 0.07525003 10.53645 0.6716005 13.40615 10.50415 0.7550505 13.40615 10.50415 0.7550505 13.40615 10.50415 0.7550505 13.40165 10.51514 0.7488005 13.40165 10.51514 0.7488005 13.40165 10.51514 0.7488005 10.07345 10.50415 0.7550505 10.07345 10.50415 0.7550505 10.07345 10.50415 0.7550505 6.7407 10.50415 0.7550505 6.7407 10.50415 0.7550505 6.7407 10.50415 0.7550505 3.408 10.50415 0.7550505 3.408 10.50415 0.7550505 3.408 10.50415 0.7550505 0.07525003 10.50415 0.7550505 0.07525003 10.50415 0.7550505 0.07525003 10.50415 0.7550505 0.07815015 10.5296 0.5110505 0.07815015 10.5296 0.5110505 0.07815015 10.5296 0.5110505 13.40165 10.5296 0.7488005 13.40165 10.5296 0.7488005 13.40165 10.5296 0.7488005 3.408 10.53885 0.5048005 0.07815015 10.5296 0.5110505 3.408 10.5296 0.5110505 3.408 10.5296 0.5110505 0.07815015 10.5296 0.5110505 3.408 10.53885 0.5048005 3.408 10.53885 0.5048005 6.7407 10.53885 0.5048005 6.7407 10.5296 0.5110505 6.7407 10.5296 0.5110505 6.7407 10.53885 0.5048005 6.7407 10.53885 0.5048005 10.07345 10.53885 0.5048005 10.07345 10.5296 0.5110505 10.07345 10.5296 0.5110505 10.07345 10.53885 0.5048005 10.07345 10.53885 0.5048005 13.40615 10.53885 0.5048005 10.07345 10.5296 0.5110505 13.40165 10.5296 0.5110505 13.40165 10.5296 0.5110505 10.07345 10.5296 0.5110505 13.40615 10.53885 0.5048005 13.40615 10.53885 0.5048005 13.40615 10.5716 0.5882005 13.40615 10.5716 0.5882005 13.40615 10.5716 0.5882005 13.40615 10.5716 0.6716005 13.40615 10.5716 0.6716005 13.40615 10.5716 0.6716005 13.40615 10.53885 0.7550505 13.40615 10.53885 0.7550505 13.40615 10.53885 0.7550505 0.07815015 10.56224 0.5882005 0.07815015 10.56224 0.5882005 0.07815015 10.56224 0.5882005 0.07815015 10.5476 0.6716005 0.07815015 10.5476 0.6716005 0.07815015 10.5476 0.6716005 10.07345 10.51514 0.7488005 10.07345 10.51514 0.7488005 10.07345 10.51514 0.7488005 10.07345 10.5296 0.7488005 10.07345 10.5296 0.7488005 10.07345 10.5296 0.7488005 6.7407 10.51514 0.7488005 6.7407 10.51514 0.7488005 6.7407 10.51514 0.7488005 3.408 10.51514 0.7488005 3.408 10.51514 0.7488005 3.408 10.51514 0.7488005 0.07815015 10.51514 0.7488005 0.07815015 10.51514 0.7488005 0.07815015 10.51514 0.7488005 0.07525003 10.53885 0.5048005 0.07525003 10.53885 0.5048005 0.07525003 10.53885 0.5048005 6.7407 10.53885 0.5048005 3.408 10.53885 0.5048005 3.408 10.5296 0.5110505 3.408 10.5296 0.5110505 3.408 10.53885 0.5048005 6.7407 10.53885 0.5048005 13.40615 10.53885 0.5048005 13.40615 10.53885 0.5048005 13.40615 10.53885 0.5048005 13.40615 10.53885 0.5048005 13.40615 10.53885 0.7550505 13.40165 10.5296 0.7488005 10.07345 10.53885 0.7550505 10.07345 10.53885 0.7550505 13.40165 10.5296 0.7488005 13.40615 10.53885 0.7550505 10.07345 10.53885 0.7550505 0.07525003 10.53885 0.5048005 0.07525003 10.53885 0.5048005 13.40165 10.5296 0.7488005 10.07345 10.5296 0.7488005 10.07345 10.53885 0.7550505 10.07345 10.53885 0.7550505 10.07345 10.5296 0.7488005 13.40165 10.5296 0.7488005 3.408 10.55709 0.5048005 0.07525003 10.53885 0.5048005 3.408 10.53885 0.5048005 3.408 10.53885 0.5048005 0.07525003 10.53885 0.5048005 3.408 10.55709 0.5048005 3.408 10.55709 0.5048005 6.7407 10.55709 0.5048005 6.7407 10.53885 0.5048005 6.7407 10.53885 0.5048005 6.7407 10.55709 0.5048005 6.7407 10.55709 0.5048005 10.07345 10.55709 0.5048005 10.07345 10.53885 0.5048005 10.07345 10.53885 0.5048005 10.07345 10.55709 0.5048005 10.07345 10.55709 0.5048005 13.40615 10.55709 0.5048005 13.40615 10.53885 0.5048005 13.40615 10.53885 0.5048005 13.40615 10.55709 0.5048005 13.40615 10.55709 0.5048005 13.40615 10.58985 0.5882005 13.40615 10.58985 0.5882005 13.40615 10.58985 0.5882005 13.40615 10.58985 0.6716005 13.40615 10.58985 0.6716005 13.40615 10.58985 0.6716005 13.40615 10.55709 0.7550505 13.40615 10.55709 0.7550505 13.40615 10.55709 0.7550505 13.40615 10.53885 0.7550505 10.07345 10.53885 0.7550505 10.07345 10.55709 0.7550505 10.07345 10.55709 0.7550505 10.07345 10.53885 0.7550505 13.40615 10.53885 0.7550505 10.07345 10.55709 0.7550505 0.07525003 10.5716 0.5882005 0.07525003 10.5716 0.5882005 0.07525003 10.5716 0.5882005 0.07815015 10.56224 0.6716005 0.07815015 10.56224 0.6716005 0.07815015 10.56224 0.6716005 6.7407 10.5296 0.7488005 6.7407 10.5296 0.7488005 6.7407 10.5296 0.7488005 10.07345 10.5296 0.7488005 6.7407 10.53885 0.7550505 10.07345 10.53885 0.7550505 10.07345 10.53885 0.7550505 6.7407 10.53885 0.7550505 10.07345 10.5296 0.7488005 6.7407 10.53885 0.7550505 3.408 10.5296 0.7488005 3.408 10.5296 0.7488005 3.408 10.5296 0.7488005 0.07815015 10.5296 0.7488005 0.07815015 10.5296 0.7488005 0.07815015 10.5296 0.7488005 0.07525003 10.55709 0.5048005 0.07525003 10.55709 0.5048005 0.07525003 10.55709 0.5048005 13.40615 10.55709 0.5048005 13.40615 10.55709 0.5048005 13.40615 10.55709 0.7550505 13.40615 10.55709 0.7550505 6.7407 10.55709 0.7550505 6.7407 10.55709 0.7550505 6.7407 10.55709 0.7550505 0.07525003 10.55709 0.5048005 0.07525003 10.55709 0.5048005 10.07345 10.5296 0.7488005 6.7407 10.5296 0.7488005 6.7407 10.53885 0.7550505 6.7407 10.53885 0.7550505 6.7407 10.5296 0.7488005 10.07345 10.5296 0.7488005 6.7407 10.53885 0.7550505 6.7407 10.53885 0.7550505 3.408 10.58985 0.5882005 3.408 10.55709 0.5048005 6.7407 10.55709 0.5048005 6.7407 10.55709 0.5048005 3.408 10.55709 0.5048005 3.408 10.58985 0.5882005 3.408 10.58985 0.5882005 0.07525003 10.58985 0.5882005 0.07525003 10.55709 0.5048005 3.408 10.55709 0.5048005 3.408 10.55709 0.5048005 0.07525003 10.55709 0.5048005 0.07525003 10.58985 0.5882005 0.07525003 10.58985 0.5882005 6.7407 10.58985 0.5882005 6.7407 10.55709 0.5048005 10.07345 10.55709 0.5048005 10.07345 10.55709 0.5048005 6.7407 10.55709 0.5048005 6.7407 10.58985 0.5882005 6.7407 10.58985 0.5882005 10.07345 10.58985 0.5882005 10.07345 10.55709 0.5048005 13.40615 10.55709 0.5048005 13.40615 10.55709 0.5048005 10.07345 10.55709 0.5048005 10.07345 10.58985 0.5882005 10.07345 10.58985 0.5882005 13.40615 10.58985 0.5882005 13.40615 10.58985 0.5882005 10.07345 10.58985 0.6716005 13.40615 10.58985 0.6716005 13.40615 10.58985 0.6716005 10.07345 10.58985 0.6716005 10.07345 10.58985 0.6716005 10.07345 10.55709 0.7550505 13.40615 10.55709 0.7550505 13.40615 10.55709 0.7550505 10.07345 10.55709 0.7550505 6.7407 10.55709 0.7550505 10.07345 10.55709 0.7550505 10.07345 10.55709 0.7550505 6.7407 10.55709 0.7550505 0.07525003 10.58985 0.5882005 0.07525003 10.58985 0.5882005 0.07525003 10.5716 0.6716005 0.07525003 10.5716 0.6716005 0.07525003 10.5716 0.6716005 6.7407 10.5296 0.7488005 3.408 10.53885 0.7550505 6.7407 10.53885 0.7550505 6.7407 10.53885 0.7550505 3.408 10.53885 0.7550505 6.7407 10.5296 0.7488005 3.408 10.53885 0.7550505 3.408 10.55709 0.7550505 3.408 10.55709 0.7550505 3.408 10.55709 0.7550505 6.7407 10.5296 0.7488005 3.408 10.5296 0.7488005 3.408 10.53885 0.7550505 3.408 10.53885 0.7550505 3.408 10.5296 0.7488005 6.7407 10.5296 0.7488005 3.408 10.5296 0.7488005 0.07815015 10.5296 0.7488005 0.07525003 10.53885 0.7550505 0.07525003 10.53885 0.7550505 0.07815015 10.5296 0.7488005 3.408 10.5296 0.7488005 0.07525003 10.53885 0.7550505 3.408 10.55709 0.5048005 3.408 10.55709 0.5048005 6.7407 10.55709 0.5048005 6.7407 10.55709 0.5048005 10.07345 10.55709 0.5048005 10.07345 10.55709 0.5048005 10.07345 10.55709 0.7550505 10.07345 10.55709 0.7550505 6.7407 10.55709 0.7550505 6.7407 10.58985 0.6716005 6.7407 10.58985 0.6716005 6.7407 10.55709 0.7550505 6.7407 10.58985 0.6716005 3.408 10.53885 0.7550505 3.408 10.53885 0.7550505 3.408 10.55709 0.7550505 6.7407 10.55709 0.7550505 6.7407 10.55709 0.7550505 3.408 10.55709 0.7550505 3.408 10.5296 0.7488005 0.07525003 10.53885 0.7550505 3.408 10.53885 0.7550505 3.408 10.53885 0.7550505 0.07525003 10.53885 0.7550505 3.408 10.5296 0.7488005 0.07525003 10.53885 0.7550505 0.07525003 10.53885 0.7550505 0.07525003 10.58985 0.6716005 0.07525003 10.58985 0.6716005 0.07525003 10.58985 0.6716005 3.408 10.58985 0.6716005 3.408 10.58985 0.6716005 3.408 10.58985 0.6716005 0.07525003 10.58985 0.6716005 0.07525003 10.58985 0.6716005 0.07525003 10.55709 0.7550505 0.07525003 10.55709 0.7550505 0.07525003 10.55709 0.7550505 3.408 10.55709 0.7550505 3.408 10.55709 0.7550505 0.07525003 10.53885 0.7550505 0.07525003 10.53885 0.7550505 0.07525003 10.55709 0.7550505 3.408 10.55709 0.7550505 3.408 10.55709 0.7550505 0.07525003 10.55709 0.7550505 0.07525003 10.55709 0.7550505 0.07525003 10.55709 0.7550505 0.07525003 10.55709 0.7550505 0.07525003 10.55709 0.7550505</float_array>
                    <technique_common>
                        <accessor count="614" source="#ID169" stride="3">
                            <param name="X" type="float" />
                            <param name="Y" type="float" />
                            <param name="Z" type="float" />
                        </accessor>
                    </technique_common>
                </source>
                <source id="ID166">
                    <float_array id="ID170" count="1842">0 1 4.371139e-08 0 1 4.371139e-08 0 1 4.371139e-08 -0 -1 -4.371139e-08 -0 -1 -4.371139e-08 -0 -1 -4.371139e-08 0 0 0 0 0 0 0 0 0 0 1 4.371139e-08 -0 -1 -4.371139e-08 0 0 0 0 -4.371139e-08 1 0 -4.371139e-08 1 0 -4.371139e-08 1 -0 4.371139e-08 -1 -0 4.371139e-08 -1 -0 4.371139e-08 -1 0 0 0 0 1 4.371139e-08 -0 -1 -4.371139e-08 0 0 0 0 1 4.371139e-08 -0 -1 -4.371139e-08 0 0 0 0 1 4.371139e-08 -0 -1 -4.371139e-08 0 0 0 0 -4.371139e-08 1 -0 4.371139e-08 -1 0 0 0 0 -4.371139e-08 1 -0 4.371139e-08 -1 0 0 0 1 0 0 1 0 0 1 0 0 -1 -0 -0 -1 -0 -0 -1 -0 -0 0 1 4.371139e-08 -0 -1 -4.371139e-08 0 0 0 0 1 4.371139e-08 -0 -1 -4.371139e-08 0 0 0 0 -4.371139e-08 1 -0 4.371139e-08 -1 0 1 4.371139e-08 -0 -1 -4.371139e-08 0 0 0 0 -4.371139e-08 1 -0 4.371139e-08 -1 0 0 0 0 -4.371139e-08 1 -0 4.371139e-08 -1 0 0 0 1 0 0 -1 -0 -0 0 0 0 0 1 4.371139e-08 -0 -1 -4.371139e-08 0 0 0 0 1 4.371139e-08 -0 -1 -4.371139e-08 0 0 0 0 -4.371139e-08 1 -0 4.371139e-08 -1 0 0 0 0 1 4.371139e-08 -0 -1 -4.371139e-08 0 0 0 0 1 4.371139e-08 -0 -1 -4.371139e-08 0 0 0 0 -4.371139e-08 1 -0 4.371139e-08 -1 0 0 0 0 -4.371139e-08 1 -0 4.371139e-08 -1 0 0 0 1 0 0 -1 -0 -0 1 0 0 -1 -0 -0 0 1 4.371139e-08 -0 -1 -4.371139e-08 0 0 0 0 1 4.371139e-08 -0 -1 -4.371139e-08 0 0 0 0 -4.371139e-08 1 -0 4.371139e-08 -1 0 1 4.371139e-08 -0 -1 -4.371139e-08 0 0 0 0 1 4.371139e-08 -0 -1 -4.371139e-08 0 0 0 0 -4.371139e-08 1 -0 4.371139e-08 -1 0 0 0 0 -4.371139e-08 1 -0 4.371139e-08 -1 0 0 0 0 -4.371139e-08 1 -0 4.371139e-08 -1 0 0 0 1 0 0 -1 -0 -0 0 0 0 1 0 0 -1 -0 -0 0 0 0 0 1 4.371139e-08 -0 -1 -4.371139e-08 0 0 0 0 1 4.371139e-08 -0 -1 -4.371139e-08 0 0 0 0 -4.371139e-08 1 -0 4.371139e-08 -1 0 0 0 0 -4.371139e-08 1 -0 4.371139e-08 -1 0 0 0 0 4.371139e-08 -1 0 4.371139e-08 -1 0 4.371139e-08 -1 -0 -4.371139e-08 1 -0 -4.371139e-08 1 -0 -4.371139e-08 1 0 0 0 0 4.371139e-08 -1 0 4.371139e-08 -1 -0 -4.371139e-08 1 -0 -4.371139e-08 1 0 0 0 0 4.371139e-08 -1 0 4.371139e-08 -1 -0 -4.371139e-08 1 -0 -4.371139e-08 1 0 0 0 0.7071068 -3.090862e-08 0.7071068 -0.7071068 3.090862e-08 -0.7071068 0 0 0 -0.7071068 -3.090862e-08 0.7071068 0.7071068 3.090862e-08 -0.7071068 0 0 0 1 0 0 -1 -0 -0 0 4.371139e-08 -1 0 4.371139e-08 -1 -0 -4.371139e-08 1 -0 -4.371139e-08 1 0 0 0 -1 0 0 -1 0 0 -1 0 0 1 -0 -0 1 -0 -0 1 -0 -0 0 0 0 0 -4.371139e-08 1 -0 4.371139e-08 -1 -1 0 0 -1 0 0 1 -0 -0 1 -0 -0 0 0 0 -1 0 0 -1 0 0 1 -0 -0 1 -0 -0 0 0 0 0 4.371139e-08 -1 -0 -4.371139e-08 1 1.063103e-19 -0.2555252 0.9668024 -1.063103e-19 0.2555252 -0.9668024 0 0 0 0 -0.2555252 0.9668024 -0 0.2555252 -0.9668024 0 0 0 0 -0.2555252 0.9668024 -0 0.2555252 -0.9668024 0 0 0 -0.6625271 -0.2412359 0.7091284 0.6625271 0.2412359 -0.7091284 0 0 0 1 0 0 -1 -0 -0 0 0 0 1 0 0 -1 -0 -0 0 0 0 1 0 0 -1 -0 -0 -1 0 0 1 -0 -0 -1 0 0 -1 0 0 1 -0 -0 1 -0 -0 0 0 0 -1 0 0 1 -0 -0 0 0 0 0 4.371139e-08 -1 -0 -4.371139e-08 1 0 0 0 0 4.371139e-08 -1 -0 -4.371139e-08 1 0 0 0 0 4.371139e-08 -1 -0 -4.371139e-08 1 0 0 0 0 4.371139e-08 -1 -0 -4.371139e-08 1 0 0 0 0.6609784 -0.2256918 0.7156611 -0.6609784 0.2256918 -0.7156611 0 0 0 -0.9763661 -0.2114401 0.04474672 0.9763661 0.2114401 -0.04474672 0 0 0 -1 0 0 1 -0 -0 0 0 0 -1 0 0 1 -0 -0 0 0 0 0 4.371139e-08 -1 -0 -4.371139e-08 1 1 0 0 -1 -0 -0 1.060534e-19 -0.2555252 0.9668024 -1.060534e-19 0.2555252 -0.9668024 0 0 0 0 -0.2555252 0.9668024 -0 0.2555252 -0.9668024 0 0 0 0 -0.2555252 0.9668024 -0 0.2555252 -0.9668024 0 0 0 -0.6090192 -0.3862938 0.6927285 0.6090192 0.3862938 -0.6927285 0 0 0 -0.9852876 -0.168478 0.02869678 0.9852876 0.168478 -0.02869678 0 0 0 0.9892525 -0.1424498 0.032978 -0.9892525 0.1424498 -0.032978 0 0 0 1 0 0 -1 -0 -0 0 0 0 -1 0 0 1 -0 -0 0 0 0 -0.9758154 -0.2130485 -0.04893555 0.9758154 0.2130485 0.04893555 0 0 0 0 4.371139e-08 -1 -0 -4.371139e-08 1 0 0 0 0 4.371139e-08 -1 -0 -4.371139e-08 1 0 0 0 0 4.371139e-08 -1 -0 -4.371139e-08 1 0 0 0 0.7071068 3.090862e-08 -0.7071068 -0.7071068 -3.090862e-08 0.7071068 0 0 0 0.6745077 -0.3212081 0.664729 -0.6745077 0.3212081 -0.664729 0 0 0 -0.9855202 -0.1668448 -0.03021312 0.9855202 0.1668448 0.03021312 0 0 0 -0.7071068 3.090862e-08 -0.7071068 0.7071068 -3.090862e-08 0.7071068 0 0 0 0 -4.371139e-08 1 -0 4.371139e-08 -1 0 0 0 0 -4.371139e-08 1 -0 4.371139e-08 -1 0 0 0 0 -4.371139e-08 1 -0 4.371139e-08 -1 0 0 0 -0.9257501 0.162697 0.341345 0.9257501 -0.162697 -0.341345 0 0 0 -0.967085 0.2478961 -0.05739536 0.967085 -0.2478961 0.05739536 0 0 0 -0.9677612 0.2462586 0.05286746 0.9677612 -0.2462586 -0.05286746 0 0 0 0.9936318 -0.1108858 0.02000533 -0.9936318 0.1108858 -0.02000533 0 0 0 0.9895115 -0.1412898 -0.03006813 -0.9895115 0.1412898 0.03006813 0 0 0 -0.6630313 -0.2429792 -0.7080611 0.6630313 0.2429792 0.7080611 0 0 0 -0.6171186 -0.3827835 -0.6874892 0.6171186 0.3827835 0.6874892 0 0 0 5.315511e-20 -0.2555261 -0.9668022 -5.315511e-20 0.2555261 0.9668022 0 0 0 1.064403e-19 -0.2555261 -0.9668022 -1.064403e-19 0.2555261 0.9668022 0 0 0 1.594324e-19 -0.2555261 -0.9668022 -1.594324e-19 0.2555261 0.9668022 0 0 0 0.6605978 -0.2245808 -0.7163616 -0.6605978 0.2245808 0.7163616 0 0 0 0.929581 0.1049431 0.3533639 -0.929581 -0.1049431 -0.3533639 0 0 0 -0.9274345 0.158284 -0.3388385 0.9274345 -0.158284 0.3388385 0 0 0 0 0.5598304 0.8286072 0 0.5598304 0.8286072 0 0.5598304 0.8286072 -0 -0.5598304 -0.8286072 -0 -0.5598304 -0.8286072 -0 -0.5598304 -0.8286072 0 0 0 0 0.5598304 0.8286072 0 0.5598304 0.8286072 -0 -0.5598304 -0.8286072 -0 -0.5598304 -0.8286072 0 0 0 0 0.5598304 0.8286072 0 0.5598304 0.8286072 -0 -0.5598304 -0.8286072 -0 -0.5598304 -0.8286072 0 0 0 1.388315e-19 0.5598304 0.8286072 1.388315e-19 0.5598304 0.8286072 1.388315e-19 0.5598304 0.8286072 -1.388315e-19 -0.5598304 -0.8286072 -1.388315e-19 -0.5598304 -0.8286072 -1.388315e-19 -0.5598304 -0.8286072 0 0 0 -0.9802134 0.1947628 -0.03534379 0.9802134 -0.1947628 0.03534379 0 0 0 -0.9799191 0.19653 0.0336823 0.9799191 -0.19653 -0.0336823 0 0 0 -0.9776452 0.1938672 0.08139638 0.9776452 -0.1938672 -0.08139638 0 0 0 0.9853333 0.166775 -0.03611715 -0.9853333 -0.166775 0.03611715 0 0 0 0.9935274 -0.1119946 -0.01898526 -0.9935274 0.1119946 0.01898526 0 0 0 5.315511e-20 -0.2555261 -0.9668022 -5.315511e-20 0.2555261 0.9668022 0 0 0 0 4.371139e-08 -1 -0 -4.371139e-08 1 0 0 0 1.063118e-19 -0.2555261 -0.9668022 -1.063118e-19 0.2555261 0.9668022 0 0 0 1.594327e-19 -0.2555261 -0.9668022 -1.594327e-19 0.2555261 0.9668022 0 0 0 0.6690522 -0.324593 -0.6685869 -0.6690522 0.324593 0.6685869 0 0 0 0 0.5598304 0.8286072 -0 -0.5598304 -0.8286072 0 0 0 -1.384568e-19 0.5598304 0.8286072 -1.384568e-19 0.5598304 0.8286072 -1.384568e-19 0.5598304 0.8286072 1.384568e-19 -0.5598304 -0.8286072 1.384568e-19 -0.5598304 -0.8286072 1.384568e-19 -0.5598304 -0.8286072 0 0.5598304 0.8286072 -0 -0.5598304 -0.8286072 -0.9782295 0.193167 -0.07585202 0.9782295 -0.193167 0.07585202 1.384566e-19 0.5598323 -0.8286059 1.384566e-19 0.5598323 -0.8286059 1.384566e-19 0.5598323 -0.8286059 -1.384566e-19 -0.5598323 0.8286059 -1.384566e-19 -0.5598323 0.8286059 -1.384566e-19 -0.5598323 0.8286059 0 0 0 0.9901853 0.1288458 -0.05414583 -0.9901853 -0.1288458 0.05414583 0 0.5598323 -0.8286059 0 0.5598323 -0.8286059 0 0.5598323 -0.8286059 -0 -0.5598323 0.8286059 -0 -0.5598323 0.8286059 -0 -0.5598323 0.8286059 0 -4.371139e-08 1 0 -4.371139e-08 1 0 -4.371139e-08 1 -0 4.371139e-08 -1 -0 4.371139e-08 -1 -0 4.371139e-08 -1 0 0 0 0 -4.371139e-08 1 0 -4.371139e-08 1 -0 4.371139e-08 -1 -0 4.371139e-08 -1 0 0 0 0 -4.371139e-08 1 0 -4.371139e-08 1 -0 4.371139e-08 -1 -0 4.371139e-08 -1 0 0 0 0 -4.371139e-08 1 0 -4.371139e-08 1 -0 4.371139e-08 -1 -0 4.371139e-08 -1 0 0 0 -1 0 0 1 -0 -0 0 0 0 -1 0 0 1 -0 -0 0 0 0 -1 0 0 1 -0 -0 0 0 0 0 4.371139e-08 -1 0 4.371139e-08 -1 0 4.371139e-08 -1 -0 -4.371139e-08 1 -0 -4.371139e-08 1 -0 -4.371139e-08 1 0 0 0 0.9909775 0.1321209 -0.02253298 -0.9909775 -0.1321209 0.02253298 0 0 0 0.9850128 0.1679633 0.03922014 -0.9850128 -0.1679633 -0.03922014 0 0 0 0 4.371139e-08 -1 -0 -4.371139e-08 1 0 0 0 0 0.5598323 -0.8286059 0 0.5598323 -0.8286059 0 0.5598323 -0.8286059 -0 -0.5598323 0.8286059 -0 -0.5598323 0.8286059 -0 -0.5598323 0.8286059 0 0 0 0 4.371139e-08 -1 -0 -4.371139e-08 1 0 0 0 0.9286113 0.1080351 -0.354978 -0.9286113 -0.1080351 0.354978 0 0 0 0 -4.371139e-08 1 -0 4.371139e-08 -1 0 0 0 -1 0 0 1 -0 -0 0 4.371139e-08 -1 -0 -4.371139e-08 1 0 4.371139e-08 -1 -0 -4.371139e-08 1 0 0 0 1 0 0 -1 -0 -0 -4.153571e-19 0.5598323 -0.8286059 -4.153571e-19 0.5598323 -0.8286059 -4.153571e-19 0.5598323 -0.8286059 4.153571e-19 -0.5598323 0.8286059 4.153571e-19 -0.5598323 0.8286059 4.153571e-19 -0.5598323 0.8286059 0 4.371139e-08 -1 -0 -4.371139e-08 1 -2.492727e-19 -0.9825463 0.1860183 0 -0.9307944 0.3655431 0 -0.9307944 0.3655431 -0 0.9307944 -0.3655431 -0 0.9307944 -0.3655431 2.492727e-19 0.9825463 -0.1860183 0 0 0 -8.5308e-21 -0.9825463 0.1860183 0 -0.9307944 0.3655431 0 -0.9307944 0.3655431 -0 0.9307944 -0.3655431 -0 0.9307944 -0.3655431 8.5308e-21 0.9825463 -0.1860183 0 0 0 -2.492727e-19 -0.9825463 0.1860183 -9.796877e-19 -0.9307944 0.3655431 -9.796877e-19 -0.9307944 0.3655431 9.796877e-19 0.9307944 -0.3655431 9.796877e-19 0.9307944 -0.3655431 2.492727e-19 0.9825463 -0.1860183 0 0 0 -4.985529e-19 -0.9825463 0.1860183 -9.797175e-19 -0.9307944 0.3655431 -9.797175e-19 -0.9307944 0.3655431 9.797175e-19 0.9307944 -0.3655431 9.797175e-19 0.9307944 -0.3655431 4.985529e-19 0.9825463 -0.1860183 0 0 0 -4.985605e-19 -0.9825463 0.1860183 4.985605e-19 0.9825463 -0.1860183 -2.404635e-19 -0.9825652 -0.1859181 -4.894673e-19 -0.9825652 -0.1859181 4.894673e-19 0.9825652 0.1859181 2.404635e-19 0.9825652 0.1859181 0 0 0 -9.786216e-19 -0.9308689 -0.3653534 -9.786216e-19 -0.9308689 -0.3653534 9.786216e-19 0.9308689 0.3653534 9.786216e-19 0.9308689 0.3653534 -9.785919e-19 -0.9308689 -0.3653534 -9.785919e-19 -0.9308689 -0.3653534 9.785919e-19 0.9308689 0.3653534 9.785919e-19 0.9308689 0.3653534 1 0 0 -1 -0 -0 0.9911081 0.1309454 0.02362141 -0.9911081 -0.1309454 -0.02362141 0 0 0 -1.384566e-19 0.5598323 -0.8286059 -1.384566e-19 0.5598323 -0.8286059 -1.384566e-19 0.5598323 -0.8286059 1.384566e-19 -0.5598323 0.8286059 1.384566e-19 -0.5598323 0.8286059 1.384566e-19 -0.5598323 0.8286059 0 0 0 0 4.371139e-08 -1 -0 -4.371139e-08 1 0 0 0 1.384566e-19 0.5598323 -0.8286059 1.384566e-19 0.5598323 -0.8286059 1.384566e-19 0.5598323 -0.8286059 -1.384566e-19 -0.5598323 0.8286059 -1.384566e-19 -0.5598323 0.8286059 -1.384566e-19 -0.5598323 0.8286059 -1.386937e-19 0.5598323 -0.8286059 -1.386937e-19 0.5598323 -0.8286059 -1.386937e-19 0.5598323 -0.8286059 1.386937e-19 -0.5598323 0.8286059 1.386937e-19 -0.5598323 0.8286059 1.386937e-19 -0.5598323 0.8286059 0 0 0 -9.796879e-19 -0.9307944 0.3655431 9.796879e-19 0.9307944 -0.3655431 0 -0.9307944 0.3655431 -0 0.9307944 -0.3655431 -9.796877e-19 -0.9307944 0.3655431 9.796877e-19 0.9307944 -0.3655431 0 -0.9308689 -0.3653534 -0 0.9308689 0.3653534 9.785919e-19 -0.9308689 -0.3653534 4.255418e-21 -0.9825652 -0.1859181 -4.255418e-21 0.9825652 0.1859181 -9.785919e-19 0.9308689 0.3653534 0 0 0 0 4.371139e-08 -1 -0 -4.371139e-08 1 -9.786215e-19 -0.9308689 -0.3653534 -9.786215e-19 -0.9308689 -0.3653534 9.786215e-19 0.9308689 0.3653534 9.786215e-19 0.9308689 0.3653534 2.769048e-19 0.5598323 -0.8286059 2.769048e-19 0.5598323 -0.8286059 2.769048e-19 0.5598323 -0.8286059 -2.769048e-19 -0.5598323 0.8286059 -2.769048e-19 -0.5598323 0.8286059 -2.769048e-19 -0.5598323 0.8286059 0.9904483 0.1283548 0.05037163 -0.9904483 -0.1283548 -0.05037163 -4.979782e-19 -0.9825652 -0.1859181 4.979782e-19 0.9825652 0.1859181 0 0 0 -2.489891e-19 -0.9825652 -0.1859181 2.489891e-19 0.9825652 0.1859181 0 0 0 1 0 0 -1 -0 -0 0 4.371139e-08 -1 -0 -4.371139e-08 1 0 0 0 0 -0.9308689 -0.3653534 -0 0.9308689 0.3653534 0 4.371139e-08 -1 -0 -4.371139e-08 1 -9.785921e-19 -0.9308689 -0.3653534 -9.785921e-19 -0.9308689 -0.3653534 9.785921e-19 0.9308689 0.3653534 9.785921e-19 0.9308689 0.3653534 1 0 0 -1 -0 -0 -9.785921e-19 -0.9308689 -0.3653534 9.785921e-19 0.9308689 0.3653534</float_array>
                    <technique_common>
                        <accessor count="614" source="#ID170" stride="3">
                            <param name="X" type="float" />
                            <param name="Y" type="float" />
                            <param name="Z" type="float" />
                        </accessor>
                    </technique_common>
                </source>
                <source id="ID168">
                    <float_array id="ID171" count="1626">0.80677 0.91079 0.809737 0.91079 0.809747 0.990781 0.80677 0.830803 0.80677 0.91079 0.476036 0.248029 0.538199 0.329593 0.538209 0.248039 0.80677 0.91079 0.809737 0.990781 0.80677 0.990781 0.80677 0.830803 0.809737 0.830803 0.809747 0.91079 0.803803 0.830803 0.80677 0.830803 0.80678 0.91079 0.476036 0.248029 0.476046 0.329593 0.538199 0.329593 0.476036 0.166451 0.476046 0.248029 0.538199 0.248029 0.809769 0.750021 0.806792 0.668873 0.809759 0.668873 0.803803 0.91079 0.80677 0.91079 0.80678 0.990781 0.80677 0.750812 0.809737 0.830803 0.80677 0.830803 0.476036 0.166451 0.538199 0.248029 0.538209 0.166461 0.803803 0.750812 0.80677 0.830803 0.803803 0.830803 0.803803 0.830803 0.80677 0.91079 0.803803 0.91079 0.413872 0.248029 0.476036 0.329593 0.476046 0.248039 0.413872 0.166451 0.476036 0.248029 0.476046 0.166461 0.809759 0.750021 0.806792 0.750021 0.806792 0.668873 0.803803 0.91079 0.80677 0.990781 0.803803 0.990781 0.80677 0.750812 0.809737 0.750812 0.809747 0.830803 0.803803 0.750812 0.80677 0.750812 0.80678 0.830803 0.476036 0.084874 0.476046 0.166451 0.538199 0.166451 0.800837 0.750812 0.803803 0.750812 0.803813 0.830803 0.800837 0.830803 0.803803 0.830803 0.803813 0.91079 0.413872 0.248029 0.413882 0.329593 0.476036 0.329593 0.413872 0.166451 0.413882 0.248029 0.476036 0.248029 0.413872 0.084874 0.413882 0.166451 0.476036 0.166451 0.809769 0.831176 0.806792 0.750021 0.809759 0.750021 0.806802 0.750021 0.803825 0.668873 0.806792 0.668873 0.800837 0.91079 0.803803 0.91079 0.803813 0.990781 0.80677 0.670825 0.809737 0.750812 0.80677 0.750812 0.476036 0.084874 0.538199 0.166451 0.538209 0.084884 0.803803 0.670825 0.80677 0.750812 0.803803 0.750812 0.413872 0.084874 0.476036 0.166451 0.476046 0.084884 0.800837 0.670825 0.803803 0.750812 0.800837 0.750812 0.800837 0.750812 0.803803 0.830803 0.800837 0.830803 0.800837 0.830803 0.803803 0.91079 0.800837 0.91079 0.351709 0.248029 0.413872 0.329593 0.413882 0.248039 0.351709 0.166451 0.413872 0.248029 0.413882 0.166461 0.351709 0.084874 0.413872 0.166451 0.413882 0.084884 0.809759 0.831176 0.806792 0.831176 0.806792 0.750021 0.806792 0.750021 0.803825 0.750021 0.803825 0.668873 0.800837 0.91079 0.803803 0.990781 0.800837 0.990781 0.80677 0.670825 0.809737 0.670825 0.809747 0.750812 0.803803 0.670825 0.80677 0.670825 0.80678 0.750812 0.476036 0.003317 0.476046 0.084874 0.538199 0.084874 0.800837 0.670825 0.803803 0.670825 0.803813 0.750812 0.413872 0.003317 0.413882 0.084874 0.476036 0.084874 0.538189 0.329497 0.538199 0.247969 0.47603 0.247959 0.538189 0.247959 0.538199 0.166411 0.47603 0.166401 0.538189 0.166401 0.538199 0.084853 0.47603 0.084843 0.351709 0.248029 0.351719 0.329593 0.413872 0.329593 0.351709 0.166451 0.351719 0.248029 0.413872 0.248029 0.351709 0.084874 0.351719 0.166451 0.413872 0.166451 0.351709 0.003317 0.351719 0.084874 0.413872 0.084874 0.809769 0.912327 0.806792 0.831176 0.809759 0.831176 0.806802 0.831176 0.803825 0.750021 0.806792 0.750021 0.803835 0.750021 0.800858 0.668873 0.803825 0.668873 0.538189 0.084843 0.538199 0.003307 0.47603 0.003297 0.803816 0.750035 0.800849 0.668869 0.803817 0.668869 0.476036 0.003317 0.538199 0.084874 0.538209 0.003327 0.806784 0.750035 0.803817 0.668869 0.806785 0.668869 0.413872 0.003317 0.476036 0.084874 0.476046 0.003327 0.809751 0.750035 0.806785 0.668869 0.809753 0.668869 0.351709 0.003317 0.413872 0.084874 0.413882 0.003327 0.538189 0.329497 0.47603 0.247959 0.47604 0.329497 0.538189 0.247959 0.47603 0.166401 0.47604 0.247959 0.538189 0.166401 0.47603 0.084843 0.47604 0.166401 0.538189 0.084843 0.47603 0.003297 0.47604 0.084843 0.290149 0.248029 0.351709 0.329593 0.351719 0.248039 0.290149 0.166451 0.351709 0.248029 0.351719 0.166461 0.290149 0.084874 0.351709 0.166451 0.351719 0.084884 0.290149 0.003317 0.351709 0.084874 0.351719 0.003327 0.809759 0.912327 0.806793 0.912327 0.806792 0.831176 0.806792 0.831176 0.803825 0.831176 0.803825 0.750021 0.803825 0.750021 0.800858 0.750021 0.800858 0.668873 0.800848 0.750035 0.800849 0.668869 0.803816 0.750035 0.803816 0.750035 0.803817 0.668869 0.806784 0.750035 0.806784 0.750035 0.806785 0.668869 0.809751 0.750035 0.800847 0.831204 0.800848 0.750035 0.803815 0.831204 0.800846 0.912372 0.800847 0.831204 0.803811 0.912372 0.47603 0.329497 0.47604 0.247969 0.413872 0.247959 0.47603 0.247959 0.47604 0.166411 0.413872 0.166401 0.47603 0.166401 0.47604 0.084853 0.413872 0.084843 0.47603 0.084843 0.47604 0.003307 0.413872 0.003297 0.290149 0.248029 0.290159 0.329593 0.351709 0.329593 0.290149 0.166451 0.290159 0.248029 0.351709 0.248029 0.290149 0.084874 0.290159 0.166451 0.351709 0.166451 0.290149 0.003317 0.290159 0.084874 0.351709 0.084874 0.80382 0.993317 0.800853 0.992347 0.800846 0.912372 0.809756 0.992358 0.806793 0.912327 0.809759 0.912327 0.806793 0.912327 0.803825 0.831176 0.806792 0.831176 0.803835 0.831176 0.800858 0.750021 0.803825 0.750021 0.803815 0.831204 0.800848 0.750035 0.803816 0.750035 0.806782 0.831204 0.803816 0.750035 0.806784 0.750035 0.80975 0.831205 0.806784 0.750035 0.809751 0.750035 0.803811 0.912372 0.800847 0.831204 0.803815 0.831204 0.80382 0.993317 0.800846 0.912372 0.803811 0.912372 0.47603 0.329497 0.413872 0.247959 0.413882 0.329497 0.47603 0.247959 0.413872 0.166401 0.413882 0.247959 0.47603 0.166401 0.413872 0.084843 0.413882 0.166401 0.47603 0.084843 0.413872 0.003297 0.413882 0.084843 0.803825 0.831176 0.800858 0.831176 0.800858 0.750021 0.289852 0.248029 0.290149 0.329593 0.290159 0.248039 0.289852 0.166451 0.290149 0.248029 0.290159 0.166461 0.289852 0.084874 0.290149 0.166451 0.290159 0.084884 0.290159 0.003327 0.289852 0.003317 0.290149 0.084874 0.803817 0.993688 0.800853 0.992347 0.80382 0.993317 0.806791 0.993343 0.806793 0.912327 0.809756 0.992358 0.806793 0.912327 0.803824 0.912327 0.803825 0.831176 0.803815 0.831204 0.803816 0.750035 0.806782 0.831204 0.806782 0.831204 0.806784 0.750035 0.80975 0.831205 0.803811 0.912372 0.803815 0.831204 0.806783 0.912372 0.80382 0.993317 0.803811 0.912372 0.806776 0.993318 0.413872 0.329497 0.413882 0.247969 0.351713 0.247959 0.413872 0.247959 0.413882 0.166411 0.351713 0.166401 0.413872 0.166401 0.413882 0.084853 0.351713 0.084843 0.413872 0.084843 0.413882 0.003307 0.351713 0.003297 0.803824 0.912327 0.800858 0.831176 0.803825 0.831176 0.289852 0.248029 0.289862 0.329593 0.290149 0.329593 0.289852 0.166451 0.289862 0.248029 0.290149 0.248029 0.289852 0.084874 0.289862 0.166451 0.290149 0.166451 0.289852 0.003317 0.289862 0.084874 0.290149 0.084874 0.803817 0.993688 0.801065 0.99272 0.800853 0.992347 0.803817 0.993688 0.80382 0.993317 0.80678 0.993687 0.806791 0.993343 0.809756 0.992358 0.809539 0.992711 0.806791 0.993343 0.803824 0.912327 0.806793 0.912327 0.806783 0.912372 0.803815 0.831204 0.806782 0.831204 0.809749 0.912372 0.806782 0.831204 0.80975 0.831205 0.806776 0.993318 0.803811 0.912372 0.806783 0.912372 0.80678 0.993687 0.80382 0.993317 0.806776 0.993318 0.413872 0.329497 0.351713 0.247959 0.351723 0.329497 0.413872 0.247959 0.351713 0.166401 0.351723 0.247959 0.413872 0.166401 0.351713 0.084843 0.351723 0.166401 0.413872 0.084843 0.351713 0.003297 0.351723 0.084843 0.803824 0.912327 0.800858 0.912327 0.800858 0.831176 0.289508 0.248029 0.289852 0.329593 0.289862 0.248039 0.289508 0.166451 0.289852 0.248029 0.289862 0.166461 0.289508 0.084874 0.289852 0.166451 0.289862 0.084884 0.289508 0.003317 0.289852 0.084874 0.289862 0.003327 0.80382 0.994139 0.801065 0.99272 0.803817 0.993688 0.806776 0.99414 0.803817 0.993688 0.80678 0.993687 0.806792 0.993697 0.806791 0.993343 0.809539 0.992711 0.806791 0.993343 0.803828 0.993342 0.803824 0.912327 0.806783 0.912372 0.806782 0.831204 0.809749 0.912372 0.806776 0.993318 0.806783 0.912372 0.809741 0.99235 0.80678 0.993687 0.806776 0.993318 0.809529 0.992721 0.351713 0.329497 0.351723 0.247969 0.290158 0.247959 0.351713 0.247959 0.351723 0.166411 0.290158 0.166401 0.351713 0.166401 0.351723 0.084853 0.290158 0.084843 0.351713 0.084843 0.351723 0.003307 0.290158 0.003297 0.803828 0.993342 0.800858 0.912327 0.803824 0.912327 0.289508 0.248029 0.289518 0.329593 0.289852 0.329593 0.289508 0.166451 0.289518 0.248029 0.289852 0.248029 0.289508 0.084874 0.289518 0.166451 0.289852 0.166451 0.289508 0.003317 0.289518 0.084874 0.289852 0.084874 0.80382 0.994139 0.801071 0.993164 0.801065 0.99272 0.80382 0.994139 0.803817 0.993688 0.806776 0.99414 0.806776 0.99414 0.80678 0.993687 0.809522 0.993165 0.806792 0.993697 0.809539 0.992711 0.809536 0.993157 0.806792 0.993697 0.803828 0.993342 0.806791 0.993343 0.809741 0.99235 0.806783 0.912372 0.809749 0.912372 0.809741 0.99235 0.809529 0.992721 0.80678 0.993687 0.809529 0.992721 0.809522 0.993165 0.351713 0.329497 0.290158 0.247959 0.290168 0.329497 0.290158 0.166401 0.290168 0.247959 0.351713 0.166401 0.290158 0.084843 0.290168 0.166401 0.351713 0.084843 0.290158 0.003297 0.290168 0.084843 0.803828 0.993342 0.800861 0.992357 0.800858 0.912327 0.289247 0.248029 0.289508 0.329593 0.289518 0.248039 0.289247 0.166451 0.289508 0.248029 0.289518 0.166461 0.289247 0.084874 0.289508 0.166451 0.289518 0.084884 0.289247 0.003317 0.289508 0.084874 0.289518 0.003327 0.803815 0.99446 0.801071 0.993164 0.80382 0.994139 0.806781 0.994459 0.80382 0.994139 0.806776 0.99414 0.806776 0.99414 0.809522 0.993165 0.809753 0.99348 0.80679 0.99415 0.806792 0.993697 0.809536 0.993157 0.806792 0.993697 0.803827 0.993698 0.803828 0.993342 0.290158 0.329497 0.289861 0.247959 0.289871 0.329497 0.289861 0.329497 0.289517 0.247959 0.289527 0.329497 0.290158 0.329497 0.290168 0.247969 0.289861 0.247959 0.290158 0.247959 0.290168 0.166411 0.289861 0.166401 0.290158 0.166401 0.290168 0.084853 0.289861 0.084843 0.290158 0.084843 0.290168 0.003307 0.289861 0.003297 0.803827 0.993698 0.800861 0.992357 0.803828 0.993342 0.289247 0.248029 0.289257 0.329593 0.289508 0.329593 0.289247 0.166451 0.289257 0.248029 0.289508 0.248029 0.289247 0.084874 0.289257 0.166451 0.289508 0.166451 0.289247 0.003317 0.289257 0.084874 0.289508 0.084874 0.803815 0.99446 0.800841 0.993479 0.801071 0.993164 0.803815 0.99446 0.80382 0.994139 0.806781 0.994459 0.806781 0.994459 0.806776 0.99414 0.809753 0.99348 0.289265 0.329497 0.289517 0.329497 0.289255 0.247959 0.80679 0.99415 0.809536 0.993157 0.809761 0.993455 0.80679 0.99415 0.803827 0.993698 0.806792 0.993697 0.289861 0.329497 0.289871 0.247969 0.289517 0.247959 0.289517 0.329497 0.289527 0.247969 0.289255 0.247959 0.290158 0.247959 0.289861 0.166401 0.289871 0.247959 0.290158 0.166401 0.289861 0.084843 0.289871 0.166401 0.290158 0.084843 0.289861 0.003297 0.289871 0.084843 0.803827 0.993698 0.801079 0.99271 0.800861 0.992357 0.288815 0.248029 0.289247 0.329593 0.289257 0.248029 0.288815 0.166451 0.289247 0.248029 0.289257 0.166451 0.288815 0.084874 0.289247 0.166451 0.289257 0.084874 0.288815 0.003317 0.289247 0.084874 0.289257 0.003317 0.803818 0.995021 0.800841 0.993479 0.803815 0.99446 0.806777 0.995022 0.803815 0.99446 0.806781 0.994459 0.806781 0.994459 0.809753 0.99348 0.809746 0.994038 0.289255 0.329497 0.289265 0.247959 0.288824 0.247959 0.806793 0.994452 0.80679 0.99415 0.809761 0.993455 0.80679 0.99415 0.803828 0.99415 0.803827 0.993698 0.289861 0.247959 0.289517 0.166401 0.289527 0.247959 0.289517 0.247959 0.289255 0.166401 0.289265 0.247959 0.289861 0.247959 0.289871 0.166411 0.289517 0.166401 0.289861 0.166401 0.289871 0.084853 0.289517 0.084843 0.289861 0.084843 0.289871 0.003307 0.289517 0.003297 0.803828 0.99415 0.801079 0.99271 0.803827 0.993698 0.288815 0.166451 0.288825 0.248039 0.289247 0.248029 0.288815 0.248029 0.288825 0.329603 0.289247 0.329593 0.288815 0.084874 0.288825 0.166461 0.289247 0.166451 0.288815 0.003317 0.288825 0.084884 0.289247 0.084874 0.803818 0.995021 0.800848 0.994038 0.800841 0.993479 0.803818 0.995021 0.803815 0.99446 0.806777 0.995022 0.806777 0.995022 0.806781 0.994459 0.809746 0.994038 0.289255 0.329497 0.288824 0.247959 0.288834 0.329507 0.289255 0.247959 0.288824 0.166401 0.288834 0.247969 0.806793 0.994452 0.809761 0.993455 0.809758 0.994016 0.806793 0.994452 0.803828 0.99415 0.80679 0.99415 0.289517 0.247959 0.289527 0.166411 0.289255 0.166401 0.289255 0.247959 0.289265 0.166401 0.288824 0.166401 0.289861 0.166401 0.289517 0.084843 0.289527 0.166401 0.289861 0.084843 0.289517 0.003297 0.289527 0.084843 0.803828 0.99415 0.801082 0.993157 0.801079 0.99271 0.284817 0.084843 0.282785 0.084843 0.282795 0.166401 0.284817 0.003297 0.282785 0.003297 0.282795 0.084843 0.284817 0.166401 0.282785 0.166401 0.282795 0.247959 0.284817 0.247959 0.282785 0.247959 0.282795 0.329497 0.284817 0.247959 0.282785 0.329497 0.284817 0.329497 0.286792 0.247959 0.284817 0.329497 0.286792 0.329497 0.288824 0.247959 0.286792 0.329497 0.288824 0.329497 0.288824 0.166401 0.286792 0.247959 0.288824 0.247959 0.806791 0.995015 0.806793 0.994452 0.809758 0.994016 0.806793 0.994452 0.803826 0.994453 0.803828 0.99415 0.289517 0.166401 0.289255 0.084843 0.289265 0.166401 0.289255 0.166401 0.288824 0.084843 0.288834 0.166411 0.289517 0.166401 0.289527 0.084853 0.289255 0.084843 0.289517 0.084843 0.289527 0.003307 0.289255 0.003297 0.803826 0.994453 0.801082 0.993157 0.803828 0.99415 0.284817 0.003297 0.282785 0.084843 0.284817 0.084843 0.284817 0.084843 0.282785 0.166401 0.284817 0.166401 0.284817 0.166401 0.282785 0.247959 0.284817 0.247959 0.286792 0.247959 0.284817 0.247959 0.284827 0.329497 0.288824 0.247959 0.286792 0.247959 0.286802 0.329497 0.288824 0.166401 0.286792 0.166401 0.286802 0.247959 0.806791 0.995015 0.803826 0.994453 0.806793 0.994452 0.289255 0.166401 0.289265 0.084843 0.288824 0.084843 0.288824 0.084843 0.286792 0.166401 0.288824 0.166401 0.289517 0.084843 0.289255 0.003297 0.289265 0.084843 0.803826 0.994453 0.800856 0.993454 0.801082 0.993157 0.286792 0.003297 0.284817 0.003297 0.284827 0.084843 0.286792 0.084843 0.284817 0.084843 0.284827 0.166401 0.286792 0.166401 0.284817 0.166401 0.284827 0.247959 0.286792 0.166401 0.284817 0.247959 0.286792 0.247959 0.806791 0.995015 0.803828 0.995015 0.803826 0.994453 0.289255 0.084843 0.288824 0.003297 0.288834 0.084853 0.288824 0.084843 0.286792 0.084843 0.286802 0.166401 0.289255 0.084843 0.289265 0.003297 0.288824 0.003297 0.803828 0.995015 0.800856 0.993454 0.803826 0.994453 0.286792 0.003297 0.284817 0.084843 0.286792 0.084843 0.286792 0.084843 0.284817 0.166401 0.286792 0.166401 0.288824 0.003297 0.286792 0.084843 0.288824 0.084843 0.803828 0.995015 0.80086 0.994016 0.800856 0.993454 0.288824 0.003297 0.286792 0.003297 0.286802 0.084843</float_array>
                    <technique_common>
                        <accessor count="813" source="#ID171" stride="2">
                            <param name="S" type="float" />
                            <param name="T" type="float" />
                        </accessor>
                    </technique_common>
                </source>
                <vertices id="ID167">
                    <input semantic="POSITION" source="#ID165" />
                    <input semantic="NORMAL" source="#ID166" />
                </vertices>
                <triangles count="544" material="Material2">
                    <input offset="0" semantic="VERTEX" source="#ID167" />
                    <input offset="1" semantic="TEXCOORD" source="#ID168" />
                    <p>0 0 1 1 2 2 3 2 4 1 5 0 9 3 1 1 0 4 5 4 4 1 10 3 12 5 13 6 14 7 15 7 16 6 17 5 0 8 2 9 19 10 20 10 3 9 5 8 9 11 22 12 1 13 4 13 23 12 10 11 25 14 9 15 0 16 5 16 10 15 26 14 12 17 28 18 13 19 16 19 29 18 17 17 31 20 12 21 14 22 15 22 17 21 32 20 34 23 35 24 36 25 37 25 38 24 39 23 40 26 0 27 19 28 20 28 5 27 41 26 43 29 22 30 9 31 10 31 23 30 44 29 31 32 14 33 46 34 47 34 15 33 32 32 48 35 9 36 25 37 26 37 10 36 49 35 25 38 0 39 40 40 41 40 5 39 26 38 51 41 28 42 12 43 17 43 29 42 52 41 54 44 12 45 31 46 32 46 17 45 55 44 34 47 57 48 35 49 38 49 58 48 39 47 40 50 19 51 60 52 61 52 20 51 41 50 43 53 63 54 22 55 23 55 64 54 44 53 48 56 43 57 9 58 10 58 44 57 49 56 66 59 31 60 46 61 47 61 32 60 67 59 69 62 48 63 25 64 26 64 49 63 70 62 72 65 25 66 40 67 41 67 26 66 73 65 51 68 75 69 28 70 29 70 76 69 52 68 54 71 51 72 12 73 17 73 52 72 55 71 78 74 54 75 31 76 32 76 55 75 79 74 81 77 57 78 34 79 39 79 58 78 82 77 57 80 83 81 35 82 38 82 84 81 58 80 85 83 40 84 60 85 61 85 41 84 86 83 88 86 63 87 43 88 44 88 64 87 89 86 66 89 46 90 91 91 92 91 47 90 67 89 93 92 43 93 48 94 49 94 44 93 94 92 78 95 31 96 66 97 67 97 32 96 79 95 96 98 48 99 69 100 70 100 49 99 97 98 69 101 25 102 72 103 73 103 26 102 70 101 72 104 40 105 85 106 86 106 41 105 73 104 99 107 75 108 51 109 52 109 76 108 100 107 102 110 51 111 54 112 55 112 52 111 103 110 105 113 54 114 78 115 79 115 55 114 106 113 81 116 108 117 57 118 58 118 109 117 82 116 57 119 111 120 83 121 84 121 112 120 58 119 85 122 60 123 114 124 115 124 61 123 86 122 88 125 117 126 63 127 64 127 118 126 89 125 93 128 88 129 43 130 44 130 89 129 94 128 120 131 66 132 91 133 92 133 67 132 121 131 96 134 93 135 48 136 49 136 94 135 97 134 123 137 78 138 66 139 67 139 79 138 124 137 126 140 127 141 128 142 129 142 130 141 131 140 127 143 133 144 134 145 135 145 136 144 130 143 133 146 138 147 139 148 140 148 141 147 136 146 99 149 143 150 75 151 76 151 144 150 100 149 102 152 99 153 51 154 52 154 100 153 103 152 105 155 102 156 54 157 55 157 103 156 106 155 146 158 105 159 78 160 79 160 106 159 147 158 143 161 108 162 81 163 82 163 109 162 144 161 108 164 111 165 57 166 58 166 112 165 109 164 111 167 149 168 83 169 84 169 150 168 112 167 138 170 151 171 152 172 153 172 154 171 141 170 156 173 157 174 158 175 159 175 160 174 161 173 120 176 91 177 163 178 164 178 92 177 121 176 165 179 158 180 166 181 167 181 159 180 168 179 123 182 66 183 120 184 121 184 67 183 124 182 170 185 166 186 171 187 172 187 167 186 173 185 146 188 78 189 123 190 124 190 79 189 147 188 126 191 128 192 175 193 176 193 129 192 131 191 127 194 134 195 128 196 129 196 135 195 130 194 133 197 139 198 134 199 135 199 140 198 136 197 138 200 152 201 139 202 140 202 153 201 141 200 177 203 143 204 99 205 100 205 144 204 178 203 180 206 99 207 102 208 103 208 100 207 181 206 183 209 102 210 105 211 106 211 103 210 184 209 186 212 105 213 146 214 147 214 106 213 187 212 143 215 189 216 108 217 109 217 190 216 144 215 108 218 192 219 111 220 112 220 193 219 109 218 111 221 195 222 149 223 150 223 196 222 112 221 197 224 157 225 156 226 161 226 160 225 198 224 156 227 158 228 165 229 168 229 159 228 161 227 165 230 166 231 170 232 173 232 167 231 168 230 199 233 197 234 200 235 201 235 198 234 202 233 146 236 199 237 204 238 205 238 202 237 147 236 175 239 128 240 207 241 208 241 129 240 176 239 128 242 134 243 210 244 211 244 135 243 129 242 134 245 139 246 213 247 214 247 140 246 135 245 139 248 152 249 216 250 217 250 153 249 140 248 177 251 219 252 143 253 144 253 220 252 178 251 180 254 177 255 99 256 100 256 178 255 181 254 183 257 180 258 102 259 103 259 181 258 184 257 186 260 183 261 105 262 106 262 184 261 187 260 222 263 186 264 146 265 147 265 187 264 223 263 219 266 189 267 143 268 144 268 190 267 220 266 189 269 192 270 108 271 109 271 193 270 190 269 192 272 195 273 111 274 112 274 196 273 193 272 200 275 197 276 156 277 161 277 198 276 201 275 225 278 156 279 165 280 168 280 161 279 226 278 228 281 165 282 170 283 173 283 168 282 229 281 204 284 199 285 200 286 201 286 202 285 205 284 222 287 146 288 204 289 205 289 147 288 223 287 175 290 207 291 231 292 232 292 208 291 176 290 128 293 210 294 207 295 208 295 211 294 129 293 134 296 213 297 210 298 211 298 214 297 135 296 139 299 216 300 213 301 214 301 217 300 140 299 192 302 233 303 195 304 196 304 234 303 193 302 235 305 219 306 177 307 178 307 220 306 236 305 238 308 177 309 180 310 181 310 178 309 239 308 241 311 180 312 183 313 184 313 181 312 242 311 186 314 244 315 183 316 184 316 245 315 187 314 247 317 186 318 222 319 223 319 187 318 248 317 250 320 189 321 219 322 220 322 190 321 251 320 189 323 253 324 192 325 193 325 254 324 190 323 200 326 156 327 225 328 226 328 161 327 201 326 225 329 165 330 228 331 229 331 168 330 226 329 204 332 200 333 256 334 257 334 201 333 205 332 222 335 204 336 259 337 260 337 205 336 223 335 231 338 207 339 262 340 263 340 208 339 232 338 207 341 210 342 265 343 266 343 211 342 208 341 210 344 213 345 268 346 269 346 214 345 211 344 213 347 216 348 271 349 272 349 217 348 214 347 253 350 233 351 192 352 193 352 234 351 254 350 235 353 274 354 219 355 220 355 275 354 236 353 238 356 235 357 177 358 178 358 236 357 239 356 241 359 238 360 180 361 181 361 239 360 242 359 244 362 241 363 183 364 184 364 242 363 245 362 247 365 244 366 186 367 187 367 245 366 248 365 247 368 222 369 277 370 278 370 223 369 248 368 250 371 219 372 274 373 275 373 220 372 251 371 250 374 253 375 189 376 190 376 254 375 251 374 256 377 200 378 225 379 226 379 201 378 257 377 280 380 225 381 228 382 229 382 226 381 281 380 259 383 204 384 256 385 257 385 205 384 260 383 277 386 222 387 259 388 260 388 223 387 278 386 231 389 262 390 280 391 281 391 263 390 232 389 207 392 265 393 262 394 263 394 266 393 208 392 210 395 268 396 265 397 266 397 269 396 211 395 213 398 271 399 268 400 269 400 272 399 214 398 253 401 271 402 233 403 234 403 272 402 254 401 283 404 274 405 235 406 236 406 275 405 284 404 286 407 235 408 238 409 239 409 236 408 287 407 289 410 238 411 241 412 242 412 239 411 290 410 292 413 241 414 244 415 245 415 242 414 293 413 295 416 244 417 247 418 248 418 245 417 296 416 298 419 247 420 277 421 278 421 248 420 299 419 301 422 250 423 274 424 275 424 251 423 302 422 250 425 304 426 253 427 254 427 305 426 251 425 256 428 225 429 280 430 281 430 226 429 257 428 259 431 256 432 307 433 308 433 257 432 260 431 277 434 259 435 310 436 311 436 260 435 278 434 280 437 262 438 313 439 314 439 263 438 281 437 262 440 265 441 316 442 317 442 266 441 263 440 265 443 268 444 319 445 320 445 269 444 266 443 268 446 271 447 322 448 323 448 272 447 269 446 304 449 271 450 253 451 254 451 272 450 305 449 283 452 325 453 274 454 275 454 326 453 284 452 286 455 283 456 235 457 236 457 284 456 287 455 289 458 286 459 238 460 239 460 287 459 290 458 292 461 289 462 241 463 242 463 290 462 293 461 295 464 292 465 244 466 245 466 293 465 296 464 295 467 247 468 298 469 299 469 248 468 296 467 298 470 277 471 328 472 329 472 278 471 299 470 301 473 274 474 325 475 326 475 275 474 302 473 301 476 304 477 250 478 251 478 305 477 302 476 307 479 256 480 280 481 281 481 257 480 308 479 259 337 307 482 310 483 311 483 308 482 260 337 277 484 310 485 328 486 329 486 311 485 278 484 280 487 313 488 307 489 308 489 314 488 281 487 262 390 316 490 313 491 314 491 317 490 263 390 265 492 319 493 316 494 317 494 320 493 266 492 268 495 322 496 319 497 320 497 323 496 269 495 304 498 322 499 271 500 272 500 323 499 305 498 331 501 332 502 333 503 334 503 335 502 336 501 338 504 333 505 339 506 340 506 334 505 341 504 343 507 339 508 344 509 345 509 340 508 346 507 348 510 349 511 350 512 351 512 352 511 353 510 355 513 292 514 295 515 296 515 293 514 356 513 358 516 295 517 298 518 299 518 296 517 359 516 298 519 328 520 361 521 362 521 329 520 299 519 364 522 301 523 325 524 326 524 302 523 365 522 301 525 367 526 304 527 305 527 368 526 302 525 307 528 370 529 310 530 311 530 371 529 308 528 310 531 373 532 328 533 329 533 374 532 311 531 307 534 313 535 370 536 371 536 314 535 308 534 313 537 316 538 376 539 377 539 317 538 314 537 316 540 319 541 379 542 380 542 320 541 317 540 319 543 322 544 382 545 383 545 323 544 320 543 367 546 322 547 304 548 305 548 323 547 368 546 331 549 385 550 332 551 335 551 386 550 336 549 388 552 389 553 390 554 391 554 392 553 393 552 343 555 338 556 339 557 340 557 341 556 346 555 394 558 343 559 344 560 345 560 346 559 395 558 355 561 396 562 292 563 293 563 397 562 356 561 355 564 295 565 358 566 359 566 296 565 356 564 358 567 298 568 361 569 362 569 299 568 359 567 398 570 399 571 400 572 401 572 402 571 403 570 364 573 325 574 405 575 406 575 326 574 365 573 364 576 367 577 301 578 302 578 368 577 365 576 310 579 370 580 373 581 374 581 371 580 311 579 407 582 408 583 409 584 410 584 411 583 412 582 313 585 376 586 370 587 371 587 377 586 314 585 316 588 379 589 376 590 377 590 380 589 317 588 319 591 382 592 379 593 380 593 383 592 320 591 367 594 382 595 322 596 323 596 383 595 368 594 413 597 414 598 415 599 416 599 417 598 418 597 420 600 415 601 421 602 422 602 416 601 423 600 425 603 421 604 426 605 427 605 422 604 428 603 430 606 426 607 431 608 432 608 427 607 433 606 435 609 396 610 355 611 356 611 397 610 436 609 438 612 355 613 358 614 359 614 356 613 439 612 358 615 361 616 441 617 442 617 362 616 359 615 444 618 445 619 446 620 447 620 448 619 449 618 451 621 364 622 405 623 406 623 365 622 452 621 364 624 454 625 367 626 368 626 455 625 365 624 370 627 457 628 373 629 374 629 458 628 371 627 460 630 461 631 462 632 463 632 464 631 465 630 370 633 376 634 457 635 458 635 377 634 371 633 376 636 379 637 467 638 468 638 380 637 377 636 379 639 382 640 470 641 471 641 383 640 380 639 454 642 382 643 367 644 368 644 383 643 455 642 420 645 413 646 415 647 416 647 418 646 423 645 413 648 473 649 414 650 417 650 474 649 418 648 425 651 420 652 421 653 422 653 423 652 428 651 430 654 425 655 426 656 427 656 428 655 433 654 435 657 476 658 396 659 397 659 477 658 436 657 435 660 355 661 438 662 439 662 356 661 436 660 438 663 358 664 441 665 442 665 359 664 439 663 444 666 446 667 478 668 479 668 447 667 449 666 445 669 480 670 446 671 447 671 481 670 448 669 451 672 405 673 483 674 484 674 406 673 452 672 451 675 454 676 364 677 365 677 455 676 452 675 485 678 486 679 487 680 488 680 489 679 490 678 445 681 491 682 480 683 481 683 492 682 448 681 376 684 467 685 457 686 458 686 468 685 377 684 379 687 470 688 467 689 468 689 471 688 380 687 454 690 470 691 382 692 383 692 471 691 455 690 493 693 494 694 495 695 496 695 497 694 498 693 500 696 501 697 502 698 503 698 504 697 505 696 507 699 508 700 509 701 510 701 511 700 512 699 514 702 515 703 516 704 517 704 518 703 519 702 514 705 516 706 521 707 522 707 517 706 519 705 523 708 521 709 524 710 525 710 522 709 526 708 528 711 524 712 529 713 530 713 525 712 531 711 532 714 523 715 533 716 534 716 526 715 535 714 536 717 451 718 483 719 484 719 452 718 537 717 451 720 538 721 454 722 455 722 539 721 452 720 541 723 542 724 543 725 544 725 545 724 546 723 491 726 548 727 480 728 481 728 549 727 492 726 551 729 552 730 553 731 554 731 555 730 556 729 557 732 558 733 559 734 560 734 561 733 562 732 538 735 470 736 454 737 455 737 471 736 539 735 500 738 564 739 493 740 498 740 565 739 505 738 493 741 566 742 507 743 512 743 567 742 498 741 507 744 568 745 514 746 519 746 569 745 512 744 523 747 514 748 521 749 522 749 519 748 526 747 570 750 523 751 524 752 525 752 526 751 571 750 572 753 573 754 523 755 526 755 574 754 575 753 536 756 538 757 451 758 452 758 539 757 537 756 491 759 577 760 548 761 549 761 578 760 492 759 579 762 573 763 580 764 581 764 574 763 582 762 583 765 584 766 585 767 586 767 587 766 588 765 538 768 589 769 470 770 471 770 590 769 539 768 591 771 500 772 493 773 498 773 505 772 592 771 594 774 493 775 507 776 512 776 498 775 595 774 573 777 507 778 514 779 519 779 512 778 574 777 573 780 514 781 523 782 526 782 519 781 574 780 536 783 597 784 538 785 539 785 598 784 537 783 577 786 599 787 548 788 549 788 600 787 578 786 602 789 594 790 573 791 574 791 595 790 603 789 577 792 604 793 599 794 600 794 605 793 578 792 597 795 589 796 538 797 539 797 590 796 598 795 591 798 493 799 594 800 595 800 498 799 592 798 594 801 507 802 573 803 574 803 512 802 595 801 606 804 594 805 607 806 608 806 595 805 609 804 597 807 610 808 589 809 590 809 611 808 598 807 612 810 591 811 594 812 595 812 592 811 613 810</p>
                </triangles>
                <lines count="408" material="Material3">
                    <input offset="0" semantic="VERTEX" source="#ID167" />
                    <p>7 8 8 21 7 24 30 8 62 21 24 65 77 30 98 71 71 74 74 87 116 62 87 116 119 90 65 119 95 90 98 95 145 77 116 155 122 119 125 122 174 98 148 125 155 218 230 174 218 273 282 230 327 285 285 288 288 291 291 294 294 354 330 363 330 375 387 337 327 387 342 337 342 347 347 354 363 404 354 434 443 363 375 459 404 466 419 424 419 475 475 387 429 424 434 429 437 434 440 437 443 440 450 443 482 450 459 469 469 472 475 506 466 547 550 482 563 472 547 563 506 593 601 550 563 601 601 593</p>
                </lines>
            </mesh>
        </geometry>
        <geometry id="ID172">
            <mesh>
                <source id="ID173">
                    <float_array id="ID177" count="1872">3.53915 0.1698952 0.8465 3.53915 0.1698952 0.7631 0.2064501 0.1698952 0.7631 0.2064501 0.1698952 0.7631 3.53915 0.1698952 0.7631 3.53915 0.1698952 0.8465 3.53915 0.1698952 0.8465 3.53915 0.1698952 0.7631 0.2064501 0.1698952 0.7631 6.87185 0.1698952 0.8465 6.87185 0.1698952 0.8465 6.87185 0.1698952 0.8465 3.53915 2.794895 0.7631001 0.2064501 0.1698952 0.7631 3.53915 0.1698952 0.7631 3.53915 0.1698952 0.7631 0.2064501 0.1698952 0.7631 3.53915 2.794895 0.7631001 3.53915 2.794895 0.7631001 0.2064501 0.1698952 0.8465 0.2064501 0.1698952 0.8465 0.2064501 0.1698952 0.8465 6.87185 0.1698952 0.7631 6.87185 0.1698952 0.7631 6.87185 0.1698952 0.7631 6.87185 0.1698952 0.92995 6.87185 0.1698952 0.92995 6.87185 0.1698952 0.92995 0.2064501 2.794895 0.7631001 0.2064501 2.794895 0.7631001 0.2064501 2.794895 0.7631001 6.87185 2.794895 0.7631001 6.87185 2.794895 0.7631001 6.87185 2.794895 0.7631001 0.2064501 2.794895 0.7631001 0.2064501 0.1698952 0.8465 0.2064501 0.1698952 0.7631 0.2064501 0.1698952 0.7631 0.2064501 0.1698952 0.8465 0.2064501 2.794895 0.7631001 3.53915 0.1698952 0.92995 3.53915 0.1698952 0.92995 3.53915 0.1698952 0.92995 10.2046 0.1698952 0.8465 10.2046 0.1698952 0.8465 10.2046 0.1698952 0.8465 6.87185 0.1698952 0.7631 6.87185 0.1698952 0.7631 10.2046 0.1698952 0.92995 10.2046 0.1698952 0.92995 10.2046 0.1698952 0.92995 3.53915 5.419895 0.7631003 3.53915 5.419895 0.7631003 3.53915 5.419895 0.7631003 6.87185 5.419895 0.7631003 6.87185 5.419895 0.7631003 6.87185 5.419895 0.7631003 0.2064501 2.794895 0.8465001 0.2064501 2.794895 0.8465001 0.2064501 2.794895 0.8465001 0.2064501 0.1698952 0.92995 0.2064501 0.1698952 0.92995 0.2064501 0.1698952 0.92995 10.2046 0.1698952 0.7631 10.2046 0.1698952 0.7631 10.2046 0.1698952 0.7631 10.2046 2.794895 0.7631001 10.2046 2.794895 0.7631001 10.2046 2.794895 0.7631001 10.2046 0.1698952 1.01335 10.2046 0.1698952 1.01335 10.2046 0.1698952 1.01335 6.87185 0.1698952 1.01335 6.87185 0.1698952 1.01335 6.87185 0.1698952 1.01335 0.2064501 5.419895 0.7631003 0.2064501 5.419895 0.7631003 0.2064501 5.419895 0.7631003 10.2046 5.419895 0.7631003 10.2046 5.419895 0.7631003 10.2046 5.419895 0.7631003 0.2064501 5.419895 0.7631003 0.2064501 5.419895 0.7631003 0.2064501 0.1698952 0.92995 0.2064501 0.1698952 0.92995 3.53915 0.1698952 1.01335 3.53915 0.1698952 1.01335 3.53915 0.1698952 1.01335 13.5373 0.1698952 0.8465 13.5373 0.1698952 0.8465 13.5373 0.1698952 0.8465 10.2046 0.1698952 0.7631 10.2046 0.1698952 0.7631 13.5373 0.1698952 0.92995 13.5373 0.1698952 0.92995 13.5373 0.1698952 0.92995 13.5373 0.1698952 1.01335 13.5373 0.1698952 1.01335 13.5373 0.1698952 1.01335 3.53915 8.044899 0.7631004 3.53915 8.044899 0.7631004 3.53915 8.044899 0.7631004 6.87185 8.044899 0.7631004 6.87185 8.044899 0.7631004 6.87185 8.044899 0.7631004 10.2046 8.044899 0.7631004 10.2046 8.044899 0.7631004 10.2046 8.044899 0.7631004 0.2064501 5.419895 0.8465003 0.2064501 5.419895 0.8465003 0.2064501 5.419895 0.8465003 0.2064501 2.794895 0.9299501 0.2064501 2.794895 0.9299501 0.2064501 2.794895 0.9299501 0.2064501 0.1698952 1.01335 0.2064501 0.1698952 1.01335 0.2064501 0.1698952 1.01335 13.5373 0.1698952 0.7631 13.5373 0.1698952 0.7631 13.5373 0.1698952 0.7631 13.5373 2.794895 0.7631001 13.5373 2.794895 0.7631001 13.5373 2.794895 0.7631001 13.5373 5.419895 0.7631003 13.5373 5.419895 0.7631003 13.5373 5.419895 0.7631003 13.5373 0.1698952 1.01335 10.2046 0.1698952 1.01335 10.2046 2.794895 1.01335 10.2046 2.794895 1.01335 10.2046 0.1698952 1.01335 13.5373 0.1698952 1.01335 10.2046 2.794895 1.01335 6.87185 0.1698952 1.01335 6.87185 2.794895 1.01335 6.87185 2.794895 1.01335 6.87185 0.1698952 1.01335 6.87185 2.794895 1.01335 3.53915 0.1698952 1.01335 3.53915 2.794895 1.01335 3.53915 2.794895 1.01335 3.53915 0.1698952 1.01335 3.53915 2.794895 1.01335 0.2064501 8.044899 0.7631004 0.2064501 8.044899 0.7631004 0.2064501 8.044899 0.7631004 13.5373 8.044899 0.7631004 13.5373 8.044899 0.7631004 13.5373 8.044899 0.7631004 0.2064501 0.1698952 1.01335 0.2064501 0.1698952 1.01335 0.2064501 0.1698952 1.01335 0.2064501 2.794895 1.01335 0.2064501 2.794895 1.01335 0.2064501 0.1698952 1.01335 0.2064501 2.794895 1.01335 13.5373 2.794895 0.8465001 13.5373 0.1698952 0.7631 13.5373 0.1698952 0.8465 13.5373 0.1698952 0.8465 13.5373 0.1698952 0.7631 13.5373 2.794895 0.8465001 13.5373 2.794895 0.8465001 13.5373 0.1698952 0.7631 13.5373 0.1698952 0.7631 13.5373 2.794895 0.9299501 13.5373 0.1698952 0.92995 13.5373 0.1698952 0.92995 13.5373 2.794895 0.9299501 13.5373 2.794895 0.9299501 13.5373 2.794895 1.01335 13.5373 0.1698952 1.01335 13.5373 0.1698952 1.01335 13.5373 2.794895 1.01335 13.5373 2.794895 1.01335 13.5373 2.794895 1.01335 13.5373 2.794895 1.01335 3.53915 10.6352 0.7631005 3.53915 10.6352 0.7631005 3.53915 10.6352 0.7631005 6.87185 10.6352 0.7631005 6.87185 10.6352 0.7631005 6.87185 10.6352 0.7631005 10.2046 10.6352 0.7631005 10.2046 10.6352 0.7631005 10.2046 10.6352 0.7631005 13.5373 10.6352 0.7631005 13.5373 10.6352 0.7631005 13.5373 10.6352 0.7631005 0.2064501 8.044899 0.8465004 0.2064501 8.044899 0.8465004 0.2064501 8.044899 0.8465004 0.2064501 5.419895 0.9299503 0.2064501 5.419895 0.9299503 0.2064501 5.419895 0.9299503 0.2064501 2.794895 1.01335 0.2064501 2.794895 1.01335 13.5373 2.794895 0.7631001 13.5373 2.794895 0.7631001 13.5373 5.419895 0.7631003 13.5373 5.419895 0.8465003 13.5373 5.419895 0.8465003 13.5373 5.419895 0.7631003 13.5373 5.419895 0.8465003 13.5373 8.044899 0.8465004 13.5373 8.044899 0.8465004 13.5373 8.044899 0.8465004 10.2046 5.419895 1.01335 10.2046 5.419895 1.01335 10.2046 5.419895 1.01335 6.87185 5.419895 1.01335 6.87185 5.419895 1.01335 6.87185 5.419895 1.01335 3.53915 5.419895 1.01335 3.53915 5.419895 1.01335 3.53915 5.419895 1.01335 0.2064501 5.419895 1.01335 0.2064501 5.419895 1.01335 0.2064501 5.419895 1.01335 0.2064501 10.6352 0.7631005 0.2064501 10.6352 0.7631005 0.2064501 10.6352 0.7631005 13.5373 10.6675 0.8465005 13.5373 10.6675 0.8465005 13.5373 10.6675 0.8465005 13.5373 5.419895 0.9299503 13.5373 5.419895 0.9299503 13.5373 5.419895 0.9299503 13.5373 5.419895 1.01335 13.5373 5.419895 1.01335 13.5373 5.419895 1.01335 13.5373 5.419895 1.01335 13.5373 5.419895 1.01335 0.2064501 5.419895 1.01335 0.2064501 5.419895 1.01335 3.53915 10.64615 0.7693505 3.53915 10.64615 0.7693505 3.53915 10.64615 0.7693505 6.87185 10.64615 0.7693505 6.87185 10.64615 0.7693505 6.87185 10.64615 0.7693505 10.2046 10.64615 0.7693505 10.2046 10.64615 0.7693505 10.2046 10.64615 0.7693505 13.5328 10.64615 0.7693505 13.5328 10.64615 0.7693505 13.5328 10.64615 0.7693505 13.5328 10.6786 0.8465005 13.5328 10.6786 0.8465005 13.5328 10.6786 0.8465005 0.2064501 10.6675 0.8465005 0.2064501 10.6675 0.8465005 0.2064501 10.6675 0.8465005 0.2064501 8.044899 0.9299504 0.2064501 8.044899 0.9299504 0.2064501 8.044899 0.9299504 13.5373 8.044899 0.9299504 13.5373 8.044899 0.9299504 13.5373 8.044899 0.9299504 13.5373 10.6675 0.9299505 13.5373 10.6675 0.9299505 13.5373 10.6675 0.9299505 10.2046 8.044899 1.01335 10.2046 8.044899 1.01335 10.2046 8.044899 1.01335 6.87185 8.044899 1.01335 6.87185 8.044899 1.01335 6.87185 8.044899 1.01335 3.53915 8.044899 1.01335 3.53915 8.044899 1.01335 3.53915 8.044899 1.01335 0.2064501 8.044899 1.01335 0.2064501 8.044899 1.01335 0.2064501 8.044899 1.01335 0.2093002 10.64615 0.7693505 0.2093002 10.64615 0.7693505 0.2093002 10.64615 0.7693505 13.5328 10.6786 0.9299505 13.5328 10.6786 0.9299505 13.5328 10.6786 0.9299505 13.5373 8.044899 1.01335 13.5373 8.044899 1.01335 13.5373 8.044899 1.01335 3.53915 10.66065 0.7693505 3.53915 10.66065 0.7693505 3.53915 10.66065 0.7693505 6.87185 10.66065 0.7693505 6.87185 10.66065 0.7693505 6.87185 10.66065 0.7693505 10.2046 10.66065 0.7693505 10.2046 10.66065 0.7693505 10.2046 10.66065 0.7693505 13.5328 10.66065 0.7693505 13.5328 10.66065 0.7693505 13.5328 10.66065 0.7693505 13.5328 10.69325 0.8465005 13.5328 10.69325 0.8465005 13.5328 10.69325 0.8465005 13.5328 10.69325 0.9299505 13.5328 10.69325 0.9299505 13.5328 10.69325 0.9299505 0.2093002 10.6786 0.8465005 0.2093002 10.6786 0.8465005 0.2093002 10.6786 0.8465005 0.2064501 10.6675 0.9299505 0.2064501 10.6675 0.9299505 0.2064501 10.6675 0.9299505 13.5373 10.6352 1.01335 13.5373 10.6352 1.01335 13.5373 10.6352 1.01335 13.5328 10.64615 1.0071 13.5328 10.64615 1.0071 13.5328 10.64615 1.0071 10.2046 10.6352 1.01335 10.2046 10.6352 1.01335 10.2046 10.6352 1.01335 6.87185 10.6352 1.01335 6.87185 10.6352 1.01335 6.87185 10.6352 1.01335 3.53915 10.6352 1.01335 3.53915 10.6352 1.01335 3.53915 10.6352 1.01335 0.2064501 10.6352 1.01335 0.2064501 10.6352 1.01335 0.2064501 10.6352 1.01335 0.2093002 10.66065 0.7693505 0.2093002 10.66065 0.7693505 0.2093002 10.66065 0.7693505 13.5328 10.66065 1.0071 13.5328 10.66065 1.0071 13.5328 10.66065 1.0071 3.53915 10.6699 0.7631005 0.2093002 10.66065 0.7693505 3.53915 10.66065 0.7693505 3.53915 10.66065 0.7693505 0.2093002 10.66065 0.7693505 3.53915 10.6699 0.7631005 3.53915 10.6699 0.7631005 6.87185 10.6699 0.7631005 3.53915 10.66065 0.7693505 6.87185 10.66065 0.7693505 6.87185 10.66065 0.7693505 3.53915 10.66065 0.7693505 6.87185 10.6699 0.7631005 6.87185 10.6699 0.7631005 10.2046 10.6699 0.7631005 6.87185 10.66065 0.7693505 10.2046 10.66065 0.7693505 10.2046 10.66065 0.7693505 6.87185 10.66065 0.7693505 10.2046 10.6699 0.7631005 10.2046 10.6699 0.7631005 13.5373 10.6699 0.7631005 10.2046 10.66065 0.7693505 13.5328 10.66065 0.7693505 13.5328 10.66065 0.7693505 10.2046 10.66065 0.7693505 13.5373 10.6699 0.7631005 13.5373 10.6699 0.7631005 13.5373 10.70265 0.8465005 13.5373 10.70265 0.8465005 13.5373 10.70265 0.8465005 13.5373 10.70265 0.9299505 13.5373 10.70265 0.9299505 13.5373 10.70265 0.9299505 13.5373 10.6699 1.01335 13.5373 10.6699 1.01335 13.5373 10.6699 1.01335 0.2093002 10.69325 0.8465005 0.2093002 10.69325 0.8465005 0.2093002 10.69325 0.8465005 0.2093002 10.6786 0.9299505 0.2093002 10.6786 0.9299505 0.2093002 10.6786 0.9299505 10.2046 10.64615 1.0071 10.2046 10.64615 1.0071 10.2046 10.64615 1.0071 10.2046 10.66065 1.0071 10.2046 10.66065 1.0071 10.2046 10.66065 1.0071 6.87185 10.64615 1.0071 6.87185 10.64615 1.0071 6.87185 10.64615 1.0071 3.53915 10.64615 1.0071 3.53915 10.64615 1.0071 3.53915 10.64615 1.0071 0.2093002 10.64615 1.0071 0.2093002 10.64615 1.0071 0.2093002 10.64615 1.0071 3.53915 10.6699 0.7631005 0.2064501 10.6699 0.7631005 0.2093002 10.66065 0.7693505 0.2093002 10.66065 0.7693505 0.2064501 10.6699 0.7631005 3.53915 10.6699 0.7631005 0.2064501 10.6699 0.7631005 3.53915 10.6699 0.7631005 3.53915 10.6699 0.7631005 10.2046 10.6699 0.7631005 6.87185 10.6699 0.7631005 6.87185 10.66065 0.7693505 6.87185 10.66065 0.7693505 6.87185 10.6699 0.7631005 10.2046 10.6699 0.7631005 13.5373 10.6699 0.7631005 13.5373 10.6699 0.7631005 13.5373 10.6699 0.7631005 13.5373 10.6699 0.7631005 13.5373 10.6699 1.01335 13.5328 10.66065 1.0071 10.2046 10.6699 1.01335 10.2046 10.6699 1.01335 13.5328 10.66065 1.0071 13.5373 10.6699 1.01335 10.2046 10.6699 1.01335 0.2064501 10.6699 0.7631005 0.2064501 10.6699 0.7631005 13.5328 10.66065 1.0071 10.2046 10.66065 1.0071 10.2046 10.6699 1.01335 10.2046 10.6699 1.01335 10.2046 10.66065 1.0071 13.5328 10.66065 1.0071 3.53915 10.6881 0.7631005 0.2064501 10.6699 0.7631005 3.53915 10.6699 0.7631005 3.53915 10.6699 0.7631005 0.2064501 10.6699 0.7631005 3.53915 10.6881 0.7631005 3.53915 10.6881 0.7631005 6.87185 10.6881 0.7631005 6.87185 10.6699 0.7631005 6.87185 10.6699 0.7631005 6.87185 10.6881 0.7631005 6.87185 10.6881 0.7631005 10.2046 10.6881 0.7631005 10.2046 10.6699 0.7631005 10.2046 10.6699 0.7631005 10.2046 10.6881 0.7631005 10.2046 10.6881 0.7631005 13.5373 10.6881 0.7631005 13.5373 10.6699 0.7631005 13.5373 10.6699 0.7631005 13.5373 10.6881 0.7631005 13.5373 10.6881 0.7631005 13.5373 10.72085 0.8465005 13.5373 10.72085 0.8465005 13.5373 10.72085 0.8465005 13.5373 10.72085 0.9299505 13.5373 10.72085 0.9299505 13.5373 10.72085 0.9299505 13.5373 10.6881 1.01335 13.5373 10.6881 1.01335 13.5373 10.6881 1.01335 13.5373 10.6699 1.01335 10.2046 10.6699 1.01335 10.2046 10.6881 1.01335 10.2046 10.6881 1.01335 10.2046 10.6699 1.01335 13.5373 10.6699 1.01335 10.2046 10.6881 1.01335 0.2064501 10.70265 0.8465005 0.2064501 10.70265 0.8465005 0.2064501 10.70265 0.8465005 0.2093002 10.69325 0.9299505 0.2093002 10.69325 0.9299505 0.2093002 10.69325 0.9299505 6.87185 10.66065 1.0071 6.87185 10.66065 1.0071 6.87185 10.66065 1.0071 10.2046 10.66065 1.0071 6.87185 10.6699 1.01335 10.2046 10.6699 1.01335 10.2046 10.6699 1.01335 6.87185 10.6699 1.01335 10.2046 10.66065 1.0071 6.87185 10.6699 1.01335 3.53915 10.66065 1.0071 3.53915 10.66065 1.0071 3.53915 10.66065 1.0071 0.2093002 10.66065 1.0071 0.2093002 10.66065 1.0071 0.2093002 10.66065 1.0071 0.2064501 10.6881 0.7631005 0.2064501 10.6881 0.7631005 0.2064501 10.6881 0.7631005 13.5373 10.6881 0.7631005 13.5373 10.6881 0.7631005 13.5373 10.6881 1.01335 13.5373 10.6881 1.01335 6.87185 10.6881 1.01335 6.87185 10.6881 1.01335 6.87185 10.6881 1.01335 0.2064501 10.6881 0.7631005 0.2064501 10.6881 0.7631005 10.2046 10.66065 1.0071 6.87185 10.66065 1.0071 6.87185 10.6699 1.01335 6.87185 10.6699 1.01335 6.87185 10.66065 1.0071 10.2046 10.66065 1.0071 6.87185 10.6699 1.01335 6.87185 10.6699 1.01335 3.53915 10.72085 0.8465005 3.53915 10.6881 0.7631005 6.87185 10.6881 0.7631005 6.87185 10.6881 0.7631005 3.53915 10.6881 0.7631005 3.53915 10.72085 0.8465005 3.53915 10.72085 0.8465005 0.2064501 10.72085 0.8465005 0.2064501 10.6881 0.7631005 3.53915 10.6881 0.7631005 3.53915 10.6881 0.7631005 0.2064501 10.6881 0.7631005 0.2064501 10.72085 0.8465005 0.2064501 10.72085 0.8465005 6.87185 10.72085 0.8465005 10.2046 10.6881 0.7631005 10.2046 10.6881 0.7631005 6.87185 10.72085 0.8465005 6.87185 10.72085 0.8465005 10.2046 10.72085 0.8465005 10.2046 10.6881 0.7631005 13.5373 10.6881 0.7631005 13.5373 10.6881 0.7631005 10.2046 10.6881 0.7631005 10.2046 10.72085 0.8465005 10.2046 10.72085 0.8465005 13.5373 10.6881 0.7631005 13.5373 10.72085 0.8465005 13.5373 10.72085 0.8465005 13.5373 10.6881 0.7631005 10.2046 10.72085 0.9299505 13.5373 10.72085 0.9299505 13.5373 10.72085 0.9299505 10.2046 10.72085 0.9299505 10.2046 10.72085 0.9299505 10.2046 10.6881 1.01335 13.5373 10.6881 1.01335 13.5373 10.6881 1.01335 10.2046 10.6881 1.01335 6.87185 10.6881 1.01335 10.2046 10.6881 1.01335 10.2046 10.6881 1.01335 6.87185 10.6881 1.01335 0.2064501 10.72085 0.8465005 0.2064501 10.72085 0.8465005 0.2064501 10.70265 0.9299505 0.2064501 10.70265 0.9299505 0.2064501 10.70265 0.9299505 6.87185 10.66065 1.0071 3.53915 10.6699 1.01335 6.87185 10.6699 1.01335 6.87185 10.6699 1.01335 3.53915 10.6699 1.01335 6.87185 10.66065 1.0071 3.53915 10.6699 1.01335 3.53915 10.6881 1.01335 3.53915 10.6881 1.01335 3.53915 10.6881 1.01335 6.87185 10.66065 1.0071 3.53915 10.66065 1.0071 3.53915 10.6699 1.01335 3.53915 10.6699 1.01335 3.53915 10.66065 1.0071 6.87185 10.66065 1.0071 3.53915 10.66065 1.0071 0.2093002 10.66065 1.0071 0.2064501 10.6699 1.01335 0.2064501 10.6699 1.01335 0.2093002 10.66065 1.0071 3.53915 10.66065 1.0071 0.2064501 10.6699 1.01335 3.53915 10.6881 0.7631005 3.53915 10.6881 0.7631005 6.87185 10.6881 0.7631005 6.87185 10.6881 0.7631005 10.2046 10.6881 0.7631005 10.2046 10.6881 0.7631005 10.2046 10.6881 1.01335 10.2046 10.6881 1.01335 6.87185 10.6881 1.01335 6.87185 10.72085 0.9299505 6.87185 10.72085 0.9299505 6.87185 10.6881 1.01335 6.87185 10.72085 0.9299505 3.53915 10.6699 1.01335 3.53915 10.6699 1.01335 3.53915 10.6881 1.01335 6.87185 10.6881 1.01335 6.87185 10.6881 1.01335 3.53915 10.6881 1.01335 3.53915 10.66065 1.0071 0.2064501 10.6699 1.01335 3.53915 10.6699 1.01335 3.53915 10.6699 1.01335 0.2064501 10.6699 1.01335 3.53915 10.66065 1.0071 0.2064501 10.6699 1.01335 0.2064501 10.6699 1.01335 0.2064501 10.72085 0.9299505 0.2064501 10.72085 0.9299505 0.2064501 10.72085 0.9299505 3.53915 10.72085 0.9299505 3.53915 10.72085 0.9299505 3.53915 10.72085 0.9299505 0.2064501 10.72085 0.9299505 0.2064501 10.72085 0.9299505 0.2064501 10.6881 1.01335 0.2064501 10.6881 1.01335 0.2064501 10.6881 1.01335 3.53915 10.6881 1.01335 3.53915 10.6881 1.01335 0.2064501 10.6699 1.01335 0.2064501 10.6699 1.01335 0.2064501 10.6881 1.01335 3.53915 10.6881 1.01335 3.53915 10.6881 1.01335 0.2064501 10.6881 1.01335 0.2064501 10.6881 1.01335 0.2064501 10.6881 1.01335 0.2064501 10.6881 1.01335 0.2064501 10.6881 1.01335</float_array>
                    <technique_common>
                        <accessor count="624" source="#ID177" stride="3">
                            <param name="X" type="float" />
                            <param name="Y" type="float" />
                            <param name="Z" type="float" />
                        </accessor>
                    </technique_common>
                </source>
                <source id="ID174">
                    <float_array id="ID178" count="1872">0 1 4.371139e-08 0 1 4.371139e-08 0 1 4.371139e-08 -0 -1 -4.371139e-08 -0 -1 -4.371139e-08 -0 -1 -4.371139e-08 0 0 0 0 0 0 0 0 0 0 1 4.371139e-08 -0 -1 -4.371139e-08 0 0 0 0 -4.371139e-08 1 0 -4.371139e-08 1 0 -4.371139e-08 1 -0 4.371139e-08 -1 -0 4.371139e-08 -1 -0 4.371139e-08 -1 0 0 0 0 1 4.371139e-08 -0 -1 -4.371139e-08 0 0 0 0 1 4.371139e-08 -0 -1 -4.371139e-08 0 0 0 0 1 4.371139e-08 -0 -1 -4.371139e-08 0 0 0 0 -4.371139e-08 1 -0 4.371139e-08 -1 0 0 0 0 -4.371139e-08 1 -0 4.371139e-08 -1 0 0 0 1 0 0 1 0 0 1 0 0 -1 -0 -0 -1 -0 -0 -1 -0 -0 0 1 4.371139e-08 -0 -1 -4.371139e-08 0 0 0 0 1 4.371139e-08 -0 -1 -4.371139e-08 0 0 0 0 -4.371139e-08 1 -0 4.371139e-08 -1 0 1 4.371139e-08 -0 -1 -4.371139e-08 0 0 0 0 -4.371139e-08 1 -0 4.371139e-08 -1 0 0 0 0 -4.371139e-08 1 -0 4.371139e-08 -1 0 0 0 1 0 0 -1 -0 -0 0 0 0 0 1 4.371139e-08 -0 -1 -4.371139e-08 0 0 0 0 1 4.371139e-08 -0 -1 -4.371139e-08 0 0 0 0 -4.371139e-08 1 -0 4.371139e-08 -1 0 0 0 0 1 4.371139e-08 -0 -1 -4.371139e-08 0 0 0 0 1 4.371139e-08 -0 -1 -4.371139e-08 0 0 0 0 -4.371139e-08 1 -0 4.371139e-08 -1 0 0 0 0 -4.371139e-08 1 -0 4.371139e-08 -1 0 0 0 1 0 0 -1 -0 -0 1 0 0 -1 -0 -0 0 1 4.371139e-08 -0 -1 -4.371139e-08 0 0 0 0 1 4.371139e-08 -0 -1 -4.371139e-08 0 0 0 0 -4.371139e-08 1 -0 4.371139e-08 -1 0 1 4.371139e-08 -0 -1 -4.371139e-08 0 0 0 0 1 4.371139e-08 -0 -1 -4.371139e-08 0 0 0 0 -4.371139e-08 1 -0 4.371139e-08 -1 0 0 0 0 -4.371139e-08 1 -0 4.371139e-08 -1 0 0 0 0 -4.371139e-08 1 -0 4.371139e-08 -1 0 0 0 1 0 0 -1 -0 -0 0 0 0 1 0 0 -1 -0 -0 0 0 0 0 1 4.371139e-08 -0 -1 -4.371139e-08 0 0 0 0 1 4.371139e-08 -0 -1 -4.371139e-08 0 0 0 0 -4.371139e-08 1 -0 4.371139e-08 -1 0 0 0 0 -4.371139e-08 1 -0 4.371139e-08 -1 0 0 0 0 4.371139e-08 -1 0 4.371139e-08 -1 0 4.371139e-08 -1 -0 -4.371139e-08 1 -0 -4.371139e-08 1 -0 -4.371139e-08 1 0 0 0 0 4.371139e-08 -1 0 4.371139e-08 -1 -0 -4.371139e-08 1 -0 -4.371139e-08 1 0 0 0 0 4.371139e-08 -1 0 4.371139e-08 -1 -0 -4.371139e-08 1 -0 -4.371139e-08 1 0 0 0 0.7071068 -3.090862e-08 0.7071068 -0.7071068 3.090862e-08 -0.7071068 0 0 0 -0.7071068 -3.090862e-08 0.7071068 0.7071068 3.090862e-08 -0.7071068 0 0 0 1 0 0 -1 -0 -0 0 4.371139e-08 -1 0 4.371139e-08 -1 -0 -4.371139e-08 1 -0 -4.371139e-08 1 0 0 0 -1 0 0 -1 0 0 -1 0 0 1 -0 -0 1 -0 -0 1 -0 -0 0 0 0 0 -4.371139e-08 1 -0 4.371139e-08 -1 -1 0 0 -1 0 0 1 -0 -0 1 -0 -0 0 0 0 -1 0 0 -1 0 0 1 -0 -0 1 -0 -0 0 0 0 0 4.371139e-08 -1 -0 -4.371139e-08 1 5.356004e-20 -0.2563922 0.9665728 -5.356004e-20 0.2563922 -0.9665728 0 0 0 -2.580143e-22 -0.2563922 0.9665728 2.580143e-22 0.2563922 -0.9665728 0 0 0 -1.068585e-19 -0.2563922 0.9665728 1.068585e-19 0.2563922 -0.9665728 0 0 0 -0.662359 -0.2419229 0.7090514 0.662359 0.2419229 -0.7090514 0 0 0 1 0 0 -1 -0 -0 0 0 0 1 0 0 -1 -0 -0 0 0 0 1 0 0 -1 -0 -0 -1 0 0 1 -0 -0 -1 0 0 -1 0 0 1 -0 -0 1 -0 -0 0 0 0 -1 0 0 1 -0 -0 0 0 0 0 4.371139e-08 -1 -0 -4.371139e-08 1 0 0 0 0 4.371139e-08 -1 -0 -4.371139e-08 1 0 0 0 0 4.371139e-08 -1 -0 -4.371139e-08 1 0 0 0 0 4.371139e-08 -1 -0 -4.371139e-08 1 0 0 0 0.6607302 -0.225838 0.7158442 -0.6607302 0.225838 -0.7158442 0 0 0 -0.9761723 -0.2122959 0.04492372 0.9761723 0.2122959 -0.04492372 0 0 0 -1 0 0 1 -0 -0 0 0 0 -1 0 0 1 -0 -0 0 0 0 0 4.371139e-08 -1 -0 -4.371139e-08 1 1 0 0 -1 -0 -0 5.343103e-20 -0.2563922 0.9665728 -5.343103e-20 0.2563922 -0.9665728 0 0 0 0 -0.2563922 0.9665728 -0 0.2563922 -0.9665728 0 0 0 -1.068589e-19 -0.2563922 0.9665728 1.068589e-19 0.2563922 -0.9665728 0 0 0 -0.6083695 -0.3876382 0.6925483 0.6083695 0.3876382 -0.6925483 0 0 0 -0.9851649 -0.1691739 0.0288155 0.9851649 0.1691739 -0.0288155 0 0 0 0.9895079 -0.1407563 0.03258347 -0.9895079 0.1407563 -0.03258347 0 0 0 1 0 0 -1 -0 -0 0 0 0 -1 0 0 1 -0 -0 0 0 0 -0.9756145 -0.2139167 -0.04915322 0.9756145 0.2139167 0.04915322 0 0 0 0 4.371139e-08 -1 -0 -4.371139e-08 1 0 0 0 0 4.371139e-08 -1 -0 -4.371139e-08 1 0 0 0 0 4.371139e-08 -1 -0 -4.371139e-08 1 0 0 0 0.7071068 3.090862e-08 -0.7071068 -0.7071068 -3.090862e-08 0.7071068 0 0 0 0.6759691 -0.3202068 0.6637269 -0.6759691 0.3202068 -0.6637269 0 0 0 -0.9854007 -0.1675244 -0.03034851 0.9854007 0.1675244 0.03034851 0 0 0 -0.7071068 3.090862e-08 -0.7071068 0.7071068 -3.090862e-08 0.7071068 0 0 0 0 -4.371139e-08 1 -0 4.371139e-08 -1 0 0 0 0 -4.371139e-08 1 -0 4.371139e-08 -1 0 0 0 0 -4.371139e-08 1 -0 4.371139e-08 -1 0 0 0 -0.9257506 0.1626685 0.3413573 0.9257506 -0.1626685 -0.3413573 0 0 0 -0.9673822 0.2468095 -0.0570671 0.9673822 -0.2468095 0.0570671 0 0 0 -0.9680351 0.2452195 0.05268153 0.9680351 -0.2452195 -0.05268153 0 0 0 0.9937836 -0.1095614 0.01976096 -0.9937836 0.1095614 -0.01976096 0 0 0 0.9897586 -0.13962 -0.02973539 -0.9897586 0.13962 0.02973539 0 0 0 -0.6628581 -0.2436522 -0.707992 0.6628581 0.2436522 0.707992 0 0 0 -0.6164404 -0.384151 -0.6873349 0.6164404 0.384151 0.6873349 0 0 0 0 -0.2563931 -0.9665726 -0 0.2563931 0.9665726 0 0 0 0 -0.2563931 -0.9665726 -0 0.2563931 0.9665726 0 0 0 1.291233e-22 -0.2563931 -0.9665726 -1.291233e-22 0.2563931 0.9665726 0 0 0 0.6603509 -0.2247365 -0.7165404 -0.6603509 0.2247365 0.7165404 0 0 0 0.9295632 0.1032594 0.3539064 -0.9295632 -0.1032594 -0.3539064 0 0 0 -0.9274184 0.1583009 -0.3388745 0.9274184 -0.1583009 0.3388745 0 0 0 0 0.5598304 0.8286072 0 0.5598304 0.8286072 0 0.5598304 0.8286072 -0 -0.5598304 -0.8286072 -0 -0.5598304 -0.8286072 -0 -0.5598304 -0.8286072 0 0 0 -1.384568e-19 0.5598304 0.8286072 -1.384568e-19 0.5598304 0.8286072 -1.384568e-19 0.5598304 0.8286072 1.384568e-19 -0.5598304 -0.8286072 1.384568e-19 -0.5598304 -0.8286072 1.384568e-19 -0.5598304 -0.8286072 0 0 0 0 0.5598304 0.8286072 0 0.5598304 0.8286072 0 0.5598304 0.8286072 -0 -0.5598304 -0.8286072 -0 -0.5598304 -0.8286072 -0 -0.5598304 -0.8286072 0 0 0 -4.164942e-19 0.5598304 0.8286072 -4.164942e-19 0.5598304 0.8286072 -4.164942e-19 0.5598304 0.8286072 4.164942e-19 -0.5598304 -0.8286072 4.164942e-19 -0.5598304 -0.8286072 4.164942e-19 -0.5598304 -0.8286072 0 0 0 -0.9803829 0.1939424 -0.03515367 0.9803829 -0.1939424 0.03515367 0 0 0 -0.9800991 0.1956537 0.03354624 0.9800991 -0.1956537 -0.03354624 0 0 0 -0.97766 0.1938221 0.08132585 0.97766 -0.1938221 -0.08132585 0 0 0 0.9859308 0.1633652 -0.03538651 -0.9859308 -0.1633652 0.03538651 0 0 0 0.9936827 -0.110646 -0.01876376 -0.9936827 0.110646 0.01876376 0 0 0 1.29362e-22 -0.2563931 -0.9665726 -1.29362e-22 0.2563931 0.9665726 0 0 0 0 4.371139e-08 -1 -0 -4.371139e-08 1 0 0 0 0 -0.2563931 -0.9665726 -0 0.2563931 0.9665726 0 0 0 0 -0.2563931 -0.9665726 -0 0.2563931 0.9665726 0 0 0 0.670533 -0.3236089 -0.6675798 -0.670533 0.3236089 0.6675798 0 0 0 -1.384568e-19 0.5598304 0.8286072 -1.384568e-19 0.5598304 0.8286072 -1.384568e-19 0.5598304 0.8286072 1.384568e-19 -0.5598304 -0.8286072 1.384568e-19 -0.5598304 -0.8286072 1.384568e-19 -0.5598304 -0.8286072 0 0 0 -1.384568e-19 0.5598304 0.8286072 1.384568e-19 -0.5598304 -0.8286072 -1.384527e-19 0.5598304 0.8286072 -1.384527e-19 0.5598304 0.8286072 -1.384527e-19 0.5598304 0.8286072 1.384527e-19 -0.5598304 -0.8286072 1.384527e-19 -0.5598304 -0.8286072 1.384527e-19 -0.5598304 -0.8286072 0 0.5598304 0.8286072 -0 -0.5598304 -0.8286072 -0.9782379 0.1931302 -0.07583755 0.9782379 -0.1931302 0.07583755 -1.384566e-19 0.5598323 -0.8286059 -1.384566e-19 0.5598323 -0.8286059 -1.384566e-19 0.5598323 -0.8286059 1.384566e-19 -0.5598323 0.8286059 1.384566e-19 -0.5598323 0.8286059 1.384566e-19 -0.5598323 0.8286059 0 0 0 0.990513 0.1267113 -0.05318111 -0.990513 -0.1267113 0.05318111 0 0.5598323 -0.8286059 0 0.5598323 -0.8286059 0 0.5598323 -0.8286059 -0 -0.5598323 0.8286059 -0 -0.5598323 0.8286059 -0 -0.5598323 0.8286059 0 -4.371139e-08 1 0 -4.371139e-08 1 0 -4.371139e-08 1 -0 4.371139e-08 -1 -0 4.371139e-08 -1 -0 4.371139e-08 -1 0 0 0 0 -4.371139e-08 1 0 -4.371139e-08 1 -0 4.371139e-08 -1 -0 4.371139e-08 -1 0 0 0 0 -4.371139e-08 1 0 -4.371139e-08 1 -0 4.371139e-08 -1 -0 4.371139e-08 -1 0 0 0 0 -4.371139e-08 1 0 -4.371139e-08 1 -0 4.371139e-08 -1 -0 4.371139e-08 -1 0 0 0 -1 0 0 1 -0 -0 0 0 0 -1 0 0 1 -0 -0 0 0 0 -1 0 0 1 -0 -0 0 0 0 0 4.371139e-08 -1 0 4.371139e-08 -1 0 4.371139e-08 -1 -0 -4.371139e-08 1 -0 -4.371139e-08 1 -0 -4.371139e-08 1 0 0 0 0.9913487 0.1293869 -0.02206267 -0.9913487 -0.1293869 0.02206267 0 0 0 0.9856261 0.1645201 0.03839715 -0.9856261 -0.1645201 -0.03839715 0 0 0 0 4.371139e-08 -1 -0 -4.371139e-08 1 0 0 0 1.384525e-19 0.5598323 -0.8286059 1.384525e-19 0.5598323 -0.8286059 1.384525e-19 0.5598323 -0.8286059 -1.384525e-19 -0.5598323 0.8286059 -1.384525e-19 -0.5598323 0.8286059 -1.384525e-19 -0.5598323 0.8286059 0 0 0 0 4.371139e-08 -1 -0 -4.371139e-08 1 0 0 0 0.928641 0.1062209 -0.3554476 -0.928641 -0.1062209 0.3554476 0 0 0 0 -4.371139e-08 1 -0 4.371139e-08 -1 0 0 0 -1 0 0 1 -0 -0 0 4.371139e-08 -1 -0 -4.371139e-08 1 0 4.371139e-08 -1 -0 -4.371139e-08 1 0 0 0 1 0 0 -1 -0 -0 -2.769049e-19 0.5598323 -0.8286059 -2.769049e-19 0.5598323 -0.8286059 -2.769049e-19 0.5598323 -0.8286059 2.769049e-19 -0.5598323 0.8286059 2.769049e-19 -0.5598323 0.8286059 2.769049e-19 -0.5598323 0.8286059 0 4.371139e-08 -1 -0 -4.371139e-08 1 2.535486e-19 -0.98255 0.1859988 0 -0.9308089 0.3655062 0 -0.9308089 0.3655062 -0 0.9308089 -0.3655062 -0 0.9308089 -0.3655062 -2.535486e-19 0.98255 -0.1859988 0 0 0 8.531151e-21 -0.98255 0.1859988 0 -0.9308089 0.3655062 0 -0.9308089 0.3655062 -0 0.9308089 -0.3655062 -0 0.9308089 -0.3655062 -8.531151e-21 0.98255 -0.1859988 0 0 0 2.578138e-19 -0.98255 0.1859988 0 -0.9308089 0.3655062 -0 0.9308089 -0.3655062 -2.578138e-19 0.98255 -0.1859988 0 0 0 4.985513e-19 -0.98255 0.1859988 0 -0.9308089 0.3655062 0 -0.9308089 0.3655062 -0 0.9308089 -0.3655062 -0 0.9308089 -0.3655062 -4.985513e-19 0.98255 -0.1859988 0 0 0 0 -0.9308089 0.3655062 0 -0.98255 0.1859988 -0 0.98255 -0.1859988 -0 0.9308089 -0.3655062 -2.450103e-19 -0.98255 -0.1859988 -4.90035e-19 -0.98255 -0.1859988 4.90035e-19 0.98255 0.1859988 2.450103e-19 0.98255 0.1859988 0 0 0 -9.797324e-19 -0.9308089 -0.3655063 -9.797324e-19 -0.9308089 -0.3655063 9.797324e-19 0.9308089 0.3655063 9.797324e-19 0.9308089 0.3655063 -9.797032e-19 -0.9308089 -0.3655063 -9.797032e-19 -0.9308089 -0.3655063 9.797032e-19 0.9308089 0.3655063 9.797032e-19 0.9308089 0.3655063 1 0 0 -1 -0 -0 0.9914727 0.1282474 0.02311766 -0.9914727 -0.1282474 -0.02311766 0 0 0 0 0.5598323 -0.8286059 0 0.5598323 -0.8286059 0 0.5598323 -0.8286059 -0 -0.5598323 0.8286059 -0 -0.5598323 0.8286059 -0 -0.5598323 0.8286059 0 0 0 0 4.371139e-08 -1 -0 -4.371139e-08 1 0 0 0 -1.384566e-19 0.5598323 -0.8286059 -1.384566e-19 0.5598323 -0.8286059 -1.384566e-19 0.5598323 -0.8286059 1.384566e-19 -0.5598323 0.8286059 1.384566e-19 -0.5598323 0.8286059 1.384566e-19 -0.5598323 0.8286059 -1.386937e-19 0.5598323 -0.8286059 -1.386937e-19 0.5598323 -0.8286059 -1.386937e-19 0.5598323 -0.8286059 1.386937e-19 -0.5598323 0.8286059 1.386937e-19 -0.5598323 0.8286059 1.386937e-19 -0.5598323 0.8286059 0 0 0 9.797322e-19 -0.9308089 0.3655062 -9.797322e-19 0.9308089 -0.3655062 9.797322e-19 -0.9308089 0.3655062 -9.797322e-19 0.9308089 -0.3655062 1.959406e-18 -0.9308089 0.3655062 -1.959406e-18 0.9308089 -0.3655062 0 -0.9308089 -0.3655063 -0 0.9308089 0.3655063 0 -0.9308089 -0.3655063 0 -0.98255 -0.1859988 -0 0.98255 0.1859988 -0 0.9308089 0.3655063 0 0 0 0 4.371139e-08 -1 -0 -4.371139e-08 1 0 -0.9308089 -0.3655063 0 -0.9308089 -0.3655063 -0 0.9308089 0.3655063 -0 0.9308089 0.3655063 0 0.5598323 -0.8286059 0 0.5598323 -0.8286059 0 0.5598323 -0.8286059 -0 -0.5598323 0.8286059 -0 -0.5598323 0.8286059 -0 -0.5598323 0.8286059 0.9907604 0.1262398 0.04957133 -0.9907604 -0.1262398 -0.04957133 0 -0.98255 -0.1859988 -0 0.98255 0.1859988 0 0 0 -2.450175e-19 -0.98255 -0.1859988 2.450175e-19 0.98255 0.1859988 0 0 0 1 0 0 -1 -0 -0 0 4.371139e-08 -1 -0 -4.371139e-08 1 0 0 0 0 -0.9308089 -0.3655063 -0 0.9308089 0.3655063 0 4.371139e-08 -1 -0 -4.371139e-08 1 -9.797322e-19 -0.9308089 -0.3655063 -9.797322e-19 -0.9308089 -0.3655063 9.797322e-19 0.9308089 0.3655063 9.797322e-19 0.9308089 0.3655063 1 0 0 -1 -0 -0 0 -0.9308089 -0.3655063 -0 0.9308089 0.3655063</float_array>
                    <technique_common>
                        <accessor count="624" source="#ID178" stride="3">
                            <param name="X" type="float" />
                            <param name="Y" type="float" />
                            <param name="Z" type="float" />
                        </accessor>
                    </technique_common>
                </source>
                <source id="ID176">
                    <float_array id="ID179" count="1628">0.80677 0.91079 0.809737 0.91079 0.809747 0.990781 0.80677 0.830803 0.809737 0.91079 0.80677 0.91079 0.739141 0.250364 0.802686 0.331928 0.802696 0.250374 0.80677 0.91079 0.809737 0.990781 0.80677 0.990781 0.80677 0.830803 0.809737 0.830803 0.809747 0.91079 0.803803 0.830803 0.80677 0.830803 0.80678 0.91079 0.739141 0.250364 0.739151 0.331928 0.802686 0.331928 0.739141 0.168787 0.739151 0.250364 0.802686 0.250364 0.809769 0.750021 0.806792 0.668873 0.809759 0.668873 0.803803 0.91079 0.80677 0.91079 0.80678 0.990781 0.80677 0.750812 0.809737 0.830803 0.80677 0.830803 0.739141 0.168787 0.802686 0.250364 0.802696 0.168797 0.803803 0.750812 0.803803 0.830803 0.803803 0.830803 0.80677 0.91079 0.803803 0.91079 0.675595 0.250364 0.739141 0.331928 0.739151 0.250374 0.675595 0.168787 0.739141 0.250364 0.739151 0.168797 0.809759 0.750021 0.806792 0.750021 0.806792 0.668873 0.803803 0.91079 0.80677 0.990781 0.803803 0.990781 0.80677 0.750812 0.809737 0.750812 0.809747 0.830803 0.803803 0.750812 0.80677 0.750812 0.80678 0.830803 0.739141 0.087209 0.739151 0.168787 0.802686 0.168787 0.800837 0.750812 0.803803 0.750812 0.803813 0.830803 0.800837 0.830803 0.803803 0.830803 0.803813 0.91079 0.675595 0.250364 0.675605 0.331928 0.739141 0.331928 0.675595 0.168787 0.675605 0.250364 0.739141 0.250364 0.675595 0.087209 0.675605 0.168787 0.739141 0.168787 0.809769 0.831176 0.806792 0.750021 0.809759 0.750021 0.806802 0.750021 0.803825 0.668873 0.806792 0.668873 0.800837 0.91079 0.803803 0.91079 0.803813 0.990781 0.80677 0.670825 0.809737 0.750812 0.80677 0.750812 0.739141 0.087209 0.802686 0.168787 0.802696 0.087219 0.803803 0.670825 0.80677 0.750812 0.803803 0.750812 0.675595 0.087209 0.739141 0.168787 0.739151 0.087219 0.800837 0.670825 0.803803 0.750812 0.800837 0.750812 0.800837 0.750812 0.803803 0.830803 0.800837 0.830803 0.800837 0.830803 0.803803 0.91079 0.800837 0.91079 0.612049 0.250364 0.675595 0.331928 0.675605 0.250374 0.612049 0.168787 0.675595 0.250364 0.675605 0.168797 0.612049 0.087209 0.675595 0.168787 0.675605 0.087219 0.809759 0.831176 0.806792 0.831176 0.806792 0.750021 0.806792 0.750021 0.803825 0.750021 0.803825 0.668873 0.800837 0.91079 0.803803 0.990781 0.800837 0.990781 0.80677 0.670825 0.809737 0.670825 0.809747 0.750812 0.803803 0.670825 0.80677 0.670825 0.80678 0.750812 0.739141 0.005652 0.739151 0.087209 0.802686 0.087209 0.800837 0.670825 0.803803 0.670825 0.803813 0.750812 0.675595 0.005652 0.675605 0.087209 0.739141 0.087209 0.802676 0.331833 0.802686 0.250305 0.739135 0.250295 0.802676 0.250295 0.802686 0.168746 0.739135 0.168736 0.802676 0.168736 0.802686 0.087188 0.739135 0.087178 0.612049 0.250364 0.612059 0.331928 0.675595 0.331928 0.612049 0.168787 0.612059 0.250364 0.675595 0.250364 0.612049 0.087209 0.612059 0.168787 0.675595 0.168787 0.612049 0.005652 0.612059 0.087209 0.675595 0.087209 0.809769 0.912327 0.806792 0.831176 0.809759 0.831176 0.806802 0.831176 0.803825 0.750021 0.806792 0.750021 0.803835 0.750021 0.800858 0.668873 0.803825 0.668873 0.802676 0.087178 0.802686 0.005643 0.739135 0.005633 0.803816 0.750035 0.800849 0.668869 0.803817 0.668869 0.739141 0.005652 0.802686 0.087209 0.802696 0.005662 0.806784 0.750035 0.803817 0.668869 0.806785 0.668869 0.675595 0.005652 0.739141 0.087209 0.739151 0.005662 0.809751 0.750035 0.806785 0.668869 0.809753 0.668869 0.612049 0.005652 0.675595 0.087209 0.675605 0.005662 0.802676 0.331833 0.739135 0.250295 0.739145 0.331833 0.802676 0.250295 0.739135 0.168736 0.739145 0.250295 0.802676 0.168736 0.739135 0.087178 0.739145 0.168736 0.802676 0.087178 0.739135 0.005633 0.739145 0.087178 0.54912 0.250364 0.612049 0.331928 0.612059 0.250374 0.54912 0.168787 0.612059 0.168797 0.54912 0.087209 0.612049 0.168787 0.612059 0.087219 0.54912 0.005652 0.612049 0.087209 0.612059 0.005662 0.809759 0.912327 0.806793 0.912327 0.806792 0.831176 0.806792 0.831176 0.803825 0.831176 0.803825 0.750021 0.803825 0.750021 0.800858 0.750021 0.800858 0.668873 0.800848 0.750035 0.800849 0.668869 0.803816 0.750035 0.803816 0.750035 0.803817 0.668869 0.806784 0.750035 0.806784 0.750035 0.806785 0.668869 0.809751 0.750035 0.800847 0.831204 0.800848 0.750035 0.803815 0.831204 0.800846 0.912372 0.800847 0.831204 0.803811 0.912372 0.739135 0.331833 0.739145 0.250305 0.675594 0.250295 0.739135 0.250295 0.739145 0.168746 0.675594 0.168736 0.739135 0.168736 0.739145 0.087188 0.675594 0.087178 0.739135 0.087178 0.739145 0.005643 0.675594 0.005633 0.54912 0.250364 0.54913 0.331928 0.612049 0.331928 0.54912 0.168787 0.54913 0.250364 0.612049 0.250364 0.54912 0.087209 0.54913 0.168787 0.612049 0.168787 0.54912 0.005652 0.54913 0.087209 0.612049 0.087209 0.80382 0.993317 0.800853 0.992347 0.800846 0.912372 0.809756 0.992358 0.806793 0.912327 0.809759 0.912327 0.806793 0.912327 0.803825 0.831176 0.806792 0.831176 0.803835 0.831176 0.800858 0.750021 0.803825 0.750021 0.803815 0.831204 0.800848 0.750035 0.803816 0.750035 0.806782 0.831204 0.803816 0.750035 0.806784 0.750035 0.80975 0.831205 0.806784 0.750035 0.809751 0.750035 0.803811 0.912372 0.800847 0.831204 0.803815 0.831204 0.80382 0.993317 0.800846 0.912372 0.803811 0.912372 0.739135 0.331833 0.675594 0.250295 0.675604 0.331833 0.739135 0.250295 0.675594 0.168736 0.675604 0.250295 0.739135 0.168736 0.675594 0.087178 0.675604 0.168736 0.739135 0.087178 0.675594 0.005633 0.675604 0.087178 0.803825 0.831176 0.800858 0.831176 0.800858 0.750021 0.548816 0.250364 0.54912 0.331928 0.54913 0.250374 0.548816 0.168787 0.54912 0.250364 0.54913 0.168797 0.548816 0.087209 0.54912 0.168787 0.54913 0.087219 0.54913 0.005662 0.548816 0.005652 0.54912 0.087209 0.803817 0.993688 0.800853 0.992347 0.80382 0.993317 0.806791 0.993343 0.806793 0.912327 0.809756 0.992358 0.806793 0.912327 0.803824 0.912327 0.803825 0.831176 0.803815 0.831204 0.803816 0.750035 0.806782 0.831204 0.806782 0.831204 0.806784 0.750035 0.80975 0.831205 0.803811 0.912372 0.803815 0.831204 0.806783 0.912372 0.80382 0.993317 0.803811 0.912372 0.806776 0.993318 0.675594 0.331833 0.675604 0.250305 0.612053 0.250295 0.675594 0.250295 0.675604 0.168746 0.612053 0.168736 0.675594 0.168736 0.675604 0.087188 0.612053 0.087178 0.675594 0.087178 0.675604 0.005643 0.612053 0.005633 0.803824 0.912327 0.800858 0.831176 0.803825 0.831176 0.548816 0.250364 0.548826 0.331928 0.54912 0.331928 0.548816 0.168787 0.548826 0.250364 0.54912 0.250364 0.548816 0.087209 0.548826 0.168787 0.54912 0.168787 0.548816 0.005652 0.548826 0.087209 0.54912 0.087209 0.803817 0.993688 0.801065 0.99272 0.800853 0.992347 0.803817 0.993688 0.80382 0.993317 0.80678 0.993687 0.806791 0.993343 0.809756 0.992358 0.809539 0.992711 0.806791 0.993343 0.803824 0.912327 0.806793 0.912327 0.806783 0.912372 0.803815 0.831204 0.806782 0.831204 0.809749 0.912372 0.806782 0.831204 0.80975 0.831205 0.806776 0.993318 0.803811 0.912372 0.806783 0.912372 0.80678 0.993687 0.80382 0.993317 0.806776 0.993318 0.675594 0.331833 0.612053 0.250295 0.612063 0.331833 0.675594 0.250295 0.612053 0.168736 0.612063 0.250295 0.675594 0.168736 0.612053 0.087178 0.612063 0.168736 0.675594 0.087178 0.612053 0.005633 0.612063 0.087178 0.803824 0.912327 0.800858 0.912327 0.800858 0.831176 0.548464 0.250364 0.548816 0.331928 0.548826 0.250374 0.548464 0.168787 0.548816 0.250364 0.548826 0.168797 0.548464 0.087209 0.548816 0.168787 0.548826 0.087219 0.548464 0.005652 0.548816 0.087209 0.548826 0.005662 0.80382 0.994139 0.801065 0.99272 0.803817 0.993688 0.806776 0.99414 0.803817 0.993688 0.80678 0.993687 0.806792 0.993697 0.806791 0.993343 0.809539 0.992711 0.806791 0.993343 0.803828 0.993342 0.803824 0.912327 0.806783 0.912372 0.806782 0.831204 0.809749 0.912372 0.806776 0.993318 0.806783 0.912372 0.809741 0.99235 0.80678 0.993687 0.806776 0.993318 0.809529 0.992721 0.612053 0.331833 0.612063 0.250305 0.549129 0.250295 0.612053 0.250295 0.612063 0.168746 0.549129 0.168736 0.612053 0.168736 0.612063 0.087188 0.549129 0.087178 0.612053 0.087178 0.612063 0.005643 0.549129 0.005633 0.803828 0.993342 0.800858 0.912327 0.803824 0.912327 0.548464 0.250364 0.548474 0.331928 0.548816 0.331928 0.548464 0.168787 0.548474 0.250364 0.548816 0.250364 0.548464 0.087209 0.548474 0.168787 0.548816 0.168787 0.548464 0.005652 0.548474 0.087209 0.548816 0.087209 0.80382 0.994139 0.801071 0.993164 0.801065 0.99272 0.80382 0.994139 0.803817 0.993688 0.806776 0.99414 0.806776 0.99414 0.80678 0.993687 0.809522 0.993165 0.806792 0.993697 0.809539 0.992711 0.809536 0.993157 0.806792 0.993697 0.803828 0.993342 0.806791 0.993343 0.809741 0.99235 0.806783 0.912372 0.809749 0.912372 0.806776 0.993318 0.809741 0.99235 0.809529 0.992721 0.80678 0.993687 0.809529 0.992721 0.809522 0.993165 0.612053 0.331833 0.549129 0.250295 0.549139 0.331833 0.612053 0.250295 0.549129 0.168736 0.549139 0.250295 0.612053 0.168736 0.549129 0.087178 0.549139 0.168736 0.612053 0.087178 0.549129 0.005633 0.549139 0.087178 0.803828 0.993342 0.800861 0.992357 0.800858 0.912327 0.548197 0.250364 0.548464 0.331928 0.548474 0.250374 0.548197 0.168787 0.548464 0.250364 0.548474 0.168797 0.548197 0.087209 0.548464 0.168787 0.548474 0.087219 0.548197 0.005652 0.548464 0.087209 0.548474 0.005662 0.803815 0.99446 0.801071 0.993164 0.80382 0.994139 0.806781 0.994459 0.80382 0.994139 0.806776 0.99414 0.806776 0.99414 0.809522 0.993165 0.809753 0.99348 0.80679 0.99415 0.806792 0.993697 0.809536 0.993157 0.806792 0.993697 0.803827 0.993698 0.803828 0.993342 0.549129 0.331833 0.548825 0.250295 0.548835 0.331833 0.548825 0.331833 0.548473 0.250295 0.548483 0.331833 0.549129 0.331833 0.549139 0.250305 0.548825 0.250295 0.549129 0.250295 0.549139 0.168746 0.548825 0.168736 0.549129 0.168736 0.549139 0.087188 0.548825 0.087178 0.549129 0.087178 0.549139 0.005643 0.548825 0.005633 0.803827 0.993698 0.800861 0.992357 0.803828 0.993342 0.548197 0.250364 0.548207 0.331928 0.548464 0.331928 0.548197 0.168787 0.548207 0.250364 0.548464 0.250364 0.548197 0.087209 0.548207 0.168787 0.548464 0.168787 0.548197 0.005652 0.548207 0.087209 0.548464 0.087209 0.803815 0.99446 0.800841 0.993479 0.801071 0.993164 0.803815 0.99446 0.80382 0.994139 0.806781 0.994459 0.806781 0.994459 0.806776 0.99414 0.809753 0.99348 0.548216 0.331833 0.548473 0.331833 0.548206 0.250295 0.80679 0.99415 0.809536 0.993157 0.809761 0.993455 0.80679 0.99415 0.803827 0.993698 0.806792 0.993697 0.548825 0.331833 0.548835 0.250305 0.548473 0.250295 0.548473 0.331833 0.548483 0.250305 0.548206 0.250295 0.549129 0.250295 0.548825 0.168736 0.548835 0.250295 0.549129 0.168736 0.548825 0.087178 0.548835 0.168736 0.549129 0.087178 0.548825 0.005633 0.548835 0.087178 0.803827 0.993698 0.801079 0.99271 0.800861 0.992357 0.547756 0.250364 0.548197 0.331928 0.548207 0.250364 0.547756 0.168787 0.548197 0.250364 0.548207 0.168787 0.547756 0.087209 0.548197 0.168787 0.548207 0.087209 0.547756 0.005652 0.548197 0.087209 0.548207 0.005652 0.803818 0.995021 0.800841 0.993479 0.803815 0.99446 0.806777 0.995022 0.803815 0.99446 0.806781 0.994459 0.806781 0.994459 0.809753 0.99348 0.809746 0.994038 0.548206 0.331833 0.548216 0.250295 0.547765 0.250295 0.806793 0.994452 0.80679 0.99415 0.809761 0.993455 0.80679 0.99415 0.803828 0.99415 0.803827 0.993698 0.548825 0.250295 0.548473 0.168736 0.548483 0.250295 0.548473 0.250295 0.548206 0.168736 0.548216 0.250295 0.548825 0.250295 0.548835 0.168746 0.548473 0.168736 0.548825 0.168736 0.548835 0.087188 0.548473 0.087178 0.548825 0.087178 0.548835 0.005643 0.548473 0.005633 0.803828 0.99415 0.801079 0.99271 0.803827 0.993698 0.547756 0.168787 0.547766 0.250374 0.548197 0.250364 0.547756 0.250364 0.547766 0.331938 0.548197 0.331928 0.547756 0.087209 0.547766 0.168797 0.548197 0.168787 0.547756 0.005652 0.547766 0.087219 0.548197 0.087209 0.803818 0.995021 0.800848 0.994038 0.800841 0.993479 0.803818 0.995021 0.803815 0.99446 0.806777 0.995022 0.806777 0.995022 0.806781 0.994459 0.809746 0.994038 0.548206 0.331833 0.547765 0.250295 0.547775 0.331843 0.548206 0.250295 0.547765 0.168736 0.547775 0.250305 0.806793 0.994452 0.809761 0.993455 0.809758 0.994016 0.806793 0.994452 0.803828 0.99415 0.80679 0.99415 0.548473 0.250295 0.548483 0.168746 0.548206 0.168736 0.548206 0.250295 0.548216 0.168736 0.547765 0.168736 0.548825 0.168736 0.548473 0.087178 0.548483 0.168736 0.548825 0.087178 0.548473 0.005633 0.548483 0.087178 0.803828 0.99415 0.801082 0.993157 0.801079 0.99271 0.543669 0.087178 0.541592 0.087178 0.541602 0.168736 0.543669 0.005633 0.541592 0.005633 0.541602 0.087178 0.543669 0.168736 0.541592 0.168736 0.541602 0.250295 0.543669 0.250295 0.541592 0.250295 0.541602 0.331833 0.543669 0.250295 0.541592 0.331833 0.543669 0.331833 0.545688 0.250295 0.543669 0.331833 0.545688 0.331833 0.547765 0.250295 0.545688 0.331833 0.547765 0.331833 0.547765 0.168736 0.545688 0.250295 0.547765 0.250295 0.806791 0.995015 0.806793 0.994452 0.809758 0.994016 0.806793 0.994452 0.803826 0.994453 0.803828 0.99415 0.548473 0.168736 0.548206 0.087178 0.548216 0.168736 0.548206 0.168736 0.547765 0.087178 0.547775 0.168746 0.548473 0.168736 0.548483 0.087188 0.548206 0.087178 0.548473 0.087178 0.548483 0.005643 0.548206 0.005633 0.803826 0.994453 0.801082 0.993157 0.803828 0.99415 0.543669 0.005633 0.541592 0.087178 0.543669 0.087178 0.543669 0.087178 0.541592 0.168736 0.543669 0.168736 0.543669 0.168736 0.541592 0.250295 0.543669 0.250295 0.545688 0.250295 0.543669 0.250295 0.543679 0.331833 0.547765 0.250295 0.545688 0.250295 0.545698 0.331833 0.547765 0.168736 0.545688 0.168736 0.545698 0.250295 0.806791 0.995015 0.803826 0.994453 0.806793 0.994452 0.548206 0.168736 0.548216 0.087178 0.547765 0.087178 0.547765 0.087178 0.545688 0.168736 0.547765 0.168736 0.548473 0.087178 0.548206 0.005633 0.548216 0.087178 0.803826 0.994453 0.800856 0.993454 0.801082 0.993157 0.545688 0.005633 0.543669 0.005633 0.543679 0.087178 0.545688 0.087178 0.543669 0.087178 0.543679 0.168736 0.545688 0.168736 0.543669 0.168736 0.543679 0.250295 0.545688 0.168736 0.543669 0.250295 0.545688 0.250295 0.806791 0.995015 0.803828 0.995015 0.803826 0.994453 0.548206 0.087178 0.547765 0.005633 0.547775 0.087188 0.547765 0.087178 0.545688 0.087178 0.545698 0.168736 0.548206 0.087178 0.548216 0.005633 0.547765 0.005633 0.803828 0.995015 0.800856 0.993454 0.803826 0.994453 0.545688 0.005633 0.543669 0.087178 0.545688 0.087178 0.545688 0.087178 0.543669 0.168736 0.545688 0.168736 0.547765 0.005633 0.545688 0.087178 0.547765 0.087178 0.803828 0.995015 0.80086 0.994016 0.800856 0.993454 0.547765 0.005633 0.545688 0.005633 0.545698 0.087178</float_array>
                    <technique_common>
                        <accessor count="814" source="#ID179" stride="2">
                            <param name="S" type="float" />
                            <param name="T" type="float" />
                        </accessor>
                    </technique_common>
                </source>
                <vertices id="ID175">
                    <input semantic="POSITION" source="#ID173" />
                    <input semantic="NORMAL" source="#ID174" />
                </vertices>
                <triangles count="544" material="Material2">
                    <input offset="0" semantic="VERTEX" source="#ID175" />
                    <input offset="1" semantic="TEXCOORD" source="#ID176" />
                    <p>0 0 1 1 2 2 3 2 4 1 5 0 9 3 1 4 0 5 5 5 4 4 10 3 12 6 13 7 14 8 15 8 16 7 17 6 0 9 2 10 19 11 20 11 3 10 5 9 9 12 22 13 1 14 4 14 23 13 10 12 25 15 9 16 0 17 5 17 10 16 26 15 12 18 28 19 13 20 16 20 29 19 17 18 31 21 12 22 14 23 15 23 17 22 32 21 34 24 35 25 36 26 37 26 38 25 39 24 40 27 0 28 19 29 20 29 5 28 41 27 43 30 22 31 9 32 10 32 23 31 44 30 31 33 14 34 46 35 47 35 15 34 32 33 48 36 9 3 25 37 26 37 10 3 49 36 25 38 0 39 40 40 41 40 5 39 26 38 51 41 28 42 12 43 17 43 29 42 52 41 54 44 12 45 31 46 32 46 17 45 55 44 34 47 57 48 35 49 38 49 58 48 39 47 40 50 19 51 60 52 61 52 20 51 41 50 43 53 63 54 22 55 23 55 64 54 44 53 48 56 43 57 9 58 10 58 44 57 49 56 66 59 31 60 46 61 47 61 32 60 67 59 69 62 48 63 25 64 26 64 49 63 70 62 72 65 25 66 40 67 41 67 26 66 73 65 51 68 75 69 28 70 29 70 76 69 52 68 54 71 51 72 12 73 17 73 52 72 55 71 78 74 54 75 31 76 32 76 55 75 79 74 81 77 57 78 34 79 39 79 58 78 82 77 57 80 83 81 35 82 38 82 84 81 58 80 85 83 40 84 60 85 61 85 41 84 86 83 88 86 63 87 43 88 44 88 64 87 89 86 66 89 46 90 91 91 92 91 47 90 67 89 93 92 43 93 48 94 49 94 44 93 94 92 78 95 31 96 66 97 67 97 32 96 79 95 96 98 48 99 69 100 70 100 49 99 97 98 69 101 25 102 72 103 73 103 26 102 70 101 72 104 40 105 85 106 86 106 41 105 73 104 99 107 75 108 51 109 52 109 76 108 100 107 102 110 51 111 54 112 55 112 52 111 103 110 105 113 54 114 78 115 79 115 55 114 106 113 81 116 108 117 57 118 58 118 109 117 82 116 57 119 111 120 83 121 84 121 112 120 58 119 85 122 60 123 114 124 115 124 61 123 86 122 88 125 117 126 63 127 64 127 118 126 89 125 93 128 88 129 43 130 44 130 89 129 94 128 120 131 66 132 91 133 92 133 67 132 121 131 96 134 93 135 48 136 49 136 94 135 97 134 123 137 78 138 66 139 67 139 79 138 124 137 126 140 127 141 128 142 129 142 130 141 131 140 127 143 133 144 134 145 135 145 136 144 130 143 133 146 138 147 139 148 140 148 141 147 136 146 99 149 143 150 75 151 76 151 144 150 100 149 102 152 99 153 51 154 52 154 100 153 103 152 105 155 102 156 54 157 55 157 103 156 106 155 146 158 105 159 78 160 79 160 106 159 147 158 143 161 108 162 81 163 82 163 109 162 144 161 108 164 111 165 57 166 58 166 112 165 109 164 111 167 149 168 83 169 84 169 150 168 112 167 138 170 151 171 152 172 153 172 154 171 141 170 156 173 157 174 158 175 159 175 160 174 161 173 120 176 91 177 163 178 164 178 92 177 121 176 165 179 158 180 166 181 167 181 159 180 168 179 123 182 66 183 120 184 121 184 67 183 124 182 170 185 166 186 171 187 172 187 167 186 173 185 146 188 78 189 123 190 124 190 79 189 147 188 126 191 128 192 175 193 176 193 129 192 131 191 127 194 134 195 128 196 129 196 135 195 130 194 133 197 139 198 134 199 135 199 140 198 136 197 138 200 152 201 139 202 140 202 153 201 141 200 177 203 143 204 99 205 100 205 144 204 178 203 180 206 99 149 102 207 103 207 100 149 181 206 183 208 102 209 105 210 106 210 103 209 184 208 186 211 105 212 146 213 147 213 106 212 187 211 143 214 189 215 108 216 109 216 190 215 144 214 108 217 192 218 111 219 112 219 193 218 109 217 111 220 195 221 149 222 150 222 196 221 112 220 197 223 157 224 156 225 161 225 160 224 198 223 156 226 158 227 165 228 168 228 159 227 161 226 165 229 166 230 170 231 173 231 167 230 168 229 199 232 197 233 200 234 201 234 198 233 202 232 146 235 199 236 204 237 205 237 202 236 147 235 175 238 128 239 207 240 208 240 129 239 176 238 128 241 134 242 210 243 211 243 135 242 129 241 134 244 139 245 213 246 214 246 140 245 135 244 139 247 152 248 216 249 217 249 153 248 140 247 177 250 219 251 143 252 144 252 220 251 178 250 180 253 177 254 99 255 100 255 178 254 181 253 183 256 180 257 102 258 103 258 181 257 184 256 186 259 183 260 105 261 106 261 184 260 187 259 222 262 186 263 146 264 147 264 187 263 223 262 219 265 189 266 143 267 144 267 190 266 220 265 189 268 192 269 108 270 109 270 193 269 190 268 192 271 195 272 111 273 112 273 196 272 193 271 200 274 197 275 156 276 161 276 198 275 201 274 225 277 156 278 165 279 168 279 161 278 226 277 228 280 165 281 170 282 173 282 168 281 229 280 204 283 199 284 200 285 201 285 202 284 205 283 222 286 146 287 204 288 205 288 147 287 223 286 175 289 207 290 231 291 232 291 208 290 176 289 128 292 210 293 207 294 208 294 211 293 129 292 134 295 213 296 210 297 211 297 214 296 135 295 139 298 216 299 213 300 214 300 217 299 140 298 192 301 233 302 195 303 196 303 234 302 193 301 235 304 219 305 177 306 178 306 220 305 236 304 238 307 177 308 180 309 181 309 178 308 239 307 241 310 180 311 183 312 184 312 181 311 242 310 186 313 244 314 183 315 184 315 245 314 187 313 247 316 186 317 222 318 223 318 187 317 248 316 250 319 189 320 219 321 220 321 190 320 251 319 189 322 253 323 192 324 193 324 254 323 190 322 200 325 156 326 225 327 226 327 161 326 201 325 225 328 165 329 228 330 229 330 168 329 226 328 204 331 200 332 256 333 257 333 201 332 205 331 222 334 204 335 259 336 260 336 205 335 223 334 231 337 207 338 262 339 263 339 208 338 232 337 207 340 210 341 265 342 266 342 211 341 208 340 210 343 213 344 268 345 269 345 214 344 211 343 213 346 216 347 271 348 272 348 217 347 214 346 253 349 233 350 192 351 193 351 234 350 254 349 235 352 274 353 219 354 220 354 275 353 236 352 238 355 235 356 177 357 178 357 236 356 239 355 241 358 238 359 180 360 181 360 239 359 242 358 244 361 241 362 183 363 184 363 242 362 245 361 247 364 244 365 186 366 187 366 245 365 248 364 247 367 222 368 277 369 278 369 223 368 248 367 250 370 219 371 274 372 275 372 220 371 251 370 250 373 253 374 189 375 190 375 254 374 251 373 256 376 200 377 225 378 226 378 201 377 257 376 280 379 225 380 228 381 229 381 226 380 281 379 259 382 204 383 256 384 257 384 205 383 260 382 277 385 222 386 259 387 260 387 223 386 278 385 231 388 262 389 280 390 281 390 263 389 232 388 207 391 265 392 262 393 263 393 266 392 208 391 210 394 268 395 265 396 266 396 269 395 211 394 213 397 271 398 268 399 269 399 272 398 214 397 253 400 271 401 233 402 234 402 272 401 254 400 283 403 274 404 235 405 236 405 275 404 284 403 286 406 235 407 238 408 239 408 236 407 287 406 289 409 238 410 241 411 242 411 239 410 290 409 292 412 241 413 244 414 245 414 242 413 293 412 295 415 244 416 247 417 248 417 245 416 296 415 298 418 247 419 277 420 278 420 248 419 299 418 301 421 250 422 274 423 275 423 251 422 302 421 250 424 304 425 253 426 254 426 305 425 251 424 256 427 225 428 280 429 281 429 226 428 257 427 259 430 256 431 307 432 308 432 257 431 260 430 277 433 259 434 310 435 311 435 260 434 278 433 280 436 262 437 313 438 314 438 263 437 281 436 262 439 265 440 316 441 317 441 266 440 263 439 265 442 268 443 319 444 320 444 269 443 266 442 268 445 271 446 322 447 323 447 272 446 269 445 304 448 271 449 253 450 254 450 272 449 305 448 283 451 325 452 274 453 275 453 326 452 284 451 286 454 283 455 235 456 236 456 284 455 287 454 289 457 286 458 238 459 239 459 287 458 290 457 292 460 289 461 241 462 242 462 290 461 293 460 295 463 292 464 244 465 245 465 293 464 296 463 295 466 247 467 298 468 299 468 248 467 296 466 298 469 277 470 328 471 329 471 278 470 299 469 301 472 274 473 325 474 326 474 275 473 302 472 301 475 304 476 250 477 251 477 305 476 302 475 307 478 256 479 280 480 281 480 257 479 308 478 259 481 307 482 310 483 311 483 308 482 260 481 277 484 310 485 328 486 329 486 311 485 278 484 280 487 313 488 307 489 308 489 314 488 281 487 262 490 316 491 313 492 314 492 317 491 263 490 265 493 319 494 316 495 317 495 320 494 266 493 268 496 322 497 319 498 320 498 323 497 269 496 304 499 322 500 271 501 272 501 323 500 305 499 331 502 332 503 333 504 334 504 335 503 336 502 338 505 339 506 340 507 341 507 342 506 343 505 345 508 346 509 347 510 348 510 349 509 350 508 352 511 353 512 354 513 355 513 356 512 357 511 359 514 292 515 295 516 296 516 293 515 360 514 362 517 295 518 298 519 299 519 296 518 363 517 298 520 328 521 365 522 366 522 329 521 299 520 368 523 301 524 325 525 326 525 302 524 369 523 301 526 371 527 304 528 305 528 372 527 302 526 307 529 374 530 310 531 311 531 375 530 308 529 310 532 377 533 328 534 329 534 378 533 311 532 307 535 313 536 374 537 375 537 314 536 308 535 313 538 316 539 380 540 381 540 317 539 314 538 316 541 319 542 383 543 384 543 320 542 317 541 319 544 322 545 386 546 387 546 323 545 320 544 371 547 322 548 304 549 305 549 323 548 372 547 389 550 390 551 391 552 392 552 393 551 394 550 338 553 396 554 339 555 342 555 397 554 343 553 398 556 399 557 400 558 401 558 402 557 403 556 404 559 345 560 347 561 348 561 350 560 405 559 359 562 406 563 292 564 293 564 407 563 360 562 359 565 295 566 362 567 363 567 296 566 360 565 362 568 298 569 365 570 366 570 299 569 363 568 408 571 409 572 410 573 411 573 412 572 413 571 368 574 325 575 415 576 416 576 326 575 369 574 368 577 371 578 301 579 302 579 372 578 369 577 310 580 374 581 377 582 378 582 375 581 311 580 417 583 418 584 419 585 420 585 421 584 422 583 313 586 380 587 374 588 375 588 381 587 314 586 316 589 383 590 380 591 381 591 384 590 317 589 319 592 386 593 383 594 384 594 387 593 320 592 371 595 386 596 322 597 323 597 387 596 372 595 423 598 424 599 425 600 426 600 427 599 428 598 430 601 425 602 431 603 432 603 426 602 433 601 435 604 431 605 436 606 437 606 432 605 438 604 440 607 436 608 441 609 442 609 437 608 443 607 445 610 406 611 359 612 360 612 407 611 446 610 448 613 359 614 362 615 363 615 360 614 449 613 362 616 365 617 451 618 452 618 366 617 363 616 454 619 455 620 456 621 457 621 458 620 459 619 461 622 368 623 415 624 416 624 369 623 462 622 368 625 464 626 371 627 372 627 465 626 369 625 374 628 467 629 377 630 378 630 468 629 375 628 470 631 471 632 472 633 473 633 474 632 475 631 374 634 380 635 467 636 468 636 381 635 375 634 380 637 383 638 477 639 478 639 384 638 381 637 383 640 386 641 480 642 481 642 387 641 384 640 464 643 386 644 371 645 372 645 387 644 465 643 430 646 423 647 425 648 426 648 428 647 433 646 423 649 483 650 424 651 427 651 484 650 428 649 435 652 430 653 431 654 432 654 433 653 438 652 440 655 435 656 436 657 437 657 438 656 443 655 445 658 486 659 406 660 407 660 487 659 446 658 445 661 359 662 448 663 449 663 360 662 446 661 448 664 362 665 451 666 452 666 363 665 449 664 454 667 456 668 488 669 489 669 457 668 459 667 455 670 490 671 456 672 457 672 491 671 458 670 461 673 415 674 493 675 494 675 416 674 462 673 461 676 464 677 368 678 369 678 465 677 462 676 495 679 496 680 497 681 498 681 499 680 500 679 455 682 501 683 490 684 491 684 502 683 458 682 380 685 477 686 467 687 468 687 478 686 381 685 383 688 480 689 477 690 478 690 481 689 384 688 464 691 480 692 386 693 387 693 481 692 465 691 503 694 504 695 505 696 506 696 507 695 508 694 510 697 511 698 512 699 513 699 514 698 515 697 517 700 505 701 518 702 519 702 506 701 520 700 522 703 523 704 524 705 525 705 526 704 527 703 522 706 529 707 530 708 531 708 532 707 527 706 533 709 530 710 534 711 535 711 531 710 536 709 538 712 534 713 539 714 540 714 535 713 541 712 542 715 533 716 543 717 544 717 536 716 545 715 546 718 461 719 493 720 494 720 462 719 547 718 461 721 548 722 464 723 465 723 549 722 462 721 551 724 552 725 553 726 554 726 555 725 556 724 501 727 558 728 490 729 491 729 559 728 502 727 561 730 562 731 563 732 564 732 565 731 566 730 567 733 568 734 569 735 570 735 571 734 572 733 548 736 480 737 464 738 465 738 481 737 549 736 510 739 574 740 503 741 508 741 575 740 515 739 503 742 576 743 517 744 520 744 577 743 508 742 517 745 578 746 522 747 527 747 579 746 520 745 533 748 522 749 530 750 531 750 527 749 536 748 580 751 533 752 534 753 535 753 536 752 581 751 582 754 583 755 533 756 536 756 584 755 585 754 546 757 548 758 461 759 462 759 549 758 547 757 501 760 587 761 558 762 559 762 588 761 502 760 589 763 583 764 590 765 591 765 584 764 592 763 593 766 594 767 595 768 596 768 597 767 598 766 548 769 599 770 480 771 481 771 600 770 549 769 601 772 510 773 503 774 508 774 515 773 602 772 604 775 503 776 517 777 520 777 508 776 605 775 583 778 517 779 522 780 527 780 520 779 584 778 583 781 522 782 533 783 536 783 527 782 584 781 546 784 607 785 548 786 549 786 608 785 547 784 587 787 609 788 558 789 559 789 610 788 588 787 612 790 604 791 583 792 584 792 605 791 613 790 587 793 614 794 609 795 610 795 615 794 588 793 607 796 599 797 548 798 549 798 600 797 608 796 601 799 503 800 604 801 605 801 508 800 602 799 604 802 517 803 583 804 584 804 520 803 605 802 616 805 604 806 617 807 618 807 605 806 619 805 607 808 620 809 599 810 600 810 621 809 608 808 622 811 601 812 604 813 605 813 602 812 623 811</p>
                </triangles>
                <lines count="408" material="Material3">
                    <input offset="0" semantic="VERTEX" source="#ID175" />
                    <p>7 8 8 21 7 24 30 8 62 21 24 65 77 30 98 71 71 74 74 87 116 62 87 116 119 90 65 119 95 90 98 95 145 77 116 155 122 119 125 122 174 98 148 125 155 218 230 174 218 273 282 230 327 285 285 288 288 291 291 294 294 358 330 367 330 379 395 337 327 395 344 337 344 351 351 358 367 414 358 444 453 367 379 469 414 476 429 434 429 485 485 395 439 434 444 439 447 444 450 447 453 450 460 453 492 460 469 479 479 482 485 516 476 557 560 492 573 482 557 573 516 603 611 560 573 611 611 603</p>
                </lines>
            </mesh>
        </geometry>
        <geometry id="ID180">
            <mesh>
                <source id="ID181">
                    <float_array id="ID185" count="1890">0.1873502 2.802097 1.78555 0.1873502 0.1794967 1.86895 0.1873502 0.2117996 1.78555 0.1873502 0.2117996 1.78555 0.1873502 0.1794967 1.86895 0.1873502 2.802097 1.78555 0.1873502 0.1794967 1.86895 0.1873502 0.2117996 1.78555 0.1873502 2.802097 1.78555 0.1918501 0.1683998 1.86895 0.1918501 0.1683998 1.86895 0.1918501 0.1683998 1.86895 3.52005 2.802097 1.78555 3.52005 2.802097 1.78555 3.52005 2.802097 1.78555 0.1873502 2.802097 1.86895 0.1873502 2.802097 1.86895 0.1873502 2.802097 1.86895 0.1918501 0.2008476 1.7918 0.1918501 0.2008476 1.7918 0.1918501 0.2008476 1.7918 0.1918501 0.1683998 1.9524 0.1918501 0.1683998 1.9524 0.1918501 0.1683998 1.9524 3.52005 0.2117996 1.78555 3.52005 0.2117996 1.78555 3.52005 0.2117996 1.78555 3.52005 5.427097 1.78555 3.52005 5.427097 1.78555 3.52005 5.427097 1.78555 0.1873502 5.427097 1.78555 0.1873502 5.427097 1.78555 0.1873502 5.427097 1.78555 0.1873502 0.1794967 1.9524 0.1873502 0.1794967 1.9524 0.1873502 0.1794967 1.9524 0.1918501 0.1536941 1.86895 0.1918501 0.1536941 1.86895 0.1918501 0.1536941 1.86895 0.1918501 0.1536941 1.9524 0.1918501 0.1536941 1.9524 0.1918501 0.1536941 1.9524 6.8528 2.802097 1.78555 6.8528 2.802097 1.78555 6.8528 2.802097 1.78555 6.8528 5.427097 1.78555 6.8528 5.427097 1.78555 6.8528 5.427097 1.78555 0.1873502 5.427097 1.78555 0.1873502 5.427097 1.78555 0.1873502 5.427097 1.86895 0.1873502 5.427097 1.86895 0.1873502 5.427097 1.86895 0.1873502 2.802097 1.9524 0.1873502 2.802097 1.9524 0.1873502 2.802097 1.9524 0.1918501 0.1863479 1.7918 0.1918501 0.1863479 1.7918 0.1918501 0.1863479 1.7918 3.52005 0.2008476 1.7918 3.52005 0.2008476 1.7918 3.52005 0.2008476 1.7918 0.1918501 0.1863479 2.02955 0.1918501 0.1863479 2.02955 0.1918501 0.1863479 2.02955 0.1918501 0.2008476 2.02955 0.1918501 0.2008476 2.02955 0.1918501 0.2008476 2.02955 6.8528 0.2117996 1.78555 6.8528 0.2117996 1.78555 6.8528 0.2117996 1.78555 6.8528 8.052097 1.78555 6.8528 8.052097 1.78555 6.8528 8.052097 1.78555 3.52005 8.052097 1.78555 3.52005 8.052097 1.78555 3.52005 8.052097 1.78555 0.1873502 8.052097 1.78555 0.1873502 8.052097 1.78555 0.1873502 8.052097 1.78555 0.1873502 0.2117996 2.0358 0.1873502 0.2117996 2.0358 0.1873502 0.2117996 2.0358 0.1873502 0.1443481 1.86895 0.1873502 0.1443481 1.86895 0.1873502 0.1443481 1.86895 0.1873502 0.1443481 1.9524 0.1873502 0.1443481 1.9524 0.1873502 0.1443481 1.9524 0.1873502 0.1770973 2.0358 0.1873502 0.1770973 2.0358 0.1873502 0.1770973 2.0358 10.1855 2.802097 1.78555 10.1855 2.802097 1.78555 10.1855 2.802097 1.78555 10.1855 5.427097 1.78555 10.1855 5.427097 1.78555 10.1855 5.427097 1.78555 10.1855 8.052097 1.78555 10.1855 8.052097 1.78555 10.1855 8.052097 1.78555 0.1873502 8.052097 1.78555 0.1873502 8.052097 1.78555 0.1873502 8.052097 1.86895 0.1873502 8.052097 1.86895 0.1873502 8.052097 1.86895 0.1873502 5.427097 1.9524 0.1873502 5.427097 1.9524 0.1873502 5.427097 1.9524 0.1873502 2.802097 2.0358 0.1873502 2.802097 2.0358 0.1873502 2.802097 2.0358 0.1873502 0.1770973 1.78555 0.1873502 0.1770973 1.78555 0.1873502 0.1770973 1.78555 3.52005 0.1863479 1.7918 3.52005 0.1863479 1.7918 3.52005 0.1863479 1.7918 6.8528 0.2008476 1.7918 6.8528 0.2008476 1.7918 6.8528 0.2008476 1.7918 3.52005 0.1770973 2.0358 0.1873502 0.1770973 2.0358 0.1918501 0.1863479 2.02955 0.1918501 0.1863479 2.02955 0.1873502 0.1770973 2.0358 3.52005 0.1770973 2.0358 3.52005 0.1770973 2.0358 3.52005 0.1863479 2.02955 3.52005 0.1863479 2.02955 3.52005 0.1863479 2.02955 3.52005 0.2008476 2.02955 3.52005 0.2008476 2.02955 3.52005 0.2008476 2.02955 10.1855 0.2117996 1.78555 10.1855 0.2117996 1.78555 10.1855 0.2117996 1.78555 10.1855 10.6771 1.78555 10.1855 10.6771 1.78555 10.1855 10.6771 1.78555 6.8528 10.6771 1.78555 6.8528 10.6771 1.78555 6.8528 10.6771 1.78555 3.52005 10.6771 1.78555 3.52005 10.6771 1.78555 3.52005 10.6771 1.78555 0.1873502 10.6771 1.78555 0.1873502 10.6771 1.78555 0.1873502 10.6771 1.78555 3.52005 0.2117996 2.0358 3.52005 0.2117996 2.0358 3.52005 0.2117996 2.0358 0.1873502 0.1261444 1.86895 0.1873502 0.1261444 1.86895 0.1873502 0.1261444 1.86895 3.52005 0.1863479 1.7918 0.1918501 0.1863479 1.7918 0.1873502 0.1770973 1.78555 0.1873502 0.1770973 1.78555 0.1918501 0.1863479 1.7918 3.52005 0.1863479 1.7918 0.1873502 0.1261444 1.9524 0.1873502 0.1261444 1.9524 0.1873502 0.1261444 1.9524 0.1873502 0.1588974 2.0358 0.1873502 0.1588974 2.0358 0.1873502 0.1588974 2.0358 3.52005 0.1588974 2.0358 0.1873502 0.1770973 2.0358 3.52005 0.1770973 2.0358 3.52005 0.1770973 2.0358 0.1873502 0.1770973 2.0358 3.52005 0.1588974 2.0358 3.52005 0.1588974 2.0358 3.52005 0.1770973 2.0358 0.1918501 0.1863479 2.02955 3.52005 0.1863479 2.02955 3.52005 0.1863479 2.02955 0.1918501 0.1863479 2.02955 3.52005 0.1770973 2.0358 13.5182 2.802097 1.78555 13.5182 2.802097 1.78555 13.5182 2.802097 1.78555 13.5182 5.427097 1.78555 13.5182 5.427097 1.78555 13.5182 5.427097 1.78555 13.5182 8.052097 1.78555 13.5182 8.052097 1.78555 13.5182 8.052097 1.78555 13.5182 10.6771 1.78555 13.5182 10.6771 1.78555 13.5182 10.6771 1.78555 0.1873502 10.6771 1.78555 0.1873502 10.6771 1.78555 0.1873502 10.6771 1.86895 0.1873502 10.6771 1.86895 0.1873502 10.6771 1.86895 0.1873502 8.052097 1.9524 0.1873502 8.052097 1.9524 0.1873502 8.052097 1.9524 0.1873502 5.427097 2.0358 0.1873502 5.427097 2.0358 0.1873502 5.427097 2.0358 3.52005 2.802097 2.0358 3.52005 2.802097 2.0358 3.52005 2.802097 2.0358 0.1873502 0.1588974 1.78555 0.1873502 0.1588974 1.78555 0.1873502 0.1588974 1.78555 3.52005 0.1863479 1.7918 0.1873502 0.1770973 1.78555 3.52005 0.1770973 1.78555 3.52005 0.1770973 1.78555 0.1873502 0.1770973 1.78555 3.52005 0.1863479 1.7918 3.52005 0.1770973 1.78555 6.8528 0.1863479 1.7918 6.8528 0.1863479 1.7918 6.8528 0.1863479 1.7918 0.1873502 0.1588974 2.0358 0.1873502 0.1588974 2.0358 10.1855 0.2008476 1.7918 10.1855 0.2008476 1.7918 10.1855 0.2008476 1.7918 6.8528 0.1588974 2.0358 6.8528 0.1588974 2.0358 6.8528 0.1588974 2.0358 6.8528 0.1770973 2.0358 3.52005 0.1770973 2.0358 3.52005 0.1863479 2.02955 3.52005 0.1863479 2.02955 3.52005 0.1770973 2.0358 6.8528 0.1770973 2.0358 6.8528 0.1770973 2.0358 6.8528 0.1863479 2.02955 6.8528 0.1863479 2.02955 6.8528 0.1863479 2.02955 6.8528 0.2008476 2.02955 6.8528 0.2008476 2.02955 6.8528 0.2008476 2.02955 13.5182 0.2117996 1.78555 13.5182 0.2117996 1.78555 13.5182 0.2117996 1.78555 10.1855 10.6771 1.86895 10.1855 10.6771 1.78555 13.5182 10.6771 1.78555 13.5182 10.6771 1.78555 10.1855 10.6771 1.78555 10.1855 10.6771 1.86895 10.1855 10.6771 1.86895 6.8528 10.6771 1.86895 6.8528 10.6771 1.78555 6.8528 10.6771 1.78555 6.8528 10.6771 1.86895 6.8528 10.6771 1.86895 3.52005 10.6771 1.86895 3.52005 10.6771 1.78555 3.52005 10.6771 1.78555 3.52005 10.6771 1.86895 3.52005 10.6771 1.86895 0.1873502 10.6771 1.86895 0.1873502 10.6771 1.78555 0.1873502 10.6771 1.78555 0.1873502 10.6771 1.86895 0.1873502 5.427097 2.0358 0.1873502 5.427097 2.0358 6.8528 0.2117996 2.0358 6.8528 0.2117996 2.0358 6.8528 0.2117996 2.0358 3.52005 0.1261444 1.9524 0.1873502 0.1261444 1.86895 0.1873502 0.1261444 1.9524 0.1873502 0.1261444 1.9524 0.1873502 0.1261444 1.86895 3.52005 0.1261444 1.9524 3.52005 0.1261444 1.9524 3.52005 0.1261444 1.86895 0.1873502 0.1588974 1.78555 0.1873502 0.1588974 1.78555 3.52005 0.1261444 1.86895 3.52005 0.1261444 1.86895 3.52005 0.1770973 1.78555 0.1873502 0.1770973 1.78555 0.1873502 0.1588974 1.78555 0.1873502 0.1588974 1.78555 0.1873502 0.1770973 1.78555 3.52005 0.1770973 1.78555 6.8528 0.1863479 1.7918 3.52005 0.1863479 1.7918 3.52005 0.1770973 1.78555 3.52005 0.1770973 1.78555 3.52005 0.1863479 1.7918 6.8528 0.1863479 1.7918 3.52005 0.1588974 2.0358 0.1873502 0.1588974 2.0358 0.1873502 0.1588974 2.0358 3.52005 0.1588974 2.0358 6.8528 0.1770973 2.0358 6.8528 0.1770973 2.0358 6.8528 0.1588974 2.0358 3.52005 0.1588974 2.0358 3.52005 0.1588974 2.0358 6.8528 0.1588974 2.0358 6.8528 0.1770973 2.0358 3.52005 0.1863479 2.02955 6.8528 0.1863479 2.02955 6.8528 0.1863479 2.02955 3.52005 0.1863479 2.02955 6.8528 0.1770973 2.0358 13.5182 2.802097 1.86895 13.5182 2.802097 1.86895 13.5182 2.802097 1.86895 13.5182 5.427097 1.78555 13.5182 5.427097 1.86895 13.5182 5.427097 1.86895 13.5182 5.427097 1.78555 13.5182 5.427097 1.86895 13.5182 8.052097 1.78555 13.5182 8.052097 1.86895 13.5182 8.052097 1.86895 13.5182 8.052097 1.78555 13.5182 8.052097 1.86895 13.5182 10.6771 1.78555 13.5182 10.6771 1.86895 13.5182 10.6771 1.86895 13.5182 10.6771 1.78555 13.5182 10.6771 1.86895 13.5182 10.6771 1.86895 13.5182 10.6771 1.86895 0.1873502 10.6771 1.9524 0.1873502 10.6771 1.9524 0.1873502 10.6771 1.9524 0.1873502 8.052097 2.0358 0.1873502 8.052097 2.0358 0.1873502 8.052097 2.0358 3.52005 5.427097 2.0358 3.52005 5.427097 2.0358 3.52005 5.427097 2.0358 6.8528 2.802097 2.0358 6.8528 2.802097 2.0358 6.8528 2.802097 2.0358 3.52005 0.1588974 2.0358 3.52005 0.1588974 2.0358 3.52005 0.1588974 1.78555 0.1873502 0.1588974 1.78555 0.1873502 0.1588974 1.78555 3.52005 0.1588974 1.78555 3.52005 0.1588974 1.78555 3.52005 0.1588974 1.78555 3.52005 0.1588974 1.78555 6.8528 0.1863479 1.7918 3.52005 0.1770973 1.78555 6.8528 0.1770973 1.78555 6.8528 0.1770973 1.78555 3.52005 0.1770973 1.78555 6.8528 0.1863479 1.7918 6.8528 0.1770973 1.78555 10.1855 0.1863479 1.7918 10.1855 0.1863479 1.7918 10.1855 0.1863479 1.7918 13.51535 0.2008476 1.7918 13.51535 0.2008476 1.7918 13.51535 0.2008476 1.7918 10.1855 0.1588974 2.0358 10.1855 0.1588974 2.0358 10.1855 0.1588974 2.0358 6.8528 0.1261444 1.9524 6.8528 0.1261444 1.9524 6.8528 0.1261444 1.9524 10.1855 0.1770973 2.0358 6.8528 0.1770973 2.0358 6.8528 0.1863479 2.02955 6.8528 0.1863479 2.02955 6.8528 0.1770973 2.0358 10.1855 0.1770973 2.0358 10.1855 0.1770973 2.0358 10.1855 0.1863479 2.02955 10.1855 0.1863479 2.02955 10.1855 0.1863479 2.02955 10.1855 0.2008476 2.02955 10.1855 0.2008476 2.02955 10.1855 0.2008476 2.02955 13.5182 0.1794967 1.86895 13.5182 0.1794967 1.86895 13.5182 0.1794967 1.86895 6.8528 10.6771 1.9524 6.8528 10.6771 1.9524 6.8528 10.6771 1.9524 10.1855 10.6771 1.9524 10.1855 10.6771 1.9524 10.1855 10.6771 1.9524 3.52005 10.6771 1.9524 3.52005 10.6771 1.9524 3.52005 10.6771 1.9524 0.1873502 10.6771 1.9524 0.1873502 10.6771 1.9524 0.1873502 8.052097 2.0358 0.1873502 8.052097 2.0358 10.1855 0.2117996 2.0358 10.1855 0.2117996 2.0358 10.1855 0.2117996 2.0358 6.8528 0.1261444 1.86895 3.52005 0.1588974 1.78555 3.52005 0.1588974 1.78555 6.8528 0.1261444 1.86895 6.8528 0.1261444 1.86895 6.8528 0.1770973 1.78555 6.8528 0.1770973 1.78555 10.1855 0.1863479 1.7918 6.8528 0.1863479 1.7918 6.8528 0.1770973 1.78555 6.8528 0.1770973 1.78555 6.8528 0.1863479 1.7918 10.1855 0.1863479 1.7918 10.1855 0.1770973 2.0358 10.1855 0.1770973 2.0358 10.1855 0.1588974 2.0358 6.8528 0.1588974 2.0358 6.8528 0.1588974 2.0358 10.1855 0.1588974 2.0358 10.1855 0.1770973 2.0358 6.8528 0.1863479 2.02955 10.1855 0.1863479 2.02955 10.1855 0.1863479 2.02955 6.8528 0.1863479 2.02955 10.1855 0.1770973 2.0358 13.5182 5.427097 1.9524 13.5182 5.427097 1.9524 13.5182 5.427097 1.9524 13.5182 2.802097 1.9524 13.5182 2.802097 1.9524 13.5182 2.802097 1.9524 13.5182 8.052097 1.9524 13.5182 8.052097 1.9524 13.5182 8.052097 1.9524 13.5182 10.6771 1.9524 13.5182 10.6771 1.9524 13.5182 10.6771 1.9524 13.5182 10.6771 1.9524 13.5182 10.6771 1.9524 0.1873502 10.6771 2.035801 0.1873502 10.6771 2.035801 0.1873502 10.6771 2.035801 3.52005 8.052097 2.0358 3.52005 8.052097 2.0358 3.52005 8.052097 2.0358 6.8528 5.427097 2.0358 6.8528 5.427097 2.0358 6.8528 5.427097 2.0358 10.1855 2.802097 2.0358 10.1855 2.802097 2.0358 10.1855 2.802097 2.0358 6.8528 0.1588974 1.78555 3.52005 0.1588974 1.78555 3.52005 0.1588974 1.78555 6.8528 0.1588974 1.78555 6.8528 0.1588974 1.78555 6.8528 0.1588974 1.78555 6.8528 0.1588974 1.78555 10.1855 0.1863479 1.7918 6.8528 0.1770973 1.78555 10.1855 0.1770973 1.78555 10.1855 0.1770973 1.78555 6.8528 0.1770973 1.78555 10.1855 0.1863479 1.7918 10.1855 0.1770973 1.78555 13.51535 0.1863479 1.7918 13.51535 0.1863479 1.7918 13.51535 0.1863479 1.7918 13.51535 0.1683998 1.86895 13.51535 0.1683998 1.86895 13.51535 0.1683998 1.86895 13.5182 0.1588974 2.0358 13.5182 0.1588974 2.0358 13.5182 0.1588974 2.0358 10.1855 0.1588974 2.0358 10.1855 0.1261444 1.9524 10.1855 0.1261444 1.9524 10.1855 0.1588974 2.0358 10.1855 0.1261444 1.9524 13.5182 0.1770973 2.0358 10.1855 0.1770973 2.0358 10.1855 0.1863479 2.02955 10.1855 0.1863479 2.02955 10.1855 0.1770973 2.0358 13.5182 0.1770973 2.0358 13.5182 0.1770973 2.0358 13.51535 0.1863479 2.02955 13.51535 0.1863479 2.02955 13.51535 0.1863479 2.02955 13.51535 0.2008476 2.02955 13.51535 0.2008476 2.02955 13.51535 0.2008476 2.02955 13.5182 0.1794967 1.9524 13.5182 0.1794967 1.9524 13.5182 0.1794967 1.9524 3.52005 10.6771 2.035801 3.52005 10.6771 2.035801 3.52005 10.6771 2.035801 6.8528 10.6771 2.035801 6.8528 10.6771 2.035801 6.8528 10.6771 2.035801 10.1855 10.6771 2.035801 10.1855 10.6771 2.035801 10.1855 10.6771 2.035801 0.1873502 10.6771 2.035801 0.1873502 10.6771 2.035801 0.1873502 10.6771 2.035801 0.1873502 10.6771 2.035801 13.5182 0.2117996 2.0358 13.5182 0.2117996 2.0358 13.5182 0.2117996 2.0358 10.1855 0.1261444 1.86895 6.8528 0.1588974 1.78555 6.8528 0.1588974 1.78555 10.1855 0.1261444 1.86895 10.1855 0.1261444 1.86895 10.1855 0.1770973 1.78555 10.1855 0.1770973 1.78555 13.51535 0.1863479 1.7918 10.1855 0.1863479 1.7918 10.1855 0.1770973 1.78555 10.1855 0.1770973 1.78555 10.1855 0.1863479 1.7918 13.51535 0.1863479 1.7918 13.5182 0.1770973 2.0358 13.5182 0.1770973 2.0358 13.5182 0.1588974 2.0358 10.1855 0.1588974 2.0358 10.1855 0.1588974 2.0358 13.5182 0.1588974 2.0358 13.5182 0.1770973 2.0358 10.1855 0.1863479 2.02955 13.51535 0.1863479 2.02955 13.51535 0.1863479 2.02955 10.1855 0.1863479 2.02955 13.5182 0.1770973 2.0358 13.5182 8.052097 2.0358 13.5182 8.052097 2.0358 13.5182 8.052097 2.0358 13.5182 5.427097 2.0358 13.5182 5.427097 2.0358 13.5182 5.427097 2.0358 13.5182 2.802097 2.0358 13.5182 2.802097 2.0358 13.5182 2.802097 2.0358 13.5182 10.6771 2.035801 13.5182 10.6771 2.035801 13.5182 10.6771 2.035801 13.5182 10.6771 2.035801 13.5182 10.6771 2.035801 3.52005 10.6771 2.035801 3.52005 10.6771 2.035801 6.8528 8.052097 2.0358 6.8528 8.052097 2.0358 6.8528 8.052097 2.0358 10.1855 5.427097 2.0358 10.1855 5.427097 2.0358 10.1855 5.427097 2.0358 10.1855 0.1588974 1.78555 6.8528 0.1588974 1.78555 6.8528 0.1588974 1.78555 10.1855 0.1588974 1.78555 10.1855 0.1588974 1.78555 10.1855 0.1588974 1.78555 10.1855 0.1588974 1.78555 13.5182 0.1770973 1.78555 13.51535 0.1863479 1.7918 10.1855 0.1770973 1.78555 10.1855 0.1770973 1.78555 13.51535 0.1863479 1.7918 13.5182 0.1770973 1.78555 13.5182 0.1770973 1.78555 13.51535 0.1536941 1.86895 13.51535 0.1536941 1.86895 13.51535 0.1536941 1.86895 13.51535 0.1683998 1.9524 13.51535 0.1683998 1.9524 13.51535 0.1683998 1.9524 13.5182 0.1770973 2.0358 13.5182 0.1261444 1.9524 13.5182 0.1588974 2.0358 13.5182 0.1588974 2.0358 13.5182 0.1261444 1.9524 13.5182 0.1770973 2.0358 13.5182 0.1261444 1.9524 13.5182 0.1588974 2.0358 13.5182 0.1261444 1.9524 13.5182 0.1261444 1.9524 13.5182 0.1588974 2.0358 13.5182 0.1443481 1.9524 13.5182 0.1443481 1.9524 13.5182 0.1443481 1.9524 13.51535 0.1536941 1.9524 13.51535 0.1536941 1.9524 13.51535 0.1536941 1.9524 6.8528 10.6771 2.035801 6.8528 10.6771 2.035801 10.1855 8.052097 2.0358 10.1855 10.6771 2.035801 10.1855 10.6771 2.035801 10.1855 8.052097 2.0358 10.1855 8.052097 2.0358 13.5182 8.052097 2.0358 13.5182 10.6771 2.035801 13.5182 10.6771 2.035801 13.5182 8.052097 2.0358 13.5182 0.1261444 1.86895 13.5182 0.1261444 1.86895 13.5182 0.1261444 1.86895 13.5182 0.1770973 1.78555 13.5182 0.1770973 1.78555 13.5182 0.1770973 1.78555 13.5182 0.1770973 1.78555 13.5182 5.427097 2.0358 13.5182 5.427097 2.0358 13.5182 0.1588974 1.78555 10.1855 0.1588974 1.78555 10.1855 0.1588974 1.78555 13.5182 0.1588974 1.78555 13.5182 0.1588974 1.78555 13.5182 0.1588974 1.78555 13.5182 0.1588974 1.78555 13.5182 0.1443481 1.86895 13.5182 0.1443481 1.86895 13.5182 0.1443481 1.86895 13.5182 0.1261444 1.86895 13.5182 0.1261444 1.86895 13.5182 0.1588974 1.78555 13.5182 0.1588974 1.78555</float_array>
                    <technique_common>
                        <accessor count="630" source="#ID185" stride="3">
                            <param name="X" type="float" />
                            <param name="Y" type="float" />
                            <param name="Z" type="float" />
                        </accessor>
                    </technique_common>
                </source>
                <source id="ID182">
                    <float_array id="ID186" count="1890">0.7071068 -3.090862e-08 0.7071068 0.9761525 0.2123821 0.04494721 0.6623599 0.2419257 0.7090496 -0.6623599 -0.2419257 -0.7090496 -0.9761525 -0.2123821 -0.04494721 -0.7071068 3.090862e-08 -0.7071068 0 0 0 0 0 0 0 0 0 0.9851531 0.1692399 0.02882942 -0.9851531 -0.1692399 -0.02882942 0 0 0 0 -4.371139e-08 1 -0 4.371139e-08 -1 0 0 0 1 0 0 -1 -0 -0 0 0 0 0.6083523 0.387651 0.6925562 -0.6083523 -0.387651 -0.6925562 0 0 0 0.9853888 0.167592 -0.03036093 -0.9853888 -0.167592 0.03036093 0 0 0 0 0.2563891 0.9665737 -0 -0.2563891 -0.9665737 0 0 0 0 -4.371139e-08 1 -0 4.371139e-08 -1 0 0 0 1 0 0 -1 -0 -0 0 0 0 0.975595 0.2140011 -0.04917254 -0.975595 -0.2140011 0.04917254 0 0 0 0.967043 -0.2480486 -0.05744366 -0.967043 0.2480486 0.05744366 0 0 0 0.9677171 -0.2464173 0.05293486 -0.9677171 0.2464173 -0.05293486 0 0 0 0 -4.371139e-08 1 -0 4.371139e-08 -1 0 0 0 0 -4.371139e-08 1 -0 4.371139e-08 -1 0 0 0 0 -4.371139e-08 1 -0 4.371139e-08 -1 1 0 0 -1 -0 -0 0 0 0 1 0 0 -1 -0 -0 0 0 0 0.9257517 -0.1626813 0.3413483 -0.9257517 0.1626813 -0.3413483 0 0 0 0 0.2563891 0.9665737 -0 -0.2563891 -0.9665737 0 0 0 0.9274574 -0.1582137 -0.3388084 -0.9274574 0.1582137 0.3388084 0 0 0 0.616413 0.3841749 -0.6873461 -0.616413 -0.3841749 0.6873461 0 0 0 0 0.2563891 0.9665737 -0 -0.2563891 -0.9665737 0 0 0 0 -4.371139e-08 1 -0 4.371139e-08 -1 0 0 0 0 -4.371139e-08 1 -0 4.371139e-08 -1 0 0 0 1 0 0 -1 -0 -0 0 0 0 0.6628569 0.2436569 -0.7079916 -0.6628569 -0.2436569 0.7079916 0 0 0 0.9801898 -0.1948764 -0.03537122 -0.9801898 0.1948764 0.03537122 0 0 0 0.9798966 -0.196636 0.03371792 -0.9798966 0.196636 -0.03371792 0 0 0 0.9776424 -0.1938543 0.08146033 -0.9776424 0.1938543 -0.08146033 0 0 0 0 -4.371139e-08 1 -0 4.371139e-08 -1 0 0 0 0 -4.371139e-08 1 -0 4.371139e-08 -1 0 0 0 0 -4.371139e-08 1 -0 4.371139e-08 -1 0 0 0 0 -4.371139e-08 1 -0 4.371139e-08 -1 1 0 0 -1 -0 -0 0 0 0 1 0 0 -1 -0 -0 0 0 0 0.7071068 3.090862e-08 -0.7071068 -0.7071068 -3.090862e-08 0.7071068 0 0 0 0.9782335 -0.1931495 -0.07584516 -0.9782335 0.1931495 0.07584516 0 0 0 0 -4.371139e-08 1 -0 4.371139e-08 -1 0 0 0 0 0.2563891 0.9665737 -0 -0.2563891 -0.9665737 0 0 0 -1.384557e-19 -0.5598395 -0.828601 -1.384557e-19 -0.5598395 -0.828601 -1.384557e-19 -0.5598395 -0.828601 1.384557e-19 0.5598395 0.828601 1.384557e-19 0.5598395 0.828601 1.384557e-19 0.5598395 0.828601 0 0 0 0 4.371139e-08 -1 -0 -4.371139e-08 1 0 0 0 -5.343079e-20 0.2563971 -0.9665715 5.343079e-20 -0.2563971 0.9665715 0 0 0 0 0.2563891 0.9665737 -0 -0.2563891 -0.9665737 0 0 0 0 -4.371139e-08 1 -0 4.371139e-08 -1 0 0 0 0 -4.371139e-08 1 -0 4.371139e-08 -1 0 0 0 0 -4.371139e-08 1 -0 4.371139e-08 -1 0 0 0 1 0 0 -1 -0 -0 0 0 0 -5.368881e-20 0.2563971 -0.9665715 5.368881e-20 -0.2563971 0.9665715 0 0 0 1 0 0 -1 -0 -0 0 0 0 1.388321e-19 -0.559825 0.8286109 1.388321e-19 -0.559825 0.8286109 1.388321e-19 -0.559825 0.8286109 -1.388321e-19 0.559825 -0.8286109 -1.388321e-19 0.559825 -0.8286109 -1.388321e-19 0.559825 -0.8286109 1 0 0 -1 -0 -0 0 0 0 1 0 0 -1 -0 -0 0 0 0 0 4.371139e-08 -1 0 4.371139e-08 -1 0 4.371139e-08 -1 -0 -4.371139e-08 1 -0 -4.371139e-08 1 -0 -4.371139e-08 1 0 0 0 1.388304e-19 -0.5598395 -0.828601 1.388304e-19 -0.5598395 -0.828601 1.388304e-19 -0.5598395 -0.828601 -1.388304e-19 0.5598395 0.828601 -1.388304e-19 0.5598395 0.828601 -1.388304e-19 0.5598395 0.828601 -0.7071068 -3.090862e-08 0.7071068 0.7071068 3.090862e-08 -0.7071068 0 0 0 0 -4.371139e-08 1 -0 4.371139e-08 -1 0 0 0 0 -4.371139e-08 1 -0 4.371139e-08 -1 0 0 0 0 -4.371139e-08 1 -0 4.371139e-08 -1 0 0 0 0 -4.371139e-08 1 -0 4.371139e-08 -1 1 0 0 -1 -0 -0 0 0 0 1 0 0 -1 -0 -0 0 0 0 1 0 0 -1 -0 -0 0 0 0 0 4.371139e-08 -1 -0 -4.371139e-08 1 0 0 0 1 0 0 -1 -0 -0 0 0 0 2.769148e-19 -0.559825 0.8286109 2.769148e-19 -0.559825 0.8286109 2.769148e-19 -0.559825 0.8286109 -2.769148e-19 0.559825 -0.8286109 -2.769148e-19 0.559825 -0.8286109 -2.769148e-19 0.559825 -0.8286109 0 0 0 0 -4.371139e-08 1 -0 4.371139e-08 -1 0 0 0 0 4.371139e-08 -1 -0 -4.371139e-08 1 0 0.2563891 0.9665737 -0 -0.2563891 -0.9665737 0 0 0 0 4.371139e-08 -1 -0 -4.371139e-08 1 0 0 0 -1.384516e-19 -0.5598395 -0.828601 -1.384516e-19 -0.5598395 -0.828601 -1.384516e-19 -0.5598395 -0.828601 1.384516e-19 0.5598395 0.828601 1.384516e-19 0.5598395 0.828601 1.384516e-19 0.5598395 0.828601 0 0 0 0 4.371139e-08 -1 -0 -4.371139e-08 1 0 0 0 -5.342918e-20 0.2563971 -0.9665715 5.342918e-20 -0.2563971 0.9665715 0 0 0 -0.6607293 0.225829 0.7158478 0.6607293 -0.225829 -0.7158478 0 0 0 0 -1 -4.371139e-08 0 -1 -4.371139e-08 0 -1 -4.371139e-08 -0 1 4.371139e-08 -0 1 4.371139e-08 -0 1 4.371139e-08 0 0 0 0 -1 -4.371139e-08 0 -1 -4.371139e-08 -0 1 4.371139e-08 -0 1 4.371139e-08 0 0 0 0 -1 -4.371139e-08 0 -1 -4.371139e-08 -0 1 4.371139e-08 -0 1 4.371139e-08 0 0 0 0 -1 -4.371139e-08 0 -1 -4.371139e-08 -0 1 4.371139e-08 -0 1 4.371139e-08 0 4.371139e-08 -1 -0 -4.371139e-08 1 -5.355819e-20 0.2563971 -0.9665715 5.355819e-20 -0.2563971 0.9665715 0 0 0 -4.985514e-19 0.9825463 -0.186018 -4.985603e-19 0.9825463 0.1860183 -4.985589e-19 0.9825463 -0.186018 4.985589e-19 -0.9825463 0.186018 4.985603e-19 -0.9825463 -0.1860183 4.985514e-19 -0.9825463 0.186018 0 0 0 -4.265592e-21 0.9825463 0.1860183 -9.797171e-19 0.9307944 0.3655432 9.797171e-19 -0.9307944 -0.3655432 4.265592e-21 -0.9825463 -0.1860183 0 0 0 0 -4.371139e-08 1 0 -4.371139e-08 1 0 -4.371139e-08 1 -0 4.371139e-08 -1 -0 4.371139e-08 -1 -0 4.371139e-08 -1 2.769065e-19 -0.559825 0.8286109 2.769065e-19 -0.559825 0.8286109 2.769065e-19 -0.559825 0.8286109 -2.769065e-19 0.559825 -0.8286109 -2.769065e-19 0.559825 -0.8286109 -2.769065e-19 0.559825 -0.8286109 -9.797144e-19 0.9307946 -0.3655426 -9.797144e-19 0.9307946 -0.3655426 9.797144e-19 -0.9307946 0.3655426 9.797144e-19 -0.9307946 0.3655426 0 4.371139e-08 -1 -0 -4.371139e-08 1 -9.796849e-19 0.9307946 -0.3655426 -9.796849e-19 0.9307946 -0.3655426 9.796849e-19 -0.9307946 0.3655426 9.796849e-19 -0.9307946 0.3655426 1.384516e-19 -0.5598395 -0.828601 1.384516e-19 -0.5598395 -0.828601 1.384516e-19 -0.5598395 -0.828601 -1.384516e-19 0.5598395 0.828601 -1.384516e-19 0.5598395 0.828601 -1.384516e-19 0.5598395 0.828601 -1 0 0 1 -0 -0 0 0 0 -1 0 0 -1 0 0 1 -0 -0 1 -0 -0 0 0 0 -1 0 0 -1 0 0 1 -0 -0 1 -0 -0 0 0 0 -1 0 0 -1 0 0 1 -0 -0 1 -0 -0 0 0 0 0 -1 -4.371139e-08 -0 1 4.371139e-08 1 0 0 -1 -0 -0 0 0 0 1 0 0 -1 -0 -0 0 0 0 0 4.371139e-08 -1 -0 -4.371139e-08 1 0 0 0 0 4.371139e-08 -1 -0 -4.371139e-08 1 0 0 0 -9.797144e-19 0.9307946 -0.3655426 9.797144e-19 -0.9307946 0.3655426 0 0.9307944 0.3655432 0 0.9307944 0.3655432 -0 -0.9307944 -0.3655432 -0 -0.9307944 -0.3655432 0 0 0 0 -4.371139e-08 1 -0 4.371139e-08 -1 -1.384532e-19 -0.559825 0.8286109 -1.384532e-19 -0.559825 0.8286109 -1.384532e-19 -0.559825 0.8286109 1.384532e-19 0.559825 -0.8286109 1.384532e-19 0.559825 -0.8286109 1.384532e-19 0.559825 -0.8286109 0 0 0 0 -4.371139e-08 1 -0 4.371139e-08 -1 0 0 0 -0.6759789 0.3201876 0.6637262 0.6759789 -0.3201876 -0.6637262 0 0 0 0 4.371139e-08 -1 -0 -4.371139e-08 1 0 0 0 -2.535375e-19 0.9825463 -0.186018 2.535375e-19 -0.9825463 0.186018 0 0 0 -1.384557e-19 -0.5598395 -0.828601 -1.384557e-19 -0.5598395 -0.828601 -1.384557e-19 -0.5598395 -0.828601 1.384557e-19 0.5598395 0.828601 1.384557e-19 0.5598395 0.828601 1.384557e-19 0.5598395 0.828601 0 0 0 0 4.371139e-08 -1 -0 -4.371139e-08 1 0 0 0 0 0.2563971 -0.9665715 -0 -0.2563971 0.9665715 0 0 0 -0.9895044 0.1407797 0.03258909 0.9895044 -0.1407797 -0.03258909 0 0 0 0 -1 -4.371139e-08 -0 1 4.371139e-08 0 0 0 0 -1 -4.371139e-08 -0 1 4.371139e-08 0 0 0 0 -1 -4.371139e-08 -0 1 4.371139e-08 0 0 0 0 -1 -4.371139e-08 -0 1 4.371139e-08 0 4.371139e-08 -1 -0 -4.371139e-08 1 0 0.2563971 -0.9665715 -0 -0.2563971 0.9665715 0 0 0 -2.492801e-19 0.9825463 0.1860183 0 0.9307944 0.3655432 -0 -0.9307944 -0.3655432 2.492801e-19 -0.9825463 -0.1860183 0 0 0 0 -4.371139e-08 1 -0 4.371139e-08 -1 2.769147e-19 -0.559825 0.8286109 2.769147e-19 -0.559825 0.8286109 2.769147e-19 -0.559825 0.8286109 -2.769147e-19 0.559825 -0.8286109 -2.769147e-19 0.559825 -0.8286109 -2.769147e-19 0.559825 -0.8286109 0 4.371139e-08 -1 -0 -4.371139e-08 1 0 0.9307946 -0.3655426 0 0.9307946 -0.3655426 -0 -0.9307946 0.3655426 -0 -0.9307946 0.3655426 -2.769114e-19 -0.5598395 -0.828601 -2.769114e-19 -0.5598395 -0.828601 -2.769114e-19 -0.5598395 -0.828601 2.769114e-19 0.5598395 0.828601 2.769114e-19 0.5598395 0.828601 2.769114e-19 0.5598395 0.828601 -1 0 0 1 -0 -0 0 0 0 -1 0 0 1 -0 -0 0 0 0 -1 0 0 1 -0 -0 0 0 0 -1 0 0 1 -0 -0 0 0 0 0 -1 -4.371139e-08 -0 1 4.371139e-08 1 0 0 -1 -0 -0 0 0 0 0 4.371139e-08 -1 -0 -4.371139e-08 1 0 0 0 0 4.371139e-08 -1 -0 -4.371139e-08 1 0 0 0 0 4.371139e-08 -1 -0 -4.371139e-08 1 0 0 0 0 0.9307944 0.3655432 0 0.9307944 0.3655432 -0 -0.9307944 -0.3655432 -0 -0.9307944 -0.3655432 0 0 0 0 -4.371139e-08 1 -0 4.371139e-08 -1 0 -0.559825 0.8286109 0 -0.559825 0.8286109 0 -0.559825 0.8286109 -0 0.559825 -0.8286109 -0 0.559825 -0.8286109 -0 0.559825 -0.8286109 0 0 0 -0.9295852 -0.1031738 0.3538737 0.9295852 0.1031738 -0.3538737 0 0 0 -0.9937815 0.1095799 0.01976431 0.9937815 -0.1095799 -0.01976431 0 0 0 0 4.371139e-08 -1 -0 -4.371139e-08 1 0 0 0 -9.797142e-19 0.9307946 -0.3655426 -2.53545e-19 0.9825463 -0.186018 2.53545e-19 -0.9825463 0.186018 9.797142e-19 -0.9307946 0.3655426 0 0 0 -2.769115e-19 -0.5598395 -0.828601 -2.769115e-19 -0.5598395 -0.828601 -2.769115e-19 -0.5598395 -0.828601 2.769115e-19 0.5598395 0.828601 2.769115e-19 0.5598395 0.828601 2.769115e-19 0.5598395 0.828601 0 0 0 -0.9286432 -0.1062019 -0.3554477 0.9286432 0.1062019 0.3554477 0 0 0 -0.6705515 0.3235906 -0.6675701 0.6705515 -0.3235906 0.6675701 0 0 0 -0.9897548 0.1396448 -0.02974434 0.9897548 -0.1396448 0.02974434 0 0 0 0 -1 -4.371139e-08 -0 1 4.371139e-08 0 0 0 0 -1 -4.371139e-08 -0 1 4.371139e-08 0 0 0 0 -1 -4.371139e-08 -0 1 4.371139e-08 0 0 0 0 -1 -4.371139e-08 -0 1 4.371139e-08 0 4.371139e-08 -1 -0 -4.371139e-08 1 -0.6603492 0.224734 -0.7165428 0.6603492 -0.224734 0.7165428 0 0 0 -4.265591e-21 0.9825463 0.1860183 -9.797168e-19 0.9307944 0.3655432 9.797168e-19 -0.9307944 -0.3655432 4.265591e-21 -0.9825463 -0.1860183 0 0 0 0 -4.371139e-08 1 -0 4.371139e-08 -1 1.386945e-19 -0.559825 0.8286109 1.386945e-19 -0.559825 0.8286109 1.386945e-19 -0.559825 0.8286109 -1.386945e-19 0.559825 -0.8286109 -1.386945e-19 0.559825 -0.8286109 -1.386945e-19 0.559825 -0.8286109 0 4.371139e-08 -1 -0 -4.371139e-08 1 0 0.9307946 -0.3655426 0 0.9307946 -0.3655426 -0 -0.9307946 0.3655426 -0 -0.9307946 0.3655426 -2.773857e-19 -0.5598395 -0.828601 -2.773857e-19 -0.5598395 -0.828601 -2.773857e-19 -0.5598395 -0.828601 2.773857e-19 0.5598395 0.828601 2.773857e-19 0.5598395 0.828601 2.773857e-19 0.5598395 0.828601 -1 0 0 1 -0 -0 0 0 0 -1 0 0 1 -0 -0 0 0 0 -0.7071068 3.090862e-08 -0.7071068 0.7071068 -3.090862e-08 0.7071068 0 0 0 -1 0 0 1 -0 -0 0 0 0 0 -1 -4.371139e-08 -0 1 4.371139e-08 0 4.371139e-08 -1 -0 -4.371139e-08 1 0 4.371139e-08 -1 -0 -4.371139e-08 1 0 0 0 0 4.371139e-08 -1 -0 -4.371139e-08 1 0 0 0 0 0.9307944 0.3655432 0 0.9307944 0.3655432 -0 -0.9307944 -0.3655432 -0 -0.9307944 -0.3655432 0 0 0 0 -4.371139e-08 1 -0 4.371139e-08 -1 1.384574e-19 -0.559825 0.8286109 1.384574e-19 -0.559825 0.8286109 1.384574e-19 -0.559825 0.8286109 -1.384574e-19 0.559825 -0.8286109 -1.384574e-19 0.559825 -0.8286109 -1.384574e-19 0.559825 -0.8286109 0 0 0 -0.9857848 -0.1642048 -0.03556832 0.9857848 0.1642048 0.03556832 0 0 0 -0.9936807 0.1106632 -0.01876828 0.9936807 -0.1106632 0.01876828 0 0 0 -0.9907635 -0.1262187 0.04956297 -1 0 0 -1 0 0 1 -0 -0 1 -0 -0 0.9907635 0.1262187 -0.04956297 0 0 0 -9.797145e-19 0.9307946 -0.3655426 -4.985589e-19 0.9825463 -0.186018 4.985589e-19 -0.9825463 0.186018 9.797145e-19 -0.9307946 0.3655426 -0.9913862 -0.1288885 0.02326364 0.9913862 0.1288885 -0.02326364 0 0 0 -0.9854698 -0.1653911 0.0386652 0.9854698 0.1653911 -0.0386652 0 0 0 0 4.371139e-08 -1 -0 -4.371139e-08 1 0 4.371139e-08 -1 0 4.371139e-08 -1 -0 -4.371139e-08 1 -0 -4.371139e-08 1 0 0 0 0 4.371139e-08 -1 0 4.371139e-08 -1 -0 -4.371139e-08 1 -0 -4.371139e-08 1 0 0.9825463 0.1860183 -0 -0.9825463 -0.1860183 0 0 0 0 -4.371139e-08 1 -0 4.371139e-08 -1 -0.9905101 -0.126702 -0.05325656 0.9905101 0.126702 0.05325656 0 4.371139e-08 -1 -0 -4.371139e-08 1 0 0.9307944 0.3655432 0 0.9307944 0.3655432 -0 -0.9307944 -0.3655432 -0 -0.9307944 -0.3655432 0 0 0 0 -4.371139e-08 1 -0 4.371139e-08 -1 -0.991258 -0.1300604 -0.02217852 0.991258 0.1300604 0.02217852 0 0 0 -1 0 0 1 -0 -0 -1 0 0 1 -0 -0</float_array>
                    <technique_common>
                        <accessor count="630" source="#ID186" stride="3">
                            <param name="X" type="float" />
                            <param name="Y" type="float" />
                            <param name="Z" type="float" />
                        </accessor>
                    </technique_common>
                </source>
                <source id="ID184">
                    <float_array id="ID187" count="1626">0.800846 0.912372 0.80382 0.993317 0.800853 0.992347 0.800853 0.992347 0.80382 0.993317 0.803817 0.993688 0.079218 0.75027 0.079228 0.668723 0.016289 0.668713 0.800846 0.912372 0.803811 0.912372 0.80382 0.993317 0.800853 0.992347 0.803817 0.993688 0.801065 0.99272 0.80382 0.993317 0.80678 0.993687 0.803817 0.993688 0.079218 0.75027 0.016289 0.668713 0.016299 0.75027 0.142764 0.75027 0.079218 0.668713 0.079228 0.75027 0.800847 0.831204 0.803811 0.912372 0.800846 0.912372 0.803811 0.912372 0.806776 0.993318 0.80382 0.993317 0.801065 0.99272 0.803817 0.993688 0.80382 0.994139 0.016289 0.75027 0.016299 0.668723 0.015986 0.668713 0.80678 0.993687 0.806776 0.99414 0.80382 0.993317 0.806776 0.993318 0.80678 0.993687 0.079218 0.831848 0.079228 0.75028 0.016289 0.75027 0.142764 0.831848 0.142774 0.75028 0.079218 0.75027 0.142764 0.75027 0.142774 0.668723 0.079218 0.668713 0.800847 0.831204 0.803815 0.831204 0.803811 0.912372 0.803811 0.912372 0.806783 0.912372 0.801065 0.99272 0.80382 0.994139 0.801071 0.993164 0.803817 0.993688 0.806776 0.99414 0.80382 0.994139 0.016289 0.75027 0.015986 0.668713 0.015996 0.75027 0.809522 0.993165 0.806776 0.99414 0.80678 0.993687 0.809529 0.992721 0.80678 0.993687 0.806776 0.993318 0.079218 0.831848 0.016289 0.75027 0.016299 0.831848 0.142764 0.831848 0.079218 0.75027 0.079228 0.831848 0.20631 0.831848 0.142764 0.75027 0.142774 0.831848 0.20631 0.75027 0.142764 0.668713 0.142774 0.75027 0.800848 0.750035 0.803815 0.831204 0.800847 0.831204 0.803815 0.831204 0.806783 0.912372 0.803811 0.912372 0.806783 0.912372 0.809741 0.99235 0.806776 0.993318 0.801071 0.993164 0.80382 0.994139 0.803815 0.99446 0.015986 0.75027 0.015996 0.668723 0.015634 0.668713 0.80382 0.994139 0.806776 0.99414 0.806781 0.994459 0.016289 0.831848 0.016299 0.75028 0.015986 0.75027 0.809522 0.993165 0.809753 0.99348 0.806776 0.99414 0.809529 0.992721 0.809522 0.993165 0.80678 0.993687 0.809741 0.99235 0.809529 0.992721 0.806776 0.993318 0.079218 0.913425 0.079228 0.831858 0.016289 0.831848 0.142764 0.913425 0.142774 0.831858 0.079218 0.831848 0.20631 0.913425 0.20632 0.831858 0.142764 0.831848 0.20631 0.831848 0.20632 0.75028 0.142764 0.75027 0.20631 0.75027 0.20632 0.668723 0.142764 0.668713 0.800848 0.750035 0.803816 0.750035 0.803815 0.831204 0.803815 0.831204 0.806782 0.831204 0.806783 0.912372 0.806783 0.912372 0.809749 0.912372 0.809741 0.99235 0.801071 0.993164 0.803815 0.99446 0.800841 0.993479 0.80382 0.994139 0.806781 0.994459 0.803815 0.99446 0.015986 0.75027 0.015634 0.668713 0.015644 0.75027 0.809753 0.99348 0.806781 0.994459 0.806776 0.99414 0.016289 0.831848 0.015986 0.75027 0.015996 0.831848 0.015375 0.913356 0.015385 0.994894 0.015642 0.994894 0.015642 0.913356 0.015652 0.994894 0.015994 0.994894 0.015994 0.913356 0.016004 0.994894 0.016298 0.994894 0.079218 0.913425 0.016289 0.831848 0.016299 0.913425 0.142764 0.913425 0.079218 0.831848 0.079228 0.913425 0.20631 0.913425 0.142764 0.831848 0.142774 0.913425 0.269856 0.913425 0.20631 0.831848 0.20632 0.913425 0.269856 0.831848 0.20631 0.75027 0.20632 0.831848 0.269856 0.75027 0.20631 0.668713 0.20632 0.75027 0.800849 0.668869 0.803816 0.750035 0.800848 0.750035 0.803816 0.750035 0.806782 0.831204 0.803815 0.831204 0.806782 0.831204 0.809749 0.912372 0.806783 0.912372 0.016298 0.913356 0.016308 0.994894 0.079222 0.994894 0.800841 0.993479 0.803815 0.99446 0.803818 0.995021 0.015634 0.75027 0.015644 0.668723 0.015367 0.668713 0.803815 0.99446 0.806781 0.994459 0.806777 0.995022 0.015986 0.831848 0.015996 0.75028 0.015634 0.75027 0.809753 0.99348 0.809746 0.994038 0.806781 0.994459 0.016289 0.913425 0.016299 0.831858 0.015986 0.831848 0.014934 0.913356 0.015375 0.994894 0.015385 0.913356 0.015375 0.913356 0.015642 0.994894 0.015652 0.913366 0.015642 0.913356 0.015994 0.994894 0.016004 0.913366 0.015994 0.913356 0.016298 0.994894 0.016308 0.913366 0.079218 0.994989 0.079228 0.913435 0.016289 0.913425 0.142764 0.994989 0.142774 0.913435 0.079218 0.913425 0.20631 0.994989 0.20632 0.913435 0.142764 0.913425 0.269856 0.994989 0.269866 0.913435 0.20631 0.913425 0.269856 0.913425 0.269866 0.831858 0.20631 0.831848 0.269856 0.831848 0.269866 0.75028 0.20631 0.75027 0.269856 0.75027 0.269866 0.668723 0.20631 0.668713 0.800849 0.668869 0.803817 0.668869 0.803816 0.750035 0.803816 0.750035 0.806784 0.750035 0.806782 0.831204 0.806782 0.831204 0.80975 0.831205 0.809749 0.912372 0.016298 0.913356 0.079222 0.994894 0.079232 0.913366 0.803815 0.99446 0.806777 0.995022 0.803818 0.995021 0.800841 0.993479 0.803818 0.995021 0.800848 0.994038 0.015634 0.75027 0.015367 0.668713 0.015377 0.75027 0.809746 0.994038 0.806777 0.995022 0.806781 0.994459 0.015986 0.831848 0.015634 0.75027 0.015644 0.831848 0.014934 0.913356 0.014944 0.994904 0.015375 0.994894 0.016289 0.913425 0.015986 0.831848 0.015996 0.913425 0.014934 0.831797 0.014944 0.913366 0.015375 0.913356 0.015375 0.831797 0.015385 0.913356 0.015642 0.913356 0.015642 0.831797 0.015652 0.913356 0.015994 0.913356 0.015994 0.831797 0.016004 0.913356 0.016298 0.913356 0.079218 0.994989 0.016289 0.913425 0.016299 0.994989 0.142764 0.994989 0.079218 0.913425 0.079228 0.994989 0.20631 0.994989 0.142764 0.913425 0.142774 0.994989 0.269856 0.994989 0.20631 0.913425 0.20632 0.994989 0.80677 0.91079 0.809737 0.91079 0.809747 0.990781 0.80677 0.830803 0.809737 0.830803 0.809747 0.91079 0.80677 0.750812 0.809737 0.750812 0.809747 0.830803 0.80677 0.670825 0.809737 0.670825 0.809747 0.750812 0.803817 0.668869 0.806784 0.750035 0.803816 0.750035 0.806784 0.750035 0.80975 0.831205 0.806782 0.831204 0.079222 0.913356 0.079232 0.994894 0.142763 0.994894 0.016298 0.831797 0.016308 0.913356 0.079222 0.913356 0.012857 0.913356 0.010838 0.994894 0.012857 0.994894 0.010838 0.913356 0.008761 0.994894 0.010838 0.994894 0.015367 0.75027 0.015377 0.668713 0.014925 0.668713 0.015634 0.831848 0.015644 0.75028 0.015367 0.75027 0.014934 0.913356 0.012857 0.994894 0.014934 0.994894 0.015986 0.913425 0.015996 0.831858 0.015634 0.831848 0.016289 0.994989 0.016299 0.913435 0.015986 0.913425 0.014934 0.831797 0.015375 0.913356 0.015385 0.831797 0.014934 0.831797 0.012857 0.913356 0.014934 0.913356 0.015375 0.831797 0.015642 0.913356 0.015652 0.831807 0.015642 0.831797 0.015994 0.913356 0.016004 0.831807 0.015994 0.831797 0.016298 0.913356 0.016308 0.831807 0.809759 0.912327 0.809756 0.992358 0.806793 0.912327 0.809759 0.831176 0.809769 0.912327 0.806792 0.831176 0.809759 0.750021 0.809769 0.831176 0.806792 0.750021 0.809759 0.668873 0.809769 0.750021 0.806792 0.668873 0.80677 0.830803 0.809737 0.91079 0.80677 0.91079 0.80677 0.91079 0.809737 0.990781 0.80677 0.990781 0.80677 0.750812 0.809737 0.830803 0.80677 0.830803 0.80677 0.670825 0.809737 0.750812 0.80677 0.750812 0.803817 0.668869 0.806785 0.668869 0.806784 0.750035 0.806784 0.750035 0.809751 0.750035 0.80975 0.831205 0.079222 0.913356 0.142763 0.994894 0.142773 0.913366 0.016298 0.831797 0.079222 0.913356 0.079232 0.831807 0.012857 0.913356 0.010838 0.913356 0.010848 0.994894 0.014934 0.913356 0.012857 0.913356 0.012867 0.994894 0.010838 0.913356 0.008761 0.913356 0.008771 0.994894 0.015367 0.75027 0.014925 0.668713 0.014935 0.75028 0.015634 0.831848 0.015367 0.75027 0.015377 0.831848 0.015986 0.913425 0.015634 0.831848 0.015644 0.913425 0.016289 0.994989 0.015986 0.913425 0.015996 0.994989 0.014934 0.750239 0.014944 0.831807 0.015375 0.831797 0.014934 0.831797 0.012857 0.831797 0.012867 0.913356 0.015375 0.750239 0.015385 0.831797 0.015642 0.831797 0.015642 0.750239 0.015652 0.831797 0.015994 0.831797 0.015994 0.750239 0.016004 0.831797 0.016298 0.831797 0.806792 0.831176 0.809759 0.912327 0.806793 0.912327 0.806793 0.912327 0.809756 0.992358 0.806791 0.993343 0.806792 0.750021 0.809759 0.831176 0.806792 0.831176 0.806792 0.668873 0.809759 0.750021 0.806792 0.750021 0.803803 0.830803 0.80677 0.830803 0.80678 0.91079 0.803803 0.91079 0.80677 0.91079 0.80678 0.990781 0.803803 0.750812 0.80677 0.750812 0.80678 0.830803 0.803803 0.670825 0.80677 0.670825 0.80678 0.750812 0.806785 0.668869 0.809751 0.750035 0.806784 0.750035 0.142763 0.913356 0.142773 0.994894 0.206305 0.994894 0.079222 0.831797 0.079232 0.913356 0.142763 0.913356 0.016298 0.750239 0.016308 0.831797 0.079222 0.831797 0.012857 0.831797 0.010838 0.913356 0.012857 0.913356 0.010838 0.831797 0.008761 0.913356 0.010838 0.913356 0.015367 0.831848 0.015377 0.75027 0.014925 0.75027 0.015634 0.913425 0.015644 0.831858 0.015367 0.831848 0.015986 0.994989 0.015996 0.913435 0.015634 0.913425 0.809756 0.992358 0.809539 0.992711 0.806791 0.993343 0.014934 0.750239 0.015375 0.831797 0.015385 0.750239 0.014934 0.750239 0.012857 0.831797 0.014934 0.831797 0.015375 0.750239 0.015642 0.831797 0.015652 0.750249 0.015642 0.750239 0.015994 0.831797 0.016004 0.750249 0.015994 0.750239 0.016298 0.831797 0.016308 0.750249 0.806792 0.831176 0.806793 0.912327 0.803825 0.831176 0.806793 0.912327 0.806791 0.993343 0.803824 0.912327 0.806792 0.750021 0.806802 0.831176 0.803825 0.750021 0.806792 0.668873 0.806802 0.750021 0.803825 0.668873 0.803803 0.750812 0.80677 0.830803 0.803803 0.830803 0.803803 0.830803 0.80677 0.91079 0.803803 0.91079 0.803803 0.91079 0.80677 0.990781 0.803803 0.990781 0.803803 0.670825 0.80677 0.750812 0.803803 0.750812 0.806785 0.668869 0.809753 0.668869 0.809751 0.750035 0.142763 0.913356 0.206305 0.994894 0.206315 0.913366 0.079222 0.831797 0.142763 0.913356 0.142773 0.831807 0.016298 0.750239 0.079222 0.831797 0.079232 0.750249 0.012857 0.831797 0.010838 0.831797 0.010848 0.913356 0.010838 0.831797 0.008761 0.831797 0.008771 0.913356 0.015367 0.831848 0.014925 0.75027 0.014935 0.831858 0.015634 0.913425 0.015367 0.831848 0.015377 0.913425 0.015986 0.994989 0.015634 0.913425 0.015644 0.994989 0.809539 0.992711 0.806792 0.993697 0.806791 0.993343 0.014934 0.668694 0.014944 0.750249 0.015375 0.750239 0.014934 0.750239 0.012857 0.750239 0.012867 0.831797 0.015375 0.668694 0.015385 0.750239 0.015642 0.750239 0.015642 0.668694 0.015652 0.750239 0.015994 0.750239 0.015994 0.668694 0.016004 0.750239 0.016298 0.750239 0.803825 0.750021 0.806792 0.831176 0.803825 0.831176 0.803825 0.831176 0.806793 0.912327 0.803824 0.912327 0.803824 0.912327 0.806791 0.993343 0.803828 0.993342 0.803825 0.668873 0.806792 0.750021 0.803825 0.750021 0.800837 0.750812 0.803803 0.750812 0.803813 0.830803 0.800837 0.830803 0.803803 0.830803 0.803813 0.91079 0.800837 0.91079 0.803803 0.91079 0.803813 0.990781 0.800837 0.670825 0.803803 0.670825 0.803813 0.750812 0.206305 0.913356 0.206315 0.994894 0.269846 0.994894 0.142763 0.831797 0.142773 0.913356 0.206305 0.913356 0.079222 0.750239 0.079232 0.831797 0.142763 0.831797 0.016298 0.668694 0.016308 0.750239 0.079222 0.750239 0.012857 0.750239 0.010838 0.831797 0.012857 0.831797 0.010838 0.750239 0.008761 0.831797 0.010838 0.831797 0.015367 0.913425 0.015377 0.831848 0.014925 0.831848 0.015634 0.994989 0.015644 0.913435 0.015367 0.913425 0.809539 0.992711 0.809536 0.993157 0.806792 0.993697 0.806791 0.993343 0.806792 0.993697 0.803828 0.993342 0.014934 0.668694 0.015375 0.750239 0.015385 0.668694 0.014934 0.668694 0.012857 0.750239 0.014934 0.750239 0.015375 0.668694 0.015642 0.750239 0.015652 0.668704 0.015642 0.668694 0.015994 0.750239 0.016004 0.668704 0.016308 0.668704 0.015994 0.668694 0.016298 0.750239 0.803825 0.750021 0.803835 0.831176 0.800858 0.750021 0.803825 0.831176 0.803824 0.912327 0.800858 0.831176 0.803824 0.912327 0.803828 0.993342 0.800858 0.912327 0.803825 0.668873 0.803835 0.750021 0.800858 0.668873 0.800837 0.670825 0.803803 0.750812 0.800837 0.750812 0.800837 0.750812 0.803803 0.830803 0.800837 0.830803 0.800837 0.830803 0.803803 0.91079 0.800837 0.91079 0.800837 0.91079 0.803803 0.990781 0.800837 0.990781 0.206305 0.913356 0.269846 0.994894 0.269856 0.913366 0.142763 0.831797 0.206305 0.913356 0.206315 0.831807 0.079222 0.750239 0.142763 0.831797 0.142773 0.750249 0.016298 0.668694 0.079222 0.750239 0.079232 0.668704 0.012857 0.750239 0.010838 0.750239 0.010848 0.831797 0.010838 0.750239 0.008761 0.750239 0.008771 0.831797 0.015367 0.913425 0.014925 0.831848 0.014935 0.913435 0.015377 0.994989 0.015634 0.994989 0.015367 0.913425 0.809536 0.993157 0.80679 0.99415 0.806792 0.993697 0.803828 0.993342 0.806792 0.993697 0.803827 0.993698 0.800856 0.993454 0.803828 0.995015 0.80086 0.994016 0.014934 0.668694 0.012857 0.668694 0.012867 0.750239 0.801082 0.993157 0.803826 0.994453 0.800856 0.993454 0.801079 0.99271 0.803828 0.99415 0.801082 0.993157 0.800861 0.992357 0.803827 0.993698 0.801079 0.99271 0.800858 0.668873 0.803825 0.750021 0.800858 0.750021 0.800858 0.750021 0.803825 0.831176 0.800858 0.831176 0.800858 0.831176 0.803824 0.912327 0.800858 0.912327 0.800858 0.912327 0.803828 0.993342 0.800861 0.992357 0.206305 0.831797 0.269846 0.913356 0.269856 0.831807 0.206305 0.750239 0.269846 0.831797 0.269856 0.750249 0.206305 0.668694 0.269846 0.750239 0.269856 0.668704 0.206305 0.831797 0.206315 0.913356 0.269846 0.913356 0.142763 0.750239 0.142773 0.831797 0.206305 0.831797 0.079222 0.668694 0.079232 0.750239 0.142763 0.750239 0.012857 0.668694 0.010838 0.750239 0.012857 0.750239 0.010838 0.668694 0.008761 0.750239 0.010838 0.750239 0.015367 0.994989 0.015377 0.913425 0.014925 0.913425 0.809536 0.993157 0.809761 0.993455 0.80679 0.99415 0.806792 0.993697 0.80679 0.99415 0.803827 0.993698 0.800861 0.992357 0.803828 0.993342 0.803827 0.993698 0.800856 0.993454 0.803826 0.994453 0.803828 0.995015 0.801082 0.993157 0.803828 0.99415 0.803826 0.994453 0.801079 0.99271 0.803827 0.993698 0.803828 0.99415 0.142763 0.668694 0.206305 0.750239 0.206315 0.668704 0.079222 0.668694 0.142763 0.750239 0.142773 0.668704 0.206305 0.750239 0.206315 0.831797 0.269846 0.831797 0.206305 0.668694 0.206315 0.750239 0.269846 0.750239 0.142763 0.750239 0.206305 0.831797 0.206315 0.750249 0.012857 0.668694 0.010838 0.668694 0.010848 0.750239 0.010838 0.668694 0.008761 0.668694 0.008771 0.750239 0.015367 0.994989 0.014925 0.913425 0.014935 0.994999 0.809761 0.993455 0.806793 0.994452 0.80679 0.99415 0.803827 0.993698 0.80679 0.99415 0.803828 0.99415 0.803826 0.994453 0.806791 0.995015 0.803828 0.995015 0.803828 0.99415 0.806793 0.994452 0.803826 0.994453 0.142763 0.668694 0.142773 0.750239 0.809758 0.994016 0.806791 0.995015 0.806793 0.994452 0.809761 0.993455 0.809758 0.994016 0.806793 0.994452 0.80679 0.99415 0.806793 0.994452 0.803828 0.99415 0.806793 0.994452 0.806791 0.995015 0.803826 0.994453</float_array>
                    <technique_common>
                        <accessor count="813" source="#ID187" stride="2">
                            <param name="S" type="float" />
                            <param name="T" type="float" />
                        </accessor>
                    </technique_common>
                </source>
                <vertices id="ID183">
                    <input semantic="POSITION" source="#ID181" />
                    <input semantic="NORMAL" source="#ID182" />
                </vertices>
                <triangles count="544" material="Material2">
                    <input offset="0" semantic="VERTEX" source="#ID183" />
                    <input offset="1" semantic="TEXCOORD" source="#ID184" />
                    <p>0 0 1 1 2 2 3 2 4 1 5 0 2 3 1 4 9 5 10 5 4 4 3 3 12 6 0 7 2 8 3 8 5 7 13 6 0 9 15 10 1 11 4 11 16 10 5 9 2 12 9 13 18 14 19 14 10 13 3 12 1 15 21 16 9 17 10 17 22 16 4 15 12 18 2 19 24 20 25 20 3 19 13 18 27 21 0 22 12 23 13 23 5 22 28 21 30 24 15 25 0 26 5 26 16 25 31 24 15 27 33 28 1 29 4 29 34 28 16 27 18 30 9 31 36 32 37 32 10 31 19 30 24 33 2 34 18 35 19 35 3 34 25 33 9 13 21 36 39 37 40 37 22 36 10 13 1 38 33 39 21 40 22 40 34 39 4 38 42 41 12 42 24 43 25 43 13 42 43 41 45 44 27 45 12 46 13 46 28 45 46 44 27 47 48 48 0 49 5 49 49 48 28 47 30 50 50 51 15 52 16 52 51 51 31 50 15 53 53 54 33 28 34 28 54 54 16 53 18 55 36 56 56 57 57 57 37 56 19 55 9 58 39 59 36 60 37 60 40 59 10 58 24 61 18 62 59 63 60 63 19 62 25 61 62 64 39 65 21 66 22 66 40 65 63 64 65 67 21 68 33 69 34 69 22 68 66 67 42 70 24 71 68 72 69 72 25 71 43 70 45 73 12 74 42 75 43 75 13 74 46 73 71 76 27 77 45 78 46 78 28 77 72 76 74 79 48 80 27 81 28 81 49 80 75 79 77 82 50 83 30 84 31 84 51 83 78 82 50 85 53 86 15 87 16 87 54 86 51 85 53 88 80 89 33 90 34 90 81 89 54 88 56 91 36 92 83 93 84 93 37 92 57 91 59 94 18 95 56 96 57 96 19 95 60 94 36 97 39 98 86 99 87 99 40 98 37 97 68 100 24 101 59 102 60 102 25 101 69 100 62 103 89 104 39 105 40 105 90 104 63 103 65 106 62 107 21 108 22 108 63 107 66 106 80 109 65 110 33 111 34 111 66 110 81 109 92 112 42 113 68 114 69 114 43 113 93 112 95 115 45 116 42 117 43 117 46 116 96 115 98 118 71 119 45 120 46 120 72 119 99 118 71 121 74 122 27 123 28 123 75 122 72 121 74 124 101 125 48 126 49 126 102 125 75 124 77 127 103 128 50 129 51 129 104 128 78 127 50 130 106 131 53 132 54 132 107 131 51 130 53 133 109 134 80 135 81 135 110 134 54 133 56 136 83 137 112 138 113 138 84 137 57 136 36 139 86 140 83 141 84 141 87 140 37 139 59 142 56 143 115 144 116 144 57 143 60 142 89 145 86 146 39 147 40 147 87 146 90 145 68 148 59 149 118 150 119 150 60 149 69 148 121 151 122 152 123 153 124 153 125 152 126 151 128 154 62 155 65 156 66 156 63 155 129 154 131 157 65 158 80 159 81 159 66 158 132 157 92 160 68 161 134 162 135 162 69 161 93 160 95 163 42 164 92 165 93 165 43 164 96 163 98 166 45 167 95 168 96 168 46 167 99 166 137 169 71 170 98 171 99 171 72 170 138 169 140 172 74 173 71 174 72 174 75 173 141 172 143 175 101 176 74 177 75 177 102 176 144 175 146 178 103 179 77 180 78 180 104 179 147 178 103 181 106 182 50 183 51 183 107 182 104 181 106 184 109 185 53 186 54 186 110 185 107 184 149 187 80 188 109 189 110 189 81 188 150 187 112 190 83 191 152 192 153 192 84 191 113 190 155 193 156 194 157 195 158 195 159 194 160 193 83 196 86 197 161 198 162 198 87 197 84 196 118 199 59 200 115 201 116 201 60 200 119 199 89 202 164 203 86 204 87 204 165 203 90 202 134 205 68 206 118 207 119 207 69 206 135 205 167 208 168 209 169 210 170 210 171 209 172 208 174 211 175 212 176 213 177 213 178 212 179 211 128 214 65 215 131 216 132 216 66 215 129 214 131 217 80 218 149 219 150 219 81 218 132 217 180 220 92 221 134 222 135 222 93 221 181 220 183 223 95 224 92 225 93 225 96 224 184 223 186 226 98 227 95 228 96 228 99 227 187 226 189 229 137 230 98 231 99 231 138 230 190 229 137 232 140 233 71 234 72 234 141 233 138 232 140 235 143 236 74 237 75 237 144 236 141 235 143 238 192 239 101 240 102 240 193 239 144 238 146 241 194 242 103 243 104 243 195 242 147 241 103 244 197 245 106 246 107 246 198 245 104 244 106 247 200 248 109 249 110 249 201 248 107 247 149 250 109 251 203 252 204 252 110 251 150 250 83 253 161 254 152 255 153 255 162 254 84 253 112 256 152 257 206 258 207 258 153 257 113 256 209 259 210 260 211 261 212 261 213 260 214 259 164 262 161 263 86 264 87 264 162 263 165 262 118 265 115 266 216 267 217 267 116 266 119 265 167 268 219 269 168 270 171 270 220 269 172 268 134 271 118 272 221 273 222 273 119 272 135 271 224 274 167 275 169 276 170 276 172 275 225 274 227 277 228 278 229 279 230 279 231 278 232 277 234 280 128 281 131 282 132 282 129 281 235 280 237 283 131 284 149 285 150 285 132 284 238 283 180 286 134 287 240 288 241 288 135 287 181 286 183 289 92 290 180 291 181 291 93 290 184 289 186 292 95 293 183 294 184 294 96 293 187 292 189 295 98 296 186 297 187 297 99 296 190 295 243 298 244 299 245 300 246 300 247 299 248 298 250 301 251 302 244 303 247 303 252 302 253 301 255 304 256 305 251 306 252 306 257 305 258 304 260 307 261 308 256 309 257 309 262 308 263 307 194 310 197 311 103 312 104 312 198 311 195 310 197 313 200 314 106 315 107 315 201 314 198 313 203 316 109 317 264 318 265 318 110 317 204 316 266 319 149 320 203 321 204 321 150 320 267 319 269 322 270 323 271 324 272 324 273 323 274 322 276 325 277 326 270 327 273 327 278 326 279 325 281 328 282 329 283 330 284 330 285 329 286 328 287 331 288 332 289 333 290 333 291 332 292 331 293 334 271 335 294 336 295 336 272 335 296 334 221 337 118 338 216 339 217 339 119 338 222 337 240 340 134 341 221 342 222 342 135 341 241 340 224 343 169 344 297 345 298 345 170 344 225 343 299 346 269 347 300 348 301 348 274 347 302 346 303 349 304 350 305 351 306 351 307 350 308 349 234 352 131 353 237 354 238 354 132 353 235 352 237 355 149 356 266 357 267 357 150 356 238 355 180 358 240 359 309 360 310 360 241 359 181 358 312 361 180 362 313 363 314 363 181 362 315 361 317 364 312 365 318 366 319 366 315 365 320 364 322 367 317 368 323 369 324 369 320 368 325 367 250 370 244 371 243 372 248 372 247 371 253 370 243 373 245 374 327 375 328 375 246 374 248 373 255 376 251 377 250 378 253 378 252 377 258 376 260 379 256 380 255 381 258 381 257 380 263 379 194 382 329 383 197 384 198 384 330 383 195 382 197 385 332 386 200 387 201 387 333 386 198 385 203 388 264 389 335 390 336 390 265 389 204 388 266 391 203 392 338 393 339 393 204 392 267 391 269 394 276 395 270 396 273 396 279 395 274 394 341 397 269 398 271 399 272 399 274 398 342 397 276 400 343 401 344 402 345 402 346 401 279 400 281 403 283 404 348 405 349 405 284 404 286 403 350 406 351 407 352 408 353 408 354 407 355 406 221 409 216 410 357 411 358 411 217 410 222 409 240 412 221 413 360 414 361 414 222 413 241 412 363 415 224 416 297 417 298 417 225 416 364 415 299 418 366 419 269 420 274 420 367 419 302 418 369 421 370 422 371 423 372 423 373 422 374 421 376 424 234 425 237 426 238 426 235 425 377 424 379 427 237 428 266 429 267 429 238 428 380 427 313 430 180 431 309 432 310 432 181 431 314 430 309 433 240 434 382 435 383 435 241 434 310 433 318 436 312 437 313 438 314 438 315 437 319 436 323 439 317 440 318 441 319 441 320 440 324 439 385 442 250 443 243 444 248 444 253 443 386 442 388 445 243 446 327 447 328 447 248 446 389 445 391 448 255 449 250 450 253 450 258 449 392 448 394 451 260 452 255 453 258 453 263 452 395 451 329 454 332 455 197 456 198 456 333 455 330 454 335 457 264 458 396 459 397 459 265 458 336 457 338 460 203 461 335 462 336 462 204 461 339 460 398 463 266 464 338 465 339 465 267 464 399 463 366 466 276 467 269 468 274 468 279 467 367 466 401 469 402 470 276 471 279 471 403 470 404 469 406 472 281 473 348 474 349 474 286 473 407 472 408 475 409 476 410 477 411 477 412 476 413 475 360 478 221 479 357 480 358 480 222 479 361 478 240 481 360 482 382 483 383 483 361 482 241 481 363 484 297 485 414 486 415 486 298 485 364 484 416 487 366 488 417 489 418 489 367 488 419 487 420 490 421 491 422 492 423 492 424 491 425 490 376 493 237 494 379 495 380 495 238 494 377 493 379 496 266 497 398 498 399 498 267 497 380 496 313 499 309 500 426 501 427 501 310 500 314 499 309 502 382 503 429 504 430 504 383 503 310 502 318 505 313 506 432 507 433 507 314 506 319 505 323 508 318 509 435 510 436 510 319 509 324 508 391 511 250 512 385 513 386 513 253 512 392 511 385 514 243 515 388 516 389 516 248 515 386 514 388 517 327 518 438 519 439 519 328 518 389 517 394 520 255 521 391 522 392 522 258 521 395 520 329 523 440 524 332 525 333 525 441 524 330 523 335 526 396 527 443 528 444 528 397 527 336 526 338 529 335 530 446 531 447 531 336 530 339 529 398 532 338 533 449 534 450 534 339 533 399 532 366 535 401 536 276 537 279 537 404 536 367 535 401 538 452 539 453 540 454 540 455 539 404 538 406 541 348 542 457 543 458 543 349 542 407 541 459 544 460 545 461 546 462 546 463 545 464 544 360 547 357 548 466 549 467 549 358 548 361 547 360 550 469 551 382 552 383 552 470 551 361 550 472 553 363 554 414 555 415 555 364 554 473 553 475 556 476 557 366 558 367 558 477 557 478 556 480 559 481 560 482 561 483 561 484 560 485 559 487 562 376 563 379 564 380 564 377 563 488 562 490 565 379 566 398 567 399 567 380 566 491 565 432 568 313 569 426 570 427 570 314 569 433 568 426 571 309 572 429 573 430 573 310 572 427 571 429 574 382 575 493 576 494 576 383 575 430 574 435 577 318 578 432 579 433 579 319 578 436 577 496 580 391 581 385 582 386 582 392 581 497 580 499 583 385 584 388 585 389 585 386 584 500 583 502 586 388 587 438 588 439 588 389 587 503 586 505 589 394 590 391 591 392 591 395 590 506 589 443 592 396 593 507 594 508 594 397 593 444 592 446 595 335 596 443 597 444 597 336 596 447 595 449 598 338 599 446 600 447 600 339 599 450 598 509 601 398 602 449 603 450 603 399 602 510 601 476 604 401 605 366 606 367 606 404 605 477 604 512 607 513 608 401 609 404 609 514 608 515 607 517 610 406 611 457 612 458 612 407 611 518 610 519 613 520 614 521 615 522 615 523 614 524 613 360 616 466 617 469 618 470 618 467 617 361 616 382 619 469 620 493 621 494 621 470 620 383 619 472 622 414 623 525 624 526 624 415 623 473 622 527 625 476 626 528 627 529 627 477 626 530 625 531 628 532 629 533 630 534 630 535 629 536 628 487 631 379 632 490 633 491 633 380 632 488 631 509 634 490 635 398 636 399 636 491 635 510 634 432 637 426 638 537 639 538 639 427 638 433 637 426 640 429 641 540 642 541 642 430 641 427 640 429 643 493 644 543 645 544 645 494 644 430 643 435 646 432 647 546 648 547 648 433 647 436 646 505 649 391 650 496 651 497 651 392 650 506 649 496 652 385 653 499 654 500 654 386 653 497 652 499 655 388 656 502 657 503 657 389 656 500 655 502 658 438 659 549 660 550 660 439 659 503 658 443 661 507 662 551 663 552 663 508 662 444 661 446 664 443 665 553 666 554 666 444 665 447 664 449 667 446 668 556 669 557 669 447 668 450 667 509 670 449 671 543 672 544 672 450 671 510 670 476 673 512 674 401 675 404 675 515 674 477 673 512 676 559 677 560 678 561 678 562 677 515 676 517 679 457 680 564 681 565 681 458 680 518 679 566 682 567 683 568 684 569 684 570 683 571 682 466 685 573 686 469 687 470 687 574 686 467 685 493 688 469 689 576 690 577 690 470 689 494 688 579 691 580 692 581 693 582 693 583 692 584 691 586 694 587 695 476 696 477 696 588 695 589 694 487 697 590 698 579 699 584 699 591 698 488 697 490 700 593 701 487 702 488 702 594 701 491 700 509 703 576 704 490 705 491 705 577 704 510 703 546 706 432 707 537 708 538 708 433 707 547 706 537 709 426 710 540 711 541 711 427 710 538 709 540 712 429 713 543 714 544 714 430 713 541 712 543 715 493 716 509 717 510 717 494 716 544 715 553 718 551 719 596 720 597 720 552 719 554 718 598 721 596 722 599 723 600 723 597 722 601 721 603 724 599 725 604 726 605 726 600 725 606 724 553 727 443 728 551 729 552 729 444 728 554 727 556 730 446 731 553 732 554 732 447 731 557 730 543 733 449 734 556 735 557 735 450 734 544 733 587 736 512 737 476 738 477 738 515 737 588 736 607 739 559 740 512 741 515 741 562 740 608 739 610 742 517 743 564 744 565 744 518 743 611 742 466 745 612 746 573 747 574 747 613 746 467 745 469 748 573 749 576 750 577 750 574 749 470 748 509 751 493 752 576 753 577 753 494 752 510 751 579 754 590 755 580 756 583 756 591 755 584 754 487 757 593 758 590 759 591 759 594 758 488 757 490 760 576 761 593 762 594 762 577 761 491 760 614 763 598 764 603 765 606 765 601 764 615 763 543 766 556 767 614 768 615 768 557 767 544 766 598 769 553 770 596 771 597 771 554 770 601 769 603 772 598 773 599 774 600 774 601 773 606 772 556 775 553 776 598 777 601 777 554 776 557 775 587 778 607 779 512 780 515 780 608 779 588 778 607 781 616 782 617 783 618 783 619 782 608 781 610 784 564 785 621 786 622 786 565 785 611 784 612 787 623 788 573 789 574 789 624 788 613 787 576 790 573 791 593 792 594 792 574 791 577 790 590 793 626 794 580 795 583 795 627 794 591 793 593 796 623 797 590 798 591 798 624 797 594 796 614 799 556 800 598 764 601 764 557 800 615 799 628 801 626 802 623 803 624 803 627 802 629 801 612 804 628 805 623 806 624 806 629 805 613 804 573 807 623 808 593 809 594 809 624 808 574 807 623 810 626 811 590 812 591 812 627 811 624 810</p>
                </triangles>
                <lines count="408" material="Material3">
                    <input offset="0" semantic="VERTEX" source="#ID183" />
                    <p>8 32 32 79 64 91 58 114 117 58 91 127 64 130 79 148 166 91 139 191 139 142 142 145 145 148 148 196 111 202 163 154 154 208 114 208 215 114 166 163 218 117 173 166 226 173 127 233 130 236 182 185 185 188 188 191 191 326 331 196 202 334 208 347 356 215 359 218 365 226 233 375 236 378 437 326 442 331 334 442 347 456 356 465 468 359 474 365 375 486 378 489 486 474 486 489 548 437 442 498 498 501 501 504 504 548 563 456 572 465 468 572 474 585 548 539 539 542 542 545 609 585 620 609 563 620 620 572</p>
                </lines>
            </mesh>
        </geometry>
        <geometry id="ID188">
            <mesh>
                <source id="ID189">
                    <float_array id="ID193" count="1866">13.3309 5.341099 2.0373 13.3309 2.716099 2.0373 13.3309 5.341099 2.1207 13.3309 5.341099 2.1207 13.3309 2.716099 2.0373 13.3309 5.341099 2.0373 13.3309 5.341099 2.0373 13.3309 5.341099 2.1207 13.3309 2.716099 2.0373 13.3309 7.966099 2.1207 13.3309 7.966099 2.1207 13.3309 7.966099 2.1207 13.3309 5.341099 2.0373 9.99815 2.716099 2.0373 13.3309 2.716099 2.0373 13.3309 2.716099 2.0373 9.99815 2.716099 2.0373 13.3309 5.341099 2.0373 9.99815 2.716099 2.0373 13.3309 2.716099 2.1207 13.3309 2.716099 2.1207 13.3309 2.716099 2.1207 13.3309 7.966099 2.0373 13.3309 7.966099 2.0373 13.3309 7.966099 2.0373 13.3309 7.966099 2.20415 13.3309 7.966099 2.20415 13.3309 7.966099 2.20415 9.99815 5.341099 2.0373 9.99815 5.341099 2.0373 9.99815 5.341099 2.0373 9.99815 0.09109875 2.0373 9.99815 0.09109875 2.0373 9.99815 0.09109875 2.0373 13.3309 0.09109875 2.0373 13.3309 0.09109875 2.0373 13.3309 0.09109875 2.0373 13.3309 5.341099 2.20415 13.3309 5.341099 2.20415 13.3309 5.341099 2.20415 13.3309 10.5887 2.1207 13.3309 10.5887 2.1207 13.3309 10.5887 2.1207 13.3309 10.5887 2.20415 13.3309 10.5887 2.20415 13.3309 10.5887 2.20415 6.66545 2.716099 2.0373 6.66545 2.716099 2.0373 6.66545 2.716099 2.0373 6.66545 0.09109875 2.0373 6.66545 0.09109875 2.0373 6.66545 0.09109875 2.0373 13.3309 0.09109875 2.0373 13.3309 0.09109875 2.0373 13.3309 0.09109874 2.1207 13.3309 0.09109874 2.1207 13.3309 0.09109874 2.1207 13.3309 2.716099 2.20415 13.3309 2.716099 2.20415 13.3309 2.716099 2.20415 13.3309 10.55635 2.0373 13.3309 10.55635 2.0373 13.3309 10.55635 2.0373 9.99815 7.966099 2.0373 9.99815 7.966099 2.0373 9.99815 7.966099 2.0373 13.3309 10.55635 2.28755 13.3309 10.55635 2.28755 13.3309 10.55635 2.28755 13.3309 7.966099 2.28755 13.3309 7.966099 2.28755 13.3309 7.966099 2.28755 6.66545 5.341099 2.0373 6.66545 5.341099 2.0373 6.66545 5.341099 2.0373 9.99815 0.09109874 2.1207 9.99815 0.09109875 2.0373 6.66545 0.09109875 2.0373 6.66545 0.09109875 2.0373 9.99815 0.09109875 2.0373 9.99815 0.09109874 2.1207 9.99815 0.09109874 2.1207 13.3309 0.09109874 2.1207 13.3309 0.09109875 2.0373 13.3309 0.09109875 2.0373 13.3309 0.09109874 2.1207 13.3309 5.341099 2.28755 13.3309 5.341099 2.28755 13.3309 5.341099 2.28755 13.3264 10.5998 2.1207 13.3264 10.5998 2.1207 13.3264 10.5998 2.1207 13.3264 10.5998 2.20415 13.3264 10.5998 2.20415 13.3264 10.5998 2.20415 13.3264 10.56735 2.281301 13.3264 10.56735 2.281301 13.3264 10.56735 2.281301 3.3327 2.716099 2.0373 3.3327 2.716099 2.0373 3.3327 2.716099 2.0373 3.3327 0.09109875 2.0373 3.3327 0.09109875 2.0373 3.3327 0.09109875 2.0373 6.66545 0.09109874 2.1207 6.66545 0.09109874 2.1207 6.66545 0.09109874 2.1207 13.3309 0.09109874 2.20415 13.3309 0.09109874 2.20415 13.3309 0.09109874 2.20415 13.3309 2.716099 2.28755 13.3309 2.716099 2.28755 13.3309 2.716099 2.28755 13.3264 10.56735 2.04355 13.3264 10.56735 2.04355 13.3264 10.56735 2.04355 9.99815 10.55635 2.0373 9.99815 10.55635 2.0373 9.99815 10.55635 2.0373 6.66545 7.966099 2.0373 6.66545 7.966099 2.0373 6.66545 7.966099 2.0373 9.99815 10.56735 2.281301 9.99815 10.56735 2.281301 9.99815 10.56735 2.281301 9.99815 10.55635 2.28755 9.99815 10.55635 2.28755 9.99815 10.55635 2.28755 13.3309 5.341099 2.28755 9.99815 7.966099 2.28755 9.99815 7.966099 2.28755 13.3309 5.341099 2.28755 9.99815 7.966099 2.28755 3.3327 5.341099 2.0373 3.3327 5.341099 2.0373 3.3327 5.341099 2.0373 3.3327 0.09109875 2.0373 3.3327 0.09109875 2.0373 13.3309 0.09109874 2.20415 13.3309 0.09109874 2.20415 9.99815 0.09109874 2.20415 9.99815 0.09109874 2.20415 9.99815 0.09109874 2.20415 13.3309 2.716099 2.28755 9.99815 5.341099 2.28755 9.99815 5.341099 2.28755 13.3309 2.716099 2.28755 9.99815 5.341099 2.28755 13.3264 10.61445 2.1207 13.3264 10.61445 2.1207 13.3264 10.61445 2.1207 13.3264 10.61445 2.20415 13.3264 10.61445 2.20415 13.3264 10.61445 2.20415 13.3264 10.58185 2.281301 13.3264 10.58185 2.281301 13.3264 10.58185 2.281301 9.99815 10.58185 2.281301 9.99815 10.58185 2.281301 9.99815 10.58185 2.281301 0 2.716099 2.0373 0 2.716099 2.0373 0 2.716099 2.0373 0 0.09109875 2.0373 0 0.09109875 2.0373 0 0.09109875 2.0373 3.3327 0.09109874 2.1207 3.3327 0.09109874 2.1207 3.3327 0.09109874 2.1207 6.66545 0.09109874 2.20415 6.66545 0.09109874 2.20415 6.66545 0.09109874 2.20415 13.3309 0.09109874 2.28755 13.3309 0.09109874 2.28755 13.3309 0.09109874 2.28755 9.99815 2.716099 2.28755 9.99815 2.716099 2.28755 9.99815 2.716099 2.28755 13.3264 10.58185 2.04355 13.3264 10.58185 2.04355 13.3264 10.58185 2.04355 9.99815 10.56735 2.04355 9.99815 10.56735 2.04355 9.99815 10.56735 2.04355 6.66545 10.55635 2.0373 6.66545 10.55635 2.0373 6.66545 10.55635 2.0373 3.3327 7.966099 2.0373 3.3327 7.966099 2.0373 3.3327 7.966099 2.0373 6.66545 10.58185 2.281301 6.66545 10.58185 2.281301 6.66545 10.58185 2.281301 6.66545 10.56735 2.281301 6.66545 10.56735 2.281301 6.66545 10.56735 2.281301 6.66545 10.55635 2.28755 6.66545 10.55635 2.28755 6.66545 10.55635 2.28755 6.66545 7.966099 2.28755 6.66545 7.966099 2.28755 6.66545 7.966099 2.28755 0 5.341099 2.0373 0 5.341099 2.0373 0 5.341099 2.0373 0 0.09109875 2.0373 0 0.09109875 2.0373 13.3309 0.09109874 2.28755 13.3309 0.09109874 2.28755 9.99815 0.09109874 2.28755 9.99815 0.09109874 2.28755 9.99815 0.09109874 2.28755 13.3309 0.09109874 2.28755 13.3309 0.09109874 2.28755 6.66545 5.341099 2.28755 6.66545 5.341099 2.28755 6.66545 5.341099 2.28755 13.3309 10.62385 2.1207 13.3309 10.62385 2.1207 13.3309 10.62385 2.1207 13.3309 10.62385 2.20415 13.3309 10.62385 2.20415 13.3309 10.62385 2.20415 13.3309 10.5911 2.28755 13.3309 10.5911 2.28755 13.3309 10.5911 2.28755 13.3264 10.58185 2.281301 9.99815 10.58185 2.281301 9.99815 10.5911 2.28755 9.99815 10.5911 2.28755 9.99815 10.58185 2.281301 13.3264 10.58185 2.281301 9.99815 10.5911 2.28755 9.99815 10.58185 2.281301 6.66545 10.58185 2.281301 6.66545 10.5911 2.28755 6.66545 10.5911 2.28755 6.66545 10.58185 2.281301 9.99815 10.58185 2.281301 6.66545 10.5911 2.28755 0 5.341099 2.0373 0 2.716099 2.1207 0 2.716099 2.0373 0 2.716099 2.0373 0 2.716099 2.1207 0 5.341099 2.0373 0 2.716099 2.1207 0 0.09109874 2.1207 0 0.09109875 2.0373 0 0.09109875 2.0373 0 0.09109874 2.1207 0 0.09109874 2.1207 0 0.09109874 2.1207 0 0.09109874 2.1207 3.3327 0.09109874 2.20415 3.3327 0.09109874 2.20415 3.3327 0.09109874 2.20415 6.66545 0.09109874 2.28755 6.66545 0.09109874 2.28755 6.66545 0.09109874 2.28755 9.99815 0.09109874 2.28755 9.99815 0.09109874 2.28755 6.66545 2.716099 2.28755 6.66545 2.716099 2.28755 6.66545 2.716099 2.28755 13.3309 10.5911 2.0373 13.3309 10.5911 2.0373 13.3309 10.5911 2.0373 9.99815 10.58185 2.04355 9.99815 10.58185 2.04355 9.99815 10.58185 2.04355 6.66545 10.56735 2.04355 6.66545 10.56735 2.04355 6.66545 10.56735 2.04355 13.3309 10.5911 2.28755 13.3264 10.58185 2.281301 9.99815 10.5911 2.28755 9.99815 10.5911 2.28755 13.3264 10.58185 2.281301 13.3309 10.5911 2.28755 3.3327 10.55635 2.0373 3.3327 10.55635 2.0373 3.3327 10.55635 2.0373 9.99815 10.5911 2.28755 9.99815 10.5911 2.28755 0 7.966099 2.0373 0 7.966099 2.0373 0 7.966099 2.0373 6.66545 10.58185 2.281301 3.3327 10.5911 2.28755 6.66545 10.5911 2.28755 6.66545 10.5911 2.28755 3.3327 10.5911 2.28755 6.66545 10.58185 2.281301 3.3327 10.5911 2.28755 3.3327 10.58185 2.281301 3.3327 10.58185 2.281301 3.3327 10.58185 2.281301 3.3327 10.56735 2.281301 3.3327 10.56735 2.281301 3.3327 10.56735 2.281301 3.3327 10.55635 2.28755 3.3327 10.55635 2.28755 3.3327 10.55635 2.28755 3.3327 7.966099 2.28755 3.3327 7.966099 2.28755 3.3327 7.966099 2.28755 0 5.341099 2.1207 0 5.341099 2.1207 0 5.341099 2.1207 6.66545 0.09109874 2.28755 6.66545 0.09109874 2.28755 3.3327 5.341099 2.28755 3.3327 5.341099 2.28755 3.3327 5.341099 2.28755 13.3309 10.64205 2.1207 13.3309 10.64205 2.1207 13.3309 10.64205 2.1207 13.3309 10.5911 2.0373 9.99815 10.58185 2.04355 13.3264 10.58185 2.04355 13.3264 10.58185 2.04355 9.99815 10.58185 2.04355 13.3309 10.5911 2.0373 13.3309 10.64205 2.20415 13.3309 10.64205 2.20415 13.3309 10.64205 2.20415 13.3309 10.6093 2.28755 13.3309 10.6093 2.28755 13.3309 10.6093 2.28755 13.3309 10.5911 2.28755 9.99815 10.5911 2.28755 9.99815 10.6093 2.28755 9.99815 10.6093 2.28755 9.99815 10.5911 2.28755 13.3309 10.5911 2.28755 9.99815 10.6093 2.28755 6.66545 10.5911 2.28755 6.66545 10.6093 2.28755 6.66545 10.6093 2.28755 6.66545 10.5911 2.28755 6.66545 10.6093 2.28755 3.3327 10.5911 2.28755 3.3327 10.6093 2.28755 3.3327 10.6093 2.28755 3.3327 10.5911 2.28755 3.3327 10.6093 2.28755 6.66545 10.58185 2.281301 3.3327 10.58185 2.281301 3.3327 10.5911 2.28755 3.3327 10.5911 2.28755 3.3327 10.58185 2.281301 6.66545 10.58185 2.281301 0 0.09109874 2.20415 0 0.09109874 2.20415 0 0.09109874 2.20415 0 2.716099 2.20415 0 2.716099 2.20415 0 2.716099 2.20415 0 0.09109874 2.20415 0 0.09109874 2.20415 3.3327 0.09109874 2.28755 3.3327 0.09109874 2.28755 3.3327 0.09109874 2.28755 3.3327 2.716099 2.28755 3.3327 2.716099 2.28755 3.3327 2.716099 2.28755 13.3309 10.6093 2.0373 13.3309 10.6093 2.0373 13.3309 10.6093 2.0373 13.3309 10.5911 2.0373 9.99815 10.5911 2.0373 9.99815 10.58185 2.04355 9.99815 10.58185 2.04355 9.99815 10.5911 2.0373 13.3309 10.5911 2.0373 9.99815 10.5911 2.0373 6.66545 10.58185 2.04355 6.66545 10.58185 2.04355 6.66545 10.58185 2.04355 13.3309 10.6093 2.28755 13.3309 10.6093 2.28755 3.3327 10.56735 2.04355 3.3327 10.56735 2.04355 3.3327 10.56735 2.04355 0 10.55635 2.0373 0 10.55635 2.0373 0 10.55635 2.0373 0 7.966099 2.1207 0 7.966099 2.1207 0 7.966099 2.1207 0 10.6093 2.28755 0 10.6093 2.28755 0 10.6093 2.28755 3.3327 10.58185 2.281301 0 10.5911 2.28755 3.3327 10.5911 2.28755 3.3327 10.5911 2.28755 0 10.5911 2.28755 3.3327 10.58185 2.281301 0 10.5911 2.28755 0.002900124 10.58185 2.281301 0.002900124 10.58185 2.281301 0.002900124 10.58185 2.281301 0.002900124 10.56735 2.281301 0.002900124 10.56735 2.281301 0.002900124 10.56735 2.281301 0 10.55635 2.28755 0 10.55635 2.28755 0 10.55635 2.28755 0 7.966099 2.28755 0 7.966099 2.28755 0 7.966099 2.28755 0 5.341099 2.20415 0 5.341099 2.20415 0 5.341099 2.20415 3.3327 0.09109874 2.28755 3.3327 0.09109874 2.28755 0 5.341099 2.28755 0 5.341099 2.28755 0 5.341099 2.28755 9.99815 10.64205 2.20415 13.3309 10.64205 2.1207 13.3309 10.64205 2.20415 13.3309 10.64205 2.20415 13.3309 10.64205 2.1207 9.99815 10.64205 2.20415 9.99815 10.64205 2.20415 9.99815 10.64205 2.1207 13.3309 10.6093 2.0373 13.3309 10.6093 2.0373 9.99815 10.64205 2.1207 9.99815 10.64205 2.1207 13.3309 10.6093 2.0373 9.99815 10.5911 2.0373 13.3309 10.5911 2.0373 13.3309 10.5911 2.0373 9.99815 10.5911 2.0373 13.3309 10.6093 2.0373 9.99815 10.5911 2.0373 6.66545 10.58185 2.04355 9.99815 10.58185 2.04355 9.99815 10.58185 2.04355 6.66545 10.58185 2.04355 9.99815 10.5911 2.0373 9.99815 10.6093 2.28755 13.3309 10.6093 2.28755 13.3309 10.6093 2.28755 9.99815 10.6093 2.28755 6.66545 10.6093 2.28755 9.99815 10.6093 2.28755 9.99815 10.6093 2.28755 6.66545 10.6093 2.28755 3.3327 10.6093 2.28755 6.66545 10.64205 2.20415 6.66545 10.6093 2.28755 6.66545 10.6093 2.28755 6.66545 10.64205 2.20415 3.3327 10.6093 2.28755 6.66545 10.64205 2.20415 0 10.5911 2.28755 0 10.5911 2.28755 0 10.6093 2.28755 3.3327 10.64205 2.20415 3.3327 10.6093 2.28755 3.3327 10.6093 2.28755 3.3327 10.64205 2.20415 0 10.6093 2.28755 3.3327 10.64205 2.20415 3.3327 10.58185 2.281301 0.002900124 10.58185 2.281301 0 10.5911 2.28755 0 10.5911 2.28755 0.002900124 10.58185 2.281301 3.3327 10.58185 2.281301 0 0.09109874 2.28755 0 0.09109874 2.28755 0 0.09109874 2.28755 0 2.716099 2.28755 0 2.716099 2.28755 0 2.716099 2.28755 0 0.09109874 2.28755 0 0.09109874 2.28755 0 2.716099 2.28755 0 2.716099 2.28755 9.99815 10.6093 2.28755 9.99815 10.6093 2.28755 9.99815 10.6093 2.0373 13.3309 10.6093 2.0373 13.3309 10.6093 2.0373 9.99815 10.6093 2.0373 9.99815 10.6093 2.0373 9.99815 10.6093 2.0373 9.99815 10.6093 2.0373 6.66545 10.5911 2.0373 6.66545 10.5911 2.0373 6.66545 10.5911 2.0373 3.3327 10.58185 2.04355 3.3327 10.58185 2.04355 3.3327 10.58185 2.04355 0.002900124 10.56735 2.04355 0.002900124 10.56735 2.04355 0.002900124 10.56735 2.04355 0 10.5887 2.1207 0 10.5887 2.1207 0 10.5887 2.1207 3.3327 10.6093 2.28755 3.3327 10.6093 2.28755 0 7.966099 2.20415 0 7.966099 2.20415 0 7.966099 2.20415 0 10.64205 2.20415 0 10.6093 2.28755 0 10.5911 2.28755 0 10.5911 2.28755 0 10.6093 2.28755 0 10.64205 2.20415 0 10.64205 2.20415 0 10.6093 2.28755 0 10.64205 2.20415 0 10.64205 2.20415 0 10.6093 2.28755 0 10.62385 2.20415 0 10.62385 2.20415 0 10.62385 2.20415 0.002900124 10.61445 2.20415 0.002900124 10.61445 2.20415 0.002900124 10.61445 2.20415 0.002900124 10.5998 2.20415 0.002900124 10.5998 2.20415 0.002900124 10.5998 2.20415 0 10.5887 2.20415 0 10.5887 2.20415 0 10.5887 2.20415 0 5.341099 2.28755 0 5.341099 2.28755 0 0.09109874 2.28755 0 0.09109874 2.28755 6.66545 10.64205 2.1207 9.99815 10.6093 2.0373 9.99815 10.6093 2.0373 6.66545 10.64205 2.1207 6.66545 10.64205 2.1207 6.66545 10.5911 2.0373 6.66545 10.5911 2.0373 6.66545 10.5911 2.0373 3.3327 10.58185 2.04355 6.66545 10.58185 2.04355 6.66545 10.58185 2.04355 3.3327 10.58185 2.04355 6.66545 10.5911 2.0373 3.3327 10.64205 2.1207 3.3327 10.64205 2.1207 3.3327 10.64205 2.1207 6.66545 10.6093 2.0373 9.99815 10.6093 2.0373 9.99815 10.6093 2.0373 6.66545 10.6093 2.0373 6.66545 10.6093 2.0373 6.66545 10.6093 2.0373 6.66545 10.6093 2.0373 6.66545 10.5911 2.0373 3.3327 10.5911 2.0373 3.3327 10.58185 2.04355 3.3327 10.58185 2.04355 3.3327 10.5911 2.0373 6.66545 10.5911 2.0373 3.3327 10.5911 2.0373 0.002900124 10.58185 2.04355 0.002900124 10.58185 2.04355 0.002900124 10.58185 2.04355 0.002900124 10.5998 2.1207 0.002900124 10.5998 2.1207 0.002900124 10.5998 2.1207 0 10.64205 2.1207 0 10.64205 2.1207 0 10.64205 2.1207 0 10.64205 2.1207 0 10.64205 2.1207 0 10.62385 2.1207 0 10.62385 2.1207 0 10.62385 2.1207 0.002900124 10.61445 2.1207 0.002900124 10.61445 2.1207 0.002900124 10.61445 2.1207 6.66545 10.6093 2.0373 6.66545 10.6093 2.0373 3.3327 10.5911 2.0373 3.3327 10.5911 2.0373 3.3327 10.5911 2.0373 0.002900124 10.58185 2.04355 3.3327 10.58185 2.04355 3.3327 10.58185 2.04355 0.002900124 10.58185 2.04355 3.3327 10.5911 2.0373 3.3327 10.6093 2.0373 3.3327 10.6093 2.0373 3.3327 10.6093 2.0373 3.3327 10.6093 2.0373 6.66545 10.6093 2.0373 6.66545 10.6093 2.0373 3.3327 10.6093 2.0373 3.3327 10.6093 2.0373 3.3327 10.6093 2.0373 3.3327 10.5911 2.0373 0 10.5911 2.0373 0.002900124 10.58185 2.04355 0.002900124 10.58185 2.04355 0 10.5911 2.0373 3.3327 10.5911 2.0373 0 10.5911 2.0373 0 10.6093 2.0373 0 10.6093 2.0373 0 10.6093 2.0373 0 10.6093 2.0373 0 10.6093 2.0373 0 10.5911 2.0373 0 10.5911 2.0373 0 10.5911 2.0373 0 10.5911 2.0373 0 10.6093 2.0373 0 10.6093 2.0373</float_array>
                    <technique_common>
                        <accessor count="622" source="#ID193" stride="3">
                            <param name="X" type="float" />
                            <param name="Y" type="float" />
                            <param name="Z" type="float" />
                        </accessor>
                    </technique_common>
                </source>
                <source id="ID190">
                    <float_array id="ID194" count="1866">-1 0 0 -1 0 0 -1 0 0 1 -0 -0 1 -0 -0 1 -0 -0 0 0 0 0 0 0 0 0 0 -1 0 0 1 -0 -0 0 0 0 0 -4.371139e-08 1 0 -4.371139e-08 1 0 -4.371139e-08 1 -0 4.371139e-08 -1 -0 4.371139e-08 -1 -0 4.371139e-08 -1 0 0 0 -1 0 0 1 -0 -0 0 0 0 -0.7071068 -3.090862e-08 0.7071068 0.7071068 3.090862e-08 -0.7071068 0 0 0 -1 0 0 1 -0 -0 0 0 0 0 -4.371139e-08 1 -0 4.371139e-08 -1 0 0 0 0 -4.371139e-08 1 -0 4.371139e-08 -1 0 0 0 -1 0 0 1 -0 -0 0 0 0 -1 0 0 1 -0 -0 0 0 0 -0.9761382 -0.2124297 0.04503062 0.9761382 0.2124297 -0.04503062 0 0 0 -0.9755905 -0.2140194 -0.04918143 0.9755905 0.2140194 0.04918143 0 0 0 0 -4.371139e-08 1 -0 4.371139e-08 -1 0 0 0 0 -4.371139e-08 1 -0 4.371139e-08 -1 0 0 0 0 -4.371139e-08 1 -0 4.371139e-08 -1 -1 0 0 1 -0 -0 0 0 0 -1 0 0 1 -0 -0 0 0 0 -0.6625399 -0.2411804 0.7091353 0.6625399 0.2411804 -0.7091353 0 0 0 0 -4.371139e-08 1 -0 4.371139e-08 -1 0 0 0 -0.6630293 -0.2428686 -0.708101 0.6630293 0.2428686 0.708101 0 0 0 -0.7071068 3.090862e-08 -0.7071068 0.7071068 -3.090862e-08 0.7071068 0 0 0 0 -4.371139e-08 1 -0 4.371139e-08 -1 0 0 0 0 1 4.371139e-08 0 1 4.371139e-08 0 1 4.371139e-08 -0 -1 -4.371139e-08 -0 -1 -4.371139e-08 -0 -1 -4.371139e-08 0 0 0 0 1 4.371139e-08 0 1 4.371139e-08 -0 -1 -4.371139e-08 -0 -1 -4.371139e-08 -1 0 0 1 -0 -0 0 0 0 -0.9851546 -0.1692262 0.02886034 0.9851546 0.1692262 -0.02886034 0 0 0 -0.985386 -0.167608 -0.03036384 0.985386 0.167608 0.03036384 0 0 0 -0.6169672 -0.382757 -0.6876399 0.6169672 0.382757 0.6876399 0 0 0 0 -4.371139e-08 1 -0 4.371139e-08 -1 0 0 0 0 -4.371139e-08 1 -0 4.371139e-08 -1 0 0 0 0 1 4.371139e-08 -0 -1 -4.371139e-08 0 0 0 -1 0 0 1 -0 -0 0 0 0 -1 0 0 1 -0 -0 0 0 0 -0.6091025 -0.3861699 0.6927243 0.6091025 0.3861699 -0.6927243 0 0 0 5.325186e-20 -0.2554542 0.9668212 -5.325186e-20 0.2554542 -0.9668212 0 0 0 0 -4.371139e-08 1 -0 4.371139e-08 -1 0 0 0 -2.587284e-22 -0.2554501 -0.9668222 2.587284e-22 0.2554501 0.9668222 0 0 0 -1.596136e-24 -0.2554501 -0.9668222 1.596136e-24 0.2554501 0.9668222 0 0 0 0 4.371139e-08 -1 0 4.371139e-08 -1 -0 -4.371139e-08 1 -0 -4.371139e-08 1 0 0 0 0 -4.371139e-08 1 -0 4.371139e-08 -1 0 0 0 0 1 4.371139e-08 -0 -1 -4.371139e-08 0 1 4.371139e-08 -0 -1 -4.371139e-08 0 1 4.371139e-08 -0 -1 -4.371139e-08 0 0 0 0 4.371139e-08 -1 0 4.371139e-08 -1 -0 -4.371139e-08 1 -0 -4.371139e-08 1 0 0 0 -0.9673705 0.2468534 -0.05707694 0.9673705 -0.2468534 0.05707694 0 0 0 -0.9680236 0.2452633 0.05269064 0.9680236 -0.2452633 -0.05269064 0 0 0 -0.9274157 0.1583314 -0.3388677 0.9274157 -0.1583314 0.3388677 0 0 0 0 4.371139e-08 -1 -0 -4.371139e-08 1 0 0 0 0 -4.371139e-08 1 -0 4.371139e-08 -1 0 0 0 0 -4.371139e-08 1 -0 4.371139e-08 -1 0 0 0 0 1 4.371139e-08 -0 -1 -4.371139e-08 0 0 0 0 1 4.371139e-08 -0 -1 -4.371139e-08 0 0 0 -1 0 0 1 -0 -0 0 0 0 0 4.371139e-08 -1 -0 -4.371139e-08 1 0 0 0 -0.9257478 0.1626994 0.34135 0.9257478 -0.1626994 -0.34135 0 0 0 5.29949e-20 -0.2554542 0.9668212 -5.29949e-20 0.2554542 -0.9668212 0 0 0 5.325012e-20 -0.2554542 0.9668212 -5.325012e-20 0.2554542 -0.9668212 0 0 0 0 -4.371139e-08 1 -0 4.371139e-08 -1 0 0 0 0 4.371139e-08 -1 -0 -4.371139e-08 1 0 0 0 -5.312349e-20 -0.2554501 -0.9668222 5.312349e-20 0.2554501 0.9668222 0 0 0 -5.312349e-20 -0.2554501 -0.9668222 5.312349e-20 0.2554501 0.9668222 0 0 0 0 4.371139e-08 -1 -0 -4.371139e-08 1 0 0 0 0 -4.371139e-08 1 -0 4.371139e-08 -1 0 0 0 0 1 4.371139e-08 -0 -1 -4.371139e-08 0 1 4.371139e-08 -0 -1 -4.371139e-08 0 1 4.371139e-08 -0 -1 -4.371139e-08 0 0 0 0 4.371139e-08 -1 -0 -4.371139e-08 1 0 4.371139e-08 -1 -0 -4.371139e-08 1 0 0 0 -0.9803756 0.1939779 -0.03516024 0.9803756 -0.1939779 0.03516024 0 0 0 -0.9800918 0.1956895 0.03355249 0.9800918 -0.1956895 -0.03355249 0 0 0 -0.9776511 0.1938602 0.08134174 0.9776511 -0.1938602 -0.08134174 0 0 0 -1.388279e-19 0.559825 -0.8286109 -1.388279e-19 0.559825 -0.8286109 -1.388279e-19 0.559825 -0.8286109 1.388279e-19 -0.559825 0.8286109 1.388279e-19 -0.559825 0.8286109 1.388279e-19 -0.559825 0.8286109 0 0 0 0 0.559825 -0.8286109 0 0.559825 -0.8286109 0 0.559825 -0.8286109 -0 -0.559825 0.8286109 -0 -0.559825 0.8286109 -0 -0.559825 0.8286109 0 0 0 1 0 0 1 0 0 1 0 0 -1 -0 -0 -1 -0 -0 -1 -0 -0 0 0 0 1 0 0 1 0 0 -1 -0 -0 -1 -0 -0 0 0 0 0 1 4.371139e-08 -0 -1 -4.371139e-08 0 1 4.371139e-08 -0 -1 -4.371139e-08 0 0 0 0 1 4.371139e-08 -0 -1 -4.371139e-08 0 0 0 0 4.371139e-08 -1 -0 -4.371139e-08 1 0 4.371139e-08 -1 -0 -4.371139e-08 1 0 0 0 -0.9782296 0.1931666 -0.07585188 0.9782296 -0.1931666 0.07585188 0 0 0 0 -4.371139e-08 1 -0 4.371139e-08 -1 0 0 0 5.299333e-20 -0.2554542 0.9668212 -5.299333e-20 0.2554542 -0.9668212 0 0 0 2.769064e-19 0.559825 -0.8286109 2.769064e-19 0.559825 -0.8286109 2.769064e-19 0.559825 -0.8286109 -2.769064e-19 -0.559825 0.8286109 -2.769064e-19 -0.559825 0.8286109 -2.769064e-19 -0.559825 0.8286109 5.325169e-20 -0.2554542 0.9668212 -5.325169e-20 0.2554542 -0.9668212 0 0 0 0 0.559825 -0.8286109 -0 -0.559825 0.8286109 0.7071068 -3.090862e-08 0.7071068 -0.7071068 3.090862e-08 -0.7071068 0 0 0 1.384533e-19 0.559825 -0.8286109 1.384533e-19 0.559825 -0.8286109 1.384533e-19 0.559825 -0.8286109 -1.384533e-19 -0.559825 0.8286109 -1.384533e-19 -0.559825 0.8286109 -1.384533e-19 -0.559825 0.8286109 0 0 0 0 4.371139e-08 -1 -0 -4.371139e-08 1 0 0 0 0 -0.2554501 -0.9668222 -0 0.2554501 0.9668222 0 0 0 -1.2851e-22 -0.2554501 -0.9668222 1.2851e-22 0.2554501 0.9668222 0 0 0 0 4.371139e-08 -1 -0 -4.371139e-08 1 0 0 0 1 0 0 -1 -0 -0 0 0 0 0 4.371139e-08 -1 -0 -4.371139e-08 1 0 4.371139e-08 -1 -0 -4.371139e-08 1 0 0 0 -1 0 0 1 -0 -0 0 0 0 -2.776541e-19 0.5598322 0.828606 -2.776541e-19 0.5598322 0.828606 -2.776541e-19 0.5598322 0.828606 2.776541e-19 -0.5598322 -0.828606 2.776541e-19 -0.5598322 -0.828606 2.776541e-19 -0.5598322 -0.828606 -1 0 0 1 -0 -0 0 0 0 -1 0 0 1 -0 -0 0 0 0 0 4.371139e-08 -1 0 4.371139e-08 -1 0 4.371139e-08 -1 -0 -4.371139e-08 1 -0 -4.371139e-08 1 -0 -4.371139e-08 1 0 0 0 0 4.371139e-08 -1 0 4.371139e-08 -1 -0 -4.371139e-08 1 -0 -4.371139e-08 1 0 0 0 0 4.371139e-08 -1 0 4.371139e-08 -1 -0 -4.371139e-08 1 -0 -4.371139e-08 1 0 0 0 -1.384533e-19 0.559825 -0.8286109 -1.384533e-19 0.559825 -0.8286109 -1.384533e-19 0.559825 -0.8286109 1.384533e-19 -0.559825 0.8286109 1.384533e-19 -0.559825 0.8286109 1.384533e-19 -0.559825 0.8286109 1 0 0 -1 -0 -0 0 0 0 1 0 0 -1 -0 -0 0 0 0 0 1 4.371139e-08 -0 -1 -4.371139e-08 0 1 4.371139e-08 -0 -1 -4.371139e-08 0 0 0 0 4.371139e-08 -1 -0 -4.371139e-08 1 0 0 0 -1 0 0 1 -0 -0 0 0 0 -1.384524e-19 0.5598322 0.828606 -1.384524e-19 0.5598322 0.828606 -1.384524e-19 0.5598322 0.828606 1.384524e-19 -0.5598322 -0.828606 1.384524e-19 -0.5598322 -0.828606 1.384524e-19 -0.5598322 -0.828606 0 0 0 0 -4.371139e-08 1 -0 4.371139e-08 -1 0 0 0 0 4.371139e-08 -1 -0 -4.371139e-08 1 5.312352e-20 -0.2554542 0.9668212 -5.312352e-20 0.2554542 -0.9668212 0 0 0 0.6609825 -0.2256104 0.7156829 -0.6609825 0.2256104 -0.7156829 0 0 0 1 0 0 -1 -0 -0 0 0 0 0 4.371139e-08 -1 -0 -4.371139e-08 1 0 0 0 1.384574e-19 0.559825 -0.8286109 1.384574e-19 0.559825 -0.8286109 1.384574e-19 0.559825 -0.8286109 -1.384574e-19 -0.559825 0.8286109 -1.384574e-19 -0.559825 0.8286109 -1.384574e-19 -0.559825 0.8286109 0 0 0 0.928618 0.1080118 -0.3549676 -0.928618 -0.1080118 0.3549676 0 0 0 0.6690556 -0.3245025 -0.6686275 -0.6690556 0.3245025 0.6686275 0 0 0 0.6606082 -0.2245116 -0.7163737 -0.6606082 0.2245116 0.7163737 0 0 0 0.7071068 3.090862e-08 -0.7071068 -0.7071068 -3.090862e-08 0.7071068 0 0 0 1 0 0 -1 -0 -0 0 0 0 0 4.371139e-08 -1 -0 -4.371139e-08 1 0 4.371139e-08 -1 -0 -4.371139e-08 1 0 0 0 -2.407594e-19 -0.98255 -0.1859988 -4.985511e-19 -0.98255 0.1859988 8.530765e-21 -0.98255 -0.1859988 -8.530765e-21 0.98255 0.1859988 4.985511e-19 0.98255 -0.1859988 2.407594e-19 0.98255 0.1859988 0 0 0 -2.492755e-19 -0.98255 0.1859988 -9.797027e-19 -0.9308089 0.3655062 9.797027e-19 0.9308089 -0.3655062 2.492755e-19 0.98255 -0.1859988 0 0 0 0 -4.371139e-08 1 0 -4.371139e-08 1 0 -4.371139e-08 1 -0 4.371139e-08 -1 -0 4.371139e-08 -1 -0 4.371139e-08 -1 -1.384565e-19 0.5598322 0.828606 -1.384565e-19 0.5598322 0.828606 -1.384565e-19 0.5598322 0.828606 1.384565e-19 -0.5598322 -0.828606 1.384565e-19 -0.5598322 -0.828606 1.384565e-19 -0.5598322 -0.828606 0 -0.9308089 -0.3655063 0 -0.9308089 -0.3655063 -0 0.9308089 0.3655063 -0 0.9308089 0.3655063 -1.959464e-18 -0.9308089 -0.3655063 -1.959464e-18 -0.9308089 -0.3655063 1.959464e-18 0.9308089 0.3655063 1.959464e-18 0.9308089 0.3655063 0 -0.9308089 -0.3655063 1.279615e-20 -0.98255 -0.1859988 0 -0.9308089 -0.3655063 -0 0.9308089 0.3655063 -1.279615e-20 0.98255 0.1859988 -0 0.9308089 0.3655063 0 0 0 0 4.371139e-08 -1 -0 -4.371139e-08 1 0 -0.9308089 -0.3655063 7.520924e-19 -0.98255 -0.1859988 0 -0.9308089 -0.3655063 -0 0.9308089 0.3655063 -7.520924e-19 0.98255 0.1859988 -0 0.9308089 0.3655063 0 0 0 2.773973e-19 0.559825 -0.8286109 2.773973e-19 0.559825 -0.8286109 2.773973e-19 0.559825 -0.8286109 -2.773973e-19 -0.559825 0.8286109 -2.773973e-19 -0.559825 0.8286109 -2.773973e-19 -0.559825 0.8286109 1 0 0 -1 -0 -0 0 0 0 1 0 0 -1 -0 -0 0 0 0 0 1 4.371139e-08 -0 -1 -4.371139e-08 0 4.371139e-08 -1 -0 -4.371139e-08 1 9.797027e-19 -0.9308089 -0.3655063 -9.797027e-19 0.9308089 0.3655063 -9.797027e-19 -0.9308089 0.3655062 -9.797027e-19 -0.9308089 0.3655062 9.797027e-19 0.9308089 -0.3655062 9.797027e-19 0.9308089 -0.3655062 0 0 0 0 -4.371139e-08 1 -0 4.371139e-08 -1 -1.384565e-19 0.5598322 0.828606 1.384565e-19 -0.5598322 -0.828606 0 0 0 0 -4.371139e-08 1 -0 4.371139e-08 -1 0 0 0 0.6744352 -0.3211715 0.6648202 -0.6744352 0.3211715 -0.6648202 0 0 0 0.9891478 -0.1431391 0.03313206 -0.9891478 0.1431391 -0.03313206 0 0 0 2.939109e-18 -0.9308089 -0.3655063 -2.939109e-18 0.9308089 0.3655063 1 0 0 -1 -0 -0 0 0 0 1 0 0 1 0 0 0.9904461 0.1283588 0.0504034 -0.9904461 -0.1283588 -0.0504034 -1 -0 -0 -1 -0 -0 0 0 0 9.797322e-19 -0.9308089 -0.3655063 4.985661e-19 -0.98255 -0.1859988 -4.985661e-19 0.98255 0.1859988 -9.797322e-19 0.9308089 0.3655063 0.9911881 0.13036 0.0235018 -0.9911881 -0.13036 -0.0235018 0 0 0 0.9851517 0.167195 0.03901183 -0.9851517 -0.167195 -0.03901183 0 0 0 0.9934662 -0.1125162 -0.01910672 -0.9934662 0.1125162 0.01910672 0 0 0 0.9894019 -0.1420079 -0.03029247 -0.9894019 0.1420079 0.03029247 0 0 0 1 0 0 -1 -0 -0 0 4.371139e-08 -1 -0 -4.371139e-08 1 -4.942931e-19 -0.98255 0.1859988 0 -0.9308089 0.3655062 -0 0.9308089 -0.3655062 4.942931e-19 0.98255 -0.1859988 0 0 0 0 -4.371139e-08 1 -0 4.371139e-08 -1 -4.153573e-19 0.5598322 0.828606 -4.153573e-19 0.5598322 0.828606 -4.153573e-19 0.5598322 0.828606 4.153573e-19 -0.5598322 -0.828606 4.153573e-19 -0.5598322 -0.828606 4.153573e-19 -0.5598322 -0.828606 -7.435689e-19 -0.98255 0.1859988 7.435689e-19 0.98255 -0.1859988 0 0 0 -9.797321e-19 -0.9308089 0.3655062 -9.797321e-19 -0.9308089 0.3655062 9.797321e-19 0.9308089 -0.3655062 9.797321e-19 0.9308089 -0.3655062 0 0 0 0 -4.371139e-08 1 -0 4.371139e-08 -1 0 0.5598322 0.828606 0 0.5598322 0.828606 0 0.5598322 0.828606 -0 -0.5598322 -0.828606 -0 -0.5598322 -0.828606 -0 -0.5598322 -0.828606 0 0 0 0.9295617 0.1050032 0.353397 -0.9295617 -0.1050032 -0.353397 0 0 0 0.9935684 -0.1114347 0.02010111 -0.9935684 0.1114347 -0.02010111 0 0 0 1 0 0 -1 -0 -0 0 0 0 -4.985661e-19 -0.98255 0.1859988 4.985661e-19 0.98255 -0.1859988 0.99106 0.131518 -0.02242925 -0.99106 -0.131518 0.02242925 0 0 0 0.985466 0.1660239 -0.03595465 -0.985466 -0.1660239 0.03595465 0 0 0 -9.79703e-19 -0.9308089 0.3655062 9.79703e-19 0.9308089 -0.3655062 0 -4.371139e-08 1 -0 4.371139e-08 -1 -1.386978e-19 0.5598322 0.828606 -1.386978e-19 0.5598322 0.828606 -1.386978e-19 0.5598322 0.828606 1.386978e-19 -0.5598322 -0.828606 1.386978e-19 -0.5598322 -0.828606 1.386978e-19 -0.5598322 -0.828606 -9.797322e-19 -0.9308089 0.3655062 9.797322e-19 0.9308089 -0.3655062 0 0 0 -1.959406e-18 -0.9308089 0.3655062 -1.959406e-18 -0.9308089 0.3655062 1.959406e-18 0.9308089 -0.3655062 1.959406e-18 0.9308089 -0.3655062 0 -4.371139e-08 1 -0 4.371139e-08 -1 0 0.5598322 0.828606 0 0.5598322 0.828606 0 0.5598322 0.828606 -0 -0.5598322 -0.828606 -0 -0.5598322 -0.828606 -0 -0.5598322 -0.828606 0 0 0 1 0 0 -1 -0 -0 0 0 0 -9.797322e-19 -0.9308089 0.3655062 9.797322e-19 0.9308089 -0.3655062 0.9901905 0.1288367 -0.05407278 -0.9901905 -0.1288367 0.05407278 0 -4.371139e-08 1 -0 4.371139e-08 -1 0 -4.371139e-08 1 -0 4.371139e-08 -1</float_array>
                    <technique_common>
                        <accessor count="622" source="#ID194" stride="3">
                            <param name="X" type="float" />
                            <param name="Y" type="float" />
                            <param name="Z" type="float" />
                        </accessor>
                    </technique_common>
                </source>
                <source id="ID192">
                    <float_array id="ID195" count="1616">0.800847 0.831204 0.800848 0.750035 0.803815 0.831204 0.803811 0.912372 0.800847 0.831204 0.803815 0.831204 0.409578 0.668713 0.473123 0.75027 0.473133 0.668723 0.803815 0.831204 0.800848 0.750035 0.803816 0.750035 0.800846 0.912372 0.800847 0.831204 0.803811 0.912372 0.803815 0.831204 0.806783 0.912372 0.409578 0.668713 0.409588 0.75027 0.473123 0.668713 0.473133 0.75027 0.536669 0.75027 0.800848 0.750035 0.800849 0.668869 0.803816 0.750035 0.803815 0.831204 0.803816 0.750035 0.806782 0.831204 0.80382 0.993317 0.800846 0.912372 0.803811 0.912372 0.346032 0.668713 0.409578 0.75027 0.409588 0.668723 0.806776 0.993318 0.803811 0.912372 0.806783 0.912372 0.806783 0.912372 0.803815 0.831204 0.806782 0.831204 0.409578 0.75027 0.473123 0.831848 0.473133 0.75028 0.536669 0.831848 0.536679 0.75028 0.473123 0.668713 0.536669 0.75027 0.536679 0.668723 0.803816 0.750035 0.800849 0.668869 0.803817 0.668869 0.803816 0.750035 0.806784 0.750035 0.80382 0.993317 0.800853 0.992347 0.800846 0.912372 0.80382 0.993317 0.803811 0.912372 0.806776 0.993318 0.346032 0.668713 0.346042 0.75027 0.409578 0.75027 0.806776 0.993318 0.806783 0.912372 0.809741 0.99235 0.806783 0.912372 0.806782 0.831204 0.809749 0.912372 0.409578 0.75027 0.409588 0.831848 0.473123 0.831848 0.473123 0.75027 0.473133 0.831848 0.536669 0.831848 0.80677 0.750812 0.809737 0.750812 0.809747 0.830803 0.80677 0.670825 0.809737 0.670825 0.809747 0.750812 0.803817 0.668869 0.806782 0.831204 0.806784 0.750035 0.80975 0.831205 0.803817 0.993688 0.800853 0.992347 0.80382 0.993317 0.283103 0.668713 0.346032 0.75027 0.346042 0.668723 0.80678 0.993687 0.80382 0.993317 0.806776 0.993318 0.346032 0.75027 0.409578 0.831848 0.409588 0.75028 0.806776 0.993318 0.809741 0.99235 0.809529 0.992721 0.809741 0.99235 0.806783 0.912372 0.809749 0.912372 0.809749 0.912372 0.806782 0.831204 0.80975 0.831205 0.409578 0.831848 0.473123 0.913425 0.473133 0.831858 0.473123 0.831848 0.536669 0.913425 0.536679 0.831858 0.80677 0.670825 0.809737 0.750812 0.80677 0.750812 0.80677 0.750812 0.809737 0.830803 0.80677 0.830803 0.806784 0.750035 0.803817 0.668869 0.806785 0.668869 0.80975 0.831205 0.806784 0.750035 0.809751 0.750035 0.803817 0.993688 0.801065 0.99272 0.800853 0.992347 0.803817 0.993688 0.80382 0.993317 0.80678 0.993687 0.283103 0.668713 0.283113 0.75027 0.346032 0.75027 0.80678 0.993687 0.806776 0.993318 0.809529 0.992721 0.346032 0.75027 0.346042 0.831848 0.409578 0.831848 0.283111 0.994894 0.282808 0.913356 0.282818 0.994894 0.346036 0.994894 0.283111 0.913356 0.283121 0.994894 0.409577 0.994894 0.346036 0.913356 0.346046 0.994894 0.409578 0.831848 0.409588 0.913425 0.473123 0.913425 0.473133 0.913425 0.536669 0.913425 0.80677 0.830803 0.809737 0.830803 0.809747 0.91079 0.803803 0.670825 0.80677 0.670825 0.80678 0.750812 0.803803 0.750812 0.80677 0.750812 0.80678 0.830803 0.806784 0.750035 0.806785 0.668869 0.809751 0.750035 0.473118 0.994894 0.409577 0.913356 0.409587 0.994894 0.80382 0.994139 0.801065 0.99272 0.803817 0.993688 0.283113 0.668723 0.282799 0.668713 0.283103 0.75027 0.806776 0.99414 0.803817 0.993688 0.80678 0.993687 0.283103 0.75027 0.346032 0.831848 0.346042 0.75028 0.80678 0.993687 0.809529 0.992721 0.809522 0.993165 0.346032 0.831848 0.409578 0.913425 0.409588 0.831858 0.282808 0.994894 0.282818 0.913366 0.282456 0.913356 0.283111 0.994894 0.283121 0.913366 0.282808 0.913356 0.346036 0.994894 0.346046 0.913366 0.283111 0.913356 0.409577 0.994894 0.409587 0.913366 0.346036 0.913356 0.409578 0.913425 0.473123 0.994989 0.473133 0.913435 0.473123 0.913425 0.536669 0.994989 0.536679 0.913435 0.80677 0.830803 0.809737 0.91079 0.80677 0.91079 0.803803 0.670825 0.80677 0.750812 0.803803 0.750812 0.803803 0.750812 0.80677 0.830803 0.803803 0.830803 0.809751 0.750035 0.806785 0.668869 0.809753 0.668869 0.473118 0.994894 0.473128 0.913366 0.409577 0.913356 0.80382 0.994139 0.801071 0.993164 0.801065 0.99272 0.80382 0.994139 0.803817 0.993688 0.806776 0.99414 0.282799 0.668713 0.282809 0.75027 0.283103 0.75027 0.806776 0.99414 0.80678 0.993687 0.809522 0.993165 0.283103 0.75027 0.283113 0.831848 0.346032 0.831848 0.282808 0.994894 0.282456 0.913356 0.282466 0.994894 0.346032 0.831848 0.346042 0.913425 0.409578 0.913425 0.282808 0.913356 0.282456 0.831797 0.282466 0.913356 0.283111 0.913356 0.282808 0.831797 0.282818 0.913356 0.346036 0.913356 0.283111 0.831797 0.283121 0.913356 0.409577 0.913356 0.346036 0.831797 0.346046 0.913356 0.409578 0.913425 0.409588 0.994989 0.473123 0.994989 0.473123 0.913425 0.473133 0.994989 0.536669 0.994989 0.80677 0.91079 0.809737 0.91079 0.809747 0.990781 0.803803 0.830803 0.80677 0.830803 0.80678 0.91079 0.800837 0.670825 0.803803 0.670825 0.803813 0.750812 0.800837 0.750812 0.803803 0.750812 0.803813 0.830803 0.536659 0.994894 0.473118 0.913356 0.473128 0.994894 0.473118 0.913356 0.409577 0.831797 0.409587 0.913356 0.803815 0.99446 0.801071 0.993164 0.80382 0.994139 0.282447 0.668713 0.282799 0.75027 0.282809 0.668723 0.806781 0.994459 0.80382 0.994139 0.806776 0.99414 0.282799 0.75027 0.283103 0.831848 0.283113 0.75028 0.806776 0.99414 0.809522 0.993165 0.809753 0.99348 0.283103 0.831848 0.346032 0.913425 0.346042 0.831858 0.282456 0.994894 0.282466 0.913366 0.282189 0.913356 0.346032 0.913425 0.409578 0.994989 0.409588 0.913435 0.282456 0.913356 0.282466 0.831807 0.282189 0.831797 0.282808 0.913356 0.282818 0.831807 0.282456 0.831797 0.283111 0.913356 0.283121 0.831807 0.282808 0.831797 0.346036 0.913356 0.346046 0.831807 0.283111 0.831797 0.409577 0.913356 0.409587 0.831807 0.346036 0.831797 0.809769 0.831176 0.806792 0.750021 0.809759 0.750021 0.809769 0.750021 0.806792 0.668873 0.809759 0.668873 0.80677 0.91079 0.809737 0.990781 0.80677 0.990781 0.803803 0.830803 0.80677 0.91079 0.803803 0.91079 0.800837 0.670825 0.803803 0.750812 0.800837 0.750812 0.800837 0.750812 0.803803 0.830803 0.800837 0.830803 0.536659 0.994894 0.536669 0.913366 0.473118 0.913356 0.473118 0.913356 0.473128 0.831807 0.409577 0.831797 0.803815 0.99446 0.800841 0.993479 0.801071 0.993164 0.803815 0.99446 0.80382 0.994139 0.806781 0.994459 0.282447 0.668713 0.282457 0.75027 0.282799 0.75027 0.806781 0.994459 0.806776 0.99414 0.809753 0.99348 0.282799 0.75027 0.282809 0.831848 0.283103 0.831848 0.282199 0.994894 0.282456 0.994894 0.282189 0.913356 0.283103 0.831848 0.283113 0.913425 0.346032 0.913425 0.282456 0.913356 0.282189 0.831797 0.282199 0.913356 0.346032 0.913425 0.346042 0.994989 0.409578 0.994989 0.282456 0.831797 0.282189 0.750239 0.282199 0.831797 0.282808 0.831797 0.282456 0.750239 0.282466 0.831797 0.283111 0.831797 0.282808 0.750239 0.282818 0.831797 0.346036 0.831797 0.283111 0.750239 0.283121 0.831797 0.409577 0.831797 0.346036 0.750239 0.346046 0.831797 0.809759 0.750021 0.806792 0.750021 0.806792 0.668873 0.809759 0.831176 0.806792 0.831176 0.806792 0.750021 0.803803 0.91079 0.80677 0.91079 0.80678 0.990781 0.800837 0.830803 0.803803 0.830803 0.803813 0.91079 0.536659 0.913356 0.536669 0.831807 0.473118 0.831797 0.536659 0.913356 0.473118 0.831797 0.473128 0.913356 0.473118 0.831797 0.409577 0.750239 0.409587 0.831797 0.803818 0.995021 0.800841 0.993479 0.803815 0.99446 0.28218 0.668713 0.282447 0.75027 0.282457 0.668723 0.806777 0.995022 0.803815 0.99446 0.806781 0.994459 0.282447 0.75027 0.282799 0.831848 0.282809 0.75028 0.806781 0.994459 0.809753 0.99348 0.809746 0.994038 0.282799 0.831848 0.283103 0.913425 0.283113 0.831858 0.282189 0.994894 0.282199 0.913356 0.281747 0.913356 0.283103 0.913425 0.346032 0.994989 0.346042 0.913435 0.282189 0.913356 0.282199 0.831797 0.281747 0.831797 0.809769 0.912327 0.806792 0.831176 0.809759 0.831176 0.282189 0.831797 0.282199 0.750239 0.281747 0.750239 0.282456 0.831797 0.282466 0.750249 0.282189 0.750239 0.282808 0.831797 0.282818 0.750249 0.282456 0.750239 0.283111 0.831797 0.283121 0.750249 0.282808 0.750239 0.346036 0.831797 0.346046 0.750249 0.283111 0.750239 0.409577 0.831797 0.409587 0.750249 0.346036 0.750239 0.806802 0.750021 0.803825 0.668873 0.806792 0.668873 0.806802 0.831176 0.803825 0.750021 0.806792 0.750021 0.803803 0.91079 0.80677 0.990781 0.803803 0.990781 0.800837 0.830803 0.803803 0.91079 0.800837 0.91079 0.536659 0.831797 0.473118 0.750239 0.473128 0.831797 0.473118 0.831797 0.473128 0.750249 0.409577 0.750239 0.803818 0.995021 0.803815 0.99446 0.806777 0.995022 0.803818 0.995021 0.800848 0.994038 0.800841 0.993479 0.28218 0.668713 0.28219 0.75027 0.282447 0.75027 0.806777 0.995022 0.806781 0.994459 0.809746 0.994038 0.282447 0.75027 0.282457 0.831848 0.282799 0.831848 0.282189 0.994894 0.281747 0.913356 0.281757 0.994904 0.282799 0.831848 0.282809 0.913425 0.283103 0.913425 0.282189 0.913356 0.281747 0.831797 0.281757 0.913366 0.283103 0.913425 0.283113 0.994989 0.346032 0.994989 0.282189 0.831797 0.281747 0.750239 0.281757 0.831807 0.809759 0.912327 0.806793 0.912327 0.806792 0.831176 0.282189 0.750239 0.281747 0.668694 0.281757 0.750249 0.282456 0.750239 0.282189 0.668694 0.282199 0.750239 0.282808 0.750239 0.282456 0.668694 0.282466 0.750239 0.283111 0.750239 0.282808 0.668694 0.282818 0.750239 0.346036 0.750239 0.283111 0.668694 0.283121 0.750239 0.409577 0.750239 0.346036 0.668694 0.346046 0.750239 0.806792 0.750021 0.803825 0.750021 0.803825 0.668873 0.806792 0.831176 0.803825 0.831176 0.803825 0.750021 0.800837 0.91079 0.803803 0.91079 0.803813 0.990781 0.536659 0.831797 0.536669 0.750249 0.473118 0.750239 0.473118 0.750239 0.409577 0.668694 0.409587 0.750239 0.279671 0.913356 0.277651 0.994894 0.279671 0.994894 0.277651 0.913356 0.275575 0.994894 0.277651 0.994894 0.281739 0.668713 0.28218 0.75027 0.28219 0.668713 0.28218 0.75027 0.282447 0.831848 0.282457 0.75028 0.281747 0.913356 0.279671 0.994894 0.281747 0.994894 0.282447 0.831848 0.282799 0.913425 0.282809 0.831858 0.283103 0.994989 0.283113 0.913435 0.281747 0.831797 0.279671 0.913356 0.281747 0.913356 0.809756 0.992358 0.806793 0.912327 0.809759 0.912327 0.281747 0.750239 0.279671 0.831797 0.281747 0.831797 0.806793 0.912327 0.803825 0.831176 0.806792 0.831176 0.282189 0.750239 0.282199 0.668694 0.281747 0.668694 0.281747 0.668694 0.279671 0.750239 0.281747 0.750239 0.282456 0.750239 0.282466 0.668704 0.282189 0.668694 0.282808 0.750239 0.282818 0.668704 0.282456 0.668694 0.283111 0.750239 0.283121 0.668704 0.282808 0.668694 0.346036 0.750239 0.346046 0.668704 0.283111 0.668694 0.409577 0.750239 0.409587 0.668704 0.346036 0.668694 0.803835 0.750021 0.800858 0.668873 0.803825 0.668873 0.803835 0.831176 0.800858 0.750021 0.803825 0.750021 0.800837 0.91079 0.803803 0.990781 0.800837 0.990781 0.536659 0.750239 0.473118 0.668694 0.473128 0.750239 0.473118 0.750239 0.473128 0.668704 0.409577 0.668694 0.279671 0.913356 0.277651 0.913356 0.277661 0.994894 0.281747 0.913356 0.279671 0.913356 0.279681 0.994894 0.277651 0.913356 0.275575 0.913356 0.275585 0.994894 0.281739 0.668713 0.281749 0.75028 0.28218 0.75027 0.28218 0.75027 0.28219 0.831848 0.282447 0.831848 0.282447 0.831848 0.282457 0.913425 0.282799 0.913425 0.282799 0.913425 0.282809 0.994989 0.283103 0.994989 0.281747 0.831797 0.279671 0.831797 0.279681 0.913356 0.806791 0.993343 0.806793 0.912327 0.809756 0.992358 0.281747 0.750239 0.279671 0.750239 0.279681 0.831797 0.806793 0.912327 0.803824 0.912327 0.803825 0.831176 0.803828 0.995015 0.80086 0.994016 0.800856 0.993454 0.281747 0.668694 0.279671 0.668694 0.279681 0.750239 0.803826 0.994453 0.800856 0.993454 0.801082 0.993157 0.803828 0.99415 0.801082 0.993157 0.801079 0.99271 0.803827 0.993698 0.801079 0.99271 0.800861 0.992357 0.803828 0.993342 0.800861 0.992357 0.800858 0.912327 0.803824 0.912327 0.800858 0.912327 0.800858 0.831176 0.803825 0.750021 0.800858 0.750021 0.800858 0.668873 0.803825 0.831176 0.800858 0.831176 0.800858 0.750021 0.536659 0.750239 0.536669 0.668704 0.473118 0.668694 0.279671 0.831797 0.277651 0.913356 0.279671 0.913356 0.277651 0.831797 0.275575 0.913356 0.277651 0.913356 0.281739 0.75027 0.28218 0.831848 0.28219 0.75027 0.28218 0.831848 0.282447 0.913425 0.282457 0.831858 0.282447 0.913425 0.282799 0.994989 0.282809 0.913435 0.806791 0.993343 0.809756 0.992358 0.809539 0.992711 0.806791 0.993343 0.803824 0.912327 0.806793 0.912327 0.279671 0.750239 0.277651 0.831797 0.279671 0.831797 0.803824 0.912327 0.800858 0.831176 0.803825 0.831176 0.803828 0.995015 0.800856 0.993454 0.803826 0.994453 0.279671 0.668694 0.277651 0.750239 0.279671 0.750239 0.803826 0.994453 0.801082 0.993157 0.803828 0.99415 0.803828 0.99415 0.801079 0.99271 0.803827 0.993698 0.803827 0.993698 0.800861 0.992357 0.803828 0.993342 0.803828 0.993342 0.800858 0.912327 0.803824 0.912327 0.279671 0.831797 0.277651 0.831797 0.277661 0.913356 0.277651 0.831797 0.275575 0.831797 0.275585 0.913356 0.281739 0.75027 0.281749 0.831858 0.28218 0.831848 0.28218 0.831848 0.28219 0.913425 0.282447 0.913425 0.282447 0.913425 0.282457 0.994989 0.282799 0.994989 0.806792 0.993697 0.806791 0.993343 0.809539 0.992711 0.806791 0.993343 0.803828 0.993342 0.803824 0.912327 0.279671 0.750239 0.277651 0.750239 0.277661 0.831797 0.806791 0.995015 0.803828 0.995015 0.803826 0.994453 0.279671 0.668694 0.277651 0.668694 0.277661 0.750239 0.806793 0.994452 0.803826 0.994453 0.803828 0.99415 0.80679 0.99415 0.803828 0.99415 0.803827 0.993698 0.806792 0.993697 0.803827 0.993698 0.803828 0.993342 0.277651 0.750239 0.275575 0.831797 0.277651 0.831797 0.281739 0.831848 0.28218 0.913425 0.28219 0.831848 0.28218 0.913425 0.282447 0.994989 0.282457 0.913435 0.806792 0.993697 0.809539 0.992711 0.809536 0.993157 0.806792 0.993697 0.803828 0.993342 0.806791 0.993343 0.806791 0.995015 0.803826 0.994453 0.806793 0.994452 0.277651 0.668694 0.275575 0.750239 0.277651 0.750239 0.806793 0.994452 0.803828 0.99415 0.80679 0.99415 0.80679 0.99415 0.803827 0.993698 0.806792 0.993697 0.277651 0.750239 0.275575 0.750239 0.275585 0.831797 0.281739 0.831848 0.281749 0.913435 0.28218 0.913425 0.28218 0.913425 0.28219 0.994989 0.282447 0.994989 0.80679 0.99415 0.806792 0.993697 0.809536 0.993157 0.806791 0.995015 0.806793 0.994452 0.809758 0.994016 0.277651 0.668694 0.275575 0.668694 0.275585 0.750239 0.806793 0.994452 0.80679 0.99415 0.809761 0.993455 0.281739 0.913425 0.28218 0.994989 0.28219 0.913425 0.80679 0.99415 0.809536 0.993157 0.809761 0.993455 0.806793 0.994452 0.809761 0.993455 0.809758 0.994016 0.281739 0.913425 0.281749 0.994999 0.28218 0.994989</float_array>
                    <technique_common>
                        <accessor count="808" source="#ID195" stride="2">
                            <param name="S" type="float" />
                            <param name="T" type="float" />
                        </accessor>
                    </technique_common>
                </source>
                <vertices id="ID191">
                    <input semantic="POSITION" source="#ID189" />
                    <input semantic="NORMAL" source="#ID190" />
                </vertices>
                <triangles count="544" material="Material2">
                    <input offset="0" semantic="VERTEX" source="#ID191" />
                    <input offset="1" semantic="TEXCOORD" source="#ID192" />
                    <p>0 0 1 1 2 2 3 2 4 1 5 0 9 3 0 4 2 5 3 5 5 4 10 3 12 6 13 7 14 8 15 8 16 7 17 6 2 9 1 10 19 11 20 11 4 10 3 9 22 12 0 13 9 3 10 3 5 13 23 12 9 14 2 15 25 16 26 16 3 15 10 14 12 17 28 18 13 7 16 7 29 18 17 17 14 19 13 20 31 21 32 21 16 20 15 19 1 22 34 23 19 24 20 24 35 23 4 22 2 25 19 26 37 27 38 27 20 26 3 25 40 28 22 29 9 30 10 30 23 29 41 28 22 31 28 32 12 33 17 33 29 32 23 31 43 34 9 35 25 36 26 36 10 35 44 34 25 37 2 38 37 39 38 39 3 38 26 37 28 40 46 41 13 42 16 42 47 41 29 40 13 7 49 43 31 44 32 44 50 43 16 7 14 45 31 46 52 47 53 47 32 46 15 45 19 48 34 49 54 50 55 50 35 49 20 48 37 39 19 51 57 52 58 52 20 51 38 39 40 53 60 54 22 55 23 55 61 54 41 53 40 56 9 57 43 58 44 58 10 57 41 56 22 59 63 60 28 61 29 61 64 60 23 59 43 62 25 63 66 64 67 64 26 63 44 62 25 65 37 66 69 67 70 67 38 66 26 65 28 68 72 69 46 70 47 70 73 69 29 68 13 71 46 72 49 73 50 73 47 72 16 71 75 74 76 75 77 76 78 76 79 75 80 74 82 77 83 78 76 79 79 79 84 78 85 77 19 51 54 80 57 52 58 52 55 80 20 51 37 81 57 82 86 83 87 83 58 82 38 81 89 84 60 85 40 86 41 86 61 85 90 84 60 87 63 88 22 89 23 89 64 88 61 87 92 90 40 91 43 92 44 92 41 91 93 90 63 93 72 94 28 95 29 95 73 94 64 93 43 96 66 97 95 98 96 98 67 97 44 96 66 99 25 100 69 101 70 101 26 100 67 99 69 102 37 103 86 104 87 104 38 103 70 102 72 105 98 106 46 107 47 107 99 106 73 105 46 108 101 109 49 110 50 110 102 109 47 108 82 111 76 112 75 113 80 113 79 112 85 111 75 114 77 115 104 116 105 116 78 115 80 114 57 117 54 118 107 119 108 119 55 118 58 117 86 120 57 121 110 122 111 122 58 121 87 120 89 123 113 124 60 125 61 125 114 124 90 123 89 126 40 127 92 128 93 128 41 127 90 126 60 129 116 130 63 131 64 131 117 130 61 129 92 132 43 133 95 134 96 134 44 133 93 132 63 135 119 136 72 137 73 137 120 136 64 135 66 138 122 139 95 140 96 140 123 139 67 138 69 141 125 142 66 143 67 143 126 142 70 141 128 144 129 145 69 146 70 146 130 145 131 144 72 147 133 148 98 149 99 149 134 148 73 147 46 108 98 150 101 151 102 151 99 150 47 108 104 152 77 153 136 154 137 154 78 153 105 152 138 155 82 156 75 157 80 157 85 156 139 155 140 158 75 159 104 160 105 160 80 159 141 158 57 161 107 162 110 163 111 163 108 162 58 161 143 164 144 165 128 166 131 166 145 165 146 164 148 167 113 168 89 169 90 169 114 168 149 167 60 170 113 171 116 172 117 172 114 171 61 170 151 173 89 174 92 175 93 175 90 174 152 173 116 176 119 177 63 178 64 178 120 177 117 176 92 179 95 180 154 181 155 181 96 180 93 179 119 182 133 183 72 184 73 184 134 183 120 182 95 185 122 186 157 187 158 187 123 186 96 185 66 188 125 189 122 190 123 190 126 189 67 188 69 191 129 192 125 193 126 193 130 192 70 191 128 194 144 195 129 196 130 196 145 195 131 194 133 197 160 198 98 199 99 199 161 198 134 197 98 200 163 201 101 202 102 202 164 201 99 200 104 203 136 204 166 205 167 205 137 204 105 203 138 206 75 207 140 208 141 208 80 207 139 206 140 209 104 210 169 211 170 211 105 210 141 209 110 212 107 213 172 214 173 214 108 213 111 212 143 215 175 216 144 217 145 217 176 216 146 215 148 218 178 219 113 220 114 220 179 219 149 218 148 221 89 222 151 223 152 223 90 222 149 221 113 224 181 225 116 226 117 226 182 225 114 224 151 227 92 228 154 229 155 229 93 228 152 227 116 230 184 231 119 232 120 232 185 231 117 230 95 233 157 234 154 235 155 235 158 234 96 233 119 236 187 237 133 238 134 238 188 237 120 236 122 239 190 240 157 241 158 241 191 240 123 239 125 242 193 243 122 244 123 244 194 243 126 242 129 245 196 246 125 247 126 247 197 246 130 245 144 248 199 249 129 250 130 250 200 249 145 248 133 251 202 252 160 253 161 253 203 252 134 251 98 254 160 255 163 256 164 256 161 255 99 254 166 257 136 258 205 259 206 259 137 258 167 257 169 260 104 261 166 262 167 262 105 261 170 260 207 263 138 264 140 265 141 265 139 264 208 263 209 266 140 267 169 268 170 268 141 267 210 266 212 269 175 270 143 271 146 271 176 270 213 269 175 272 214 273 144 274 145 274 215 273 176 272 217 275 178 276 148 277 149 277 179 276 218 275 178 278 181 279 113 280 114 280 182 279 179 278 220 281 148 282 151 283 152 283 149 282 221 281 181 284 184 285 116 286 117 286 185 285 182 284 151 287 154 288 223 289 224 289 155 288 152 287 184 290 187 291 119 292 120 292 188 291 185 290 226 293 227 294 228 295 229 295 230 294 231 293 187 296 202 297 133 298 134 298 203 297 188 296 233 299 234 300 235 301 236 301 237 300 238 299 122 302 193 303 190 304 191 304 194 303 123 302 125 305 196 306 193 307 194 307 197 306 126 305 129 308 199 309 196 310 197 310 200 309 130 308 144 311 214 312 199 313 200 313 215 312 145 311 240 314 241 315 242 316 243 316 244 315 245 314 242 317 247 318 248 319 249 319 250 318 243 317 166 320 205 321 252 322 253 322 206 321 167 320 169 323 166 324 254 325 255 325 167 324 170 323 207 326 140 327 209 328 210 328 141 327 208 326 209 329 169 330 257 331 258 331 170 330 210 329 212 332 260 333 175 334 176 334 261 333 213 332 175 335 262 336 214 337 215 337 263 336 176 335 217 338 265 339 178 340 179 340 266 339 218 338 217 341 148 342 220 343 221 343 149 342 218 341 178 344 268 345 181 346 182 346 269 345 179 344 220 347 151 348 223 349 224 349 152 348 221 347 181 350 271 351 184 352 185 352 272 351 182 350 274 353 275 354 276 355 277 355 278 354 279 353 184 356 280 357 187 358 188 358 281 357 185 356 233 359 235 360 283 361 284 361 236 360 238 359 187 362 285 363 202 364 203 364 286 363 188 362 288 365 289 366 290 367 291 367 292 366 293 365 193 368 295 369 190 370 191 370 296 369 194 368 196 371 298 372 193 373 194 373 299 372 197 371 199 374 301 375 196 376 197 376 302 375 200 374 214 377 304 378 199 379 200 379 305 378 215 377 242 380 241 381 247 382 250 382 244 381 243 380 240 383 307 384 241 385 244 385 308 384 245 383 254 386 166 387 252 388 253 388 167 387 255 386 257 389 169 390 254 391 255 391 170 390 258 389 260 392 310 393 262 394 263 394 311 393 261 392 260 395 262 396 175 397 176 397 263 396 261 395 262 398 312 399 214 400 215 400 313 399 263 398 315 401 265 402 217 403 218 403 266 402 316 401 318 404 319 405 320 406 321 406 322 405 323 404 324 407 217 408 220 409 221 409 218 408 325 407 268 410 271 411 181 412 182 412 272 411 269 410 220 413 223 414 327 415 328 415 224 414 221 413 271 416 280 417 184 418 185 418 281 417 272 416 330 419 331 420 332 421 333 421 334 420 335 419 280 422 285 423 187 424 188 424 286 423 281 422 331 425 337 426 338 427 339 427 340 426 334 425 285 428 307 429 240 430 245 430 308 429 286 428 337 431 342 432 343 433 344 433 345 432 340 431 347 434 348 435 349 436 350 436 351 435 352 434 193 437 298 438 295 439 296 439 299 438 194 437 196 440 301 441 298 442 299 442 302 441 197 440 199 443 304 444 301 445 302 445 305 444 200 443 214 446 312 447 304 448 305 448 313 447 215 446 241 449 353 450 247 451 250 451 354 450 244 449 307 452 356 453 241 454 244 454 357 453 308 452 254 455 252 456 359 457 360 457 253 456 255 455 257 458 254 459 361 460 362 460 255 459 258 458 310 461 364 462 262 463 263 463 365 462 311 461 262 464 364 465 312 466 313 466 365 465 263 464 315 467 217 468 324 469 325 469 218 468 316 467 315 470 367 471 265 472 266 472 368 471 316 470 370 473 371 474 372 475 373 475 374 474 375 473 324 476 220 477 327 478 328 478 221 477 325 476 268 479 377 480 271 481 272 481 378 480 269 479 330 482 332 483 380 484 381 484 333 483 335 482 271 485 382 486 280 487 281 487 383 486 272 485 331 488 338 489 332 490 333 490 339 489 334 488 280 491 385 492 285 493 286 493 386 492 281 491 337 494 343 495 338 496 339 496 344 495 340 494 285 497 388 498 307 499 308 499 389 498 286 497 342 500 391 501 343 502 344 502 392 501 345 500 394 503 395 504 396 505 397 505 398 504 399 503 298 506 401 507 295 508 296 508 402 507 299 506 301 509 404 510 298 511 299 511 405 510 302 509 304 512 407 513 301 514 302 514 408 513 305 512 312 515 410 516 304 517 305 517 411 516 313 515 241 518 356 519 353 520 354 520 357 519 244 518 307 521 413 522 356 523 357 523 414 522 308 521 361 524 254 525 359 526 360 526 255 525 362 524 310 527 416 528 364 529 365 529 417 528 311 527 364 530 418 531 312 532 313 532 419 531 365 530 421 533 422 534 423 535 424 535 425 534 426 533 428 536 429 537 422 538 425 538 430 537 431 536 433 539 434 540 435 541 436 541 437 540 438 539 439 542 440 543 441 544 442 544 443 543 444 542 445 545 423 546 446 547 447 547 424 546 448 545 377 548 382 549 271 550 272 550 383 549 378 548 382 549 385 551 280 552 281 552 386 551 383 549 449 553 421 554 450 555 451 555 426 554 452 553 385 556 388 557 285 558 286 558 389 557 386 556 453 559 454 560 455 561 456 561 457 560 458 559 388 562 413 563 307 564 308 564 414 563 389 562 342 565 460 566 391 567 392 567 461 566 345 565 462 568 463 569 464 570 465 570 466 569 467 568 469 571 470 572 471 573 472 573 473 572 474 571 298 574 404 575 401 576 402 576 405 575 299 574 301 577 407 578 404 579 405 579 408 578 302 577 304 580 410 581 407 582 408 582 411 581 305 580 312 583 418 584 410 585 411 585 419 584 313 583 356 586 475 587 353 588 354 588 476 587 357 586 413 589 478 590 356 591 357 591 479 590 414 589 361 592 359 593 481 594 482 594 360 593 362 592 416 595 483 596 364 597 365 597 484 596 417 595 364 598 483 599 418 600 419 600 484 599 365 598 421 601 428 602 422 603 425 603 431 602 426 601 485 604 421 605 423 606 424 606 426 605 486 604 428 607 487 608 488 609 489 609 490 608 431 607 433 610 492 611 434 612 437 612 493 611 438 610 439 613 494 614 440 615 443 615 495 614 444 613 377 616 497 617 382 618 383 618 498 617 378 616 382 619 500 620 385 621 386 621 501 620 383 619 455 622 454 623 421 624 426 624 457 623 456 622 503 625 388 626 385 627 386 627 389 626 504 625 506 628 463 629 454 630 457 630 466 629 507 628 388 631 508 632 413 633 414 633 509 632 389 631 511 634 512 635 513 636 514 636 515 635 516 634 518 637 519 638 463 639 466 639 520 638 521 637 522 640 513 641 401 642 402 642 514 641 523 640 525 643 401 644 404 645 405 645 402 644 526 643 528 646 404 647 407 648 408 648 405 647 529 646 531 649 407 650 410 651 411 651 408 650 532 649 508 652 410 653 534 654 535 654 411 653 509 652 356 655 478 656 475 657 476 657 479 656 357 655 413 658 534 659 478 660 479 660 535 659 414 658 416 661 536 662 483 663 484 663 537 662 417 661 454 664 428 665 421 666 426 666 431 665 457 664 538 667 539 668 428 669 431 669 540 668 541 667 492 670 543 671 434 672 437 672 544 671 493 670 545 673 546 674 547 675 548 675 549 674 550 673 497 676 500 677 382 678 383 678 501 677 498 676 503 679 385 680 500 681 501 681 386 680 504 679 503 682 508 683 388 684 389 684 509 683 504 682 463 685 538 686 454 687 457 687 541 686 466 685 508 688 534 689 413 690 414 690 535 689 509 688 511 691 513 692 522 693 523 693 514 692 516 691 519 694 551 695 463 696 466 696 552 695 520 694 522 697 401 698 525 699 526 699 402 698 523 697 525 700 404 701 528 702 529 702 405 701 526 700 528 703 407 704 531 705 532 705 408 704 529 703 531 706 410 707 508 708 509 708 411 707 532 706 454 709 538 710 428 711 431 711 541 710 457 709 538 712 554 713 555 714 556 714 557 713 541 712 492 715 559 716 543 717 544 717 560 716 493 715 561 718 562 719 563 720 564 720 565 719 566 718 497 721 568 722 500 723 501 723 569 722 498 721 571 724 503 725 500 726 501 726 504 725 572 724 503 727 531 728 508 729 509 729 532 728 504 727 463 730 551 731 538 732 541 732 552 731 466 730 574 733 511 734 522 735 523 735 516 734 575 733 519 736 577 737 551 738 552 738 578 737 520 736 579 739 522 740 525 741 526 741 523 740 580 739 582 742 525 743 528 744 529 744 526 743 583 742 571 745 528 746 531 747 532 747 529 746 572 745 551 748 585 749 538 750 541 750 586 749 552 748 559 751 587 752 543 753 544 753 588 752 560 751 589 754 590 755 591 756 592 756 593 755 594 754 571 757 500 758 568 759 569 759 501 758 572 757 571 760 531 761 503 762 504 762 532 761 572 760 574 763 522 764 579 765 580 765 523 764 575 763 577 766 595 767 551 768 552 768 596 767 578 766 579 769 525 770 582 771 583 771 526 770 580 769 582 772 528 773 571 774 572 774 529 773 583 772 551 775 598 776 599 777 600 777 601 776 552 775 559 778 602 779 587 780 588 780 603 779 560 778 604 781 605 782 606 783 607 783 608 782 609 781 582 784 571 785 568 786 569 786 572 785 583 784 574 787 579 788 611 789 612 789 580 788 575 787 577 790 614 791 595 792 596 792 615 791 578 790 579 793 582 794 616 795 617 795 583 794 580 793 602 796 618 797 587 798 588 798 619 797 603 796 582 799 568 800 616 801 617 801 569 800 583 799 579 802 616 803 611 804 612 804 617 803 580 802 602 805 620 806 618 807 619 807 621 806 603 805</p>
                </triangles>
                <lines count="408" material="Material3">
                    <input offset="0" semantic="VERTEX" source="#ID191" />
                    <p>6 8 24 6 8 36 51 33 33 36 36 56 71 88 103 51 109 56 88 112 103 165 174 109 112 174 156 159 159 192 204 162 162 165 156 225 165 251 174 211 211 259 180 267 270 180 225 232 232 239 287 204 239 294 192 297 329 225 355 251 259 363 326 317 317 369 267 369 376 267 329 326 379 270 336 329 341 336 346 341 393 346 294 400 297 403 400 393 400 403 420 412 477 355 363 477 480 420 369 491 496 376 499 379 393 517 477 480 491 558 496 567 570 499 576 517 597 558 610 567 570 610 613 576 597 613 613 610</p>
                </lines>
            </mesh>
        </geometry>
        <geometry id="ID196">
            <mesh>
                <source id="ID197">
                    <float_array id="ID201" count="1860">3.4201 5.540798 2.294848e-07 0.08740008 2.915798 1.147424e-07 3.4201 2.915798 1.147424e-07 3.4201 2.915798 1.147424e-07 0.08740008 2.915798 1.147424e-07 3.4201 5.540798 2.294848e-07 0.08740008 2.915798 1.147424e-07 3.4201 5.540798 2.294848e-07 3.4201 2.915798 1.147424e-07 0.08740008 5.540798 2.294848e-07 0.08740008 5.540798 2.294848e-07 0.08740008 5.540798 2.294848e-07 0.08740008 0.2907982 0 0.08740008 0.2907982 0 0.08740008 0.2907982 0 6.75285 5.540798 2.294848e-07 6.75285 5.540798 2.294848e-07 6.75285 5.540798 2.294848e-07 3.4201 8.165798 3.442272e-07 3.4201 8.165798 3.442272e-07 3.4201 8.165798 3.442272e-07 0.08740008 5.540798 2.294848e-07 0.08740008 2.915798 0.08340013 0.08740008 2.915798 1.147424e-07 0.08740008 2.915798 1.147424e-07 0.08740008 2.915798 0.08340013 0.08740008 5.540798 2.294848e-07 0.08740008 2.915798 0.08340013 0.08740008 0.2907982 0.08340001 0.08740008 0.2907982 0 0.08740008 0.2907982 0 0.08740008 0.2907982 0.08340001 0.08740008 0.2907982 0.08340001 3.4201 0.2907982 0 3.4201 0.2907982 0 3.4201 0.2907982 0 6.75285 8.165798 3.442272e-07 6.75285 8.165798 3.442272e-07 6.75285 8.165798 3.442272e-07 6.75285 2.915798 1.147424e-07 6.75285 2.915798 1.147424e-07 6.75285 2.915798 1.147424e-07 0.08740008 8.165798 3.442272e-07 0.08740008 8.165798 3.442272e-07 0.08740008 8.165798 3.442272e-07 0.08740008 5.540798 0.08340024 0.08740008 5.540798 0.08340024 0.08740008 5.540798 0.08340024 3.4201 0.2907982 0.08340001 0.08740008 0.2907982 0 0.08740008 0.2907982 0.08340001 0.08740008 0.2907982 0.08340001 0.08740008 0.2907982 0 3.4201 0.2907982 0.08340001 3.4201 0.2907982 0.08340001 3.4201 0.2907982 0 3.4201 0.2907982 0 10.08555 8.165798 3.442272e-07 10.08555 8.165798 3.442272e-07 10.08555 8.165798 3.442272e-07 10.08555 5.540798 2.294848e-07 10.08555 5.540798 2.294848e-07 10.08555 5.540798 2.294848e-07 3.4201 10.7561 4.574529e-07 3.4201 10.7561 4.574529e-07 3.4201 10.7561 4.574529e-07 6.75285 10.7561 4.574529e-07 6.75285 10.7561 4.574529e-07 6.75285 10.7561 4.574529e-07 0.08740008 0.2907982 0.1668 0.08740008 0.2907982 0.1668 0.08740008 0.2907982 0.1668 0.08740008 2.915798 0.1668001 0.08740008 2.915798 0.1668001 0.08740008 2.915798 0.1668001 3.4201 0.2907982 0.1668 3.4201 0.2907982 0.1668 3.4201 0.2907982 0.1668 6.75285 0.2907982 0.08340001 6.75285 0.2907982 0.08340001 6.75285 0.2907982 0.08340001 6.75285 0.2907982 0 6.75285 0.2907982 0 6.75285 0.2907982 0 10.08555 10.7561 4.574529e-07 10.08555 10.7561 4.574529e-07 10.08555 10.7561 4.574529e-07 10.08555 2.915798 1.147424e-07 10.08555 2.915798 1.147424e-07 10.08555 2.915798 1.147424e-07 0.08740008 10.7561 4.574529e-07 0.08740008 10.7561 4.574529e-07 0.08740008 10.7561 4.574529e-07 0.08740008 8.165798 0.08340036 0.08740008 8.165798 0.08340036 0.08740008 8.165798 0.08340036 0.08740008 0.2907982 0.1668 0.08740008 0.2907982 0.1668 0.08740008 5.540798 0.1668003 0.08740008 5.540798 0.1668003 0.08740008 5.540798 0.1668003 6.75285 0.2907982 0.1668 6.75285 0.2907982 0.1668 6.75285 0.2907982 0.1668 6.75285 0.2907982 0 6.75285 0.2907982 0 13.4183 10.7561 4.574529e-07 13.4183 10.7561 4.574529e-07 13.4183 10.7561 4.574529e-07 13.4183 8.165798 3.442272e-07 13.4183 8.165798 3.442272e-07 13.4183 8.165798 3.442272e-07 13.4183 5.540798 2.294848e-07 13.4183 5.540798 2.294848e-07 13.4183 5.540798 2.294848e-07 3.4201 10.76705 0.006250482 3.4201 10.76705 0.006250482 3.4201 10.76705 0.006250482 6.75285 10.76705 0.006250482 6.75285 10.76705 0.006250482 6.75285 10.76705 0.006250482 10.08555 10.76705 0.006250482 10.08555 10.76705 0.006250482 10.08555 10.76705 0.006250482 3.4201 0.2907982 0.25025 3.4201 0.2907982 0.25025 3.4201 0.2907982 0.25025 0.08740008 0.2907982 0.25025 0.08740008 0.2907982 0.25025 0.08740008 0.2907982 0.25025 0.08740008 2.915798 0.2502501 0.08740008 2.915798 0.2502501 0.08740008 2.915798 0.2502501 6.75285 0.2907982 0.25025 6.75285 0.2907982 0.25025 6.75285 0.2907982 0.25025 10.08555 0.2907982 0.08340001 10.08555 0.2907982 0.08340001 10.08555 0.2907982 0.08340001 10.08555 0.2907982 0.1668 10.08555 0.2907982 0.1668 10.08555 0.2907982 0.1668 10.08555 0.2907982 0 10.08555 0.2907982 0 10.08555 0.2907982 0 13.4138 10.76705 0.006250482 13.4138 10.76705 0.006250482 13.4138 10.76705 0.006250482 13.4183 2.915798 1.147424e-07 13.4183 2.915798 1.147424e-07 13.4183 2.915798 1.147424e-07 0.09029996 10.76705 0.006250482 0.09029996 10.76705 0.006250482 0.09029996 10.76705 0.006250482 0.08740008 10.7884 0.08340047 0.08740008 10.7884 0.08340047 0.08740008 10.7884 0.08340047 0.08740008 8.165798 0.1668004 0.08740008 8.165798 0.1668004 0.08740008 8.165798 0.1668004 0.08740008 0.2907982 0.25025 0.08740008 0.2907982 0.25025 0.08740008 5.540798 0.2502503 0.08740008 5.540798 0.2502503 0.08740008 5.540798 0.2502503 10.08555 0.2907982 0.25025 10.08555 0.2907982 0.25025 10.08555 0.2907982 0.25025 10.08555 0.2907982 0 10.08555 0.2907982 0 13.4138 10.7995 0.08340047 13.4138 10.7995 0.08340047 13.4138 10.7995 0.08340047 13.4183 10.7884 0.08340047 13.4183 10.7884 0.08340047 13.4183 10.7884 0.08340047 13.4183 5.540798 2.294848e-07 13.4183 8.165798 0.08340036 13.4183 8.165798 0.08340036 13.4183 5.540798 2.294848e-07 13.4183 8.165798 0.08340036 13.4183 2.915798 1.147424e-07 13.4183 5.540798 0.08340024 13.4183 5.540798 0.08340024 13.4183 2.915798 1.147424e-07 13.4183 5.540798 0.08340024 3.4201 10.78155 0.006250482 3.4201 10.78155 0.006250482 3.4201 10.78155 0.006250482 6.75285 10.78155 0.006250482 6.75285 10.78155 0.006250482 6.75285 10.78155 0.006250482 10.08555 10.78155 0.006250482 10.08555 10.78155 0.006250482 10.08555 10.78155 0.006250482 13.4138 10.78155 0.006250482 13.4138 10.78155 0.006250482 13.4138 10.78155 0.006250482 6.75285 0.2907982 0.25025 3.4201 0.2907982 0.25025 3.4201 2.915798 0.2502501 3.4201 2.915798 0.2502501 3.4201 0.2907982 0.25025 6.75285 0.2907982 0.25025 3.4201 2.915798 0.2502501 0.08740008 0.2907982 0.25025 0.08740008 2.915798 0.2502501 0.08740008 2.915798 0.2502501 0.08740008 0.2907982 0.25025 0.08740008 5.540798 0.2502503 0.08740008 5.540798 0.2502503 10.08555 0.2907982 0.25025 6.75285 2.915798 0.2502501 6.75285 2.915798 0.2502501 10.08555 0.2907982 0.25025 6.75285 2.915798 0.2502501 13.4183 0.2907982 0.08340001 13.4183 0.2907982 0.08340001 13.4183 0.2907982 0.08340001 13.4183 0.2907982 0.1668 13.4183 0.2907982 0.1668 13.4183 0.2907982 0.1668 13.4183 0.2907982 0.25025 13.4183 0.2907982 0.25025 13.4183 0.2907982 0.25025 13.4183 0.2907982 0 13.4183 0.2907982 0 13.4183 0.2907982 0 13.4138 10.8142 0.08340047 13.4138 10.8142 0.08340047 13.4138 10.8142 0.08340047 13.4183 2.915798 0.08340013 13.4183 2.915798 0.08340013 13.4183 2.915798 0.08340013 0.09029996 10.78155 0.006250482 0.09029996 10.78155 0.006250482 0.09029996 10.78155 0.006250482 0.09029996 10.7995 0.08340047 0.09029996 10.7995 0.08340047 0.09029996 10.7995 0.08340047 0.08740008 10.7884 0.1668005 0.08740008 10.7884 0.1668005 0.08740008 10.7884 0.1668005 0.08740008 8.165798 0.2502504 0.08740008 8.165798 0.2502504 0.08740008 8.165798 0.2502504 3.4201 5.540798 0.2502503 3.4201 5.540798 0.2502503 3.4201 5.540798 0.2502503 10.08555 2.915798 0.2502501 10.08555 2.915798 0.2502501 10.08555 2.915798 0.2502501 13.4183 0.2907982 0 13.4183 0.2907982 0 13.4183 0.2907982 0.25025 13.4183 0.2907982 0.25025 13.4183 0.2907982 0 13.4183 0.2907982 0 13.4138 10.8142 0.1668005 13.4138 10.8142 0.1668005 13.4138 10.8142 0.1668005 13.4138 10.7995 0.1668005 13.4138 10.7995 0.1668005 13.4138 10.7995 0.1668005 13.4183 10.7884 0.1668005 13.4183 10.7884 0.1668005 13.4183 10.7884 0.1668005 13.4183 8.165798 0.1668004 13.4183 8.165798 0.1668004 13.4183 8.165798 0.1668004 13.4183 5.540798 0.1668003 13.4183 5.540798 0.1668003 13.4183 5.540798 0.1668003 3.4201 10.7908 4.589696e-07 0.09029996 10.78155 0.006250482 3.4201 10.78155 0.006250482 3.4201 10.78155 0.006250482 0.09029996 10.78155 0.006250482 3.4201 10.7908 4.589696e-07 3.4201 10.7908 4.589696e-07 6.75285 10.7908 4.589696e-07 3.4201 10.78155 0.006250482 6.75285 10.78155 0.006250482 6.75285 10.78155 0.006250482 3.4201 10.78155 0.006250482 6.75285 10.7908 4.589696e-07 6.75285 10.7908 4.589696e-07 10.08555 10.7908 4.589696e-07 6.75285 10.78155 0.006250482 10.08555 10.78155 0.006250482 10.08555 10.78155 0.006250482 6.75285 10.78155 0.006250482 10.08555 10.7908 4.589696e-07 10.08555 10.7908 4.589696e-07 13.4183 10.7908 4.589696e-07 10.08555 10.78155 0.006250482 13.4138 10.78155 0.006250482 13.4138 10.78155 0.006250482 10.08555 10.78155 0.006250482 13.4183 10.7908 4.589696e-07 13.4183 10.7908 4.589696e-07 13.4183 10.82355 0.08340047 13.4183 10.82355 0.08340047 13.4183 10.82355 0.08340047 6.75285 5.540798 0.2502503 6.75285 5.540798 0.2502503 6.75285 5.540798 0.2502503 13.4183 0.2907982 0.08340001 13.4183 0.2907982 0.08340001 13.4183 2.915798 0.1668001 13.4183 0.2907982 0.1668 13.4183 0.2907982 0.1668 13.4183 2.915798 0.1668001 13.4183 2.915798 0.1668001 13.4183 2.915798 0.2502501 13.4183 0.2907982 0.25025 13.4183 0.2907982 0.25025 13.4183 2.915798 0.2502501 13.4183 2.915798 0.2502501 13.4183 2.915798 0.2502501 13.4183 2.915798 0.2502501 13.4183 10.82355 0.1668005 13.4183 10.82355 0.1668005 13.4183 10.82355 0.1668005 3.4201 10.7908 4.589696e-07 0.08740008 10.7908 4.589696e-07 0.09029996 10.78155 0.006250482 0.09029996 10.78155 0.006250482 0.08740008 10.7908 4.589696e-07 3.4201 10.7908 4.589696e-07 0.08740008 10.7908 4.589696e-07 6.75285 10.7908 4.589696e-07 6.75285 10.7908 4.589696e-07 0.09029996 10.8142 0.08340047 0.09029996 10.8142 0.08340047 0.09029996 10.8142 0.08340047 10.08555 10.7908 4.589696e-07 6.75285 10.7908 4.589696e-07 6.75285 10.78155 0.006250482 6.75285 10.78155 0.006250482 6.75285 10.7908 4.589696e-07 10.08555 10.7908 4.589696e-07 0.09029996 10.7995 0.1668005 0.09029996 10.7995 0.1668005 0.09029996 10.7995 0.1668005 13.4183 10.7908 4.589696e-07 10.08555 10.7908 4.589696e-07 10.08555 10.78155 0.006250482 10.08555 10.78155 0.006250482 10.08555 10.7908 4.589696e-07 13.4183 10.7908 4.589696e-07 0.08740008 10.7561 0.2502505 0.08740008 10.7561 0.2502505 0.08740008 10.7561 0.2502505 13.4183 10.7908 4.589696e-07 13.4183 10.7908 4.589696e-07 3.4201 8.165798 0.2502504 3.4201 8.165798 0.2502504 3.4201 8.165798 0.2502504 10.08555 5.540798 0.2502503 10.08555 5.540798 0.2502503 10.08555 5.540798 0.2502503 13.4183 10.7908 0.2502505 13.4183 10.7908 0.2502505 13.4183 10.7908 0.2502505 13.4138 10.78155 0.2440005 13.4138 10.78155 0.2440005 13.4138 10.78155 0.2440005 13.4138 10.76705 0.2440005 13.4138 10.76705 0.2440005 13.4138 10.76705 0.2440005 13.4183 10.7561 0.2502505 13.4183 10.7561 0.2502505 13.4183 10.7561 0.2502505 13.4183 8.165798 0.2502504 13.4183 8.165798 0.2502504 13.4183 8.165798 0.2502504 13.4183 5.540798 0.2502503 13.4183 5.540798 0.2502503 13.4183 5.540798 0.2502503 3.4201 10.809 4.597651e-07 0.08740008 10.7908 4.589696e-07 3.4201 10.7908 4.589696e-07 3.4201 10.7908 4.589696e-07 0.08740008 10.7908 4.589696e-07 3.4201 10.809 4.597651e-07 3.4201 10.809 4.597651e-07 0.08740008 10.7908 4.589696e-07 0.08740008 10.7908 4.589696e-07 6.75285 10.809 4.597651e-07 6.75285 10.7908 4.589696e-07 6.75285 10.7908 4.589696e-07 6.75285 10.809 4.597651e-07 6.75285 10.809 4.597651e-07 10.08555 10.809 4.597651e-07 10.08555 10.7908 4.589696e-07 10.08555 10.7908 4.589696e-07 10.08555 10.809 4.597651e-07 10.08555 10.809 4.597651e-07 13.4183 10.809 4.597651e-07 13.4183 10.7908 4.589696e-07 13.4183 10.7908 4.589696e-07 13.4183 10.809 4.597651e-07 13.4183 10.809 4.597651e-07 13.4183 10.84175 0.08340047 13.4183 10.84175 0.08340047 13.4183 10.84175 0.08340047 13.4183 10.84175 0.1668005 13.4183 10.84175 0.1668005 13.4183 10.84175 0.1668005 6.75285 8.165798 0.2502504 6.75285 8.165798 0.2502504 6.75285 8.165798 0.2502504 13.4183 5.540798 0.2502503 13.4183 5.540798 0.2502503 13.4183 10.809 0.2502505 13.4183 10.809 0.2502505 13.4183 10.809 0.2502505 0.08740008 10.809 4.597651e-07 0.08740008 10.809 4.597651e-07 0.08740008 10.809 4.597651e-07 0.08740008 10.82355 0.08340047 0.08740008 10.82355 0.08340047 0.08740008 10.82355 0.08340047 0.09029996 10.8142 0.1668005 0.09029996 10.8142 0.1668005 0.09029996 10.8142 0.1668005 0.09029996 10.76705 0.2440005 0.09029996 10.76705 0.2440005 0.09029996 10.76705 0.2440005 13.4183 10.809 4.597651e-07 13.4183 10.809 4.597651e-07 3.4201 10.7561 0.2502505 3.4201 10.7561 0.2502505 3.4201 10.7561 0.2502505 10.08555 8.165798 0.2502504 10.08555 8.165798 0.2502504 10.08555 8.165798 0.2502504 13.4183 10.7908 0.2502505 10.08555 10.809 0.2502505 13.4183 10.809 0.2502505 13.4183 10.809 0.2502505 10.08555 10.809 0.2502505 13.4183 10.7908 0.2502505 10.08555 10.809 0.2502505 13.4183 10.7908 0.2502505 13.4138 10.78155 0.2440005 10.08555 10.7908 0.2502505 10.08555 10.7908 0.2502505 13.4138 10.78155 0.2440005 13.4183 10.7908 0.2502505 10.08555 10.7908 0.2502505 10.08555 10.78155 0.2440005 10.08555 10.78155 0.2440005 10.08555 10.78155 0.2440005 10.08555 10.76705 0.2440005 10.08555 10.76705 0.2440005 10.08555 10.76705 0.2440005 10.08555 10.7561 0.2502505 10.08555 10.7561 0.2502505 10.08555 10.7561 0.2502505 3.4201 10.84175 0.08340047 3.4201 10.809 4.597651e-07 6.75285 10.809 4.597651e-07 6.75285 10.809 4.597651e-07 3.4201 10.809 4.597651e-07 3.4201 10.84175 0.08340047 3.4201 10.84175 0.08340047 0.08740008 10.84175 0.08340047 0.08740008 10.809 4.597651e-07 3.4201 10.809 4.597651e-07 3.4201 10.809 4.597651e-07 0.08740008 10.809 4.597651e-07 0.08740008 10.84175 0.08340047 0.08740008 10.84175 0.08340047 0.08740008 10.809 4.597651e-07 0.08740008 10.809 4.597651e-07 6.75285 10.84175 0.08340047 6.75285 10.809 4.597651e-07 10.08555 10.809 4.597651e-07 10.08555 10.809 4.597651e-07 6.75285 10.809 4.597651e-07 6.75285 10.84175 0.08340047 6.75285 10.84175 0.08340047 10.08555 10.84175 0.08340047 10.08555 10.809 4.597651e-07 13.4183 10.809 4.597651e-07 13.4183 10.809 4.597651e-07 10.08555 10.809 4.597651e-07 10.08555 10.84175 0.08340047 10.08555 10.84175 0.08340047 13.4183 10.84175 0.08340047 13.4183 10.84175 0.08340047 10.08555 10.84175 0.1668005 13.4183 10.84175 0.1668005 13.4183 10.84175 0.1668005 10.08555 10.84175 0.1668005 10.08555 10.84175 0.1668005 10.08555 10.809 0.2502505 13.4183 10.809 0.2502505 13.4183 10.809 0.2502505 10.08555 10.809 0.2502505 6.75285 10.7561 0.2502505 6.75285 10.7561 0.2502505 6.75285 10.7561 0.2502505 10.08555 10.7908 0.2502505 10.08555 10.7908 0.2502505 13.4138 10.78155 0.2440005 10.08555 10.78155 0.2440005 10.08555 10.7908 0.2502505 10.08555 10.7908 0.2502505 10.08555 10.78155 0.2440005 13.4138 10.78155 0.2440005 3.4201 10.809 4.597651e-07 3.4201 10.809 4.597651e-07 6.75285 10.809 4.597651e-07 6.75285 10.809 4.597651e-07 0.08740008 10.84175 0.08340047 0.08740008 10.84175 0.08340047 0.08740008 10.82355 0.1668005 0.08740008 10.82355 0.1668005 0.08740008 10.82355 0.1668005 0.09029996 10.78155 0.2440005 0.09029996 10.78155 0.2440005 0.09029996 10.78155 0.2440005 3.4201 10.76705 0.2440005 3.4201 10.76705 0.2440005 3.4201 10.76705 0.2440005 10.08555 10.809 0.2502505 10.08555 10.809 0.2502505 6.75285 10.809 0.2502505 6.75285 10.809 0.2502505 6.75285 10.809 0.2502505 10.08555 10.78155 0.2440005 6.75285 10.7908 0.2502505 10.08555 10.7908 0.2502505 10.08555 10.7908 0.2502505 6.75285 10.7908 0.2502505 10.08555 10.78155 0.2440005 6.75285 10.7908 0.2502505 6.75285 10.78155 0.2440005 6.75285 10.78155 0.2440005 6.75285 10.78155 0.2440005 6.75285 10.76705 0.2440005 6.75285 10.76705 0.2440005 6.75285 10.76705 0.2440005 0.08740008 10.84175 0.1668005 0.08740008 10.84175 0.1668005 0.08740008 10.84175 0.1668005 3.4201 10.84175 0.1668005 3.4201 10.84175 0.1668005 3.4201 10.84175 0.1668005 6.75285 10.84175 0.1668005 6.75285 10.84175 0.1668005 6.75285 10.84175 0.1668005 6.75285 10.809 0.2502505 10.08555 10.809 0.2502505 10.08555 10.809 0.2502505 6.75285 10.809 0.2502505 6.75285 10.7908 0.2502505 6.75285 10.7908 0.2502505 10.08555 10.78155 0.2440005 6.75285 10.78155 0.2440005 6.75285 10.7908 0.2502505 6.75285 10.7908 0.2502505 6.75285 10.78155 0.2440005 10.08555 10.78155 0.2440005 0.08740008 10.84175 0.1668005 0.08740008 10.84175 0.1668005 0.08740008 10.7908 0.2502505 0.08740008 10.7908 0.2502505 0.08740008 10.7908 0.2502505 3.4201 10.78155 0.2440005 3.4201 10.78155 0.2440005 3.4201 10.78155 0.2440005 6.75285 10.809 0.2502505 6.75285 10.809 0.2502505 3.4201 10.809 0.2502505 3.4201 10.809 0.2502505 3.4201 10.809 0.2502505 6.75285 10.78155 0.2440005 3.4201 10.7908 0.2502505 6.75285 10.7908 0.2502505 6.75285 10.7908 0.2502505 3.4201 10.7908 0.2502505 6.75285 10.78155 0.2440005 3.4201 10.7908 0.2502505 0.08740008 10.809 0.2502505 0.08740008 10.809 0.2502505 0.08740008 10.809 0.2502505 3.4201 10.809 0.2502505 3.4201 10.809 0.2502505 3.4201 10.78155 0.2440005 0.09029996 10.78155 0.2440005 0.08740008 10.7908 0.2502505 0.08740008 10.7908 0.2502505 0.09029996 10.78155 0.2440005 3.4201 10.78155 0.2440005 3.4201 10.809 0.2502505 6.75285 10.809 0.2502505 6.75285 10.809 0.2502505 3.4201 10.809 0.2502505 3.4201 10.7908 0.2502505 3.4201 10.7908 0.2502505 3.4201 10.78155 0.2440005 3.4201 10.78155 0.2440005 0.08740008 10.809 0.2502505 0.08740008 10.809 0.2502505 3.4201 10.809 0.2502505 3.4201 10.809 0.2502505 3.4201 10.78155 0.2440005 0.08740008 10.7908 0.2502505 3.4201 10.7908 0.2502505 3.4201 10.7908 0.2502505 0.08740008 10.7908 0.2502505 3.4201 10.78155 0.2440005 0.08740008 10.809 0.2502505 0.08740008 10.809 0.2502505 0.08740008 10.7908 0.2502505 0.08740008 10.7908 0.2502505</float_array>
                    <technique_common>
                        <accessor count="620" source="#ID201" stride="3">
                            <param name="X" type="float" />
                            <param name="Y" type="float" />
                            <param name="Z" type="float" />
                        </accessor>
                    </technique_common>
                </source>
                <source id="ID198">
                    <float_array id="ID202" count="1860">0 -4.371139e-08 1 0 -4.371139e-08 1 0 -4.371139e-08 1 -0 4.371139e-08 -1 -0 4.371139e-08 -1 -0 4.371139e-08 -1 0 0 0 0 0 0 0 0 0 0 -4.371139e-08 1 -0 4.371139e-08 -1 0 0 0 0 -4.371139e-08 1 -0 4.371139e-08 -1 0 0 0 0 -4.371139e-08 1 -0 4.371139e-08 -1 0 0 0 0 -4.371139e-08 1 -0 4.371139e-08 -1 0 0 0 1 0 0 1 0 0 1 0 0 -1 -0 -0 -1 -0 -0 -1 -0 -0 0 0 0 1 0 0 1 0 0 -1 -0 -0 -1 -0 -0 0 0 0 0 -4.371139e-08 1 -0 4.371139e-08 -1 0 0 0 0 -4.371139e-08 1 -0 4.371139e-08 -1 0 0 0 0 -4.371139e-08 1 -0 4.371139e-08 -1 0 0 0 0.7071068 -3.090862e-08 0.7071068 -0.7071068 3.090862e-08 -0.7071068 0 0 0 1 0 0 -1 -0 -0 0 0 0 0 1 4.371139e-08 0 1 4.371139e-08 0 1 4.371139e-08 -0 -1 -4.371139e-08 -0 -1 -4.371139e-08 -0 -1 -4.371139e-08 0 0 0 0 1 4.371139e-08 -0 -1 -4.371139e-08 0 -4.371139e-08 1 -0 4.371139e-08 -1 0 0 0 0 -4.371139e-08 1 -0 4.371139e-08 -1 0 0 0 0 -0.2564656 0.9665534 -0 0.2564656 -0.9665534 0 0 0 5.359383e-20 -0.2564656 0.9665534 -5.359383e-20 0.2564656 -0.9665534 0 0 0 1 0 0 -1 -0 -0 0 0 0 1 0 0 -1 -0 -0 0 0 0 0 1 4.371139e-08 -0 -1 -4.371139e-08 0 0 0 0 1 4.371139e-08 -0 -1 -4.371139e-08 0 0 0 0 -4.371139e-08 1 -0 4.371139e-08 -1 0 0 0 5.34646e-20 -0.2564656 0.9665534 -5.34646e-20 0.2564656 -0.9665534 0 0 0 0 -4.371139e-08 1 -0 4.371139e-08 -1 0 0 0 0.6608007 -0.2264463 0.7155869 -0.6608007 0.2264463 -0.7155869 0 0 0 1 0 0 -1 -0 -0 0 0 0 0 1 4.371139e-08 -0 -1 -4.371139e-08 1 0 0 -1 -0 -0 0 0 0 0 1 4.371139e-08 -0 -1 -4.371139e-08 0 0 0 0 1 4.371139e-08 -0 -1 -4.371139e-08 -0.6623447 -0.2419812 0.7090448 0.6623447 0.2419812 -0.7090448 0 0 0 -0.7071068 -3.090862e-08 0.7071068 0.7071068 3.090862e-08 -0.7071068 0 0 0 0 -4.371139e-08 1 -0 4.371139e-08 -1 0 0 0 0 -0.2564656 0.9665534 -0 0.2564656 -0.9665534 0 0 0 5.359383e-20 -0.2564656 0.9665534 -5.359383e-20 0.2564656 -0.9665534 0 0 0 5.359383e-20 -0.2564656 0.9665534 -5.359383e-20 0.2564656 -0.9665534 0 0 0 0 1 4.371139e-08 -0 -1 -4.371139e-08 0 0 0 1 0 0 -1 -0 -0 0 0 0 1 0 0 -1 -0 -0 0 0 0 0 1 4.371139e-08 -0 -1 -4.371139e-08 0 0 0 0 1 4.371139e-08 -0 -1 -4.371139e-08 0 0 0 0 1 4.371139e-08 -0 -1 -4.371139e-08 0 0 0 0 -4.371139e-08 1 -0 4.371139e-08 -1 0 0 0 -0.6083101 -0.3877549 0.6925352 0.6083101 0.3877549 -0.6925352 0 0 0 0 -4.371139e-08 1 -0 4.371139e-08 -1 0 0 0 0.6741272 -0.3225403 0.6644699 -0.6741272 0.3225403 -0.6644699 0 0 0 0.9891495 -0.1431291 0.03312644 -0.9891495 0.1431291 -0.03312644 0 0 0 1 0 0 -1 -0 -0 0 0 0 0 1 4.371139e-08 -0 -1 -4.371139e-08 1 0 0 -1 -0 -0 0 0 0 0 1 4.371139e-08 -0 -1 -4.371139e-08 0 0 0 0 1 4.371139e-08 -0 -1 -4.371139e-08 -0.9851557 -0.1692261 0.02882446 0.9851557 0.1692261 -0.02882446 0 0 0 -0.9761577 -0.2123601 0.044937 0.9761577 0.2123601 -0.044937 0 0 0 -1 0 0 -1 0 0 1 -0 -0 1 -0 -0 0 0 0 -1 0 0 -1 0 0 1 -0 -0 1 -0 -0 0 0 0 0 -4.371139e-08 1 -0 4.371139e-08 -1 0 0 0 0 -4.371139e-08 1 -0 4.371139e-08 -1 0 0 0 0 -4.371139e-08 1 -0 4.371139e-08 -1 0 0 0 -0.9257532 0.1626658 0.3413515 0.9257532 -0.1626658 -0.3413515 0 0 0 0 4.371139e-08 -1 0 4.371139e-08 -1 0 4.371139e-08 -1 -0 -4.371139e-08 1 -0 -4.371139e-08 1 -0 -4.371139e-08 1 0 0 0 0 4.371139e-08 -1 0 4.371139e-08 -1 -0 -4.371139e-08 1 -0 -4.371139e-08 1 0 4.371139e-08 -1 -0 -4.371139e-08 1 0 4.371139e-08 -1 0 4.371139e-08 -1 -0 -4.371139e-08 1 -0 -4.371139e-08 1 0 0 0 0 1 4.371139e-08 -0 -1 -4.371139e-08 0 0 0 0 1 4.371139e-08 -0 -1 -4.371139e-08 0 0 0 0 1 4.371139e-08 -0 -1 -4.371139e-08 0 0 0 0 -4.371139e-08 1 -0 4.371139e-08 -1 0 0 0 -0.9670729 0.2479393 -0.05741216 0.9670729 -0.2479393 0.05741216 0 0 0 -1 0 0 1 -0 -0 0 0 0 0.9295828 0.1049298 0.3533633 -0.9295828 -0.1049298 -0.3533633 0 0 0 0.9935695 -0.1114259 0.02009952 -0.9935695 0.1114259 -0.02009952 0 0 0 0.9894102 -0.1419677 -0.03021096 -0.9894102 0.1419677 0.03021096 0 0 0 0.7071068 3.090862e-08 -0.7071068 -0.7071068 -3.090862e-08 0.7071068 0 0 0 0 4.371139e-08 -1 -0 -4.371139e-08 1 0 0 0 0 4.371139e-08 -1 -0 -4.371139e-08 1 0 0 0 0 1 4.371139e-08 -0 -1 -4.371139e-08 0 4.371139e-08 -1 -0 -4.371139e-08 1 -1 0 0 1 -0 -0 -0.9677504 0.2462991 0.05287617 0.9677504 -0.2462991 -0.05287617 0 0 0 -0.9853897 -0.1675902 -0.03034421 0.9853897 0.1675902 0.03034421 0 0 0 -0.9756042 -0.2139687 -0.04913121 0.9756042 0.2139687 0.04913121 0 0 0 -1 0 0 1 -0 -0 0 0 0 -1 0 0 1 -0 -0 0 0 0 0 0.5598322 0.828606 0 0.5598322 0.828606 0 0.5598322 0.828606 -0 -0.5598322 -0.828606 -0 -0.5598322 -0.828606 -0 -0.5598322 -0.828606 0 0 0 1.384524e-19 0.5598322 0.828606 1.384524e-19 0.5598322 0.828606 1.384524e-19 0.5598322 0.828606 -1.384524e-19 -0.5598322 -0.828606 -1.384524e-19 -0.5598322 -0.828606 -1.384524e-19 -0.5598322 -0.828606 0 0 0 2.769132e-19 0.5598322 0.828606 2.769132e-19 0.5598322 0.828606 2.769132e-19 0.5598322 0.828606 -2.769132e-19 -0.5598322 -0.828606 -2.769132e-19 -0.5598322 -0.828606 -2.769132e-19 -0.5598322 -0.828606 0 0 0 1.38827e-19 0.5598322 0.828606 1.38827e-19 0.5598322 0.828606 1.38827e-19 0.5598322 0.828606 -1.38827e-19 -0.5598322 -0.828606 -1.38827e-19 -0.5598322 -0.828606 -1.38827e-19 -0.5598322 -0.828606 0 0 0 -0.9802071 0.1947929 -0.03535257 0.9802071 -0.1947929 0.03535257 0 0 0 0 4.371139e-08 -1 -0 -4.371139e-08 1 0 0 0 -1 0 0 1 -0 -0 -1 0 0 -1 0 0 1 -0 -0 1 -0 -0 0 0 0 -1 0 0 -1 0 0 1 -0 -0 1 -0 -0 0 0 0 0 4.371139e-08 -1 -0 -4.371139e-08 1 -0.9799123 0.1965632 0.03368811 0.9799123 -0.1965632 -0.03368811 0 0 0 0 0.5598322 0.828606 0 0.5598322 0.828606 0 0.5598322 0.828606 -0 -0.5598322 -0.828606 -0 -0.5598322 -0.828606 -0 -0.5598322 -0.828606 0 0 0 -1.384524e-19 0.5598322 0.828606 1.384524e-19 -0.5598322 -0.828606 0.9853244 0.1668252 -0.03612803 -0.9853244 -0.1668252 0.03612803 0 0 0 1.384566e-19 0.5598322 0.828606 1.384566e-19 0.5598322 0.828606 1.384566e-19 0.5598322 0.828606 -1.384566e-19 -0.5598322 -0.828606 -1.384566e-19 -0.5598322 -0.828606 -1.384566e-19 -0.5598322 -0.828606 0.9934644 -0.1125371 -0.01907677 -0.9934644 0.1125371 0.01907677 0 0 0 0 0.5598322 0.828606 0 0.5598322 0.828606 0 0.5598322 0.828606 -0 -0.5598322 -0.828606 -0 -0.5598322 -0.828606 -0 -0.5598322 -0.828606 0.6604206 -0.2253342 -0.7162885 -0.6604206 0.2253342 0.7162885 0 0 0 -0.978238 0.1931298 -0.07583743 0.978238 -0.1931298 0.07583743 0 4.371139e-08 -1 -0 -4.371139e-08 1 0 0 0 0 4.371139e-08 -1 -0 -4.371139e-08 1 0 0 0 -0.9776528 0.1938315 0.08139005 0.9776528 -0.1938315 -0.08139005 0 0 0 -0.9274396 0.1582465 -0.3388418 0.9274396 -0.1582465 0.3388418 0 0 0 -0.6164413 -0.3842423 -0.687283 0.6164413 0.3842423 0.687283 0 0 0 -0.6628487 -0.2437235 -0.7079763 0.6628487 0.2437235 0.7079763 0 0 0 -0.7071068 3.090862e-08 -0.7071068 0.7071068 -3.090862e-08 0.7071068 0 0 0 -1 0 0 1 -0 -0 0 0 0 0 -4.371139e-08 1 0 -4.371139e-08 1 0 -4.371139e-08 1 -0 4.371139e-08 -1 -0 4.371139e-08 -1 -0 4.371139e-08 -1 0 0 0 0.9901865 0.1288362 -0.05414758 -0.9901865 -0.1288362 0.05414758 0 -4.371139e-08 1 0 -4.371139e-08 1 -0 4.371139e-08 -1 -0 4.371139e-08 -1 0 0 0 0 -4.371139e-08 1 0 -4.371139e-08 1 -0 4.371139e-08 -1 -0 4.371139e-08 -1 0 0 0 0 -4.371139e-08 1 0 -4.371139e-08 1 -0 4.371139e-08 -1 -0 4.371139e-08 -1 0 0 0 -1 0 0 1 -0 -0 0 0 0 -1 0 0 1 -0 -0 0 0 0 0 4.371139e-08 -1 -0 -4.371139e-08 1 0 0 0 0 4.371139e-08 -1 -0 -4.371139e-08 1 -1 0 0 1 -0 -0 0 0 0 0 -4.371139e-08 1 -0 4.371139e-08 -1 0 0 0 0.9909719 0.1321612 -0.02253991 -0.9909719 -0.1321612 0.02253991 0 0 0 0.9850031 0.1680157 0.0392371 -0.9850031 -0.1680157 -0.0392371 0 0 0 0.668643 -0.3259356 -0.6683431 -0.668643 0.3259356 0.6683431 0 0 0 -1 0 0 1 -0 -0 -5.381616e-20 -0.256465 -0.9665535 5.381616e-20 0.256465 0.9665535 0 0 0 0 4.371139e-08 -1 -0 -4.371139e-08 1 0 0 0 0 4.371139e-08 -1 0 4.371139e-08 -1 0 4.371139e-08 -1 -0 -4.371139e-08 1 -0 -4.371139e-08 1 -0 -4.371139e-08 1 0 0 0 0 0.5598314 -0.8286066 0 0.5598314 -0.8286066 0 0.5598314 -0.8286066 -0 -0.5598314 0.8286066 -0 -0.5598314 0.8286066 -0 -0.5598314 0.8286066 0 0 0 0 4.371139e-08 -1 -0 -4.371139e-08 1 0 0 0 1.067982e-19 -0.256465 -0.9665535 -1.067982e-19 0.256465 0.9665535 0 0 0 1.071861e-19 -0.256465 -0.9665535 -1.071861e-19 0.256465 0.9665535 0 0 0 2.450102e-19 -0.98255 0.1859988 9.797027e-19 -0.9308089 0.3655062 9.797027e-19 -0.9308089 0.3655062 -9.797027e-19 0.9308089 -0.3655062 -9.797027e-19 0.9308089 -0.3655062 -2.450102e-19 0.98255 -0.1859988 0 0 0 9.800699e-19 -0.98255 0.1859988 1.959464e-18 -0.9308089 0.3655062 1.959464e-18 -0.9308089 0.3655062 -1.959464e-18 0.9308089 -0.3655062 -1.959464e-18 0.9308089 -0.3655062 -9.800699e-19 0.98255 -0.1859988 0 0 0 1 0 0 -1 -0 -0 4.985663e-19 -0.98255 0.1859988 1.959465e-18 -0.9308089 0.3655062 1.959465e-18 -0.9308089 0.3655062 -1.959465e-18 0.9308089 -0.3655062 -1.959465e-18 0.9308089 -0.3655062 -4.985663e-19 0.98255 -0.1859988 0 0 0 4.985663e-19 -0.98255 0.1859988 0 -0.9308089 0.3655062 0 -0.9308089 0.3655062 -0 0.9308089 -0.3655062 -0 0.9308089 -0.3655062 -4.985663e-19 0.98255 -0.1859988 0 0 0 0 -0.98255 0.1859988 -0 0.98255 -0.1859988 2.53255e-19 -0.9825689 -0.1858987 4.979841e-19 -0.9825689 -0.1858987 -4.979841e-19 0.9825689 0.1858987 -2.53255e-19 0.9825689 0.1858987 0 0 0 9.786075e-19 -0.9308834 -0.3653165 9.786075e-19 -0.9308834 -0.3653165 -9.786075e-19 0.9308834 0.3653165 -9.786075e-19 0.9308834 0.3653165 1.306917e-22 -0.256465 -0.9665535 -1.306917e-22 0.256465 0.9665535 0 0 0 0 4.371139e-08 -1 -0 -4.371139e-08 1 1.388271e-19 0.5598314 -0.8286066 1.388271e-19 0.5598314 -0.8286066 1.388271e-19 0.5598314 -0.8286066 -1.388271e-19 -0.5598314 0.8286066 -1.388271e-19 -0.5598314 0.8286066 -1.388271e-19 -0.5598314 0.8286066 0 -0.9308089 0.3655062 -0 0.9308089 -0.3655062 0 -0.9308089 0.3655062 -0 0.9308089 -0.3655062 1 0 0 -1 -0 -0 0.9911029 0.1309835 0.02363047 -0.9911029 -0.1309835 -0.02363047 0 0 0 0.9286115 0.1080265 -0.3549801 -0.9286115 -0.1080265 0.3549801 0 0 0 -5.381627e-20 -0.256465 -0.9665535 5.381627e-20 0.256465 0.9665535 0 0 0 9.786075e-19 -0.9308834 -0.3653165 -9.786075e-19 0.9308834 0.3653165 0 4.371139e-08 -1 -0 -4.371139e-08 1 0 0 0 -1.384567e-19 0.5598314 -0.8286066 -1.384567e-19 0.5598314 -0.8286066 -1.384567e-19 0.5598314 -0.8286066 1.384567e-19 -0.5598314 0.8286066 1.384567e-19 -0.5598314 0.8286066 1.384567e-19 -0.5598314 0.8286066 0 0 0 0 4.371139e-08 -1 -0 -4.371139e-08 1 0 0 0 1.637106e-24 -0.256465 -0.9665535 -1.637106e-24 0.256465 0.9665535 0 0 0 0 -0.9825689 -0.1858987 -0 0.9825689 0.1858987 0 0 0 0 -0.9825689 -0.1858987 -0 0.9825689 0.1858987 0 0 0 4.93729e-19 -0.9825689 -0.1858987 -4.93729e-19 0.9825689 0.1858987 0 0 0 0 -0.9308834 -0.3653165 0 -0.9308834 -0.3653165 -0 0.9308834 0.3653165 -0 0.9308834 0.3653165 0 4.371139e-08 -1 -0 -4.371139e-08 1 0 0.5598314 -0.8286066 0 0.5598314 -0.8286066 0 0.5598314 -0.8286066 -0 -0.5598314 0.8286066 -0 -0.5598314 0.8286066 -0 -0.5598314 0.8286066 1 0 0 -1 -0 -0 0.9904497 0.1283448 0.05036773 -0.9904497 -0.1283448 -0.05036773 0 0 0 0 4.371139e-08 -1 -0 -4.371139e-08 1 0 0 0 9.786374e-19 -0.9308834 -0.3653165 -9.786374e-19 0.9308834 0.3653165 0 4.371139e-08 -1 -0 -4.371139e-08 1 0 0 0 0 0.5598314 -0.8286066 0 0.5598314 -0.8286066 0 0.5598314 -0.8286066 -0 -0.5598314 0.8286066 -0 -0.5598314 0.8286066 -0 -0.5598314 0.8286066 0 0 0 0 -0.9308834 -0.3653165 -0 0.9308834 0.3653165 0 0 0 0 -0.9308834 -0.3653165 -0 0.9308834 0.3653165 2.773959e-19 0.5598314 -0.8286066 2.773959e-19 0.5598314 -0.8286066 2.773959e-19 0.5598314 -0.8286066 -2.773959e-19 -0.5598314 0.8286066 -2.773959e-19 -0.5598314 0.8286066 -2.773959e-19 -0.5598314 0.8286066 9.786075e-19 -0.9308834 -0.3653165 9.786075e-19 -0.9308834 -0.3653165 -9.786075e-19 0.9308834 0.3653165 -9.786075e-19 0.9308834 0.3653165 0 4.371139e-08 -1 -0 -4.371139e-08 1 0 0.5598314 -0.8286066 -0 -0.5598314 0.8286066 1 0 0 -1 -0 -0 0 -0.9308834 -0.3653165 -0 0.9308834 0.3653165 -1.384567e-19 0.5598314 -0.8286066 -1.384567e-19 0.5598314 -0.8286066 -1.384567e-19 0.5598314 -0.8286066 1.384567e-19 -0.5598314 0.8286066 1.384567e-19 -0.5598314 0.8286066 1.384567e-19 -0.5598314 0.8286066 0 4.371139e-08 -1 -0 -4.371139e-08 1 0 4.371139e-08 -1 -0 -4.371139e-08 1</float_array>
                    <technique_common>
                        <accessor count="620" source="#ID202" stride="3">
                            <param name="X" type="float" />
                            <param name="Y" type="float" />
                            <param name="Z" type="float" />
                        </accessor>
                    </technique_common>
                </source>
                <source id="ID200">
                    <float_array id="ID203" count="1628">0.668078 0.913425 0.729036 0.994989 0.729046 0.913435 0.668078 0.913425 0.668088 0.994989 0.729036 0.913425 0.729046 0.994989 0.789995 0.994989 0.668078 0.831848 0.668088 0.913425 0.729036 0.913425 0.60712 0.913425 0.668078 0.994989 0.668088 0.913435 0.809769 0.831176 0.806792 0.750021 0.809759 0.750021 0.809769 0.750021 0.806792 0.668873 0.809759 0.668873 0.729036 0.913425 0.789995 0.994989 0.790005 0.913435 0.60712 0.831848 0.668078 0.913425 0.668088 0.831858 0.668078 0.831848 0.729036 0.913425 0.729046 0.831858 0.60712 0.913425 0.60713 0.994989 0.668078 0.994989 0.60712 0.831848 0.60713 0.913425 0.668078 0.913425 0.809759 0.750021 0.806792 0.750021 0.806792 0.668873 0.809759 0.831176 0.806792 0.831176 0.806792 0.750021 0.80677 0.91079 0.809737 0.990781 0.80677 0.990781 0.80677 0.91079 0.809737 0.91079 0.809747 0.990781 0.729036 0.831848 0.729046 0.913425 0.789995 0.913425 0.60712 0.75027 0.60713 0.831848 0.668078 0.831848 0.668078 0.75027 0.668088 0.831848 0.729036 0.831848 0.546753 0.913425 0.60712 0.994989 0.60713 0.913435 0.809769 0.912327 0.806792 0.831176 0.809759 0.831176 0.546753 0.831848 0.60712 0.913425 0.60713 0.831858 0.806802 0.750021 0.803825 0.668873 0.806792 0.668873 0.806802 0.831176 0.803825 0.750021 0.806792 0.750021 0.803803 0.91079 0.80677 0.91079 0.80678 0.990781 0.80677 0.830803 0.809737 0.91079 0.80677 0.91079 0.729036 0.831848 0.789995 0.913425 0.790005 0.831858 0.546753 0.75027 0.60712 0.831848 0.60713 0.75028 0.60712 0.75027 0.668078 0.831848 0.668088 0.75028 0.668078 0.75027 0.729036 0.831848 0.729046 0.75028 0.546753 0.913425 0.546763 0.994989 0.60712 0.994989 0.546753 0.831848 0.546763 0.913425 0.60712 0.913425 0.809759 0.912327 0.806793 0.912327 0.806792 0.831176 0.546753 0.75027 0.546763 0.831848 0.60712 0.831848 0.803803 0.91079 0.80677 0.990781 0.803803 0.990781 0.806792 0.750021 0.803825 0.750021 0.803825 0.668873 0.806792 0.831176 0.803825 0.831176 0.803825 0.750021 0.803803 0.830803 0.80677 0.91079 0.803803 0.91079 0.80677 0.830803 0.809737 0.830803 0.809747 0.91079 0.803803 0.830803 0.80677 0.830803 0.80678 0.91079 0.729036 0.75027 0.729046 0.831848 0.789995 0.831848 0.546753 0.668713 0.546763 0.75027 0.60712 0.75027 0.60712 0.668713 0.60713 0.75027 0.668078 0.75027 0.668078 0.668713 0.668088 0.75027 0.729036 0.75027 0.546462 0.913425 0.546753 0.994989 0.546763 0.913435 0.809756 0.992358 0.806793 0.912327 0.809759 0.912327 0.546462 0.831848 0.546753 0.913425 0.546763 0.831858 0.806793 0.912327 0.803825 0.831176 0.806792 0.831176 0.546462 0.75027 0.546753 0.831848 0.546763 0.75028 0.800837 0.91079 0.803803 0.91079 0.803813 0.990781 0.803835 0.750021 0.800858 0.668873 0.803825 0.668873 0.803835 0.831176 0.800858 0.750021 0.803825 0.750021 0.800837 0.830803 0.803803 0.830803 0.803813 0.91079 0.80677 0.750812 0.809737 0.830803 0.80677 0.830803 0.803803 0.750812 0.80677 0.830803 0.803803 0.830803 0.729036 0.75027 0.789995 0.831848 0.790005 0.75028 0.546763 0.668723 0.546462 0.668713 0.546753 0.75027 0.546753 0.668713 0.60712 0.75027 0.60713 0.668723 0.60712 0.668713 0.668078 0.75027 0.668088 0.668723 0.668078 0.668713 0.729036 0.75027 0.729046 0.668723 0.546462 0.913425 0.546472 0.994989 0.546753 0.994989 0.546462 0.831848 0.546472 0.913425 0.546753 0.913425 0.806791 0.993343 0.806793 0.912327 0.809756 0.992358 0.546462 0.75027 0.546472 0.831848 0.546753 0.831848 0.806793 0.912327 0.803824 0.912327 0.803825 0.831176 0.546462 0.668713 0.546472 0.75027 0.546753 0.75027 0.800837 0.830803 0.803803 0.91079 0.800837 0.91079 0.800837 0.91079 0.803803 0.990781 0.800837 0.990781 0.803825 0.750021 0.800858 0.750021 0.800858 0.668873 0.803825 0.831176 0.800858 0.831176 0.800858 0.750021 0.800837 0.750812 0.803803 0.830803 0.800837 0.830803 0.80677 0.750812 0.809737 0.750812 0.809747 0.830803 0.803803 0.750812 0.80677 0.750812 0.80678 0.830803 0.800837 0.750812 0.803803 0.750812 0.803813 0.830803 0.729036 0.668713 0.729046 0.75027 0.789995 0.75027 0.803817 0.993688 0.801065 0.99272 0.800853 0.992347 0.80382 0.993317 0.800853 0.992347 0.800846 0.912372 0.800846 0.912372 0.800847 0.831204 0.803811 0.912372 0.800847 0.831204 0.800848 0.750035 0.803815 0.831204 0.546125 0.913425 0.546462 0.994989 0.546472 0.913435 0.806791 0.993343 0.809756 0.992358 0.809539 0.992711 0.546125 0.831848 0.546462 0.913425 0.546472 0.831858 0.806791 0.993343 0.803824 0.912327 0.806793 0.912327 0.546125 0.75027 0.546462 0.831848 0.546472 0.75028 0.803824 0.912327 0.800858 0.831176 0.803825 0.831176 0.546125 0.668713 0.546462 0.75027 0.546472 0.668723 0.789985 0.831797 0.789995 0.750249 0.729031 0.750239 0.789985 0.750239 0.789995 0.668704 0.729031 0.668694 0.729031 0.750239 0.729041 0.668704 0.668077 0.668694 0.789985 0.913356 0.789995 0.831807 0.729031 0.831797 0.80677 0.670825 0.809737 0.750812 0.80677 0.750812 0.803803 0.670825 0.803803 0.750812 0.800837 0.670825 0.803803 0.750812 0.800837 0.750812 0.729036 0.668713 0.789995 0.75027 0.790005 0.668723 0.80382 0.994139 0.801065 0.99272 0.803817 0.993688 0.803817 0.993688 0.800853 0.992347 0.80382 0.993317 0.80382 0.993317 0.800846 0.912372 0.803811 0.912372 0.803811 0.912372 0.800847 0.831204 0.803815 0.831204 0.803815 0.831204 0.800848 0.750035 0.803816 0.750035 0.546125 0.913425 0.546135 0.994989 0.546462 0.994989 0.546125 0.831848 0.546135 0.913425 0.546462 0.913425 0.806792 0.993697 0.806791 0.993343 0.809539 0.992711 0.546125 0.75027 0.546135 0.831848 0.546462 0.831848 0.806791 0.993343 0.803828 0.993342 0.803824 0.912327 0.546125 0.668713 0.546135 0.75027 0.546462 0.75027 0.803824 0.912327 0.800858 0.912327 0.800858 0.831176 0.80382 0.994139 0.801071 0.993164 0.801065 0.99272 0.789985 0.831797 0.729031 0.750239 0.729041 0.831797 0.789985 0.750239 0.729031 0.668694 0.729041 0.750239 0.729031 0.750239 0.668077 0.668694 0.668087 0.750239 0.789985 0.913356 0.729031 0.831797 0.729041 0.913356 0.80677 0.670825 0.809737 0.670825 0.809747 0.750812 0.803803 0.670825 0.80677 0.670825 0.80678 0.750812 0.800837 0.670825 0.803803 0.670825 0.803813 0.750812 0.789985 0.994894 0.789995 0.913366 0.729031 0.913356 0.800848 0.750035 0.800849 0.668869 0.803816 0.750035 0.80382 0.994139 0.803817 0.993688 0.806776 0.99414 0.803817 0.993688 0.80382 0.993317 0.80678 0.993687 0.80382 0.993317 0.803811 0.912372 0.806776 0.993318 0.803811 0.912372 0.803815 0.831204 0.806783 0.912372 0.803815 0.831204 0.803816 0.750035 0.806782 0.831204 0.545868 0.913425 0.546125 0.994989 0.546135 0.913435 0.806792 0.993697 0.809539 0.992711 0.809536 0.993157 0.545868 0.831848 0.546125 0.913425 0.546135 0.831858 0.806792 0.993697 0.803828 0.993342 0.806791 0.993343 0.545868 0.75027 0.546125 0.831848 0.546135 0.75028 0.803828 0.993342 0.800858 0.912327 0.803824 0.912327 0.545868 0.668713 0.546125 0.75027 0.546135 0.668723 0.668077 0.750239 0.668087 0.668704 0.607124 0.668694 0.803815 0.99446 0.801071 0.993164 0.80382 0.994139 0.729031 0.831797 0.729041 0.750249 0.668077 0.750239 0.729031 0.913356 0.729041 0.831807 0.668077 0.831797 0.803816 0.750035 0.800849 0.668869 0.803817 0.668869 0.806784 0.750035 0.803817 0.668869 0.806785 0.668869 0.809751 0.750035 0.806785 0.668869 0.809753 0.668869 0.789985 0.994894 0.729031 0.913356 0.729041 0.994894 0.806781 0.994459 0.80382 0.994139 0.806776 0.99414 0.806776 0.99414 0.803817 0.993688 0.80678 0.993687 0.80678 0.993687 0.80382 0.993317 0.806776 0.993318 0.806776 0.993318 0.803811 0.912372 0.806783 0.912372 0.806783 0.912372 0.803815 0.831204 0.806782 0.831204 0.806782 0.831204 0.803816 0.750035 0.806784 0.750035 0.545868 0.913425 0.545878 0.994989 0.546125 0.994989 0.545868 0.831848 0.545878 0.913425 0.546125 0.913425 0.80679 0.99415 0.806792 0.993697 0.809536 0.993157 0.545868 0.75027 0.545878 0.831848 0.546125 0.831848 0.806792 0.993697 0.803827 0.993698 0.803828 0.993342 0.545868 0.668713 0.545878 0.75027 0.546125 0.75027 0.803828 0.993342 0.800861 0.992357 0.800858 0.912327 0.803815 0.99446 0.800841 0.993479 0.801071 0.993164 0.668077 0.750239 0.607124 0.668694 0.607134 0.750239 0.803815 0.99446 0.80382 0.994139 0.806781 0.994459 0.729031 0.831797 0.668077 0.750239 0.668087 0.831797 0.729031 0.913356 0.668077 0.831797 0.668087 0.913356 0.803816 0.750035 0.803817 0.668869 0.806784 0.750035 0.806784 0.750035 0.806785 0.668869 0.809751 0.750035 0.729031 0.994894 0.729041 0.913366 0.668077 0.913356 0.806781 0.994459 0.806776 0.99414 0.809753 0.99348 0.806776 0.99414 0.80678 0.993687 0.809522 0.993165 0.80678 0.993687 0.806776 0.993318 0.809529 0.992721 0.806776 0.993318 0.806783 0.912372 0.809741 0.99235 0.806783 0.912372 0.806782 0.831204 0.809749 0.912372 0.806782 0.831204 0.806784 0.750035 0.80975 0.831205 0.545445 0.913425 0.545868 0.994989 0.545878 0.913425 0.80679 0.99415 0.809536 0.993157 0.809761 0.993455 0.545445 0.831848 0.545868 0.913425 0.545878 0.831848 0.80679 0.99415 0.803827 0.993698 0.806792 0.993697 0.545445 0.75027 0.545868 0.831848 0.545878 0.75027 0.803827 0.993698 0.800861 0.992357 0.803828 0.993342 0.545445 0.668713 0.545868 0.75027 0.545878 0.668713 0.607124 0.750239 0.607134 0.668704 0.546762 0.668694 0.803818 0.995021 0.800841 0.993479 0.803815 0.99446 0.668077 0.831797 0.668087 0.750249 0.607124 0.750239 0.806777 0.995022 0.803815 0.99446 0.806781 0.994459 0.668077 0.913356 0.668087 0.831807 0.607124 0.831797 0.80975 0.831205 0.806784 0.750035 0.809751 0.750035 0.729031 0.994894 0.668077 0.913356 0.668087 0.994894 0.806781 0.994459 0.809753 0.99348 0.809746 0.994038 0.806776 0.99414 0.809522 0.993165 0.809753 0.99348 0.80678 0.993687 0.809529 0.992721 0.809522 0.993165 0.806776 0.993318 0.809741 0.99235 0.809529 0.992721 0.809741 0.99235 0.806783 0.912372 0.809749 0.912372 0.809749 0.912372 0.806782 0.831204 0.80975 0.831205 0.545445 0.831848 0.545455 0.913435 0.545868 0.913425 0.545445 0.913425 0.545455 0.994999 0.545868 0.994989 0.806793 0.994452 0.80679 0.99415 0.809761 0.993455 0.545445 0.75027 0.545455 0.831858 0.545868 0.831848 0.80679 0.99415 0.803828 0.99415 0.803827 0.993698 0.545445 0.668713 0.545455 0.75028 0.545868 0.75027 0.803827 0.993698 0.801079 0.99271 0.800861 0.992357 0.803818 0.995021 0.800848 0.994038 0.800841 0.993479 0.607124 0.750239 0.546762 0.668694 0.546772 0.750239 0.803818 0.995021 0.803815 0.99446 0.806777 0.995022 0.668077 0.831797 0.607124 0.750239 0.607134 0.831797 0.806777 0.995022 0.806781 0.994459 0.809746 0.994038 0.668077 0.913356 0.607124 0.831797 0.607134 0.913356 0.668077 0.994894 0.668087 0.913366 0.607124 0.913356 0.545877 0.994894 0.545453 0.913356 0.545463 0.994904 0.545887 0.994894 0.546133 0.994894 0.545877 0.913356 0.54647 0.994894 0.546133 0.913356 0.546143 0.994894 0.546762 0.994894 0.54647 0.913356 0.54648 0.994894 0.607124 0.994894 0.546762 0.913356 0.546772 0.994894 0.668077 0.994894 0.607124 0.913356 0.607134 0.994894 0.541524 0.750239 0.539532 0.750239 0.539542 0.831797 0.541524 0.668694 0.539532 0.668694 0.539542 0.750239 0.806793 0.994452 0.809761 0.993455 0.809758 0.994016 0.806793 0.994452 0.803828 0.99415 0.80679 0.99415 0.541524 0.831797 0.539532 0.831797 0.539542 0.913356 0.803828 0.99415 0.801079 0.99271 0.803827 0.993698 0.541524 0.913356 0.539532 0.913356 0.539542 0.994894 0.546762 0.750239 0.546772 0.668704 0.54647 0.668694 0.541524 0.913356 0.539532 0.994894 0.541524 0.994894 0.607124 0.831797 0.607134 0.750249 0.546762 0.750239 0.543461 0.913356 0.541524 0.994894 0.543461 0.994894 0.545453 0.913356 0.543461 0.994894 0.545453 0.994894 0.607124 0.913356 0.607134 0.831807 0.546762 0.831797 0.545877 0.994894 0.545887 0.913356 0.545453 0.913356 0.546133 0.994894 0.546143 0.913366 0.545877 0.913356 0.54647 0.994894 0.54648 0.913366 0.546133 0.913356 0.546762 0.994894 0.546772 0.913366 0.54647 0.913356 0.607124 0.994894 0.607134 0.913366 0.546762 0.913356 0.541524 0.668694 0.539532 0.750239 0.541524 0.750239 0.541524 0.750239 0.539532 0.831797 0.541524 0.831797 0.806791 0.995015 0.806793 0.994452 0.809758 0.994016 0.806793 0.994452 0.803826 0.994453 0.803828 0.99415 0.541524 0.831797 0.539532 0.913356 0.541524 0.913356 0.803828 0.99415 0.801082 0.993157 0.801079 0.99271 0.546762 0.750239 0.54647 0.668694 0.54648 0.750239 0.543461 0.913356 0.541524 0.913356 0.541534 0.994894 0.607124 0.831797 0.546762 0.750239 0.546772 0.831797 0.545453 0.913356 0.543461 0.913356 0.543471 0.994894 0.607124 0.913356 0.546762 0.831797 0.546772 0.913356 0.545877 0.913356 0.545453 0.831797 0.545463 0.913366 0.546133 0.913356 0.545877 0.831797 0.545887 0.913356 0.54647 0.913356 0.546133 0.831797 0.546143 0.913356 0.546762 0.913356 0.54647 0.831797 0.54648 0.913356 0.543461 0.668694 0.541524 0.668694 0.541534 0.750239 0.543461 0.750239 0.541524 0.750239 0.541534 0.831797 0.806791 0.995015 0.803826 0.994453 0.806793 0.994452 0.803826 0.994453 0.801082 0.993157 0.803828 0.99415 0.543461 0.831797 0.541524 0.831797 0.541534 0.913356 0.54647 0.750239 0.54648 0.668704 0.546133 0.668694 0.546762 0.831797 0.546772 0.750249 0.54647 0.750239 0.543461 0.831797 0.541524 0.913356 0.543461 0.913356 0.545453 0.831797 0.543461 0.913356 0.545453 0.913356 0.546762 0.913356 0.546772 0.831807 0.54647 0.831797 0.545877 0.913356 0.545887 0.831797 0.545453 0.831797 0.546133 0.913356 0.546143 0.831807 0.545877 0.831797 0.54647 0.913356 0.54648 0.831807 0.546133 0.831797 0.806791 0.995015 0.803828 0.995015 0.803826 0.994453 0.543461 0.668694 0.541524 0.750239 0.543461 0.750239 0.543461 0.750239 0.541524 0.831797 0.543461 0.831797 0.803826 0.994453 0.800856 0.993454 0.801082 0.993157 0.54647 0.750239 0.546133 0.668694 0.546143 0.750239 0.546762 0.831797 0.54647 0.750239 0.54648 0.831797 0.545453 0.831797 0.543461 0.831797 0.543471 0.913356 0.545877 0.831797 0.545453 0.750239 0.545463 0.831807 0.546133 0.831797 0.545877 0.750239 0.545887 0.831797 0.54647 0.831797 0.546133 0.750239 0.546143 0.831797 0.803828 0.995015 0.800856 0.993454 0.803826 0.994453 0.545453 0.668694 0.543461 0.668694 0.543471 0.750239 0.545453 0.750239 0.543461 0.750239 0.543471 0.831797 0.546133 0.750239 0.546143 0.668704 0.545877 0.668694 0.54647 0.831797 0.54648 0.750249 0.546133 0.750239 0.545453 0.750239 0.543461 0.831797 0.545453 0.831797 0.545877 0.831797 0.545887 0.750239 0.545453 0.750239 0.546133 0.831797 0.546143 0.750249 0.545877 0.750239 0.803828 0.995015 0.80086 0.994016 0.800856 0.993454 0.545453 0.668694 0.543461 0.750239 0.545453 0.750239 0.546133 0.750239 0.545877 0.668694 0.545887 0.750239 0.545877 0.750239 0.545453 0.668694 0.545463 0.750249 0.545877 0.750239 0.545887 0.668694 0.545453 0.668694</float_array>
                    <technique_common>
                        <accessor count="814" source="#ID203" stride="2">
                            <param name="S" type="float" />
                            <param name="T" type="float" />
                        </accessor>
                    </technique_common>
                </source>
                <vertices id="ID199">
                    <input semantic="POSITION" source="#ID197" />
                    <input semantic="NORMAL" source="#ID198" />
                </vertices>
                <triangles count="544" material="Material2">
                    <input offset="0" semantic="VERTEX" source="#ID199" />
                    <input offset="1" semantic="TEXCOORD" source="#ID200" />
                    <p>0 0 1 1 2 2 3 2 4 1 5 0 0 3 9 4 1 1 4 1 10 4 5 3 2 5 1 6 12 7 13 7 4 6 3 5 15 8 0 9 2 10 3 10 5 9 16 8 18 11 9 12 0 13 5 13 10 12 19 11 21 14 22 15 23 16 24 16 25 15 26 14 23 17 28 18 29 19 30 19 31 18 24 17 2 20 12 21 33 22 34 22 13 21 3 20 36 23 0 24 15 25 16 25 5 24 37 23 15 26 2 27 39 28 40 28 3 27 16 26 18 29 42 30 9 31 10 31 43 30 19 29 36 32 18 33 0 34 5 34 19 33 37 32 23 35 22 36 28 37 31 37 25 36 24 35 21 38 45 39 22 40 25 40 46 39 26 38 48 41 49 42 50 43 51 43 52 42 53 41 48 44 55 45 49 46 52 46 56 45 53 44 39 47 2 48 33 49 34 49 3 48 40 47 57 50 36 51 15 52 16 52 37 51 58 50 60 53 15 54 39 55 40 55 16 54 61 53 63 56 42 57 18 58 19 58 43 57 64 56 42 59 45 60 21 61 26 61 46 60 43 59 66 62 18 63 36 64 37 64 19 63 67 62 22 65 69 66 28 67 31 67 70 66 25 65 45 68 72 69 22 70 25 70 73 69 46 68 75 71 48 72 50 73 51 73 53 72 76 71 78 74 55 75 48 76 53 76 56 75 79 74 39 77 33 78 81 79 82 79 34 78 40 77 84 80 36 81 57 82 58 82 37 81 85 80 57 83 15 84 60 85 61 85 16 84 58 83 60 86 39 87 87 88 88 88 40 87 61 86 63 89 90 90 42 91 43 91 91 90 64 89 66 92 63 93 18 94 19 94 64 93 67 92 42 95 93 96 45 97 46 97 94 96 43 95 84 98 66 99 36 100 37 100 67 99 85 98 75 101 50 102 96 103 97 103 51 102 76 101 22 104 72 105 69 106 70 106 73 105 25 104 45 107 98 108 72 109 73 109 99 108 46 107 101 110 48 111 75 112 76 112 53 111 102 110 78 113 104 114 55 115 56 115 105 114 79 113 101 116 78 117 48 118 53 118 79 117 102 116 87 119 39 120 81 121 82 121 40 120 88 119 106 122 84 123 57 124 58 124 85 123 107 122 109 125 57 126 60 127 61 127 58 126 110 125 112 128 60 129 87 130 88 130 61 129 113 128 115 131 90 132 63 133 64 133 91 132 116 131 90 134 93 135 42 136 43 136 94 135 91 134 118 137 63 138 66 139 67 139 64 138 119 137 93 140 98 141 45 142 46 142 99 141 94 140 121 143 66 144 84 145 85 145 67 144 122 143 124 146 75 147 96 148 97 148 76 147 125 146 72 149 127 150 69 151 70 151 128 150 73 149 98 152 130 153 72 154 73 154 131 153 99 152 133 155 101 156 75 157 76 157 102 156 134 155 136 158 104 159 78 160 79 160 105 159 137 158 139 161 78 162 101 163 102 163 79 162 140 161 87 164 81 165 142 166 143 166 82 165 88 164 106 167 145 168 84 169 85 169 146 168 107 167 106 170 57 171 109 172 110 172 58 171 107 170 109 173 60 174 112 175 113 175 61 174 110 173 112 176 87 177 148 178 149 178 88 177 113 176 115 179 151 180 90 181 91 181 152 180 116 179 118 182 115 183 63 184 64 184 116 183 119 182 154 185 93 186 90 187 91 187 94 186 155 185 121 188 118 189 66 190 67 190 119 189 122 188 93 191 157 192 98 193 99 193 158 192 94 191 145 194 121 195 84 196 85 196 122 195 146 194 133 197 75 198 124 199 125 199 76 198 134 197 124 200 96 201 160 202 161 202 97 201 125 200 72 203 130 204 127 205 128 205 131 204 73 203 98 206 162 207 130 208 131 208 163 207 99 206 165 209 101 210 133 211 134 211 102 210 166 209 136 212 168 213 104 214 105 214 169 213 137 212 139 215 136 216 78 217 79 217 137 216 140 215 165 218 139 219 101 220 102 220 140 219 166 218 148 221 87 222 142 223 143 223 88 222 149 221 170 224 145 225 106 226 107 226 146 225 171 224 173 227 106 228 109 229 110 229 107 228 174 227 109 230 176 231 177 232 178 232 179 231 110 230 176 233 181 234 182 235 183 235 184 234 179 233 186 236 151 237 115 238 116 238 152 237 187 236 154 239 90 240 151 241 152 241 91 240 155 239 189 242 115 243 118 244 119 244 116 243 190 242 154 245 157 246 93 247 94 247 158 246 155 245 192 248 118 249 121 250 122 250 119 249 193 248 157 251 162 252 98 253 99 253 163 252 158 251 195 254 121 255 145 256 146 256 122 255 196 254 198 257 199 258 200 259 201 259 202 258 203 257 199 260 205 261 206 262 207 262 208 261 202 260 200 263 206 264 209 265 210 265 207 264 201 263 211 266 198 267 212 268 213 268 203 267 214 266 216 269 168 270 136 271 137 271 169 270 217 269 219 272 136 271 139 273 140 273 137 271 220 272 222 274 139 275 165 276 166 276 140 275 223 274 148 277 142 278 225 279 226 279 143 278 149 277 228 280 145 281 170 282 171 282 146 281 229 280 170 283 106 284 173 285 174 285 107 284 171 283 173 286 109 287 177 288 178 288 110 287 174 286 177 289 176 290 182 291 183 291 179 290 178 289 182 292 181 293 231 294 232 294 184 293 183 292 186 295 234 296 151 297 152 297 235 296 187 295 189 298 186 299 115 300 116 300 187 299 190 298 237 301 154 302 151 303 152 303 155 302 238 301 192 304 189 305 118 306 119 306 190 305 193 304 154 307 240 308 157 309 158 309 241 308 155 307 195 310 192 311 121 312 122 312 193 311 196 310 157 313 243 314 162 315 163 315 244 314 158 313 228 316 195 317 145 318 146 318 196 317 229 316 198 319 200 320 212 321 213 321 201 320 203 319 199 322 206 323 200 324 201 324 207 323 202 322 200 325 209 326 246 327 247 327 210 326 201 325 211 328 212 329 249 330 250 330 213 329 214 328 216 331 252 332 168 333 169 333 253 332 217 331 219 334 216 335 136 336 137 336 217 335 220 334 222 337 219 338 139 339 140 339 220 338 223 337 254 340 211 341 249 342 250 342 214 341 255 340 181 343 256 344 231 345 232 345 257 344 184 343 228 346 170 347 258 348 259 348 171 347 229 346 170 349 173 350 261 351 262 351 174 350 171 349 173 352 177 353 264 354 265 354 178 353 174 352 177 355 182 356 267 357 268 357 183 356 178 355 182 358 231 359 270 360 271 360 232 359 183 358 273 361 274 362 275 363 276 363 277 362 278 361 237 364 151 365 234 366 235 366 152 365 238 364 280 367 281 368 282 369 283 369 284 368 285 367 237 370 240 371 154 372 155 372 241 371 238 370 287 373 288 374 289 375 290 375 291 374 292 373 240 376 243 377 157 378 158 378 244 377 241 376 294 379 295 380 296 381 297 381 298 380 299 379 246 382 209 383 243 384 244 384 210 383 247 382 301 385 195 386 228 387 229 387 196 386 302 385 212 388 200 389 246 390 247 390 201 389 213 388 249 391 212 392 304 393 305 393 213 392 250 391 231 394 256 395 307 396 308 396 257 395 232 394 309 397 307 398 310 399 311 399 308 398 312 397 314 400 310 401 315 402 316 402 311 401 317 400 254 403 249 404 319 405 320 405 250 404 255 403 321 406 228 407 258 408 259 408 229 407 322 406 258 409 170 410 261 411 262 411 171 410 259 409 261 412 173 413 264 414 265 414 174 413 262 412 264 415 177 416 267 417 268 417 178 416 265 415 267 418 182 419 270 420 271 420 183 419 268 418 270 421 231 422 309 423 312 423 232 422 271 421 324 424 325 425 326 426 327 426 328 425 329 424 331 427 273 428 275 429 276 429 278 428 332 427 333 430 237 431 234 432 235 432 238 431 334 430 336 433 337 434 338 435 339 435 340 434 341 433 237 436 342 437 240 438 241 438 343 437 238 436 345 439 346 440 347 441 348 441 349 440 350 439 240 442 351 443 243 444 244 444 352 443 241 442 301 445 354 446 195 447 196 447 355 446 302 445 246 448 243 449 356 450 357 450 244 449 247 448 301 451 228 452 321 453 322 453 229 452 302 451 212 454 246 455 304 456 305 456 247 455 213 454 249 457 304 458 359 459 360 459 305 458 250 457 231 460 307 461 309 462 312 462 308 461 232 460 309 463 310 464 314 465 317 465 311 464 312 463 319 466 249 467 359 468 360 468 250 467 320 466 321 469 258 470 362 471 363 471 259 470 322 469 258 472 261 473 365 474 366 474 262 473 259 472 261 475 264 476 368 477 369 477 265 476 262 475 264 478 267 479 371 480 372 480 268 479 265 478 267 481 270 482 374 483 375 483 271 482 268 481 270 484 309 485 377 486 378 486 312 485 271 484 380 487 381 488 382 489 383 489 384 488 385 487 333 490 234 491 387 492 388 492 235 491 334 490 389 493 382 494 390 495 391 495 383 494 392 493 333 496 342 497 237 498 238 498 343 497 334 496 394 499 390 500 395 501 396 501 391 500 397 499 342 502 351 503 240 504 241 504 352 503 343 502 399 505 395 506 400 507 401 507 396 506 402 505 356 508 243 509 351 510 352 510 244 509 357 508 404 511 354 512 301 513 302 513 355 512 405 511 304 514 246 515 356 516 357 516 247 515 305 514 407 517 301 518 321 519 322 519 302 518 408 517 359 520 304 521 410 522 411 522 305 521 360 520 377 523 309 524 314 525 317 525 312 524 378 523 319 526 359 527 413 528 414 528 360 527 320 526 321 529 362 530 415 531 416 531 363 530 322 529 258 532 365 533 362 534 363 534 366 533 259 532 261 535 368 536 365 537 366 537 369 536 262 535 264 538 371 539 368 540 369 540 372 539 265 538 371 541 267 542 374 543 375 543 268 542 372 541 374 544 270 545 377 546 378 546 271 545 375 544 389 547 380 548 382 549 383 549 385 548 392 547 380 550 418 551 381 552 384 552 419 551 385 550 421 553 333 554 387 555 388 555 334 554 422 553 394 556 389 557 390 558 391 558 392 557 397 556 333 559 424 560 342 561 343 561 425 560 334 559 399 562 394 563 395 564 396 564 397 563 402 562 342 565 427 566 351 567 352 567 428 566 343 565 404 568 430 569 354 570 355 570 431 569 405 568 356 571 351 572 432 573 433 573 352 572 357 571 404 574 301 575 407 576 408 576 302 575 405 574 304 577 356 578 410 579 411 579 357 578 305 577 407 580 321 581 415 582 416 582 322 581 408 580 359 583 410 584 435 585 436 585 411 584 360 583 413 586 359 587 435 588 436 588 360 587 414 586 438 589 439 590 440 591 441 591 442 590 443 589 445 592 446 593 447 594 448 594 449 593 450 592 368 595 452 596 365 597 366 597 453 596 369 595 371 598 455 599 368 600 369 600 456 599 372 598 374 601 458 602 371 603 372 603 459 602 375 601 413 604 435 605 374 606 375 606 436 605 414 604 461 607 462 608 463 609 464 609 465 608 466 607 468 610 469 611 470 612 471 612 472 611 473 610 421 613 387 614 475 615 476 615 388 614 422 613 421 616 424 617 333 618 334 618 425 617 422 616 477 619 478 620 479 621 480 621 481 620 482 619 424 622 427 623 342 624 343 624 428 623 425 622 484 625 485 626 486 627 487 627 488 626 489 625 432 628 351 629 427 630 428 630 352 629 433 628 484 631 486 632 491 633 492 633 487 632 489 631 410 634 356 635 432 636 433 636 357 635 411 634 493 637 491 638 494 639 495 639 492 638 496 637 498 640 494 641 499 642 500 642 495 641 501 640 435 643 410 644 502 645 503 645 411 644 436 643 438 646 505 647 439 648 442 648 506 647 443 646 507 649 508 650 509 651 510 651 511 650 512 649 368 652 455 653 452 654 453 654 456 653 369 652 371 655 458 656 455 657 456 657 459 656 372 655 374 658 435 659 458 660 459 660 436 659 375 658 468 661 513 662 461 663 466 663 514 662 473 661 461 664 515 665 477 666 482 666 516 665 466 664 517 667 421 668 475 669 476 669 422 668 518 667 421 670 519 671 424 672 425 672 520 671 422 670 477 673 479 674 484 675 489 675 480 674 482 673 424 676 522 677 427 678 428 678 523 677 425 676 432 679 427 680 525 681 526 681 428 680 433 679 493 682 484 683 491 684 492 684 489 683 496 682 410 685 432 686 502 687 503 687 433 686 411 685 528 688 493 689 494 690 495 690 496 689 529 688 435 691 502 692 458 693 459 693 503 692 436 691 505 694 530 695 439 696 442 696 531 695 506 694 533 697 534 698 535 699 536 699 537 698 538 697 455 700 540 701 452 702 453 702 541 701 456 700 458 703 543 704 455 705 456 705 544 704 459 703 546 706 468 707 461 708 466 708 473 707 547 706 549 709 461 710 477 711 482 711 466 710 550 709 517 712 519 713 421 714 422 714 520 713 518 712 519 715 522 716 424 717 425 717 523 716 520 715 552 718 477 719 484 720 489 720 482 719 553 718 525 721 427 722 522 723 523 723 428 722 526 721 502 724 432 725 525 726 526 726 433 725 503 724 552 727 484 728 493 729 496 729 489 728 553 727 555 730 493 731 556 732 557 732 496 731 558 730 458 733 502 734 543 735 544 735 503 734 459 733 505 736 559 737 530 738 531 738 560 737 506 736 561 739 562 740 563 741 564 741 565 740 566 739 455 742 543 743 540 744 541 744 544 743 456 742 517 745 567 746 519 747 520 747 568 746 518 745 546 748 461 749 549 750 550 750 466 749 547 748 549 751 477 752 552 753 553 753 482 752 550 751 519 754 569 755 522 756 523 756 570 755 520 754 525 757 522 758 572 759 573 759 523 758 526 757 502 760 525 761 543 762 544 762 526 761 503 760 575 763 552 764 493 765 496 765 553 764 576 763 559 766 577 767 530 768 531 768 578 767 560 766 580 769 581 770 582 771 583 771 584 770 585 769 543 772 572 773 540 774 541 774 573 773 544 772 567 775 569 776 519 777 520 777 570 776 568 775 587 778 546 779 549 780 550 780 547 779 588 778 590 781 549 782 552 783 553 783 550 782 591 781 592 784 593 785 594 786 595 786 596 785 597 784 543 787 525 788 572 789 573 789 526 788 544 787 598 790 552 791 599 792 600 792 553 791 601 790 559 793 602 794 577 795 578 795 603 794 560 793 580 796 604 797 581 798 584 798 605 797 585 796 567 799 606 800 569 801 570 801 607 800 568 799 587 802 549 803 608 804 609 804 550 803 588 802 610 805 611 806 612 807 613 807 614 806 615 805 602 808 616 809 577 810 578 810 617 809 603 808 602 811 618 812 616 813 617 813 619 812 603 811</p>
                </triangles>
                <lines count="408" material="Material3">
                    <input offset="0" semantic="VERTEX" source="#ID199" />
                    <p>11 6 6 14 14 32 35 14 44 11 71 32 35 83 129 71 83 144 111 114 114 150 135 126 126 129 129 132 132 164 167 135 224 167 144 227 150 227 236 188 188 191 191 194 194 197 164 245 227 218 221 218 224 221 197 300 318 224 330 279 236 330 286 279 286 293 293 300 300 403 379 318 417 364 367 364 376 379 386 393 386 420 420 330 398 393 403 398 406 403 409 406 417 409 444 417 364 451 367 454 420 474 532 444 451 539 454 542 474 548 571 524 574 524 579 532 539 586 542 574 589 548 571 589 589 579 586 571</p>
                </lines>
            </mesh>
        </geometry>
        <geometry id="ID204">
            <mesh>
                <source id="ID205">
                    <float_array id="ID209" count="1884">13.4006 0.05099488 1.02035 13.4006 0.01824189 1.10375 13.39775 0.02759552 1.10375 13.39775 0.02759552 1.10375 13.4006 0.01824189 1.10375 13.4006 0.05099488 1.02035 13.4006 0.05099488 1.02035 13.39775 0.02759552 1.10375 13.4006 0.01824189 1.10375 13.39775 0.06024552 1.0266 13.39775 0.06024552 1.0266 13.39775 0.06024552 1.0266 13.4006 0.03274537 1.02035 13.4006 0.03274537 1.02035 13.4006 0.03274537 1.02035 13.39775 0.02759552 1.1872 13.39775 0.02759552 1.1872 13.39775 0.02759552 1.1872 13.39775 0.04224778 1.10375 13.39775 0.04224778 1.10375 13.39775 0.04224778 1.10375 13.4006 0.05099488 1.02035 13.39775 0.06024552 1.0266 10.0679 0.05099488 1.02035 10.0679 0.05099488 1.02035 13.39775 0.06024552 1.0266 13.4006 0.05099488 1.02035 10.0679 0.05099488 1.02035 13.4006 0.05099488 1.02035 10.0679 0.03274537 1.02035 13.4006 0.03274537 1.02035 13.4006 0.03274537 1.02035 10.0679 0.03274537 1.02035 13.4006 0.05099488 1.02035 10.0679 0.03274537 1.02035 13.4006 3.647713e-09 1.10375 13.4006 3.647713e-09 1.10375 13.4006 3.647713e-09 1.10375 13.39775 0.04224777 1.1872 13.39775 0.04224777 1.1872 13.39775 0.04224777 1.1872 13.4006 0.01824188 1.1872 13.4006 0.01824188 1.1872 13.4006 0.01824188 1.1872 13.39775 0.07469559 1.0266 13.39775 0.07469559 1.0266 13.39775 0.07469559 1.0266 10.0679 0.05099488 1.02035 10.0679 0.05099488 1.02035 13.39775 0.06024552 1.0266 10.0679 0.06024552 1.0266 10.0679 0.05099488 1.02035 10.0679 0.05099488 1.02035 10.0679 0.06024552 1.0266 13.39775 0.06024552 1.0266 10.0679 0.06024552 1.0266 13.4006 3.647713e-09 1.10375 13.4006 0.03274537 1.02035 10.0679 0.03274537 1.02035 10.0679 0.03274537 1.02035 13.4006 0.03274537 1.02035 13.4006 3.647713e-09 1.10375 13.39775 0.07469558 1.26435 13.39775 0.07469558 1.26435 13.39775 0.07469558 1.26435 13.39775 0.06024551 1.26435 13.39775 0.06024551 1.26435 13.39775 0.06024551 1.26435 13.4006 0.05339814 1.10375 13.4006 0.05339814 1.10375 13.4006 0.05339814 1.10375 10.0679 0.06024552 1.0266 10.0679 0.06024552 1.0266 13.4006 0.05339813 1.1872 13.4006 0.05339813 1.1872 13.4006 0.05339813 1.1872 6.73515 0.03274537 1.02035 6.73515 0.03274537 1.02035 6.73515 0.03274537 1.02035 10.0679 0.06024552 1.0266 6.73515 0.05099488 1.02035 10.0679 0.05099488 1.02035 10.0679 0.05099488 1.02035 6.73515 0.05099488 1.02035 10.0679 0.06024552 1.0266 6.73515 0.05099488 1.02035 10.0679 0.03274537 1.02035 10.0679 3.647713e-09 1.10375 10.0679 3.647713e-09 1.10375 10.0679 0.03274537 1.02035 10.0679 3.647713e-09 1.10375 13.4006 0 1.1872 13.4006 0 1.1872 13.4006 0 1.1872 13.4006 0.08569717 1.2706 13.4006 0.08569717 1.2706 13.4006 0.08569717 1.2706 13.4006 0.05099487 1.2706 13.4006 0.05099487 1.2706 13.4006 0.05099487 1.2706 13.4006 0.08569718 1.02035 13.4006 0.08569718 1.02035 13.4006 0.08569718 1.02035 10.0679 0.07469559 1.0266 10.0679 0.07469559 1.0266 10.0679 0.07469559 1.0266 6.73515 0.05099488 1.02035 6.73515 0.05099488 1.02035 10.0679 0.03274537 1.02035 6.73515 0.03274537 1.02035 6.73515 0.03274537 1.02035 10.0679 0.03274537 1.02035 10.0679 0.06024552 1.0266 6.73515 0.06024552 1.0266 6.73515 0.05099488 1.02035 6.73515 0.05099488 1.02035 6.73515 0.06024552 1.0266 10.0679 0.06024552 1.0266 6.73515 0.06024552 1.0266 13.4006 0 1.1872 13.4006 0 1.1872 10.0679 0.08569717 1.2706 10.0679 0.08569717 1.2706 10.0679 0.08569717 1.2706 10.0679 0.07469558 1.26435 10.0679 0.07469558 1.26435 10.0679 0.07469558 1.26435 13.4006 0.05099487 1.2706 10.0679 0.06024551 1.26435 13.39775 0.06024551 1.26435 13.39775 0.06024551 1.26435 10.0679 0.06024551 1.26435 13.4006 0.05099487 1.2706 10.0679 0.06024551 1.26435 13.4006 2.675999 1.10375 13.4006 2.675999 1.10375 13.4006 2.675999 1.10375 13.4006 2.675999 1.1872 13.4006 2.675999 1.1872 13.4006 2.675999 1.1872 6.73515 0.06024552 1.0266 6.73515 0.06024552 1.0266 13.4006 2.675999 1.2706 13.4006 2.675999 1.2706 13.4006 2.675999 1.2706 3.40245 0.03274537 1.02035 3.40245 0.03274537 1.02035 3.40245 0.03274537 1.02035 6.73515 0.03274537 1.02035 6.73515 3.647713e-09 1.10375 6.73515 3.647713e-09 1.10375 6.73515 0.03274537 1.02035 6.73515 3.647713e-09 1.10375 6.73515 0.06024552 1.0266 3.40245 0.05099488 1.02035 6.73515 0.05099488 1.02035 6.73515 0.05099488 1.02035 3.40245 0.05099488 1.02035 6.73515 0.06024552 1.0266 3.40245 0.05099488 1.02035 10.0679 0 1.1872 10.0679 0 1.1872 10.0679 0 1.1872 13.4006 0.03274536 1.2706 13.4006 0.03274536 1.2706 13.4006 0.03274536 1.2706 10.0679 2.675999 1.2706 10.0679 2.675999 1.2706 10.0679 2.675999 1.2706 10.0679 0.06024551 1.26435 10.0679 0.06024551 1.26435 13.4006 0.05099487 1.2706 10.0679 0.05099487 1.2706 10.0679 0.06024551 1.26435 10.0679 0.06024551 1.26435 10.0679 0.05099487 1.2706 13.4006 0.05099487 1.2706 10.0679 0.05099487 1.2706 13.4006 2.675999 1.02035 13.4006 2.675999 1.02035 13.4006 2.675999 1.02035 10.0679 0.08569718 1.02035 10.0679 0.08569718 1.02035 10.0679 0.08569718 1.02035 6.73515 0.07469559 1.0266 6.73515 0.07469559 1.0266 6.73515 0.07469559 1.0266 3.40245 0.05099488 1.02035 3.40245 0.05099488 1.02035 6.73515 0.03274537 1.02035 3.40245 0.03274537 1.02035 3.40245 0.03274537 1.02035 6.73515 0.03274537 1.02035 6.73515 0.06024552 1.0266 3.40245 0.06024552 1.0266 3.40245 0.05099488 1.02035 3.40245 0.05099488 1.02035 3.40245 0.06024552 1.0266 6.73515 0.06024552 1.0266 3.40245 0.06024552 1.0266 13.4006 0.03274536 1.2706 13.4006 0.03274536 1.2706 13.4006 0.03274536 1.2706 10.0679 0.05099487 1.2706 13.4006 0.05099487 1.2706 13.4006 0.05099487 1.2706 10.0679 0.05099487 1.2706 13.4006 0.03274536 1.2706 6.73515 0.08569717 1.2706 6.73515 0.08569717 1.2706 6.73515 0.08569717 1.2706 6.73515 2.675999 1.2706 6.73515 2.675999 1.2706 6.73515 2.675999 1.2706 6.73515 0.07469558 1.26435 6.73515 0.07469558 1.26435 6.73515 0.07469558 1.26435 10.0679 0.05099487 1.2706 6.73515 0.06024551 1.26435 10.0679 0.06024551 1.26435 10.0679 0.06024551 1.26435 6.73515 0.06024551 1.26435 10.0679 0.05099487 1.2706 6.73515 0.06024551 1.26435 13.4006 5.300999 1.10375 13.4006 5.300999 1.10375 13.4006 5.300999 1.10375 13.4006 5.300999 1.1872 13.4006 5.300999 1.1872 13.4006 5.300999 1.1872 13.4006 5.300999 1.2706 13.4006 5.300999 1.2706 13.4006 5.300999 1.2706 3.40245 0.06024552 1.0266 3.40245 0.06024552 1.0266 10.0679 5.300999 1.2706 10.0679 5.300999 1.2706 10.0679 5.300999 1.2706 0.06974995 0.03274537 1.02035 0.06974995 0.03274537 1.02035 0.06974995 0.03274537 1.02035 3.40245 0.03274537 1.02035 3.40245 3.647713e-09 1.10375 3.40245 3.647713e-09 1.10375 3.40245 0.03274537 1.02035 3.40245 3.647713e-09 1.10375 6.73515 0 1.1872 6.73515 0 1.1872 6.73515 0 1.1872 3.40245 0.06024552 1.0266 0.06974995 0.05099488 1.02035 3.40245 0.05099488 1.02035 3.40245 0.05099488 1.02035 0.06974995 0.05099488 1.02035 3.40245 0.06024552 1.0266 0.06974995 0.05099488 1.02035 10.0679 0.03274536 1.2706 10.0679 0.03274536 1.2706 10.0679 0.03274536 1.2706 10.0679 0.03274536 1.2706 10.0679 0.03274536 1.2706 6.73515 5.300999 1.2706 6.73515 5.300999 1.2706 6.73515 5.300999 1.2706 6.73515 0.06024551 1.26435 6.73515 0.06024551 1.26435 10.0679 0.05099487 1.2706 6.73515 0.05099487 1.2706 6.73515 0.06024551 1.26435 6.73515 0.06024551 1.26435 6.73515 0.05099487 1.2706 10.0679 0.05099487 1.2706 6.73515 0.05099487 1.2706 13.4006 5.300999 1.02035 13.4006 5.300999 1.02035 13.4006 5.300999 1.02035 10.0679 2.675999 1.02035 10.0679 2.675999 1.02035 10.0679 2.675999 1.02035 6.73515 0.08569718 1.02035 6.73515 0.08569718 1.02035 6.73515 0.08569718 1.02035 13.4006 5.300999 1.2706 13.4006 5.300999 1.2706 3.40245 0.07469559 1.0266 3.40245 0.07469559 1.0266 3.40245 0.07469559 1.0266 0.06974995 0.05099488 1.02035 0.06974995 0.05099488 1.02035 3.40245 0.03274537 1.02035 0.06974995 0.03274537 1.02035 0.06974995 0.03274537 1.02035 3.40245 0.03274537 1.02035 10.0679 0.03274536 1.2706 10.0679 0.03274536 1.2706 3.40245 0.06024552 1.0266 0.0742501 0.06024552 1.0266 0.06974995 0.05099488 1.02035 0.06974995 0.05099488 1.02035 0.0742501 0.06024552 1.0266 3.40245 0.06024552 1.0266 0.0742501 0.06024552 1.0266 6.73515 0.05099487 1.2706 6.73515 0.05099487 1.2706 3.40245 0.08569717 1.2706 3.40245 0.08569717 1.2706 3.40245 0.08569717 1.2706 3.40245 2.675999 1.2706 3.40245 2.675999 1.2706 3.40245 2.675999 1.2706 3.40245 5.300999 1.2706 3.40245 5.300999 1.2706 3.40245 5.300999 1.2706 3.40245 0.07469558 1.26435 3.40245 0.07469558 1.26435 3.40245 0.07469558 1.26435 6.73515 0.05099487 1.2706 3.40245 0.06024551 1.26435 6.73515 0.06024551 1.26435 6.73515 0.06024551 1.26435 3.40245 0.06024551 1.26435 6.73515 0.05099487 1.2706 3.40245 0.06024551 1.26435 13.4006 7.925999 1.10375 13.4006 7.925999 1.10375 13.4006 7.925999 1.10375 13.4006 5.300999 1.02035 13.4006 5.300999 1.02035 13.4006 7.925999 1.1872 13.4006 7.925999 1.1872 13.4006 7.925999 1.1872 13.4006 7.925999 1.2706 13.4006 7.925999 1.2706 13.4006 7.925999 1.2706 10.0679 7.925999 1.2706 10.0679 7.925999 1.2706 10.0679 7.925999 1.2706 0.0742501 0.06024552 1.0266 0.0742501 0.06024552 1.0266 6.73515 7.925999 1.2706 6.73515 7.925999 1.2706 6.73515 7.925999 1.2706 0.06974995 0.05099488 1.02035 0.06974995 3.647713e-09 1.10375 0.06974995 0.03274537 1.02035 0.06974995 0.03274537 1.02035 0.06974995 3.647713e-09 1.10375 0.06974995 0.05099488 1.02035 0.06974995 3.647713e-09 1.10375 0.06974995 0.03274537 1.02035 0.06974995 3.647713e-09 1.10375 0.06974995 3.647713e-09 1.10375 0.06974995 0.03274537 1.02035 3.40245 0 1.1872 3.40245 0 1.1872 3.40245 0 1.1872 6.73515 0.03274536 1.2706 6.73515 0.03274536 1.2706 6.73515 0.03274536 1.2706 0.06974995 0.01824189 1.10375 0.06974995 0.01824189 1.10375 0.06974995 0.01824189 1.10375 6.73515 0.03274536 1.2706 6.73515 0.03274536 1.2706 3.40245 7.925999 1.2706 3.40245 7.925999 1.2706 3.40245 7.925999 1.2706 3.40245 0.06024551 1.26435 3.40245 0.06024551 1.26435 6.73515 0.05099487 1.2706 3.40245 0.05099487 1.2706 3.40245 0.06024551 1.26435 3.40245 0.06024551 1.26435 3.40245 0.05099487 1.2706 6.73515 0.05099487 1.2706 3.40245 0.05099487 1.2706 13.4006 7.925999 1.02035 13.4006 7.925999 1.02035 13.4006 7.925999 1.02035 10.0679 5.300999 1.02035 10.0679 5.300999 1.02035 10.0679 5.300999 1.02035 6.73515 2.675999 1.02035 6.73515 2.675999 1.02035 6.73515 2.675999 1.02035 13.4006 7.925999 1.2706 13.4006 7.925999 1.2706 3.40245 0.08569718 1.02035 3.40245 0.08569718 1.02035 3.40245 0.08569718 1.02035 0.0742501 0.07469559 1.0266 0.0742501 0.07469559 1.0266 0.0742501 0.07469559 1.0266 6.73515 0.03274536 1.2706 6.73515 0.03274536 1.2706 0.0742501 0.02759552 1.10375 0.0742501 0.02759552 1.10375 0.0742501 0.02759552 1.10375 3.40245 0.05099487 1.2706 3.40245 0.05099487 1.2706 0.06974995 0.08569717 1.2706 0.06974995 0.08569717 1.2706 0.06974995 0.08569717 1.2706 0.06974995 2.675999 1.2706 0.06974995 2.675999 1.2706 0.06974995 2.675999 1.2706 0.06974995 5.300999 1.2706 0.06974995 5.300999 1.2706 0.06974995 5.300999 1.2706 0.06974995 7.925999 1.2706 0.06974995 7.925999 1.2706 0.06974995 7.925999 1.2706 0.0742501 0.07469558 1.26435 0.0742501 0.07469558 1.26435 0.0742501 0.07469558 1.26435 3.40245 0.05099487 1.2706 0.0742501 0.06024551 1.26435 3.40245 0.06024551 1.26435 3.40245 0.06024551 1.26435 0.0742501 0.06024551 1.26435 3.40245 0.05099487 1.2706 0.0742501 0.06024551 1.26435 13.4006 10.551 1.10375 13.4006 10.551 1.10375 13.4006 10.551 1.10375 13.4006 7.925999 1.02035 13.4006 7.925999 1.02035 13.4006 10.551 1.1872 13.4006 10.551 1.1872 13.4006 10.551 1.1872 13.4006 10.551 1.2706 13.4006 10.551 1.2706 13.4006 10.551 1.2706 10.0679 10.551 1.2706 10.0679 10.551 1.2706 10.0679 10.551 1.2706 6.73515 10.551 1.2706 6.73515 10.551 1.2706 6.73515 10.551 1.2706 3.40245 10.551 1.2706 3.40245 10.551 1.2706 3.40245 10.551 1.2706 0.06974995 0 1.1872 0.06974995 0 1.1872 0.06974995 0 1.1872 0.06974995 0 1.1872 0.06974995 0 1.1872 6.73515 0.03274536 1.2706 3.40245 0.03274536 1.2706 3.40245 0.03274536 1.2706 6.73515 0.03274536 1.2706 3.40245 0.03274536 1.2706 0.06974995 0.01824188 1.1872 0.06974995 0.01824188 1.1872 0.06974995 0.01824188 1.1872 3.40245 0.03274536 1.2706 3.40245 0.03274536 1.2706 0.06974995 10.551 1.2706 0.06974995 10.551 1.2706 0.06974995 10.551 1.2706 0.0742501 0.06024551 1.26435 0.0742501 0.06024551 1.26435 3.40245 0.05099487 1.2706 0.06974995 0.05099487 1.2706 0.0742501 0.06024551 1.26435 0.0742501 0.06024551 1.26435 0.06974995 0.05099487 1.2706 3.40245 0.05099487 1.2706 0.06974995 0.05099487 1.2706 13.4006 10.551 1.02035 13.4006 10.551 1.02035 13.4006 10.551 1.02035 10.0679 7.925999 1.02035 10.0679 7.925999 1.02035 10.0679 7.925999 1.02035 6.73515 5.300999 1.02035 6.73515 5.300999 1.02035 6.73515 5.300999 1.02035 13.4006 10.551 1.2706 13.4006 10.551 1.2706 3.40245 2.675999 1.02035 3.40245 2.675999 1.02035 3.40245 2.675999 1.02035 0.06974995 0.08569718 1.02035 0.06974995 0.08569718 1.02035 0.06974995 0.08569718 1.02035 0.0742501 0.04224778 1.10375 0.0742501 0.04224778 1.10375 0.0742501 0.04224778 1.10375 3.40245 0.03274536 1.2706 3.40245 0.03274536 1.2706 0.0742501 0.02759552 1.1872 0.0742501 0.02759552 1.1872 0.0742501 0.02759552 1.1872 0.06974995 0.05099487 1.2706 0.06974995 0.05099487 1.2706 0.06974995 0.05339813 1.1872 0.06974995 0.05339813 1.1872 0.06974995 0.05339813 1.1872 0.06974995 2.675999 1.1872 0.06974995 2.675999 1.1872 0.06974995 2.675999 1.1872 0.06974995 5.300999 1.1872 0.06974995 5.300999 1.2706 0.06974995 5.300999 1.2706 0.06974995 5.300999 1.1872 0.06974995 5.300999 1.1872 0.06974995 7.925999 1.1872 0.06974995 7.925999 1.2706 0.06974995 7.925999 1.2706 0.06974995 7.925999 1.1872 0.06974995 7.925999 1.1872 0.06974995 10.551 1.1872 0.06974995 10.551 1.2706 0.06974995 10.551 1.2706 0.06974995 10.551 1.1872 0.06974995 10.551 1.1872 0.0742501 0.04224777 1.1872 0.0742501 0.04224777 1.1872 0.0742501 0.04224777 1.1872 0.06974995 0.05099487 1.2706 0.06974995 0.05099487 1.2706 10.0679 10.551 1.10375 13.4006 10.551 1.02035 13.4006 10.551 1.10375 13.4006 10.551 1.10375 13.4006 10.551 1.02035 10.0679 10.551 1.10375 10.0679 10.551 1.10375 13.4006 10.551 1.02035 13.4006 10.551 1.02035 10.0679 10.551 1.1872 13.4006 10.551 1.1872 13.4006 10.551 1.1872 10.0679 10.551 1.1872 10.0679 10.551 1.1872 10.0679 10.551 1.2706 13.4006 10.551 1.2706 13.4006 10.551 1.2706 10.0679 10.551 1.2706 6.73515 10.551 1.2706 6.73515 10.551 1.2706 3.40245 10.551 1.2706 6.73515 10.551 1.1872 6.73515 10.551 1.1872 3.40245 10.551 1.2706 6.73515 10.551 1.1872 0.06974995 10.551 1.2706 3.40245 10.551 1.1872 3.40245 10.551 1.1872 0.06974995 10.551 1.2706 3.40245 10.551 1.1872 0.06974995 0.03274536 1.2706 0.06974995 0.03274536 1.2706 0.06974995 0.03274536 1.2706 0.06974995 0.03274536 1.2706 0.06974995 0.03274536 1.2706 0.06974995 0.03274536 1.2706 0.06974995 0.03274536 1.2706 0.06974995 10.551 1.1872 0.06974995 10.551 1.1872 10.0679 10.551 1.02035 10.0679 10.551 1.02035 10.0679 10.551 1.02035 10.0679 10.551 1.02035 10.0679 10.551 1.02035 6.73515 7.925999 1.02035 6.73515 7.925999 1.02035 6.73515 7.925999 1.02035 3.40245 5.300999 1.02035 3.40245 5.300999 1.02035 3.40245 5.300999 1.02035 0.06974995 2.675999 1.02035 0.06974995 2.675999 1.02035 0.06974995 2.675999 1.02035 0.06974995 0.05339814 1.10375 0.06974995 0.05339814 1.10375 0.06974995 0.05339814 1.10375 0.06974995 2.675999 1.10375 0.06974995 2.675999 1.10375 0.06974995 2.675999 1.10375 0.06974995 5.300999 1.10375 0.06974995 5.300999 1.10375 0.06974995 5.300999 1.10375 0.06974995 7.925999 1.10375 0.06974995 7.925999 1.10375 0.06974995 7.925999 1.10375 0.06974995 10.551 1.10375 0.06974995 10.551 1.10375 0.06974995 10.551 1.10375 3.40245 10.551 1.10375 3.40245 10.551 1.10375 3.40245 10.551 1.10375 6.73515 10.551 1.10375 6.73515 10.551 1.10375 6.73515 10.551 1.10375 0.06974995 10.551 1.10375 0.06974995 10.551 1.10375 6.73515 10.551 1.02035 6.73515 10.551 1.02035 6.73515 10.551 1.02035 6.73515 10.551 1.02035 6.73515 10.551 1.02035 3.40245 7.925999 1.02035 3.40245 7.925999 1.02035 3.40245 7.925999 1.02035 0.06974995 5.300999 1.02035 0.06974995 5.300999 1.02035 0.06974995 5.300999 1.02035 0.06974995 5.300999 1.02035 0.06974995 5.300999 1.02035 0.06974995 7.925999 1.02035 0.06974995 7.925999 1.02035 0.06974995 7.925999 1.02035 0.06974995 10.551 1.02035 0.06974995 10.551 1.02035 0.06974995 10.551 1.02035 3.40245 10.551 1.02035 3.40245 10.551 1.02035 3.40245 10.551 1.02035 0.06974995 10.551 1.02035 0.06974995 10.551 1.02035 3.40245 10.551 1.02035 3.40245 10.551 1.02035 0.06974995 7.925999 1.02035 0.06974995 7.925999 1.02035 0.06974995 10.551 1.02035 0.06974995 10.551 1.02035</float_array>
                    <technique_common>
                        <accessor count="628" source="#ID209" stride="3">
                            <param name="X" type="float" />
                            <param name="Y" type="float" />
                            <param name="Z" type="float" />
                        </accessor>
                    </technique_common>
                </source>
                <source id="ID206">
                    <float_array id="ID210" count="1884">-0.9905107 -0.1267002 -0.05325078 -0.9912716 -0.129959 -0.02216326 -0.985806 -0.1640824 -0.03554626 0.985806 0.1640824 0.03554626 0.9912716 0.129959 0.02216326 0.9905107 0.1267002 0.05325078 0 0 0 0 0 0 0 0 0 -0.9295839 -0.1031786 0.3538756 0.9295839 0.1031786 -0.3538756 0 0 0 -1 0 0 1 -0 -0 0 0 0 -0.9854924 -0.1652643 0.03863112 0.9854924 0.1652643 -0.03863112 0 0 0 -0.9938385 0.1090783 0.01967327 0.9938385 -0.1090783 -0.01967327 0 0 0 1.384566e-19 -0.5598323 0.8286059 1.384566e-19 -0.5598323 0.8286059 1.384566e-19 -0.5598323 0.8286059 -1.384566e-19 0.5598323 -0.8286059 -1.384566e-19 0.5598323 -0.8286059 -1.384566e-19 0.5598323 -0.8286059 0 0 0 0 -4.371139e-08 1 0 -4.371139e-08 1 0 -4.371139e-08 1 -0 4.371139e-08 -1 -0 4.371139e-08 -1 -0 4.371139e-08 -1 0 0 0 -1 0 0 1 -0 -0 0 0 0 -0.9937385 0.1101579 -0.01868099 0.9937385 -0.1101579 0.01868099 0 0 0 -0.9913992 -0.1287917 0.02324405 0.9913992 0.1287917 -0.02324405 0 0 0 -0.676364 0.3188532 0.6639762 0.676364 -0.3188532 -0.6639762 0 0 0 0 -4.371139e-08 1 -0 4.371139e-08 -1 0 -0.5598323 0.8286059 0 -0.5598323 0.8286059 0 -0.5598323 0.8286059 -0 0.5598323 -0.8286059 -0 0.5598323 -0.8286059 -0 0.5598323 -0.8286059 0 0 0 8.531121e-21 0.9825536 0.1859794 0 0.9308234 0.3654694 0 0.9308234 0.3654694 -0 -0.9308234 -0.3654694 -0 -0.9308234 -0.3654694 -8.531121e-21 -0.9825536 -0.1859794 -0.6709743 0.3222322 -0.6678023 0.6709743 -0.3222322 0.6678023 0 0 0 -0.9286442 -0.1061975 -0.3554463 0.9286442 0.1061975 0.3554463 0 0 0 -0.9895998 0.1401416 0.032442 0.9895998 -0.1401416 -0.032442 0 0 0 0 -4.371139e-08 1 -0 4.371139e-08 -1 -0.9898484 0.1390095 -0.0296066 0.9898484 -0.1390095 0.0296066 0 0 0 0 -4.371139e-08 1 -0 4.371139e-08 -1 0 0 0 0 -0.5598323 0.8286059 0 -0.5598323 0.8286059 0 -0.5598323 0.8286059 -0 0.5598323 -0.8286059 -0 0.5598323 -0.8286059 -0 0.5598323 -0.8286059 0 0 0 9.797476e-19 0.9308234 0.3654694 2.578168e-19 0.9825536 0.1859794 -2.578168e-19 -0.9825536 -0.1859794 -9.797476e-19 -0.9308234 -0.3654694 0 0 0 -1 0 0 1 -0 -0 0 0 0 -0.6605281 0.2239788 -0.7166144 0.6605281 -0.2239788 0.7166144 0 0 0 -0.990763 -0.1262202 0.04956935 0.990763 0.1262202 -0.04956935 0 0 0 -0.6609061 0.2250771 0.7159214 0.6609061 -0.2250771 -0.7159214 0 0 0 -5.299491e-20 0.2554541 0.9668212 5.299491e-20 -0.2554541 -0.9668212 0 0 0 0 -4.371139e-08 1 -0 4.371139e-08 -1 0 0.9308234 0.3654694 0 0.9308234 0.3654694 -0 -0.9308234 -0.3654694 -0 -0.9308234 -0.3654694 -1.384524e-19 -0.5598323 0.8286059 -1.384524e-19 -0.5598323 0.8286059 -1.384524e-19 -0.5598323 0.8286059 1.384524e-19 0.5598323 -0.8286059 1.384524e-19 0.5598323 -0.8286059 1.384524e-19 0.5598323 -0.8286059 0 0 0 4.985714e-19 0.9825537 -0.1859792 -4.985714e-19 -0.9825537 0.1859792 1.062434e-19 0.2554542 -0.9668212 -1.062434e-19 -0.2554542 0.9668212 0 0 0 1.059866e-19 0.2554542 -0.9668212 -1.059866e-19 -0.2554542 0.9668212 0 0 0 -4.16081e-19 -0.5598322 -0.828606 -4.16081e-19 -0.5598322 -0.828606 -4.16081e-19 -0.5598322 -0.828606 4.16081e-19 0.5598322 0.828606 4.16081e-19 0.5598322 0.828606 4.16081e-19 0.5598322 0.828606 0 0 0 -1 0 0 1 -0 -0 0 0 0 -1 0 0 1 -0 -0 0 0 0 0 -4.371139e-08 1 -0 4.371139e-08 -1 -0.7071068 3.090862e-08 -0.7071068 0.7071068 -3.090862e-08 0.7071068 0 0 0 0 -4.371139e-08 1 -0 4.371139e-08 -1 0 0 0 1.959436e-18 0.9308234 0.3654694 7.478431e-19 0.9825536 0.1859794 -7.478431e-19 -0.9825536 -0.1859794 -1.959436e-18 -0.9308234 -0.3654694 0 0 0 0 -0.5598323 0.8286059 0 -0.5598323 0.8286059 0 -0.5598323 0.8286059 -0 0.5598323 -0.8286059 -0 0.5598323 -0.8286059 -0 0.5598323 -0.8286059 0 0 0 4.985639e-19 0.9825537 -0.1859792 -4.985639e-19 -0.9825537 0.1859792 0 0 0 -1 0 0 1 -0 -0 0 0 0 0 4.371139e-08 -1 -0 -4.371139e-08 1 0 0 0 0 4.371139e-08 -1 -0 -4.371139e-08 1 0 -0.5598322 -0.828606 0 -0.5598322 -0.828606 0 -0.5598322 -0.828606 -0 0.5598322 0.828606 -0 0.5598322 0.828606 -0 0.5598322 0.828606 0 0 0 -0.7071068 -3.090862e-08 0.7071068 0.7071068 3.090862e-08 -0.7071068 0 0 0 -5.350849e-20 0.2554541 0.9668212 5.350849e-20 -0.2554541 -0.9668212 0 0 0 -1.058567e-19 0.2554541 0.9668212 1.058567e-19 -0.2554541 -0.9668212 0 0 0 0 -4.371139e-08 1 -0 4.371139e-08 -1 9.797475e-19 0.9308234 0.3654694 9.797475e-19 0.9308234 0.3654694 -9.797475e-19 -0.9308234 -0.3654694 -9.797475e-19 -0.9308234 -0.3654694 1.384566e-19 -0.5598323 0.8286059 1.384566e-19 -0.5598323 0.8286059 1.384566e-19 -0.5598323 0.8286059 -1.384566e-19 0.5598323 -0.8286059 -1.384566e-19 0.5598323 -0.8286059 -1.384566e-19 0.5598323 -0.8286059 0 0 0 9.797463e-19 0.9308235 -0.3654691 -9.797463e-19 -0.9308235 0.3654691 0 4.371139e-08 -1 0 4.371139e-08 -1 0 4.371139e-08 -1 -0 -4.371139e-08 1 -0 -4.371139e-08 1 -0 -4.371139e-08 1 5.338009e-20 0.2554542 -0.9668212 -5.338009e-20 -0.2554542 0.9668212 0 0 0 0 4.371139e-08 -1 -0 -4.371139e-08 1 0 0 0 5.286651e-20 0.2554542 -0.9668212 -5.286651e-20 -0.2554542 0.9668212 0 0 0 -1.384524e-19 -0.5598322 -0.828606 -1.384524e-19 -0.5598322 -0.828606 -1.384524e-19 -0.5598322 -0.828606 1.384524e-19 0.5598322 0.828606 1.384524e-19 0.5598322 0.828606 1.384524e-19 0.5598322 0.828606 0 0 0 -1 0 0 1 -0 -0 0 0 0 -1 0 0 1 -0 -0 0 0 0 -1 0 0 1 -0 -0 0 0 0 0 -4.371139e-08 1 -0 4.371139e-08 -1 0 4.371139e-08 -1 -0 -4.371139e-08 1 0 0 0 0 -4.371139e-08 1 -0 4.371139e-08 -1 0 0 0 9.797475e-19 0.9308234 0.3654694 2.535516e-19 0.9825536 0.1859794 -2.535516e-19 -0.9825536 -0.1859794 -9.797475e-19 -0.9308234 -0.3654694 0 0 0 4.985639e-19 0.9825537 -0.1859792 -4.985639e-19 -0.9825537 0.1859792 0 0 0 0 -0.5598323 0.8286059 0 -0.5598323 0.8286059 0 -0.5598323 0.8286059 -0 0.5598323 -0.8286059 -0 0.5598323 -0.8286059 -0 0.5598323 -0.8286059 0 0 0 9.797463e-19 0.9308235 -0.3654691 -9.797463e-19 -0.9308235 0.3654691 0 0 0 0 4.371139e-08 -1 -0 -4.371139e-08 1 0 4.371139e-08 -1 -0 -4.371139e-08 1 0 0 0 0 4.371139e-08 -1 -0 -4.371139e-08 1 1.384524e-19 -0.5598322 -0.828606 1.384524e-19 -0.5598322 -0.828606 1.384524e-19 -0.5598322 -0.828606 -1.384524e-19 0.5598322 0.828606 -1.384524e-19 0.5598322 0.828606 -1.384524e-19 0.5598322 0.828606 0 0 0 -1 0 0 1 -0 -0 0 0 0 0 -4.371139e-08 1 -0 4.371139e-08 -1 0 0 0 -1.064986e-19 0.2554541 0.9668212 1.064986e-19 -0.2554541 -0.9668212 0 0 0 0 4.371139e-08 -1 -0 -4.371139e-08 1 -1.061336e-19 0.2554541 0.9668212 1.061336e-19 -0.2554541 -0.9668212 0 0 0 0 -4.371139e-08 1 -0 4.371139e-08 -1 0 0.9308234 0.3654694 0 0.9308234 0.3654694 -0 -0.9308234 -0.3654694 -0 -0.9308234 -0.3654694 9.797169e-19 0.9308235 -0.3654691 -9.797169e-19 -0.9308235 0.3654691 -1.388312e-19 -0.5598323 0.8286059 -1.388312e-19 -0.5598323 0.8286059 -1.388312e-19 -0.5598323 0.8286059 1.388312e-19 0.5598323 -0.8286059 1.388312e-19 0.5598323 -0.8286059 1.388312e-19 0.5598323 -0.8286059 0 0 0 0 4.371139e-08 -1 -0 -4.371139e-08 1 -5.286651e-20 0.2554542 -0.9668212 5.286651e-20 -0.2554542 0.9668212 0 0 0 0 4.371139e-08 -1 -0 -4.371139e-08 1 0 0 0 0 4.371139e-08 -1 -0 -4.371139e-08 1 0 0 0 -5.31233e-20 0.2554542 -0.9668212 5.31233e-20 -0.2554542 0.9668212 0 0 0 -4.153697e-19 -0.5598322 -0.828606 -4.153697e-19 -0.5598322 -0.828606 -4.153697e-19 -0.5598322 -0.828606 4.153697e-19 0.5598322 0.828606 4.153697e-19 0.5598322 0.828606 4.153697e-19 0.5598322 0.828606 0 0 0 -1 0 0 1 -0 -0 0 0 0 0 -4.371139e-08 1 -0 4.371139e-08 -1 -1 0 0 1 -0 -0 0 0 0 -1 0 0 1 -0 -0 0 0 0 0 4.371139e-08 -1 -0 -4.371139e-08 1 0 0 0 0.9257537 -0.1626823 0.3413422 -0.9257537 0.1626823 -0.3413422 0 4.371139e-08 -1 -0 -4.371139e-08 1 0 0 0 0.9782308 -0.1931583 -0.07585746 1 0 0 1 0 0 -1 -0 -0 -1 -0 -0 -0.9782308 0.1931583 0.07585746 0 0 0 9.797474e-19 0.9308234 0.3654694 4.98572e-19 0.9825536 0.1859794 -4.98572e-19 -0.9825536 -0.1859794 -9.797474e-19 -0.9308234 -0.3654694 2.492857e-19 0.9825537 -0.1859792 -2.492857e-19 -0.9825537 0.1859792 0 0 0 9.797169e-19 0.9308235 -0.3654691 -9.797169e-19 -0.9308235 0.3654691 0 0 0 0.9802157 -0.194751 -0.03534507 -0.9802157 0.194751 0.03534507 0 0 0 0 4.371139e-08 -1 -0 -4.371139e-08 1 0 4.371139e-08 -1 -0 -4.371139e-08 1 0 0 0 0 4.371139e-08 -1 -0 -4.371139e-08 1 2.769131e-19 -0.5598322 -0.828606 2.769131e-19 -0.5598322 -0.828606 2.769131e-19 -0.5598322 -0.828606 -2.769131e-19 0.5598322 0.828606 -2.769131e-19 0.5598322 0.828606 -2.769131e-19 0.5598322 0.828606 0 0 0 -1 0 0 1 -0 -0 0 0 0 0 -4.371139e-08 1 -0 4.371139e-08 -1 0 0 0 0 -4.371139e-08 1 -0 4.371139e-08 -1 0 0 0 0 4.371139e-08 -1 -0 -4.371139e-08 1 -1.062614e-19 0.2554541 0.9668212 1.062614e-19 -0.2554541 -0.9668212 0 0 0 0.6091112 0.3861621 0.692721 -0.6091112 -0.3861621 -0.692721 0 0 0 9.797462e-19 0.9308235 -0.3654691 -9.797462e-19 -0.9308235 0.3654691 0.9670868 -0.2478876 -0.05740061 -0.9670868 0.2478876 0.05740061 0 0 0 0 4.371139e-08 -1 -0 -4.371139e-08 1 0.6630406 0.2429055 -0.7080778 -0.6630406 -0.2429055 0.7080778 0 0 0 0.7071068 3.090862e-08 -0.7071068 -0.7071068 -3.090862e-08 0.7071068 0 0 0 0 4.371139e-08 -1 -0 -4.371139e-08 1 0 0 0 0 4.371139e-08 -1 -0 -4.371139e-08 1 0 0 0 0.6171263 0.382685 -0.6875371 -0.6171263 -0.382685 0.6875371 0 0 0 0 -0.5598322 -0.828606 0 -0.5598322 -0.828606 0 -0.5598322 -0.828606 -0 0.5598322 0.828606 -0 0.5598322 0.828606 -0 0.5598322 0.828606 0 0 0 -1 0 0 1 -0 -0 0 0 0 0 -4.371139e-08 1 -0 4.371139e-08 -1 -1 0 0 1 -0 -0 0 0 0 -1 0 0 1 -0 -0 0 0 0 0 4.371139e-08 -1 -0 -4.371139e-08 1 0 0 0 0 4.371139e-08 -1 -0 -4.371139e-08 1 0 0 0 0 4.371139e-08 -1 -0 -4.371139e-08 1 0 0 0 1 0 0 -1 -0 -0 0 0 0 0 0.9825537 -0.1859792 -0 -0.9825537 0.1859792 9.797462e-19 0.9308235 -0.3654691 9.797462e-19 0.9308235 -0.3654691 -9.797462e-19 -0.9308235 0.3654691 -9.797462e-19 -0.9308235 0.3654691 0 0 0 0.9799238 -0.1965039 0.03369817 -0.9799238 0.1965039 -0.03369817 0 0 0 0 4.371139e-08 -1 -0 -4.371139e-08 1 0 4.371139e-08 -1 -0 -4.371139e-08 1 0 0 0 0.9274537 -0.1582287 -0.3388117 -0.9274537 0.1582287 0.3388117 1.384566e-19 -0.5598322 -0.828606 1.384566e-19 -0.5598322 -0.828606 1.384566e-19 -0.5598322 -0.828606 -1.384566e-19 0.5598322 0.828606 -1.384566e-19 0.5598322 0.828606 -1.384566e-19 0.5598322 0.828606 0 0 0 -1 0 0 1 -0 -0 0 0 0 0 -4.371139e-08 1 -0 4.371139e-08 -1 0 0 0 0 -4.371139e-08 1 -0 4.371139e-08 -1 0 0 0 0 4.371139e-08 -1 -0 -4.371139e-08 1 0 -4.371139e-08 1 -0 4.371139e-08 -1 0 0 0 0.6625421 0.2411816 0.7091328 -0.6625421 -0.2411816 -0.7091328 0 0 0 0.9852799 0.1685221 0.0287037 -0.9852799 -0.1685221 -0.0287037 0 0 0 0 0.9308235 -0.3654691 -0 -0.9308235 0.3654691 0.9677581 -0.246262 0.05290853 -0.9677581 0.246262 -0.05290853 0 0 0 0 4.371139e-08 -1 -0 -4.371139e-08 1 0.9758001 0.2131103 -0.04897147 -0.9758001 -0.2131103 0.04897147 0 0 0 1 0 0 -1 -0 -0 0 0 0 1 0 0 1 0 0 -1 -0 -0 -1 -0 -0 0 0 0 1 0 0 1 0 0 -1 -0 -0 -1 -0 -0 0 0 0 1 0 0 1 0 0 -1 -0 -0 -1 -0 -0 0 0 0 0.9855138 0.1668792 -0.03022981 -0.9855138 -0.1668792 0.03022981 0 0 0 0.977641 -0.1938634 0.08145636 -0.977641 0.1938634 -0.08145636 0 -1 -4.371139e-08 0 -1 -4.371139e-08 0 -1 -4.371139e-08 -0 1 4.371139e-08 -0 1 4.371139e-08 -0 1 4.371139e-08 0 0 0 0 -4.371139e-08 1 -0 4.371139e-08 -1 0 -1 -4.371139e-08 0 -1 -4.371139e-08 -0 1 4.371139e-08 -0 1 4.371139e-08 0 0 0 0 -1 -4.371139e-08 0 -1 -4.371139e-08 -0 1 4.371139e-08 -0 1 4.371139e-08 0 -1 -4.371139e-08 -0 1 4.371139e-08 0 -1 -4.371139e-08 0 -1 -4.371139e-08 -0 1 4.371139e-08 -0 1 4.371139e-08 0 0 0 0 -1 -4.371139e-08 0 -1 -4.371139e-08 -0 1 4.371139e-08 -0 1 4.371139e-08 0 0 0 1 0 0 -1 -0 -0 0 0 0 0 0.9308235 -0.3654691 -0 -0.9308235 0.3654691 0 4.371139e-08 -1 -0 -4.371139e-08 1 0 -1 -4.371139e-08 -0 1 4.371139e-08 0 -1 -4.371139e-08 -0 1 4.371139e-08 0 0 0 0 -4.371139e-08 1 -0 4.371139e-08 -1 0 -4.371139e-08 1 -0 4.371139e-08 -1 0 0 0 0 -4.371139e-08 1 -0 4.371139e-08 -1 0 0 0 0.7071068 -3.090862e-08 0.7071068 -0.7071068 3.090862e-08 -0.7071068 0 0 0 0.976354 0.211494 0.04475787 -0.976354 -0.211494 -0.04475787 0 0 0 1 0 0 -1 -0 -0 0 0 0 1 0 0 -1 -0 -0 0 0 0 1 0 0 -1 -0 -0 0 0 0 1 0 0 -1 -0 -0 0 0 0 0 -1 -4.371139e-08 -0 1 4.371139e-08 0 0 0 0 -1 -4.371139e-08 -0 1 4.371139e-08 0 0 0 0 -1 -4.371139e-08 -0 1 4.371139e-08 0 -1 -4.371139e-08 -0 1 4.371139e-08 0 0 0 0 -4.371139e-08 1 -0 4.371139e-08 -1 0 -4.371139e-08 1 -0 4.371139e-08 -1 0 0 0 0 -4.371139e-08 1 -0 4.371139e-08 -1 0 0 0 1 0 0 -1 -0 -0 1 0 0 -1 -0 -0 0 0 0 1 0 0 -1 -0 -0 0 0 0 0 -1 -4.371139e-08 -0 1 4.371139e-08 0 0 0 0 -1 -4.371139e-08 -0 1 4.371139e-08 0 -4.371139e-08 1 -0 4.371139e-08 -1 0 -4.371139e-08 1 -0 4.371139e-08 -1 0 -4.371139e-08 1 -0 4.371139e-08 -1</float_array>
                    <technique_common>
                        <accessor count="628" source="#ID210" stride="3">
                            <param name="X" type="float" />
                            <param name="Y" type="float" />
                            <param name="Z" type="float" />
                        </accessor>
                    </technique_common>
                </source>
                <source id="ID208">
                    <float_array id="ID211" count="1620">0.809761 0.993455 0.806793 0.994452 0.80679 0.99415 0.809536 0.993157 0.809761 0.993455 0.809761 0.993455 0.809758 0.994016 0.806793 0.994452 0.80679 0.99415 0.806793 0.994452 0.803828 0.99415 0.809536 0.993157 0.80679 0.99415 0.806792 0.993697 0.01708 0.664439 0.017337 0.664439 0.01707 0.582875 0.01707 0.664439 0.016629 0.582875 0.016639 0.664449 0.809758 0.994016 0.806791 0.995015 0.803827 0.993698 0.80679 0.99415 0.803828 0.99415 0.806793 0.994452 0.803826 0.994453 0.809539 0.992711 0.809536 0.993157 0.806792 0.993697 0.80679 0.99415 0.803827 0.993698 0.01707 0.664439 0.01708 0.582875 0.016629 0.582875 0.017337 0.664439 0.017347 0.582885 0.01707 0.582875 0.012542 0.338144 0.010465 0.338144 0.010475 0.419689 0.806793 0.994452 0.806791 0.995015 0.803826 0.994453 0.801079 0.99271 0.803827 0.993698 0.803828 0.99415 0.801082 0.993157 0.803828 0.99415 0.803826 0.994453 0.809539 0.992711 0.806792 0.993697 0.806791 0.993343 0.017689 0.664439 0.017337 0.582875 0.017347 0.664439 0.803828 0.993342 0.806792 0.993697 0.803827 0.993698 0.01707 0.582875 0.016629 0.501298 0.016639 0.582885 0.017337 0.582875 0.01707 0.501298 0.01708 0.582875 0.012542 0.338144 0.010465 0.419689 0.012542 0.419689 0.803826 0.994453 0.806791 0.995015 0.803828 0.995015 0.800861 0.992357 0.803827 0.993698 0.801079 0.99271 0.801079 0.99271 0.803828 0.99415 0.801082 0.993157 0.801082 0.993157 0.803826 0.994453 0.800856 0.993454 0.809756 0.992358 0.809539 0.992711 0.806791 0.993343 0.806791 0.993343 0.806792 0.993697 0.803828 0.993342 0.017689 0.664439 0.017699 0.582885 0.017337 0.582875 0.800861 0.992357 0.803828 0.993342 0.803827 0.993698 0.01707 0.582875 0.01708 0.501298 0.016629 0.501298 0.012542 0.419689 0.010465 0.419689 0.010475 0.501247 0.017337 0.582875 0.017347 0.501308 0.01707 0.501298 0.014561 0.338144 0.012542 0.338144 0.012552 0.419689 0.800856 0.993454 0.803826 0.994453 0.803828 0.995015 0.018012 0.338154 0.017698 0.338144 0.018002 0.419689 0.017346 0.338144 0.017698 0.419689 0.017708 0.338154 0.017079 0.338144 0.017346 0.419689 0.017356 0.338154 0.806793 0.912327 0.809756 0.992358 0.806791 0.993343 0.017993 0.664439 0.017689 0.582875 0.017699 0.664439 0.803824 0.912327 0.806791 0.993343 0.803828 0.993342 0.017689 0.582875 0.017337 0.501298 0.017347 0.582875 0.800858 0.912327 0.803828 0.993342 0.800861 0.992357 0.01707 0.501298 0.016629 0.419721 0.016639 0.501308 0.012542 0.419689 0.010465 0.501247 0.012542 0.501247 0.017337 0.501298 0.01707 0.419721 0.01708 0.501298 0.014561 0.338144 0.012542 0.419689 0.014561 0.419689 0.800856 0.993454 0.803828 0.995015 0.80086 0.994016 0.017698 0.338144 0.017708 0.419689 0.018002 0.419689 0.018002 0.338144 0.018012 0.419689 0.080926 0.419689 0.017346 0.338144 0.017356 0.419689 0.017698 0.419689 0.017079 0.338144 0.017089 0.419689 0.017346 0.419689 0.809759 0.912327 0.809756 0.992358 0.806793 0.912327 0.806793 0.912327 0.806791 0.993343 0.803824 0.912327 0.017993 0.664439 0.018003 0.582885 0.017689 0.582875 0.803824 0.912327 0.803828 0.993342 0.800858 0.912327 0.017689 0.582875 0.017699 0.501308 0.017337 0.501298 0.018002 0.338144 0.080926 0.419689 0.080936 0.338154 0.01707 0.501298 0.01708 0.419721 0.016629 0.419721 0.012542 0.501247 0.010465 0.501247 0.010475 0.582806 0.014561 0.419689 0.012552 0.501247 0.017337 0.501298 0.017347 0.419731 0.01707 0.419721 0.016638 0.338144 0.014561 0.338144 0.014571 0.419689 0.016638 0.338144 0.017079 0.419689 0.017089 0.338144 0.017698 0.419689 0.018002 0.501247 0.018012 0.419699 0.018002 0.419689 0.080926 0.501247 0.080936 0.419699 0.017346 0.419689 0.017698 0.501247 0.017708 0.419699 0.017079 0.419689 0.017346 0.501247 0.017356 0.419699 0.806792 0.831176 0.809759 0.912327 0.806793 0.912327 0.080922 0.664439 0.017993 0.582875 0.018003 0.664439 0.803825 0.831176 0.806793 0.912327 0.803824 0.912327 0.017993 0.582875 0.017689 0.501298 0.017699 0.582875 0.800858 0.831176 0.803824 0.912327 0.800858 0.912327 0.017689 0.501298 0.017337 0.419721 0.017347 0.501298 0.080926 0.338144 0.080936 0.419689 0.144467 0.419689 0.01707 0.419721 0.016629 0.338163 0.016639 0.419731 0.012542 0.501247 0.010465 0.582806 0.012542 0.582806 0.014561 0.419689 0.012542 0.501247 0.014561 0.501247 0.017337 0.419721 0.01707 0.338163 0.01708 0.419721 0.016638 0.338144 0.014561 0.419689 0.016638 0.419689 0.016638 0.338144 0.016648 0.419699 0.017079 0.419689 0.017698 0.419689 0.017708 0.501247 0.018002 0.501247 0.018002 0.419689 0.018012 0.501247 0.080926 0.501247 0.080926 0.419689 0.080936 0.501247 0.144467 0.501247 0.017346 0.419689 0.017356 0.501247 0.017698 0.501247 0.017079 0.419689 0.017089 0.501247 0.017346 0.501247 0.809759 0.831176 0.809769 0.912327 0.806792 0.831176 0.806792 0.831176 0.806793 0.912327 0.803825 0.831176 0.080922 0.664439 0.080932 0.582885 0.017993 0.582875 0.803825 0.831176 0.803824 0.912327 0.800858 0.831176 0.017993 0.582875 0.018003 0.501308 0.017689 0.501298 0.080926 0.338144 0.144467 0.419689 0.144477 0.338154 0.017689 0.501298 0.017699 0.419731 0.017337 0.419721 0.080926 0.419689 0.144467 0.501247 0.144477 0.419699 0.01707 0.419721 0.01708 0.338163 0.016629 0.338163 0.012542 0.582806 0.010465 0.582806 0.010475 0.664344 0.014561 0.501247 0.012542 0.501247 0.012552 0.582806 0.016638 0.419689 0.014561 0.419689 0.014571 0.501247 0.017337 0.419721 0.017347 0.338173 0.01707 0.338163 0.016638 0.419689 0.017079 0.501247 0.017089 0.419689 0.017698 0.501247 0.018002 0.582806 0.018012 0.501257 0.018002 0.501247 0.080926 0.582806 0.080936 0.501257 0.080926 0.501247 0.144467 0.582806 0.144477 0.501257 0.017346 0.501247 0.017698 0.582806 0.017708 0.501257 0.017079 0.501247 0.017346 0.582806 0.017356 0.501257 0.806792 0.750021 0.809759 0.831176 0.806792 0.831176 0.144468 0.664439 0.080922 0.582875 0.080932 0.664439 0.803825 0.750021 0.806792 0.831176 0.803825 0.831176 0.080922 0.582875 0.017993 0.501298 0.018003 0.582875 0.800858 0.750021 0.803825 0.831176 0.800858 0.831176 0.017993 0.501298 0.017689 0.419721 0.017699 0.501298 0.144467 0.338144 0.144477 0.419689 0.208008 0.419689 0.017689 0.419721 0.017337 0.338163 0.017347 0.419721 0.144467 0.419689 0.144477 0.501247 0.208008 0.501247 0.800841 0.993479 0.803818 0.995021 0.800848 0.994038 0.012542 0.582806 0.010465 0.664344 0.012542 0.664344 0.014561 0.501247 0.012542 0.582806 0.014561 0.582806 0.016638 0.419689 0.014561 0.501247 0.016638 0.501247 0.801071 0.993164 0.803815 0.99446 0.800841 0.993479 0.016638 0.419689 0.016648 0.501257 0.017079 0.501247 0.017698 0.501247 0.017708 0.582806 0.018002 0.582806 0.018002 0.501247 0.018012 0.582806 0.080926 0.582806 0.080926 0.501247 0.080936 0.582806 0.144467 0.582806 0.144467 0.501247 0.144477 0.582806 0.208008 0.582806 0.017346 0.501247 0.017356 0.582806 0.017698 0.582806 0.017079 0.501247 0.017089 0.582806 0.017346 0.582806 0.809759 0.750021 0.809769 0.831176 0.806792 0.750021 0.806792 0.750021 0.806802 0.831176 0.803825 0.750021 0.144468 0.664439 0.144478 0.582885 0.080922 0.582875 0.803825 0.750021 0.803835 0.831176 0.800858 0.750021 0.080922 0.582875 0.080932 0.501308 0.017993 0.501298 0.144467 0.338144 0.208008 0.419689 0.208018 0.338154 0.017993 0.501298 0.018003 0.419731 0.017689 0.419721 0.144467 0.419689 0.208008 0.501247 0.208018 0.419699 0.017689 0.419721 0.017699 0.338173 0.017337 0.338163 0.144467 0.501247 0.208008 0.582806 0.208018 0.501257 0.800841 0.993479 0.803815 0.99446 0.803818 0.995021 0.014561 0.582806 0.012542 0.582806 0.012552 0.664344 0.016638 0.501247 0.014561 0.501247 0.014571 0.582806 0.801071 0.993164 0.80382 0.994139 0.803815 0.99446 0.016638 0.501247 0.017079 0.582806 0.017089 0.501247 0.017698 0.582806 0.018002 0.664344 0.018012 0.582816 0.018002 0.582806 0.080926 0.664344 0.080936 0.582816 0.080926 0.582806 0.144467 0.664344 0.144477 0.582816 0.144467 0.582806 0.208008 0.664344 0.208018 0.582816 0.017346 0.582806 0.017698 0.664344 0.017708 0.582816 0.017079 0.582806 0.017346 0.664344 0.017356 0.582816 0.806792 0.668873 0.809759 0.750021 0.806792 0.750021 0.208014 0.664439 0.144468 0.582875 0.144478 0.664439 0.803825 0.668873 0.806792 0.750021 0.803825 0.750021 0.144468 0.582875 0.080922 0.501298 0.080932 0.582875 0.800858 0.668873 0.803825 0.750021 0.800858 0.750021 0.080922 0.501298 0.017993 0.419721 0.018003 0.501298 0.208008 0.338144 0.208018 0.419689 0.271549 0.419689 0.017993 0.419721 0.017689 0.338163 0.017699 0.419721 0.208008 0.419689 0.208018 0.501247 0.271549 0.501247 0.801065 0.99272 0.80382 0.994139 0.801071 0.993164 0.208008 0.501247 0.208018 0.582806 0.271549 0.582806 0.803815 0.99446 0.806777 0.995022 0.803818 0.995021 0.014561 0.582806 0.012542 0.664344 0.014561 0.664344 0.016638 0.501247 0.014561 0.582806 0.016638 0.582806 0.80382 0.994139 0.806781 0.994459 0.803815 0.99446 0.016638 0.501247 0.016648 0.582816 0.017079 0.582806 0.017698 0.582806 0.017708 0.664344 0.018002 0.664344 0.018002 0.582806 0.018012 0.664344 0.080926 0.664344 0.080926 0.582806 0.080936 0.664344 0.144467 0.664344 0.144467 0.582806 0.144477 0.664344 0.208008 0.664344 0.208018 0.664344 0.271549 0.664344 0.017346 0.582806 0.017356 0.664344 0.017698 0.664344 0.017079 0.582806 0.017089 0.664344 0.017346 0.664344 0.809759 0.668873 0.809769 0.750021 0.806792 0.668873 0.806792 0.668873 0.806802 0.750021 0.803825 0.668873 0.208014 0.664439 0.208024 0.582885 0.144468 0.582875 0.803825 0.668873 0.803835 0.750021 0.800858 0.668873 0.144468 0.582875 0.144478 0.501308 0.080922 0.501298 0.208008 0.338144 0.271549 0.419689 0.271559 0.338154 0.080922 0.501298 0.080932 0.419731 0.017993 0.419721 0.208008 0.419689 0.271549 0.501247 0.271559 0.419699 0.017993 0.419721 0.018003 0.338173 0.017689 0.338163 0.208008 0.501247 0.271549 0.582806 0.271559 0.501257 0.801065 0.99272 0.803817 0.993688 0.80382 0.994139 0.208008 0.582806 0.271549 0.664344 0.271559 0.582816 0.803815 0.99446 0.806781 0.994459 0.806777 0.995022 0.016638 0.582806 0.014561 0.582806 0.014571 0.664344 0.80382 0.994139 0.806776 0.99414 0.806781 0.994459 0.016638 0.582806 0.017079 0.664344 0.017089 0.582806 0.809741 0.99235 0.809529 0.992721 0.806776 0.993318 0.806783 0.912372 0.809749 0.912372 0.809741 0.99235 0.806782 0.831204 0.80975 0.831205 0.809749 0.912372 0.806784 0.750035 0.809751 0.750035 0.80975 0.831205 0.806785 0.668869 0.809753 0.668869 0.809751 0.750035 0.809529 0.992721 0.809522 0.993165 0.80678 0.993687 0.809522 0.993165 0.809753 0.99348 0.806776 0.99414 0.80677 0.91079 0.809737 0.990781 0.80677 0.990781 0.271559 0.664439 0.208014 0.582875 0.208024 0.664439 0.803803 0.91079 0.80677 0.990781 0.803803 0.990781 0.208014 0.582875 0.144468 0.501298 0.144478 0.582875 0.800837 0.91079 0.803803 0.990781 0.800837 0.990781 0.144468 0.501298 0.080922 0.419721 0.080932 0.501298 0.080922 0.419721 0.017993 0.338163 0.018003 0.419721 0.800837 0.830803 0.803803 0.91079 0.800837 0.91079 0.800853 0.992347 0.803817 0.993688 0.801065 0.99272 0.800837 0.750812 0.803803 0.830803 0.800837 0.830803 0.803817 0.993688 0.806776 0.99414 0.80382 0.994139 0.800837 0.670825 0.803803 0.750812 0.800837 0.750812 0.809746 0.994038 0.806777 0.995022 0.806781 0.994459 0.016638 0.582806 0.014561 0.664344 0.016638 0.664344 0.809753 0.99348 0.806781 0.994459 0.806776 0.99414 0.016638 0.582806 0.016648 0.664354 0.017079 0.664344 0.809529 0.992721 0.80678 0.993687 0.806776 0.993318 0.806783 0.912372 0.809741 0.99235 0.806776 0.993318 0.806782 0.831204 0.809749 0.912372 0.806783 0.912372 0.806784 0.750035 0.80975 0.831205 0.806782 0.831204 0.806785 0.668869 0.809751 0.750035 0.806784 0.750035 0.800837 0.670825 0.803803 0.670825 0.803813 0.750812 0.809522 0.993165 0.806776 0.99414 0.80678 0.993687 0.80677 0.91079 0.809737 0.91079 0.809747 0.990781 0.803803 0.91079 0.80677 0.91079 0.80678 0.990781 0.271559 0.664439 0.271569 0.582885 0.208014 0.582875 0.800837 0.91079 0.803803 0.91079 0.803813 0.990781 0.208014 0.582875 0.208024 0.501308 0.144468 0.501298 0.144468 0.501298 0.144478 0.419731 0.080922 0.419721 0.080922 0.419721 0.080932 0.338173 0.017993 0.338163 0.800837 0.830803 0.803803 0.830803 0.803813 0.91079 0.800853 0.992347 0.80382 0.993317 0.803817 0.993688 0.800837 0.750812 0.803803 0.750812 0.803813 0.830803 0.803817 0.993688 0.80678 0.993687 0.806776 0.99414 0.809753 0.99348 0.809746 0.994038 0.806781 0.994459 0.80382 0.993317 0.806776 0.993318 0.80678 0.993687 0.803811 0.912372 0.806783 0.912372 0.806776 0.993318 0.803815 0.831204 0.806782 0.831204 0.806783 0.912372 0.803816 0.750035 0.806784 0.750035 0.806782 0.831204 0.803817 0.668869 0.806785 0.668869 0.806784 0.750035 0.803803 0.670825 0.80677 0.750812 0.803803 0.750812 0.80677 0.830803 0.809737 0.91079 0.80677 0.91079 0.803803 0.830803 0.80677 0.91079 0.803803 0.91079 0.271559 0.582875 0.208014 0.501298 0.208024 0.582875 0.208014 0.501298 0.144468 0.419721 0.144478 0.501298 0.144468 0.419721 0.080922 0.338163 0.080932 0.419721 0.800846 0.912372 0.80382 0.993317 0.800853 0.992347 0.80382 0.993317 0.80678 0.993687 0.803817 0.993688 0.803803 0.750812 0.80677 0.830803 0.803803 0.830803 0.803811 0.912372 0.806776 0.993318 0.80382 0.993317 0.803815 0.831204 0.806783 0.912372 0.803811 0.912372 0.803816 0.750035 0.806782 0.831204 0.803815 0.831204 0.803817 0.668869 0.806784 0.750035 0.803816 0.750035 0.803803 0.670825 0.80677 0.670825 0.80678 0.750812 0.803803 0.750812 0.80677 0.750812 0.80678 0.830803 0.80677 0.830803 0.809737 0.830803 0.809747 0.91079 0.803803 0.830803 0.80677 0.830803 0.80678 0.91079 0.271559 0.582875 0.271569 0.501308 0.208014 0.501298 0.208014 0.501298 0.208024 0.419731 0.144468 0.419721 0.144468 0.419721 0.144478 0.338173 0.080922 0.338163 0.800846 0.912372 0.803811 0.912372 0.80382 0.993317 0.800847 0.831204 0.803815 0.831204 0.803811 0.912372 0.800848 0.750035 0.803816 0.750035 0.803815 0.831204 0.800849 0.668869 0.803817 0.668869 0.803816 0.750035 0.80677 0.670825 0.809737 0.750812 0.80677 0.750812 0.80677 0.750812 0.809737 0.830803 0.80677 0.830803 0.271559 0.501298 0.208014 0.419721 0.208024 0.501298 0.208014 0.419721 0.144468 0.338163 0.144478 0.419721 0.800847 0.831204 0.803811 0.912372 0.800846 0.912372 0.800848 0.750035 0.803815 0.831204 0.800847 0.831204 0.800849 0.668869 0.803816 0.750035 0.800848 0.750035 0.80677 0.670825 0.809737 0.670825 0.809747 0.750812 0.80677 0.750812 0.809737 0.750812 0.809747 0.830803 0.271559 0.501298 0.271569 0.419731 0.208014 0.419721 0.208014 0.419721 0.208024 0.338173 0.144468 0.338163 0.271559 0.419721 0.271569 0.338173 0.208014 0.338163 0.271559 0.419721 0.208014 0.338163 0.208024 0.419721</float_array>
                    <technique_common>
                        <accessor count="810" source="#ID211" stride="2">
                            <param name="S" type="float" />
                            <param name="T" type="float" />
                        </accessor>
                    </technique_common>
                </source>
                <vertices id="ID207">
                    <input semantic="POSITION" source="#ID205" />
                    <input semantic="NORMAL" source="#ID206" />
                </vertices>
                <triangles count="544" material="Material2">
                    <input offset="0" semantic="VERTEX" source="#ID207" />
                    <input offset="1" semantic="TEXCOORD" source="#ID208" />
                    <p>0 0 1 1 2 2 3 2 4 1 5 0 9 3 0 4 2 2 3 2 5 4 10 3 0 5 12 6 1 7 4 7 13 6 5 5 2 8 1 9 15 10 16 10 4 9 3 8 9 11 2 12 18 13 19 13 3 12 10 11 21 14 22 15 23 16 24 16 25 15 26 14 28 17 29 18 30 19 31 19 32 18 33 17 12 20 35 21 1 1 4 1 36 21 13 20 38 22 2 23 15 24 16 24 3 23 39 22 15 24 1 25 41 26 42 26 4 25 16 24 44 27 9 28 18 29 19 29 10 28 45 27 18 29 2 30 38 31 39 31 3 30 19 29 28 32 47 33 29 34 32 34 48 33 33 32 49 35 50 36 51 37 52 37 53 36 54 35 56 38 57 39 58 40 59 40 60 39 61 38 1 41 35 42 41 43 42 43 36 42 4 41 62 44 38 45 15 46 16 46 39 45 63 44 65 47 15 48 41 49 42 49 16 48 66 47 44 50 18 51 68 52 69 52 19 51 45 50 44 53 71 54 9 55 10 55 72 54 45 53 73 56 18 57 38 58 39 58 19 57 74 56 47 59 76 60 29 61 32 61 77 60 48 59 79 62 80 63 81 64 82 64 83 63 84 62 56 65 86 66 87 67 88 67 89 66 61 65 41 68 35 69 91 70 92 70 36 69 42 68 94 71 38 72 62 73 63 73 39 72 95 71 62 74 15 75 65 76 66 76 16 75 63 74 65 77 41 78 97 79 98 79 42 78 66 77 100 80 44 81 68 82 69 82 45 81 101 80 68 83 18 84 73 85 74 85 19 84 69 83 44 86 103 87 71 88 72 88 104 87 45 86 94 89 73 90 38 91 39 91 74 90 95 89 47 92 106 93 76 94 77 94 107 93 48 92 87 95 108 96 109 97 110 97 111 96 88 95 112 98 113 99 114 100 115 100 116 99 117 98 119 101 56 102 87 103 88 103 61 102 120 101 97 104 41 105 91 106 92 106 42 105 98 104 94 107 62 108 121 109 122 109 63 108 95 107 65 110 124 111 62 112 63 112 125 111 66 110 127 113 128 114 129 115 130 115 131 114 132 113 134 116 100 117 68 118 69 118 101 117 135 116 100 119 103 120 44 121 45 121 104 120 101 119 137 122 68 123 73 124 74 124 69 123 138 122 103 125 140 126 71 127 72 127 141 126 104 125 142 128 73 129 94 130 95 130 74 129 143 128 106 131 145 132 76 133 77 133 146 132 107 131 87 134 148 135 149 136 150 136 151 135 88 134 153 137 154 138 155 139 156 139 157 138 158 137 119 140 87 141 160 142 161 142 88 141 120 140 97 143 91 144 163 145 164 145 92 144 98 143 62 146 124 147 121 148 122 148 125 147 63 146 94 149 121 150 166 151 167 151 122 150 95 149 65 152 169 153 124 154 125 154 170 153 66 152 171 155 172 156 173 157 174 157 175 156 176 155 178 158 100 159 134 160 135 160 101 159 179 158 134 161 68 162 137 163 138 163 69 162 135 161 100 164 181 165 103 166 104 166 182 165 101 164 137 167 73 168 142 169 143 169 74 168 138 167 103 170 184 171 140 172 141 172 185 171 104 170 94 173 166 174 142 175 143 175 167 174 95 173 106 176 187 177 145 178 146 178 188 177 107 176 149 179 189 180 190 181 191 181 192 180 150 179 160 182 87 95 149 183 150 183 88 95 161 182 193 184 194 185 195 186 196 186 197 185 198 184 200 187 119 188 160 189 161 189 120 188 201 187 202 190 203 191 204 192 205 192 206 191 207 190 124 193 208 194 121 195 122 195 209 194 125 193 121 196 211 197 166 198 167 198 212 197 122 196 169 199 214 200 124 201 125 201 215 200 170 199 217 202 218 203 219 204 220 204 221 203 222 202 224 205 178 206 134 207 135 207 179 206 225 205 178 208 181 209 100 210 101 210 182 209 179 208 227 211 134 212 137 213 138 213 135 212 228 211 181 214 184 215 103 216 104 216 185 215 182 214 230 217 137 218 142 219 143 219 138 218 231 217 184 220 233 221 140 222 141 222 234 221 185 220 142 223 166 224 235 225 236 225 167 224 143 223 187 226 238 227 145 228 146 228 239 227 188 226 149 229 241 230 242 231 243 231 244 230 150 229 160 232 149 233 246 234 247 234 150 233 161 232 249 235 250 236 251 237 252 237 253 236 254 235 200 238 160 239 256 240 257 240 161 239 201 238 202 241 259 242 203 243 206 243 260 242 207 241 124 244 214 245 208 246 209 246 215 245 125 244 121 247 208 248 211 249 212 249 209 248 122 247 166 250 211 251 261 252 262 252 212 251 167 250 169 253 264 254 214 255 215 255 265 254 170 253 266 256 267 257 268 258 269 258 270 257 271 256 273 259 178 260 224 261 225 261 179 260 274 259 224 262 134 263 227 264 228 264 135 263 225 262 178 265 276 266 181 267 182 267 277 266 179 265 227 268 137 269 230 270 231 270 138 269 228 268 181 271 279 272 184 273 185 273 280 272 182 271 142 274 235 275 282 276 283 276 236 275 143 274 184 277 284 278 233 279 234 279 285 278 185 277 166 280 261 281 235 282 236 282 262 281 167 280 187 283 287 284 238 285 239 285 288 284 188 283 242 286 289 287 290 288 291 288 292 287 243 286 246 289 149 290 242 291 243 291 150 290 247 289 293 292 160 293 246 294 247 294 161 293 294 292 295 295 296 296 297 297 298 297 299 296 300 295 259 298 302 299 203 300 206 300 303 299 260 298 214 301 304 302 208 303 209 303 305 302 215 301 208 304 307 305 211 306 212 306 308 305 209 304 211 307 310 308 261 309 262 309 311 308 212 307 264 310 313 311 214 312 215 312 314 311 265 310 316 313 317 314 318 315 319 315 320 314 321 313 323 316 273 317 224 318 225 318 274 317 324 316 326 319 276 320 178 321 179 321 277 320 327 319 328 322 224 323 227 324 228 324 225 323 329 322 276 325 279 326 181 327 182 327 280 326 277 325 331 328 227 329 230 330 231 330 228 329 332 328 279 331 284 332 184 333 185 333 285 332 280 331 282 334 235 335 334 336 335 336 236 335 283 334 284 337 337 338 233 339 234 339 338 338 285 337 235 340 261 341 339 342 340 342 262 341 236 340 342 343 343 344 344 345 345 345 346 344 347 343 242 346 349 347 350 348 351 348 352 347 243 346 246 349 242 350 353 351 354 351 243 350 247 349 293 352 246 353 356 354 357 354 247 353 294 352 337 355 359 356 342 357 347 357 360 356 338 355 259 358 362 359 302 360 303 360 363 359 260 358 214 361 313 362 304 363 305 363 314 362 215 361 208 364 304 365 307 366 308 366 305 365 209 364 211 367 307 368 310 369 311 369 308 368 212 367 261 370 310 371 364 372 365 372 311 371 262 370 264 373 367 374 313 375 314 375 368 374 265 373 369 376 370 377 371 378 372 378 373 377 374 376 376 379 273 380 323 381 324 381 274 380 377 379 323 382 224 383 328 384 329 384 225 383 324 382 326 385 379 386 276 387 277 387 380 386 327 385 328 388 227 389 331 390 332 390 228 389 329 388 276 391 382 392 279 393 280 393 383 392 277 391 282 394 334 395 385 396 386 396 335 395 283 394 279 397 387 398 284 399 285 399 388 398 280 397 235 400 339 401 334 402 335 402 340 401 236 400 284 403 390 404 337 405 338 405 391 404 285 403 261 406 364 407 339 408 340 408 365 407 262 406 342 409 359 410 343 411 346 411 360 410 347 409 353 412 242 413 350 414 351 414 243 413 354 412 393 415 246 416 353 417 354 417 247 416 394 415 337 418 395 419 359 420 360 420 396 419 338 418 362 421 398 422 302 423 303 423 399 422 363 421 313 424 400 425 304 426 305 426 401 425 314 424 304 427 403 428 307 429 308 429 404 428 305 427 307 430 406 431 310 432 311 432 407 431 308 430 310 433 409 434 364 435 365 435 410 434 311 433 367 436 412 437 313 438 314 438 413 437 368 436 415 439 416 440 417 441 418 441 419 440 420 439 422 442 376 443 323 444 324 444 377 443 423 442 425 445 379 446 326 447 327 447 380 446 426 445 427 448 323 449 328 450 329 450 324 449 428 448 379 451 382 452 276 453 277 453 383 452 380 451 430 454 328 455 331 456 332 456 329 455 431 454 382 457 387 458 279 459 280 459 388 458 383 457 385 460 334 461 433 462 434 462 335 461 386 460 387 463 390 464 284 465 285 465 391 464 388 463 334 466 339 467 436 468 437 468 340 467 335 466 390 469 395 470 337 471 338 471 396 470 391 469 339 472 364 473 439 474 440 474 365 473 340 472 359 475 442 476 343 477 346 477 443 476 360 475 353 478 350 479 445 480 446 480 351 479 354 478 447 481 353 482 448 483 449 483 354 482 450 481 395 484 452 485 359 486 360 486 453 485 396 484 362 487 455 488 398 489 399 489 456 488 363 487 313 490 412 491 400 492 401 492 413 491 314 490 304 493 400 494 403 495 404 495 401 494 305 493 307 496 403 497 406 498 407 498 404 497 308 496 310 499 406 500 409 501 410 501 407 500 311 499 364 372 409 502 457 503 458 503 410 502 365 372 367 504 460 505 412 506 413 506 461 505 368 504 462 507 463 508 464 509 465 509 466 508 467 507 469 510 376 511 422 512 423 512 377 511 470 510 422 513 323 514 427 515 428 515 324 514 423 513 425 516 472 517 379 518 380 518 473 517 426 516 427 519 328 520 430 521 431 521 329 520 428 519 379 522 475 523 382 524 383 524 476 523 380 522 385 525 433 526 478 527 479 527 434 526 386 525 382 528 480 529 387 530 388 530 481 529 383 528 334 531 436 532 433 533 434 533 437 532 335 531 387 534 483 535 390 536 391 536 484 535 388 534 339 537 439 538 436 539 437 539 440 538 340 537 390 540 486 541 395 542 396 542 487 541 391 540 364 543 457 544 439 545 440 545 458 544 365 543 359 546 452 547 442 548 443 548 453 547 360 546 489 549 353 550 445 551 446 551 354 550 490 549 395 552 491 553 452 554 453 554 492 553 396 552 455 555 494 556 398 557 399 557 495 556 456 555 400 558 412 559 496 560 497 560 413 559 401 558 499 561 403 562 400 563 401 563 404 562 500 561 502 564 503 565 403 566 404 566 504 565 505 564 507 567 508 568 503 569 504 569 509 568 510 567 512 570 513 571 508 572 509 572 514 571 515 570 412 573 460 574 517 575 518 575 461 574 413 573 460 576 520 577 491 578 492 578 521 577 461 576 522 579 523 580 524 581 525 581 526 580 527 579 529 582 472 583 425 584 426 584 473 583 530 582 531 585 524 586 532 587 533 587 525 586 534 585 472 588 475 589 379 590 380 590 476 589 473 588 536 591 532 592 537 593 538 593 533 592 539 591 475 594 480 595 382 596 383 596 481 595 476 594 480 597 483 598 387 599 388 599 484 598 481 597 540 600 531 601 536 602 539 602 534 601 541 600 483 603 486 604 390 605 391 605 487 604 484 603 542 606 543 607 540 608 541 608 544 607 545 606 486 609 491 610 395 611 396 611 492 610 487 609 547 612 548 613 542 614 545 614 549 613 550 612 552 615 442 616 452 617 453 617 443 616 553 615 489 618 445 619 555 620 556 620 446 619 490 618 520 621 452 622 491 623 492 623 453 622 521 621 455 624 557 625 494 626 495 626 558 625 456 624 412 627 517 628 496 629 497 629 518 628 413 627 499 630 400 631 496 632 497 632 401 631 500 630 502 633 403 634 499 635 500 635 404 634 505 633 507 636 503 637 502 638 505 638 504 637 510 636 512 639 508 640 507 641 510 641 509 640 515 639 547 642 559 643 548 644 549 644 560 643 550 642 460 645 491 646 517 647 518 647 492 646 461 645 522 648 561 649 523 650 526 650 562 649 527 648 531 651 522 652 524 653 525 653 527 652 534 651 529 654 564 655 472 656 473 656 565 655 530 654 536 657 531 658 532 659 533 659 534 658 539 657 472 660 566 661 475 662 476 662 567 661 473 660 475 663 569 664 480 665 481 665 570 664 476 663 480 666 572 667 483 668 484 668 573 667 481 666 540 669 543 670 531 671 534 671 544 670 541 669 483 672 575 673 486 674 487 674 576 673 484 672 542 675 548 676 543 677 544 677 549 676 545 675 486 678 517 679 491 680 492 680 518 679 487 678 520 681 552 682 452 683 453 683 553 682 521 681 575 684 496 685 517 686 518 686 497 685 576 684 578 687 499 688 496 689 497 689 500 688 579 687 581 690 502 691 499 692 500 692 505 691 582 690 584 693 507 694 502 695 505 695 510 694 585 693 587 696 512 697 507 698 510 698 515 697 588 696 559 699 590 700 548 701 549 701 591 700 560 699 593 702 561 703 522 704 527 704 562 703 594 702 543 705 522 706 531 707 534 707 527 706 544 705 564 708 566 709 472 710 473 710 567 709 565 708 566 711 569 712 475 713 476 713 570 712 567 711 569 714 572 715 480 716 481 716 573 715 570 714 572 717 575 718 483 719 484 719 576 718 573 717 575 720 517 721 486 722 487 722 518 721 576 720 548 723 593 724 543 725 544 725 594 724 549 723 578 726 496 727 575 728 576 728 497 727 579 726 581 729 499 730 578 731 579 731 500 730 582 729 584 732 502 733 581 734 582 734 505 733 585 732 587 735 507 736 584 737 585 737 510 736 588 735 559 738 596 739 590 740 591 740 597 739 560 738 548 741 590 742 593 743 594 743 591 742 549 741 593 744 598 745 561 746 562 746 599 745 594 744 543 747 593 748 522 749 527 749 594 748 544 747 564 750 601 751 566 752 567 752 602 751 565 750 566 753 603 754 569 755 570 755 604 754 567 753 569 756 606 757 572 758 573 758 607 757 570 756 572 759 578 760 575 761 576 761 579 760 573 759 609 762 581 763 578 764 579 764 582 763 610 762 611 765 584 766 581 767 582 767 585 766 612 765 614 768 587 769 584 770 585 770 588 769 615 768 596 771 617 772 590 773 591 773 618 772 597 771 590 774 598 775 593 776 594 776 599 775 591 774 601 777 603 778 566 779 567 779 604 778 602 777 603 780 606 781 569 782 570 782 607 781 604 780 609 783 578 784 572 785 573 785 579 784 610 783 611 786 581 787 609 788 610 788 582 787 612 786 614 789 584 790 611 791 612 791 585 790 615 789 596 792 620 793 617 794 618 794 621 793 597 792 590 795 617 796 598 797 599 797 618 796 591 795 601 798 622 799 603 800 604 800 623 799 602 798 603 801 624 802 606 803 607 803 625 802 604 801 622 804 626 805 624 806 625 806 627 805 623 804 622 807 624 808 603 809 604 809 625 808 623 807</p>
                </triangles>
                <lines count="408" material="Material3">
                    <input offset="0" semantic="VERTEX" source="#ID207" />
                    <p>11 6 14 6 6 27 34 14 14 37 11 55 34 78 85 27 37 93 99 67 55 118 133 67 147 78 85 159 165 93 99 165 177 99 118 199 223 133 232 144 240 147 159 255 165 258 272 177 180 275 255 240 199 301 301 255 322 223 333 232 348 240 258 358 375 272 275 378 421 322 432 333 444 348 358 451 405 408 408 411 411 459 468 375 421 468 471 424 378 471 429 424 432 429 435 432 438 435 441 438 459 441 459 516 554 444 451 554 554 468 563 471 516 589 563 600 574 608 616 589 608 613 613 616 619 616 600 619</p>
                </lines>
            </mesh>
        </geometry>
        <geometry id="ID212">
            <mesh>
                <source id="ID213">
                    <float_array id="ID217" count="1848">6.78305 5.467197 1.52235 3.45035 8.092197 1.52235 6.78305 8.092197 1.52235 6.78305 8.092197 1.52235 3.45035 8.092197 1.52235 6.78305 5.467197 1.52235 3.45035 8.092197 1.52235 6.78305 8.092197 1.52235 6.78305 5.467197 1.52235 3.45035 10.6825 1.52235 3.45035 10.6825 1.52235 3.45035 10.6825 1.52235 10.11575 5.467197 1.52235 10.11575 5.467197 1.52235 10.11575 5.467197 1.52235 3.45035 5.467197 1.52235 3.45035 5.467197 1.52235 3.45035 5.467197 1.52235 6.78305 10.6825 1.52235 6.78305 10.6825 1.52235 6.78305 10.6825 1.52235 0.1176001 10.6825 1.52235 0.1176001 10.6825 1.52235 0.1176001 10.6825 1.52235 10.11575 8.092197 1.52235 10.11575 8.092197 1.52235 10.11575 8.092197 1.52235 10.11575 2.842197 1.52235 10.11575 2.842197 1.52235 10.11575 2.842197 1.52235 6.78305 2.842197 1.52235 6.78305 2.842197 1.52235 6.78305 2.842197 1.52235 0.1176001 8.092197 1.52235 0.1176001 8.092197 1.52235 0.1176001 8.092197 1.52235 3.45035 10.69345 1.5161 3.45035 10.69345 1.5161 3.45035 10.69345 1.5161 0.1205 10.69345 1.5161 0.1205 10.69345 1.5161 0.1205 10.69345 1.5161 13.4485 5.467197 1.52235 13.4485 5.467197 1.52235 13.4485 5.467197 1.52235 13.4485 2.842197 1.52235 13.4485 2.842197 1.52235 13.4485 2.842197 1.52235 3.45035 2.842197 1.52235 3.45035 2.842197 1.52235 3.45035 2.842197 1.52235 0.1176001 5.467197 1.52235 0.1176001 5.467197 1.52235 0.1176001 5.467197 1.52235 6.78305 10.69345 1.5161 6.78305 10.69345 1.5161 6.78305 10.69345 1.5161 10.11575 10.6825 1.52235 10.11575 10.6825 1.52235 10.11575 10.6825 1.52235 0.1205 10.72589 1.43895 0.1205 10.72589 1.43895 0.1205 10.72589 1.43895 0.1176001 10.7148 1.43895 0.1176001 10.7148 1.43895 0.1176001 10.7148 1.43895 13.4485 8.092197 1.52235 13.4485 8.092197 1.52235 13.4485 8.092197 1.52235 13.4485 0.2171974 1.52235 13.4485 0.2171974 1.52235 13.4485 0.2171974 1.52235 10.11575 0.2171974 1.52235 10.11575 0.2171974 1.52235 10.11575 0.2171974 1.52235 6.78305 0.2171974 1.52235 6.78305 0.2171974 1.52235 6.78305 0.2171974 1.52235 0.1176001 8.092197 1.43895 0.1176001 5.467197 1.52235 0.1176001 5.467197 1.52235 0.1176001 8.092197 1.43895 0.1176001 8.092197 1.43895 3.45035 10.70795 1.5161 3.45035 10.70795 1.5161 3.45035 10.70795 1.5161 0.1205 10.70795 1.5161 0.1205 10.70795 1.5161 0.1205 10.70795 1.5161 0.1205 10.7406 1.43895 0.1205 10.7406 1.43895 0.1205 10.7406 1.43895 13.4485 5.467197 1.43895 13.4485 5.467197 1.52235 13.4485 5.467197 1.52235 13.4485 5.467197 1.43895 13.4485 5.467197 1.43895 13.4485 2.842197 1.43895 13.4485 2.842197 1.52235 13.4485 2.842197 1.52235 13.4485 2.842197 1.43895 13.4485 2.842197 1.43895 13.4485 0.2171974 1.43895 13.4485 0.2171974 1.52235 13.4485 0.2171974 1.52235 13.4485 0.2171974 1.43895 13.4485 0.2171974 1.43895 3.45035 0.2171974 1.52235 3.45035 0.2171974 1.52235 3.45035 0.2171974 1.52235 0.1176001 2.842197 1.52235 0.1176001 2.842197 1.52235 0.1176001 2.842197 1.52235 0.1176001 5.467197 1.43895 0.1176001 5.467197 1.43895 0.1176001 5.467197 1.43895 6.78305 10.70795 1.5161 6.78305 10.70795 1.5161 6.78305 10.70795 1.5161 10.11575 10.69345 1.5161 10.11575 10.69345 1.5161 10.11575 10.69345 1.5161 13.4485 10.6825 1.52235 13.4485 10.6825 1.52235 13.4485 10.6825 1.52235 0.1205 10.72589 1.355551 0.1205 10.72589 1.355551 0.1205 10.72589 1.355551 0.1205 10.7406 1.355551 0.1205 10.7406 1.355551 0.1205 10.7406 1.355551 0.1176001 10.7148 1.355551 0.1176001 10.7148 1.355551 0.1176001 10.7148 1.355551 13.4485 8.092197 1.43895 13.4485 8.092197 1.43895 13.4485 8.092197 1.43895 13.4485 0.2171974 1.52235 13.4485 0.2171974 1.43895 10.11575 0.2171974 1.43895 10.11575 0.2171974 1.43895 13.4485 0.2171974 1.43895 13.4485 0.2171974 1.52235 10.11575 0.2171974 1.43895 10.11575 0.2171974 1.52235 10.11575 0.2171974 1.52235 6.78305 0.2171974 1.43895 6.78305 0.2171974 1.52235 6.78305 0.2171974 1.52235 6.78305 0.2171974 1.43895 6.78305 0.2171974 1.43895 3.45035 0.2171974 1.43895 3.45035 0.2171974 1.52235 3.45035 0.2171974 1.52235 3.45035 0.2171974 1.43895 3.45035 0.2171974 1.43895 0.1176001 2.842197 1.52235 0.1176001 2.842197 1.52235 0.1176001 8.092197 1.35555 0.1176001 8.092197 1.35555 0.1176001 8.092197 1.35555 6.78305 10.70795 1.5161 3.45035 10.70795 1.5161 3.45035 10.7172 1.52235 3.45035 10.7172 1.52235 3.45035 10.70795 1.5161 6.78305 10.70795 1.5161 3.45035 10.7172 1.52235 3.45035 10.70795 1.5161 0.1205 10.70795 1.5161 0.1176001 10.7172 1.52235 0.1176001 10.7172 1.52235 0.1205 10.70795 1.5161 3.45035 10.70795 1.5161 0.1176001 10.7172 1.52235 0.1176001 10.74995 1.43895 0.1176001 10.74995 1.43895 0.1176001 10.74995 1.43895 0.1176001 10.74995 1.355551 0.1176001 10.74995 1.355551 0.1176001 10.74995 1.355551 13.4485 5.467197 1.35555 13.4485 5.467197 1.35555 13.4485 5.467197 1.35555 13.4485 2.842197 1.35555 13.4485 2.842197 1.35555 13.4485 2.842197 1.35555 13.4485 0.2171974 1.35555 13.4485 0.2171974 1.35555 13.4485 0.2171974 1.35555 10.11575 0.2171974 1.35555 10.11575 0.2171974 1.35555 10.11575 0.2171974 1.35555 0.1176001 0.2171974 1.43895 0.1176001 0.2171974 1.43895 0.1176001 0.2171974 1.43895 0.1176001 0.2171974 1.52235 0.1176001 0.2171974 1.52235 0.1176001 0.2171974 1.52235 0.1176001 2.842197 1.43895 0.1176001 2.842197 1.43895 0.1176001 2.842197 1.43895 0.1176001 5.467197 1.35555 0.1176001 5.467197 1.35555 0.1176001 5.467197 1.35555 6.78305 10.7172 1.52235 6.78305 10.7172 1.52235 6.78305 10.7172 1.52235 3.45035 10.70795 1.5161 0.1176001 10.7172 1.52235 3.45035 10.7172 1.52235 3.45035 10.7172 1.52235 0.1176001 10.7172 1.52235 3.45035 10.70795 1.5161 10.11575 10.70795 1.5161 10.11575 10.70795 1.5161 10.11575 10.70795 1.5161 0.1176001 10.7172 1.52235 0.1176001 10.7172 1.52235 13.444 10.69345 1.5161 13.444 10.69345 1.5161 13.444 10.69345 1.5161 13.4485 10.7148 1.43895 13.4485 10.7148 1.43895 13.4485 10.7148 1.43895 0.1205 10.69345 1.27835 0.1205 10.69345 1.27835 0.1205 10.69345 1.27835 0.1205 10.70795 1.27835 0.1205 10.70795 1.27835 0.1205 10.70795 1.27835 0.1176001 10.7172 1.2721 0.1176001 10.7172 1.2721 0.1176001 10.7172 1.2721 0.1176001 10.6825 1.2721 0.1176001 10.6825 1.2721 0.1176001 10.6825 1.2721 13.4485 8.092197 1.35555 13.4485 8.092197 1.35555 13.4485 8.092197 1.35555 13.4485 0.2171974 1.35555 13.4485 0.2171974 1.35555 6.78305 0.2171974 1.35555 6.78305 0.2171974 1.35555 6.78305 0.2171974 1.35555 3.45035 0.2171974 1.35555 3.45035 0.2171974 1.35555 3.45035 0.2171974 1.35555 0.1176001 0.2171974 1.35555 0.1176001 0.2171974 1.35555 0.1176001 0.2171974 1.35555 0.1176001 0.2171974 1.52235 0.1176001 0.2171974 1.52235 0.1176001 0.2171974 1.52235 0.1176001 0.2171974 1.52235 0.1176001 8.092197 1.2721 0.1176001 8.092197 1.2721 0.1176001 8.092197 1.2721 6.78305 10.7172 1.52235 3.45035 10.7172 1.52235 3.45035 10.73545 1.52235 3.45035 10.73545 1.52235 3.45035 10.7172 1.52235 6.78305 10.7172 1.52235 3.45035 10.73545 1.52235 10.11575 10.70795 1.5161 6.78305 10.70795 1.5161 6.78305 10.7172 1.52235 6.78305 10.7172 1.52235 6.78305 10.70795 1.5161 10.11575 10.70795 1.5161 0.1176001 10.7172 1.52235 0.1176001 10.73545 1.52235 0.1176001 10.73545 1.52235 0.1176001 10.7172 1.52235 0.1176001 10.73545 1.52235 0.1176001 10.76815 1.43895 0.1176001 10.76815 1.43895 0.1176001 10.76815 1.43895 0.1176001 10.76815 1.355551 0.1176001 10.76815 1.355551 0.1176001 10.76815 1.355551 0.1176001 10.73545 1.2721 0.1176001 10.73545 1.2721 0.1176001 10.73545 1.2721 13.4485 5.467197 1.2721 13.4485 5.467197 1.2721 13.4485 5.467197 1.2721 13.4485 2.842197 1.2721 13.4485 2.842197 1.2721 13.4485 2.842197 1.2721 13.4485 0.2171974 1.2721 13.4485 0.2171974 1.2721 13.4485 0.2171974 1.2721 10.11575 0.2171974 1.2721 10.11575 0.2171974 1.2721 10.11575 0.2171974 1.2721 6.78305 0.2171974 1.2721 6.78305 0.2171974 1.2721 6.78305 0.2171974 1.2721 0.1176001 2.842197 1.35555 0.1176001 0.2171974 1.43895 0.1176001 0.2171974 1.35555 0.1176001 0.2171974 1.35555 0.1176001 0.2171974 1.43895 0.1176001 2.842197 1.35555 0.1176001 2.842197 1.35555 0.1176001 5.467197 1.2721 0.1176001 5.467197 1.2721 0.1176001 5.467197 1.2721 6.78305 10.73545 1.52235 6.78305 10.73545 1.52235 6.78305 10.73545 1.52235 10.11575 10.70795 1.5161 6.78305 10.7172 1.52235 10.11575 10.7172 1.52235 10.11575 10.7172 1.52235 6.78305 10.7172 1.52235 10.11575 10.70795 1.5161 10.11575 10.7172 1.52235 0.1176001 10.73545 1.52235 0.1176001 10.73545 1.52235 13.444 10.70795 1.5161 13.444 10.70795 1.5161 13.444 10.70795 1.5161 13.444 10.72589 1.43895 13.444 10.72589 1.43895 13.444 10.72589 1.43895 13.4485 10.7148 1.355551 13.4485 10.7148 1.355551 13.4485 10.7148 1.355551 3.45035 10.69345 1.27835 3.45035 10.69345 1.27835 3.45035 10.69345 1.27835 3.45035 10.70795 1.27835 3.45035 10.70795 1.27835 3.45035 10.70795 1.27835 3.45035 10.7172 1.2721 0.1176001 10.7172 1.2721 0.1205 10.70795 1.27835 0.1205 10.70795 1.27835 0.1176001 10.7172 1.2721 3.45035 10.7172 1.2721 3.45035 10.7172 1.2721 3.45035 10.73545 1.2721 0.1176001 10.73545 1.2721 0.1176001 10.7172 1.2721 0.1176001 10.7172 1.2721 0.1176001 10.73545 1.2721 3.45035 10.73545 1.2721 3.45035 10.73545 1.2721 3.45035 10.6825 1.2721 3.45035 10.6825 1.2721 3.45035 10.6825 1.2721 13.4485 8.092197 1.2721 13.4485 8.092197 1.2721 13.4485 8.092197 1.2721 13.4485 0.2171974 1.2721 13.4485 0.2171974 1.2721 3.45035 0.2171974 1.2721 3.45035 0.2171974 1.2721 3.45035 0.2171974 1.2721 0.1176001 0.2171974 1.2721 0.1176001 0.2171974 1.2721 0.1176001 0.2171974 1.2721 0.1176001 2.842197 1.2721 0.1176001 2.842197 1.2721 0.1176001 2.842197 1.2721 3.45035 8.092197 1.2721 0.1176001 5.467197 1.2721 0.1176001 5.467197 1.2721 3.45035 8.092197 1.2721 3.45035 8.092197 1.2721 0.1176001 10.73545 1.52235 3.45035 10.76815 1.43895 3.45035 10.73545 1.52235 3.45035 10.73545 1.52235 3.45035 10.76815 1.43895 0.1176001 10.73545 1.52235 3.45035 10.76815 1.43895 3.45035 10.73545 1.52235 6.78305 10.76815 1.43895 6.78305 10.73545 1.52235 6.78305 10.73545 1.52235 6.78305 10.76815 1.43895 3.45035 10.73545 1.52235 6.78305 10.76815 1.43895 10.11575 10.7172 1.52235 10.11575 10.7172 1.52235 13.444 10.70795 1.5161 10.11575 10.70795 1.5161 10.11575 10.7172 1.52235 10.11575 10.7172 1.52235 10.11575 10.70795 1.5161 13.444 10.70795 1.5161 0.1176001 10.76815 1.43895 0.1176001 10.76815 1.43895 0.1176001 10.76815 1.355551 3.45035 10.76815 1.355551 3.45035 10.76815 1.355551 0.1176001 10.76815 1.355551 3.45035 10.76815 1.355551 0.1176001 10.73545 1.2721 3.45035 10.73545 1.2721 3.45035 10.73545 1.2721 0.1176001 10.73545 1.2721 3.45035 10.7172 1.2721 0.1205 10.70795 1.27835 3.45035 10.70795 1.27835 3.45035 10.70795 1.27835 0.1205 10.70795 1.27835 3.45035 10.7172 1.2721 3.45035 10.7172 1.2721 3.45035 10.7172 1.2721 10.11575 5.467197 1.2721 13.4485 5.467197 1.2721 13.4485 5.467197 1.2721 10.11575 5.467197 1.2721 10.11575 5.467197 1.2721 10.11575 2.842197 1.2721 13.4485 2.842197 1.2721 13.4485 2.842197 1.2721 10.11575 2.842197 1.2721 10.11575 2.842197 1.2721 10.11575 0.2171974 1.2721 13.4485 0.2171974 1.2721 13.4485 0.2171974 1.2721 10.11575 0.2171974 1.2721 6.78305 0.2171974 1.2721 6.78305 0.2171974 1.2721 6.78305 2.842197 1.2721 3.45035 0.2171974 1.2721 3.45035 0.2171974 1.2721 6.78305 2.842197 1.2721 6.78305 2.842197 1.2721 0.1176001 0.2171974 1.2721 0.1176001 0.2171974 1.2721 3.45035 5.467197 1.2721 3.45035 5.467197 1.2721 3.45035 5.467197 1.2721 6.78305 10.73545 1.52235 10.11575 10.76815 1.43895 10.11575 10.76815 1.43895 6.78305 10.73545 1.52235 10.11575 10.76815 1.43895 10.11575 10.73545 1.52235 10.11575 10.73545 1.52235 10.11575 10.73545 1.52235 13.4485 10.7172 1.52235 13.444 10.70795 1.5161 10.11575 10.7172 1.52235 10.11575 10.7172 1.52235 13.444 10.70795 1.5161 13.4485 10.7172 1.52235 13.4485 10.7172 1.52235 13.444 10.7406 1.43895 13.444 10.7406 1.43895 13.444 10.7406 1.43895 3.45035 10.73545 1.2721 3.45035 10.73545 1.2721 13.444 10.72589 1.355551 13.444 10.72589 1.355551 13.444 10.72589 1.355551 13.4485 10.6825 1.2721 13.4485 10.6825 1.2721 13.4485 10.6825 1.2721 6.78305 10.70795 1.27835 6.78305 10.70795 1.27835 6.78305 10.70795 1.27835 6.78305 10.69345 1.27835 6.78305 10.69345 1.27835 6.78305 10.69345 1.27835 6.78305 10.7172 1.2721 3.45035 10.7172 1.2721 3.45035 10.70795 1.27835 3.45035 10.70795 1.27835 3.45035 10.7172 1.2721 6.78305 10.7172 1.2721 6.78305 10.7172 1.2721 6.78305 10.73545 1.2721 6.78305 10.73545 1.2721 6.78305 10.73545 1.2721 6.78305 10.6825 1.2721 6.78305 10.6825 1.2721 6.78305 10.6825 1.2721 10.11575 8.092197 1.2721 10.11575 8.092197 1.2721 10.11575 8.092197 1.2721 3.45035 2.842197 1.2721 3.45035 2.842197 1.2721 3.45035 2.842197 1.2721 0.1176001 0.2171974 1.2721 0.1176001 0.2171974 1.2721 0.1176001 2.842197 1.2721 0.1176001 2.842197 1.2721 6.78305 8.092197 1.2721 6.78305 8.092197 1.2721 6.78305 8.092197 1.2721 6.78305 10.76815 1.355551 6.78305 10.76815 1.355551 6.78305 10.76815 1.355551 10.11575 10.76815 1.355551 10.11575 10.76815 1.355551 10.11575 10.76815 1.355551 6.78305 10.73545 1.52235 10.11575 10.73545 1.52235 10.11575 10.73545 1.52235 6.78305 10.73545 1.52235 13.4485 10.7172 1.52235 13.4485 10.7172 1.52235 13.4485 10.7172 1.52235 13.4485 10.7172 1.52235 3.45035 10.73545 1.2721 6.78305 10.73545 1.2721 6.78305 10.73545 1.2721 3.45035 10.73545 1.2721 6.78305 10.70795 1.27835 6.78305 10.70795 1.27835 6.78305 10.7172 1.2721 6.78305 10.7172 1.2721 6.78305 5.467197 1.2721 6.78305 5.467197 1.2721 6.78305 5.467197 1.2721 13.4485 10.76815 1.355551 13.4485 10.76815 1.355551 13.4485 10.76815 1.355551 10.11575 10.73545 1.52235 13.4485 10.76815 1.43895 13.4485 10.76815 1.43895 10.11575 10.73545 1.52235 13.4485 10.76815 1.43895 13.4485 10.73545 1.52235 13.4485 10.73545 1.52235 13.4485 10.73545 1.52235 13.4485 10.74995 1.43895 13.4485 10.74995 1.43895 13.4485 10.74995 1.43895 13.444 10.7406 1.355551 13.444 10.7406 1.355551 13.444 10.7406 1.355551 13.444 10.69345 1.27835 13.444 10.69345 1.27835 13.444 10.69345 1.27835 10.11575 10.6825 1.2721 10.11575 10.6825 1.2721 10.11575 10.6825 1.2721 10.11575 10.7172 1.2721 6.78305 10.7172 1.2721 6.78305 10.70795 1.27835 6.78305 10.70795 1.27835 6.78305 10.7172 1.2721 10.11575 10.7172 1.2721 10.11575 10.7172 1.2721 10.11575 10.70795 1.27835 10.11575 10.70795 1.27835 10.11575 10.70795 1.27835 10.11575 10.69345 1.27835 10.11575 10.69345 1.27835 10.11575 10.69345 1.27835 10.11575 10.73545 1.2721 10.11575 10.73545 1.2721 10.11575 10.73545 1.2721 10.11575 10.73545 1.2721 10.11575 10.73545 1.2721 13.4485 10.73545 1.2721 13.4485 10.73545 1.2721 13.4485 10.73545 1.2721 10.11575 10.73545 1.52235 13.4485 10.73545 1.52235 13.4485 10.73545 1.52235 10.11575 10.73545 1.52235 13.4485 10.73545 1.52235 13.4485 10.73545 1.52235 10.11575 10.7172 1.2721 10.11575 10.7172 1.2721 10.11575 10.7172 1.2721 6.78305 10.70795 1.27835 10.11575 10.70795 1.27835 10.11575 10.70795 1.27835 6.78305 10.70795 1.27835 10.11575 10.7172 1.2721 10.11575 10.73545 1.2721 13.4485 10.73545 1.2721 13.4485 10.73545 1.2721 10.11575 10.73545 1.2721 13.4485 10.76815 1.355551 13.4485 10.73545 1.2721 13.4485 10.7172 1.2721 13.4485 10.7172 1.2721 13.4485 10.73545 1.2721 13.4485 10.76815 1.355551 13.4485 10.7172 1.2721 13.4485 10.74995 1.355551 13.4485 10.76815 1.43895 13.4485 10.76815 1.43895 13.4485 10.74995 1.355551 13.4485 10.74995 1.355551 13.444 10.70795 1.27835 13.444 10.70795 1.27835 13.444 10.70795 1.27835 13.4485 10.73545 1.2721 13.4485 10.73545 1.2721 13.4485 10.7172 1.2721 10.11575 10.7172 1.2721 10.11575 10.70795 1.27835 10.11575 10.70795 1.27835 10.11575 10.7172 1.2721 13.4485 10.7172 1.2721 13.4485 10.7172 1.2721 13.4485 10.7172 1.2721 13.4485 10.7172 1.2721 10.11575 10.70795 1.27835 13.444 10.70795 1.27835 13.444 10.70795 1.27835 10.11575 10.70795 1.27835 13.4485 10.7172 1.2721</float_array>
                    <technique_common>
                        <accessor count="616" source="#ID217" stride="3">
                            <param name="X" type="float" />
                            <param name="Y" type="float" />
                            <param name="Z" type="float" />
                        </accessor>
                    </technique_common>
                </source>
                <source id="ID214">
                    <float_array id="ID218" count="1848">0 4.371139e-08 -1 0 4.371139e-08 -1 0 4.371139e-08 -1 -0 -4.371139e-08 1 -0 -4.371139e-08 1 -0 -4.371139e-08 1 0 0 0 0 0 0 0 0 0 -1.607062e-19 -0.2564655 -0.9665534 1.607062e-19 0.2564655 0.9665534 0 0 0 0 4.371139e-08 -1 -0 -4.371139e-08 1 0 0 0 0 4.371139e-08 -1 -0 -4.371139e-08 1 0 0 0 -1.073166e-19 -0.2564655 -0.9665534 1.073166e-19 0.2564655 0.9665534 0 0 0 0.6604169 -0.2253247 -0.7162949 -0.6604169 0.2253247 0.7162949 0 0 0 0 4.371139e-08 -1 -0 -4.371139e-08 1 0 0 0 0 4.371139e-08 -1 -0 -4.371139e-08 1 0 0 0 0 4.371139e-08 -1 -0 -4.371139e-08 1 0 0 0 0.7071068 3.090862e-08 -0.7071068 -0.7071068 -3.090862e-08 0.7071068 0 0 0 -1.608359e-19 -0.2564655 -0.9665534 1.608359e-19 0.2564655 0.9665534 0 0 0 0.6685959 -0.3259633 -0.6683767 -0.6685959 0.3259633 0.6683767 0 0 0 0 4.371139e-08 -1 -0 -4.371139e-08 1 0 0 0 0 4.371139e-08 -1 -0 -4.371139e-08 1 0 0 0 0 4.371139e-08 -1 -0 -4.371139e-08 1 0 0 0 0 4.371139e-08 -1 -0 -4.371139e-08 1 0 0 0 -1.069294e-19 -0.2564655 -0.9665534 1.069294e-19 0.2564655 0.9665534 0 0 0 -2.581207e-22 -0.2564655 -0.9665534 2.581207e-22 0.2564655 0.9665534 0 0 0 0.9934652 -0.1125288 -0.01908516 -0.9934652 0.1125288 0.01908516 0 0 0 0.9894084 -0.1419755 -0.03023201 -0.9894084 0.1419755 0.03023201 0 0 0 -0.7071068 3.090862e-08 -0.7071068 0.7071068 -3.090862e-08 0.7071068 0 0 0 0 4.371139e-08 -1 -0 -4.371139e-08 1 0 0 0 0 4.371139e-08 -1 -0 -4.371139e-08 1 0 0 0 0 4.371139e-08 -1 -0 -4.371139e-08 1 0 0 0 1 0 0 1 0 0 -1 -0 -0 -1 -0 -0 0 0 0 0 4.371139e-08 -1 -0 -4.371139e-08 1 0 0 0 0.92862 0.1080015 -0.3549656 -0.92862 -0.1080015 0.3549656 0 0 0 0.9850002 0.1680259 0.03926673 -0.9850002 -0.1680259 -0.03926673 0 0 0 -1 0 0 -1 0 0 1 -0 -0 1 -0 -0 0 0 0 -1 0 0 -1 0 0 1 -0 -0 1 -0 -0 0 0 0 -1 0 0 -1 0 0 1 -0 -0 1 -0 -0 0 0 0 0 4.371139e-08 -1 -0 -4.371139e-08 1 0 0 0 0 4.371139e-08 -1 -0 -4.371139e-08 1 0 0 0 1 0 0 -1 -0 -0 0 0 0 0 4.371139e-08 -1 -0 -4.371139e-08 1 0 0 0 0 -0.2564655 -0.9665534 -0 0.2564655 0.9665534 0 0 0 -0.662845 -0.2437204 -0.7079809 0.662845 0.2437204 0.7079809 0 0 0 0.9935686 -0.1114353 0.02009042 -0.9935686 0.1114353 -0.02009042 0 0 0 0.9853268 0.1668163 -0.03610278 -0.9853268 -0.1668163 0.03610278 0 0 0 0.9891516 -0.1431201 0.03310146 -0.9891516 0.1431201 -0.03310146 0 0 0 -1 0 0 1 -0 -0 0 0 0 0 1 4.371139e-08 0 1 4.371139e-08 0 1 4.371139e-08 -0 -1 -4.371139e-08 -0 -1 -4.371139e-08 -0 -1 -4.371139e-08 0 0 0 0 1 4.371139e-08 -0 -1 -4.371139e-08 0 1 4.371139e-08 0 1 4.371139e-08 -0 -1 -4.371139e-08 -0 -1 -4.371139e-08 0 0 0 0 1 4.371139e-08 0 1 4.371139e-08 -0 -1 -4.371139e-08 -0 -1 -4.371139e-08 0 0 0 1 0 0 -1 -0 -0 1 0 0 -1 -0 -0 0 0 0 1.384566e-19 0.5598323 -0.8286059 1.384566e-19 0.5598323 -0.8286059 1.384566e-19 0.5598323 -0.8286059 -1.384566e-19 -0.5598323 0.8286059 -1.384566e-19 -0.5598323 0.8286059 -1.384566e-19 -0.5598323 0.8286059 0 0 0 1.386937e-19 0.5598323 -0.8286059 1.386937e-19 0.5598323 -0.8286059 1.386937e-19 0.5598323 -0.8286059 -1.386937e-19 -0.5598323 0.8286059 -1.386937e-19 -0.5598323 0.8286059 -1.386937e-19 -0.5598323 0.8286059 0 0 0 0.9911041 0.1309725 0.02364102 -0.9911041 -0.1309725 -0.02364102 0 0 0 0.9909709 0.1321709 -0.02253018 -0.9909709 -0.1321709 0.02253018 0 0 0 -1 0 0 1 -0 -0 0 0 0 -1 0 0 1 -0 -0 0 0 0 -1 0 0 1 -0 -0 0 0 0 0 1 4.371139e-08 -0 -1 -4.371139e-08 0 0 0 0 1 4.371139e-08 -0 -1 -4.371139e-08 0 0 0 0 4.371139e-08 -1 -0 -4.371139e-08 1 0 0 0 1 0 0 -1 -0 -0 0 0 0 1 0 0 -1 -0 -0 0 0 0 1.384566e-19 0.5598323 -0.8286059 -1.384566e-19 -0.5598323 0.8286059 0 0 0 1.384524e-19 0.5598323 -0.8286059 1.384524e-19 0.5598323 -0.8286059 1.384524e-19 0.5598323 -0.8286059 -1.384524e-19 -0.5598323 0.8286059 -1.384524e-19 -0.5598323 0.8286059 -1.384524e-19 -0.5598323 0.8286059 0 4.371139e-08 -1 -0 -4.371139e-08 1 0 0 0 0.9904478 0.1283478 0.0503991 -0.9904478 -0.1283478 -0.0503991 -0.6163519 -0.3842973 -0.6873325 0.6163519 0.3842973 0.6873325 0 0 0 -0.9755904 -0.2140211 -0.04917667 0.9755904 0.2140211 0.04917667 0 0 0 0.6741654 -0.3225174 0.6644423 -0.6741654 0.3225174 -0.6644423 0 0 0 0.9295738 0.1049576 0.3533787 -0.9295738 -0.1049576 -0.3533787 0 0 0 0.9901889 0.1288329 -0.05411149 -0.9901889 -0.1288329 0.05411149 0 0 0 0.660804 -0.226455 0.715581 -0.660804 0.226455 -0.715581 0 0 0 -1 0 0 1 -0 -0 0 0 0 0 1 4.371139e-08 -0 -1 -4.371139e-08 0 1 4.371139e-08 -0 -1 -4.371139e-08 0 0 0 0 1 4.371139e-08 -0 -1 -4.371139e-08 0 0 0 0 1 4.371139e-08 -0 -1 -4.371139e-08 0 0 0 0 1 4.371139e-08 -0 -1 -4.371139e-08 1 0 0 -1 -0 -0 0.7071068 -3.090862e-08 0.7071068 -0.7071068 3.090862e-08 -0.7071068 0 0 0 0 4.371139e-08 -1 0 4.371139e-08 -1 0 4.371139e-08 -1 -0 -4.371139e-08 1 -0 -4.371139e-08 1 -0 -4.371139e-08 1 0 0 0 1.384565e-19 0.5598323 -0.8286059 1.384565e-19 0.5598323 -0.8286059 1.384565e-19 0.5598323 -0.8286059 -1.384565e-19 -0.5598323 0.8286059 -1.384565e-19 -0.5598323 0.8286059 -1.384565e-19 -0.5598323 0.8286059 0 4.371139e-08 -1 0 4.371139e-08 -1 -0 -4.371139e-08 1 -0 -4.371139e-08 1 0 0 0 1 0 0 -1 -0 -0 0 0 0 1 0 0 -1 -0 -0 0 0 0 1 0 0 -1 -0 -0 0 0 0 -1 0 0 1 -0 -0 0 0 0 -1 0 0 1 -0 -0 0 0 0 -1 0 0 1 -0 -0 0 0 0 0 1 4.371139e-08 -0 -1 -4.371139e-08 0 0 0 0 1 4.371139e-08 -0 -1 -4.371139e-08 0 0 0 1 0 0 1 0 0 1 0 0 -1 -0 -0 -1 -0 -0 -1 -0 -0 0 0 0 1 0 0 -1 -0 -0 0 0 0 0 4.371139e-08 -1 -0 -4.371139e-08 1 0 0 0 0 0.5598323 -0.8286059 0 0.5598323 -0.8286059 0 0.5598323 -0.8286059 -0 -0.5598323 0.8286059 -0 -0.5598323 0.8286059 -0 -0.5598323 0.8286059 0 0 0 1 0 0 -1 -0 -0 -0.9274531 0.1582362 -0.3388097 0.9274531 -0.1582362 0.3388097 0 0 0 -0.985386 -0.1676079 -0.03036388 0.985386 0.1676079 0.03036388 0 0 0 -0.9761525 -0.2123888 0.0449142 0.9761525 0.2123888 -0.0449142 0 0 0 1.069263e-19 -0.2564656 0.9665534 -1.069263e-19 0.2564656 -0.9665534 0 0 0 0 -4.371139e-08 1 -0 4.371139e-08 -1 0 0 0 0 0.5598322 0.828606 0 0.5598322 0.828606 0 0.5598322 0.828606 -0 -0.5598322 -0.828606 -0 -0.5598322 -0.828606 -0 -0.5598322 -0.828606 0 0 0 0 -4.371139e-08 1 0 -4.371139e-08 1 0 -4.371139e-08 1 -0 4.371139e-08 -1 -0 4.371139e-08 -1 -0 4.371139e-08 -1 0 0 0 1.073135e-19 -0.2564656 0.9665534 -1.073135e-19 0.2564656 -0.9665534 0 0 0 -0.7071068 -3.090862e-08 0.7071068 0.7071068 3.090862e-08 -0.7071068 0 0 0 0 1 4.371139e-08 -0 -1 -4.371139e-08 0 1 4.371139e-08 -0 -1 -4.371139e-08 0 0 0 0 1 4.371139e-08 -0 -1 -4.371139e-08 0 0 0 1 0 0 -1 -0 -0 0 0 0 0 -4.371139e-08 1 0 -4.371139e-08 1 -0 4.371139e-08 -1 -0 4.371139e-08 -1 0 0 0 0 -0.9309971 -0.3650266 -2.493213e-19 -0.9825979 -0.1857457 0 -0.9309971 -0.3650266 -0 0.9309971 0.3650266 2.493213e-19 0.9825979 0.1857457 -0 0.9309971 0.3650266 0 0 0 -9.799305e-19 -0.9309971 -0.3650266 -4.986425e-19 -0.9825979 -0.1857457 -9.799305e-19 -0.9309971 -0.3650266 9.799305e-19 0.9309971 0.3650266 4.986425e-19 0.9825979 0.1857457 9.799305e-19 0.9309971 0.3650266 0 0 0 0 4.371139e-08 -1 -0 -4.371139e-08 1 1.388271e-19 0.5598323 -0.8286059 1.388271e-19 0.5598323 -0.8286059 1.388271e-19 0.5598323 -0.8286059 -1.388271e-19 -0.5598323 0.8286059 -1.388271e-19 -0.5598323 0.8286059 -1.388271e-19 -0.5598323 0.8286059 0 -0.9825979 -0.1857457 -0 0.9825979 0.1857457 8.525068e-21 -0.9826168 0.1856454 2.490299e-19 -0.9826168 0.1856454 -2.490299e-19 0.9826168 -0.1856454 -8.525068e-21 0.9826168 -0.1856454 0 0 0 0 -0.9310715 0.3648367 0 -0.9310715 0.3648367 -0 0.9310715 -0.3648367 -0 0.9310715 -0.3648367 -4.16081e-19 0.5598322 0.828606 -4.16081e-19 0.5598322 0.828606 -4.16081e-19 0.5598322 0.828606 4.16081e-19 -0.5598322 -0.828606 4.16081e-19 -0.5598322 -0.828606 4.16081e-19 -0.5598322 -0.828606 0 -4.371139e-08 1 -0 4.371139e-08 -1 0 -4.371139e-08 1 0 -4.371139e-08 1 -0 4.371139e-08 -1 -0 4.371139e-08 -1 0 0 0 0 -4.371139e-08 1 0 -4.371139e-08 1 -0 4.371139e-08 -1 -0 4.371139e-08 -1 0 0 0 0 -4.371139e-08 1 0 -4.371139e-08 1 -0 4.371139e-08 -1 -0 4.371139e-08 -1 0 -4.371139e-08 1 -0 4.371139e-08 -1 0 -4.371139e-08 1 0 -4.371139e-08 1 -0 4.371139e-08 -1 -0 4.371139e-08 -1 0 0 0 1 0 0 -1 -0 -0 0 -4.371139e-08 1 -0 4.371139e-08 -1 0 0 0 -9.799299e-19 -0.9309971 -0.3650266 -4.265365e-21 -0.9825979 -0.1857457 4.265365e-21 0.9825979 0.1857457 9.799299e-19 0.9309971 0.3650266 0 0 0 0 4.371139e-08 -1 -0 -4.371139e-08 1 0 0 0 1.384525e-19 0.5598323 -0.8286059 1.384525e-19 0.5598323 -0.8286059 1.384525e-19 0.5598323 -0.8286059 -1.384525e-19 -0.5598323 0.8286059 -1.384525e-19 -0.5598323 0.8286059 -1.384525e-19 -0.5598323 0.8286059 0 0 0 -0.9677337 0.2463549 0.05292169 0.9677337 -0.2463549 -0.05292169 0 0 0 9.788037e-19 -0.9310715 0.3648367 -9.788037e-19 0.9310715 -0.3648367 -0.9851482 -0.1692707 0.02881726 0.9851482 0.1692707 -0.02881726 0 0 0 -0.6623503 -0.2420061 0.7090311 0.6623503 0.2420061 -0.7090311 0 0 0 0 -4.371139e-08 1 -0 4.371139e-08 -1 0 0 0 1.070585e-19 -0.2564656 0.9665534 -1.070585e-19 0.2564656 -0.9665534 0 0 0 -1.384566e-19 0.5598322 0.828606 -1.384566e-19 0.5598322 0.828606 -1.384566e-19 0.5598322 0.828606 1.384566e-19 -0.5598322 -0.828606 1.384566e-19 -0.5598322 -0.828606 1.384566e-19 -0.5598322 -0.828606 0 0 0 0 -4.371139e-08 1 -0 4.371139e-08 -1 0 0 0 1.073167e-19 -0.2564656 0.9665534 -1.073167e-19 0.2564656 -0.9665534 0 0 0 0 -4.371139e-08 1 -0 4.371139e-08 -1 0 0 0 0 -4.371139e-08 1 -0 4.371139e-08 -1 0 0 0 0 -4.371139e-08 1 -0 4.371139e-08 -1 0 -4.371139e-08 1 -0 4.371139e-08 -1 0 -4.371139e-08 1 -0 4.371139e-08 -1 0 0 0 0 -0.9826168 0.1856454 -0 0.9826168 -0.1856454 0 0 0 -4.262536e-21 -0.9826168 0.1856454 4.262536e-21 0.9826168 -0.1856454 0 0 0 0 -0.9309971 -0.3650266 0 -0.9309971 -0.3650266 -0 0.9309971 0.3650266 -0 0.9309971 0.3650266 0 4.371139e-08 -1 -0 -4.371139e-08 1 -0.9776388 0.1938729 0.08145954 0.9776388 -0.1938729 -0.08145954 0 -0.9310715 0.3648367 0 -0.9310715 0.3648367 -0 0.9310715 -0.3648367 -0 0.9310715 -0.3648367 -1.384566e-19 0.5598322 0.828606 1.384566e-19 -0.5598322 -0.828606 0 -4.371139e-08 1 -0 4.371139e-08 -1 0 -4.371139e-08 1 -0 4.371139e-08 -1 0 0 0 -4.980599e-19 -0.9826168 0.1856454 4.980599e-19 0.9826168 -0.1856454 0 0 0 0 -0.9309971 -0.3650266 -4.900975e-19 -0.9825979 -0.1857457 4.900975e-19 0.9825979 0.1857457 -0 0.9309971 0.3650266 0 0 0 0 4.371139e-08 -1 -0 -4.371139e-08 1 0 0 0 -0.9799072 0.1965847 0.03370902 0.9799072 -0.1965847 -0.03370902 0 0 0 -0.9670671 0.2479696 -0.05737936 0.9670671 -0.2479696 0.05737936 0 0 0 -0.6083437 -0.3877591 0.6925034 0.6083437 0.3877591 -0.6925034 0 0 0 1.07446e-19 -0.2564656 0.9665534 -1.07446e-19 0.2564656 -0.9665534 0 0 0 -1.384565e-19 0.5598322 0.828606 -1.384565e-19 0.5598322 0.828606 -1.384565e-19 0.5598322 0.828606 1.384565e-19 -0.5598322 -0.828606 1.384565e-19 -0.5598322 -0.828606 1.384565e-19 -0.5598322 -0.828606 0 0 0 0 -4.371139e-08 1 -0 4.371139e-08 -1 0 0 0 1.070585e-19 -0.2564656 0.9665534 -1.070585e-19 0.2564656 -0.9665534 0 0 0 0 -4.371139e-08 1 -0 4.371139e-08 -1 0 0 0 0 -0.9310715 0.3648367 -0 0.9310715 -0.3648367 -9.788041e-19 -0.9310715 0.3648367 9.788041e-19 0.9310715 -0.3648367 0 0 0 -9.799013e-19 -0.9309971 -0.3650266 -9.799013e-19 -0.9309971 -0.3650266 9.799013e-19 0.9309971 0.3650266 9.799013e-19 0.9309971 0.3650266 -1 0 0 1 -0 -0 0 -4.371139e-08 1 -0 4.371139e-08 -1 0 0.5598322 0.828606 0 0.5598322 0.828606 0 0.5598322 0.828606 -0 -0.5598322 -0.828606 -0 -0.5598322 -0.828606 -0 -0.5598322 -0.828606 0 -0.9310715 0.3648367 0 -0.9310715 0.3648367 -0 0.9310715 -0.3648367 -0 0.9310715 -0.3648367 -1 0 0 -1 0 0 -0.9782341 0.1931622 -0.07580463 0.9782341 -0.1931622 0.07580463 1 -0 -0 1 -0 -0 0 0 0 -0.9801971 0.1948447 -0.03534326 -1 0 0 1 -0 -0 0.9801971 -0.1948447 0.03534326 0 0 0 -0.9257356 0.162733 0.3413672 0.9257356 -0.162733 -0.3413672 0 0 0 0 -4.371139e-08 1 -0 4.371139e-08 -1 -2.769049e-19 0.5598322 0.828606 -2.769049e-19 0.5598322 0.828606 -2.769049e-19 0.5598322 0.828606 2.769049e-19 -0.5598322 -0.828606 2.769049e-19 -0.5598322 -0.828606 2.769049e-19 -0.5598322 -0.828606 0 -4.371139e-08 1 -0 4.371139e-08 -1 -1.388271e-19 0.5598322 0.828606 -1.388271e-19 0.5598322 0.828606 -1.388271e-19 0.5598322 0.828606 1.388271e-19 -0.5598322 -0.828606 1.388271e-19 -0.5598322 -0.828606 1.388271e-19 -0.5598322 -0.828606</float_array>
                    <technique_common>
                        <accessor count="616" source="#ID218" stride="3">
                            <param name="X" type="float" />
                            <param name="Y" type="float" />
                            <param name="Z" type="float" />
                        </accessor>
                    </technique_common>
                </source>
                <source id="ID216">
                    <float_array id="ID219" count="1626">0.409333 0.50139 0.345792 0.419831 0.345802 0.50139 0.345792 0.50139 0.345802 0.419841 0.282867 0.419831 0.409333 0.582948 0.409343 0.5014 0.345792 0.50139 0.409333 0.50139 0.409343 0.419841 0.345792 0.419831 0.345792 0.50139 0.282867 0.419831 0.282877 0.50139 0.345792 0.419831 0.282867 0.338286 0.282877 0.419831 0.409333 0.582948 0.345802 0.582948 0.472874 0.582948 0.409333 0.50139 0.409343 0.582948 0.472874 0.50139 0.409333 0.419831 0.409343 0.50139 0.409333 0.419831 0.345792 0.338286 0.345802 0.419831 0.282867 0.50139 0.282877 0.419841 0.282564 0.419831 0.345792 0.582948 0.345802 0.5014 0.282867 0.50139 0.282867 0.419831 0.282877 0.338296 0.282564 0.338286 0.345792 0.419831 0.345802 0.338296 0.282867 0.338286 0.409333 0.664486 0.409343 0.582958 0.345792 0.582948 0.472874 0.664486 0.472884 0.582958 0.409333 0.582948 0.472874 0.582948 0.472884 0.5014 0.409333 0.50139 0.472874 0.50139 0.472884 0.419841 0.409333 0.419831 0.409333 0.419831 0.409343 0.338296 0.345792 0.338286 0.282867 0.50139 0.282564 0.419831 0.282574 0.50139 0.282867 0.419831 0.282564 0.338286 0.282574 0.419831 0.345792 0.582948 0.282867 0.50139 0.282877 0.582948 0.803827 0.993698 0.801079 0.99271 0.800861 0.992357 0.803828 0.993342 0.800861 0.992357 0.800858 0.912327 0.409333 0.664486 0.345792 0.582948 0.345802 0.664486 0.472874 0.664486 0.409333 0.582948 0.409343 0.664486 0.536415 0.664486 0.472874 0.582948 0.472884 0.664486 0.536415 0.582948 0.472874 0.50139 0.472884 0.582948 0.536415 0.50139 0.472874 0.419831 0.472884 0.50139 0.472874 0.419831 0.409333 0.338286 0.409343 0.419831 0.803824 0.912327 0.800858 0.912327 0.800858 0.831176 0.282564 0.50139 0.282574 0.419841 0.282212 0.419831 0.282867 0.582948 0.282877 0.5014 0.282564 0.50139 0.282564 0.419831 0.282574 0.338296 0.282212 0.338286 0.345792 0.664486 0.345802 0.582958 0.282867 0.582948 0.803827 0.993698 0.800861 0.992357 0.803828 0.993342 0.803828 0.99415 0.801079 0.99271 0.803827 0.993698 0.803828 0.993342 0.800858 0.912327 0.803824 0.912327 0.809749 0.912372 0.806782 0.831204 0.80975 0.831205 0.80975 0.831205 0.806784 0.750035 0.809751 0.750035 0.809751 0.750035 0.806785 0.668869 0.809753 0.668869 0.536415 0.664486 0.536425 0.582958 0.472874 0.582948 0.536415 0.582948 0.536425 0.5014 0.472874 0.50139 0.536415 0.50139 0.536425 0.419841 0.472874 0.419831 0.472874 0.419831 0.472884 0.338296 0.409333 0.338286 0.803824 0.912327 0.800858 0.831176 0.803825 0.831176 0.282564 0.50139 0.282212 0.419831 0.282222 0.50139 0.282564 0.419831 0.282212 0.338286 0.282222 0.419831 0.282867 0.582948 0.282564 0.50139 0.282574 0.582948 0.803828 0.99415 0.801082 0.993157 0.801079 0.99271 0.345792 0.664486 0.282867 0.582948 0.282877 0.664486 0.806792 0.993697 0.803827 0.993698 0.803828 0.993342 0.80679 0.99415 0.803828 0.99415 0.803827 0.993698 0.806791 0.993343 0.803828 0.993342 0.803824 0.912327 0.806783 0.912372 0.806782 0.831204 0.809749 0.912372 0.806782 0.831204 0.806784 0.750035 0.80975 0.831205 0.806784 0.750035 0.806785 0.668869 0.809751 0.750035 0.800837 0.670825 0.803803 0.670825 0.803813 0.750812 0.800837 0.670825 0.803803 0.750812 0.800837 0.750812 0.800837 0.750812 0.803803 0.830803 0.800837 0.830803 0.800837 0.830803 0.803803 0.91079 0.800837 0.91079 0.536415 0.419831 0.472874 0.338286 0.472884 0.419831 0.803825 0.831176 0.800858 0.831176 0.800858 0.750021 0.806793 0.912327 0.803824 0.912327 0.803825 0.831176 0.282212 0.50139 0.282222 0.419841 0.281945 0.419831 0.282564 0.582948 0.282574 0.5014 0.282212 0.50139 0.282212 0.419831 0.282222 0.338296 0.281945 0.338286 0.282867 0.664486 0.282877 0.582958 0.282564 0.582948 0.803826 0.994453 0.801082 0.993157 0.803828 0.99415 0.809741 0.99235 0.806783 0.912372 0.809749 0.912372 0.806792 0.993697 0.803828 0.993342 0.806791 0.993343 0.80679 0.99415 0.803827 0.993698 0.806792 0.993697 0.806793 0.994452 0.803828 0.99415 0.80679 0.99415 0.806791 0.993343 0.803824 0.912327 0.806793 0.912327 0.806783 0.912372 0.803815 0.831204 0.806782 0.831204 0.806782 0.831204 0.803816 0.750035 0.806784 0.750035 0.806784 0.750035 0.803817 0.668869 0.806785 0.668869 0.803803 0.670825 0.80677 0.750812 0.803803 0.750812 0.800837 0.750812 0.803803 0.750812 0.803813 0.830803 0.800837 0.830803 0.803803 0.830803 0.803813 0.91079 0.800837 0.91079 0.803803 0.91079 0.803813 0.990781 0.536415 0.419831 0.536425 0.338296 0.472874 0.338286 0.803835 0.831176 0.800858 0.750021 0.803825 0.750021 0.806793 0.912327 0.803825 0.831176 0.806792 0.831176 0.282212 0.50139 0.281945 0.419831 0.281955 0.50139 0.282212 0.419831 0.281945 0.338286 0.281955 0.419831 0.282564 0.582948 0.282212 0.50139 0.282222 0.582948 0.803826 0.994453 0.800856 0.993454 0.801082 0.993157 0.282867 0.664486 0.282564 0.582948 0.282574 0.664486 0.806793 0.994452 0.803826 0.994453 0.803828 0.99415 0.806776 0.993318 0.806783 0.912372 0.809741 0.99235 0.806792 0.993697 0.806791 0.993343 0.809539 0.992711 0.80679 0.99415 0.806792 0.993697 0.809536 0.993157 0.806793 0.994452 0.80679 0.99415 0.809761 0.993455 0.806791 0.993343 0.806793 0.912327 0.809756 0.992358 0.803811 0.912372 0.803815 0.831204 0.806783 0.912372 0.803815 0.831204 0.803816 0.750035 0.806782 0.831204 0.803816 0.750035 0.803817 0.668869 0.806784 0.750035 0.803803 0.670825 0.80677 0.670825 0.80678 0.750812 0.803803 0.750812 0.80677 0.750812 0.80678 0.830803 0.803803 0.750812 0.80677 0.830803 0.803803 0.830803 0.803803 0.830803 0.80677 0.91079 0.803803 0.91079 0.803803 0.91079 0.80677 0.990781 0.803803 0.990781 0.800837 0.91079 0.803803 0.990781 0.800837 0.990781 0.803825 0.750021 0.800858 0.750021 0.800858 0.668873 0.806792 0.831176 0.803825 0.831176 0.803825 0.750021 0.809759 0.912327 0.806793 0.912327 0.806792 0.831176 0.281945 0.50139 0.281955 0.419831 0.281503 0.419831 0.282212 0.582948 0.282222 0.5014 0.281945 0.50139 0.281945 0.419831 0.281955 0.338286 0.281503 0.338286 0.282564 0.664486 0.282574 0.582958 0.803828 0.995015 0.800856 0.993454 0.803826 0.994453 0.806776 0.993318 0.809741 0.99235 0.809529 0.992721 0.806791 0.995015 0.803826 0.994453 0.806793 0.994452 0.806776 0.993318 0.803811 0.912372 0.806783 0.912372 0.806791 0.993343 0.809756 0.992358 0.809539 0.992711 0.806792 0.993697 0.809539 0.992711 0.809536 0.993157 0.80679 0.99415 0.809536 0.993157 0.809761 0.993455 0.806793 0.994452 0.809761 0.993455 0.809758 0.994016 0.809756 0.992358 0.806793 0.912327 0.809759 0.912327 0.803811 0.912372 0.800847 0.831204 0.803815 0.831204 0.803815 0.831204 0.800848 0.750035 0.803816 0.750035 0.803816 0.750035 0.800849 0.668869 0.803817 0.668869 0.80677 0.670825 0.809737 0.750812 0.80677 0.750812 0.80677 0.750812 0.809737 0.830803 0.80677 0.830803 0.803803 0.830803 0.80677 0.830803 0.80678 0.91079 0.803803 0.91079 0.80677 0.91079 0.80678 0.990781 0.806802 0.750021 0.803825 0.668873 0.806792 0.668873 0.803835 0.750021 0.800858 0.668873 0.803825 0.668873 0.806802 0.831176 0.803825 0.750021 0.806792 0.750021 0.809769 0.912327 0.806792 0.831176 0.809759 0.831176 0.281945 0.419831 0.281503 0.338286 0.281513 0.419841 0.281945 0.50139 0.281503 0.419831 0.281513 0.5014 0.282212 0.582948 0.281945 0.50139 0.281955 0.582948 0.803828 0.995015 0.80086 0.994016 0.800856 0.993454 0.282564 0.664486 0.282212 0.582948 0.282222 0.664486 0.806791 0.995015 0.803828 0.995015 0.803826 0.994453 0.80678 0.993687 0.806776 0.993318 0.809529 0.992721 0.806791 0.995015 0.806793 0.994452 0.809758 0.994016 0.80382 0.993317 0.803811 0.912372 0.806776 0.993318 0.282555 0.583017 0.282565 0.664582 0.282859 0.664582 0.282203 0.583017 0.282213 0.664582 0.282555 0.664582 0.281936 0.583017 0.281946 0.664582 0.282203 0.664582 0.281495 0.583017 0.281505 0.664592 0.281936 0.664582 0.282859 0.583017 0.282869 0.664582 0.345788 0.664582 0.800846 0.912372 0.800847 0.831204 0.803811 0.912372 0.800847 0.831204 0.800848 0.750035 0.803815 0.831204 0.800848 0.750035 0.800849 0.668869 0.803816 0.750035 0.80677 0.670825 0.809737 0.670825 0.809747 0.750812 0.80677 0.750812 0.809737 0.750812 0.809747 0.830803 0.80677 0.830803 0.809737 0.830803 0.809747 0.91079 0.80677 0.830803 0.809737 0.91079 0.80677 0.91079 0.80677 0.91079 0.809737 0.990781 0.80677 0.990781 0.809759 0.750021 0.806792 0.750021 0.806792 0.668873 0.806792 0.750021 0.803825 0.750021 0.803825 0.668873 0.809759 0.831176 0.806792 0.831176 0.806792 0.750021 0.345788 0.583017 0.345798 0.664582 0.409333 0.664582 0.281503 0.338286 0.279427 0.419831 0.281503 0.419831 0.281503 0.419831 0.279427 0.50139 0.281503 0.50139 0.281945 0.582948 0.281955 0.50139 0.281503 0.50139 0.282212 0.664486 0.282222 0.582958 0.281945 0.582948 0.281503 0.338286 0.279427 0.338286 0.279437 0.419831 0.80678 0.993687 0.809529 0.992721 0.809522 0.993165 0.279427 0.338286 0.277407 0.338286 0.277417 0.419831 0.80678 0.993687 0.80382 0.993317 0.806776 0.993318 0.277407 0.338286 0.275331 0.338286 0.275341 0.419831 0.80382 0.993317 0.800846 0.912372 0.803811 0.912372 0.282203 0.583017 0.282555 0.664582 0.282565 0.583027 0.282555 0.583017 0.282859 0.664582 0.282869 0.583027 0.281936 0.583017 0.282203 0.664582 0.282213 0.583027 0.281495 0.583017 0.281936 0.664582 0.281946 0.583017 0.282859 0.583017 0.345788 0.664582 0.345798 0.583027 0.345788 0.338305 0.409333 0.419863 0.409343 0.338315 0.409333 0.338305 0.472879 0.419863 0.472889 0.338315 0.472879 0.338305 0.536425 0.419863 0.536435 0.338315 0.472879 0.419863 0.536425 0.50144 0.536435 0.419873 0.472879 0.50144 0.536425 0.583017 0.536435 0.50145 0.80677 0.91079 0.809737 0.91079 0.809747 0.990781 0.809769 0.750021 0.806792 0.668873 0.809759 0.668873 0.809769 0.831176 0.806792 0.750021 0.809759 0.750021 0.345788 0.583017 0.409333 0.664582 0.409343 0.583027 0.281503 0.419831 0.279427 0.419831 0.279437 0.50139 0.281503 0.50139 0.279427 0.50139 0.279437 0.582948 0.281945 0.582948 0.281503 0.50139 0.281513 0.582958 0.281955 0.664486 0.282212 0.664486 0.281945 0.582948 0.279427 0.338286 0.277407 0.419831 0.279427 0.419831 0.806776 0.99414 0.80678 0.993687 0.809522 0.993165 0.277407 0.338286 0.275331 0.419831 0.277407 0.419831 0.803817 0.993688 0.80382 0.993317 0.80678 0.993687 0.80382 0.993317 0.800853 0.992347 0.800846 0.912372 0.282203 0.50144 0.282213 0.583017 0.282555 0.583017 0.282555 0.50144 0.282565 0.583017 0.282859 0.583017 0.281936 0.50144 0.281946 0.583017 0.282203 0.583017 0.281495 0.50144 0.281505 0.583027 0.281936 0.583017 0.282859 0.50144 0.282869 0.583017 0.345788 0.583017 0.345788 0.338305 0.345798 0.419863 0.409333 0.419863 0.409333 0.338305 0.409343 0.419863 0.472879 0.419863 0.472879 0.338305 0.472889 0.419863 0.536425 0.419863 0.472879 0.419863 0.472889 0.50144 0.536425 0.50144 0.472879 0.50144 0.472889 0.583017 0.536425 0.583017 0.472879 0.583017 0.536425 0.664582 0.536435 0.583027 0.472879 0.583017 0.472889 0.664582 0.536425 0.664582 0.409333 0.583017 0.409343 0.664582 0.472879 0.664582 0.345788 0.50144 0.345798 0.583017 0.409333 0.583017 0.279427 0.419831 0.277407 0.50139 0.279427 0.50139 0.279427 0.50139 0.277407 0.582948 0.279427 0.582948 0.281503 0.50139 0.279427 0.582948 0.281503 0.582948 0.281945 0.664486 0.281955 0.582948 0.281503 0.582948 0.806776 0.99414 0.809522 0.993165 0.809753 0.99348 0.277407 0.419831 0.277417 0.50139 0.806776 0.99414 0.803817 0.993688 0.80678 0.993687 0.277407 0.419831 0.275331 0.419831 0.275341 0.50139 0.803817 0.993688 0.800853 0.992347 0.80382 0.993317 0.282859 0.338305 0.345788 0.419863 0.345798 0.338315 0.281936 0.50144 0.282203 0.583017 0.282213 0.50145 0.282203 0.50144 0.282555 0.583017 0.282565 0.50145 0.282555 0.50144 0.282859 0.583017 0.282869 0.50145 0.281495 0.50144 0.281936 0.583017 0.281946 0.50144 0.282859 0.50144 0.345788 0.583017 0.345798 0.50145 0.345788 0.419863 0.409333 0.50144 0.409343 0.419873 0.409333 0.419863 0.472879 0.50144 0.472889 0.419873 0.409333 0.50144 0.472879 0.583017 0.472889 0.50145 0.409333 0.583017 0.472879 0.664582 0.472889 0.583027 0.345788 0.50144 0.409333 0.583017 0.409343 0.50145 0.279427 0.50139 0.277407 0.50139 0.277417 0.582948 0.279427 0.582948 0.277407 0.582948 0.277417 0.664486 0.281503 0.582948 0.279427 0.582948 0.279437 0.664486 0.281945 0.664486 0.281503 0.582948 0.281513 0.664496 0.806781 0.994459 0.806776 0.99414 0.809753 0.99348 0.277407 0.419831 0.275331 0.50139 0.277407 0.50139 0.80382 0.994139 0.803817 0.993688 0.806776 0.99414 0.803817 0.993688 0.801065 0.99272 0.800853 0.992347 0.282859 0.338305 0.282869 0.419863 0.345788 0.419863 0.281936 0.419863 0.281946 0.50144 0.282203 0.50144 0.282203 0.419863 0.282213 0.50144 0.282555 0.50144 0.282555 0.419863 0.282565 0.50144 0.282859 0.50144 0.281495 0.419863 0.281505 0.50145 0.281936 0.50144 0.282859 0.419863 0.282869 0.50144 0.345788 0.50144 0.345788 0.419863 0.345798 0.50144 0.409333 0.50144 0.409333 0.419863 0.409343 0.50144 0.472879 0.50144 0.409333 0.50144 0.409343 0.583017 0.472879 0.583017 0.277407 0.50139 0.275331 0.582948 0.277407 0.582948 0.277407 0.582948 0.275331 0.664486 0.277407 0.664486 0.279427 0.582948 0.277407 0.664486 0.279427 0.664486 0.281503 0.582948 0.279427 0.664486 0.281503 0.664486 0.806781 0.994459 0.809753 0.99348 0.809746 0.994038 0.806781 0.994459 0.80382 0.994139 0.806776 0.99414 0.277407 0.50139 0.275331 0.50139 0.275341 0.582948 0.80382 0.994139 0.801065 0.99272 0.803817 0.993688 0.282869 0.338315 0.282555 0.338305 0.282859 0.419863 0.282859 0.419863 0.345788 0.50144 0.345798 0.419873 0.281495 0.419863 0.281936 0.50144 0.281946 0.419863 0.281936 0.419863 0.282203 0.50144 0.282213 0.419873 0.282203 0.419863 0.282555 0.50144 0.282565 0.419873 0.282555 0.419863 0.282859 0.50144 0.282869 0.419873 0.277407 0.582948 0.275331 0.582948 0.275341 0.664486 0.803818 0.995021 0.800848 0.994038 0.800841 0.993479 0.803818 0.995021 0.803815 0.99446 0.806777 0.995022 0.806777 0.995022 0.806781 0.994459 0.809746 0.994038 0.803815 0.99446 0.80382 0.994139 0.806781 0.994459 0.80382 0.994139 0.801071 0.993164 0.801065 0.99272 0.282555 0.338305 0.282565 0.419863 0.282859 0.419863 0.281495 0.338305 0.281505 0.419873 0.281936 0.419863 0.281936 0.338305 0.281946 0.419863 0.282203 0.419863 0.282203 0.338305 0.282213 0.419863 0.282555 0.419863 0.803818 0.995021 0.800841 0.993479 0.803815 0.99446 0.281495 0.338305 0.281936 0.419863 0.281946 0.338305 0.806777 0.995022 0.803815 0.99446 0.806781 0.994459 0.803815 0.99446 0.801071 0.993164 0.80382 0.994139 0.282203 0.338305 0.282555 0.419863 0.282565 0.338315 0.281936 0.338305 0.282203 0.419863 0.282213 0.338315 0.803815 0.99446 0.800841 0.993479 0.801071 0.993164</float_array>
                    <technique_common>
                        <accessor count="813" source="#ID219" stride="2">
                            <param name="S" type="float" />
                            <param name="T" type="float" />
                        </accessor>
                    </technique_common>
                </source>
                <vertices id="ID215">
                    <input semantic="POSITION" source="#ID213" />
                    <input semantic="NORMAL" source="#ID214" />
                </vertices>
                <triangles count="544" material="Material2">
                    <input offset="0" semantic="VERTEX" source="#ID215" />
                    <input offset="1" semantic="TEXCOORD" source="#ID216" />
                    <p>0 0 1 1 2 2 3 2 4 1 5 0 2 3 1 4 9 5 10 5 4 4 3 3 12 6 0 7 2 8 3 8 5 7 13 6 0 9 15 10 1 11 4 11 16 10 5 9 2 12 9 13 18 14 19 14 10 13 3 12 1 15 21 16 9 17 10 17 22 16 4 15 12 18 2 12 24 19 25 19 3 12 13 18 27 20 0 21 12 22 13 22 5 21 28 20 30 23 15 24 0 25 5 25 16 24 31 23 15 26 33 27 1 28 4 28 34 27 16 26 18 29 9 30 36 31 37 31 10 30 19 29 24 32 2 33 18 34 19 34 3 33 25 32 9 35 21 36 39 37 40 37 22 36 10 35 1 38 33 39 21 40 22 40 34 39 4 38 42 41 12 42 24 43 25 43 13 42 43 41 45 44 27 45 12 46 13 46 28 45 46 44 27 47 30 48 0 49 5 49 31 48 28 47 30 50 48 51 15 52 16 52 49 51 31 50 15 53 51 54 33 55 34 55 52 54 16 53 18 56 36 57 54 58 55 58 37 57 19 56 9 59 39 60 36 61 37 61 40 60 10 59 24 62 18 63 57 64 58 64 19 63 25 62 60 65 39 66 21 67 22 67 40 66 61 65 63 68 21 69 33 70 34 70 22 69 64 68 42 71 24 72 66 73 67 73 25 72 43 71 45 74 12 75 42 76 43 76 13 75 46 74 69 77 27 78 45 79 46 79 28 78 70 77 72 80 30 81 27 82 28 82 31 81 73 80 75 83 48 84 30 85 31 85 49 84 76 83 48 86 51 87 15 88 16 88 52 87 49 86 78 89 33 90 79 91 80 91 34 90 81 89 54 92 36 93 83 94 84 94 37 93 55 92 57 95 18 96 54 97 55 97 19 96 58 95 36 98 39 99 86 100 87 100 40 99 37 98 66 101 24 102 57 103 58 103 25 102 67 101 60 104 21 105 63 106 64 106 22 105 61 104 89 107 39 108 60 109 61 109 40 108 90 107 63 110 33 111 78 112 81 112 34 111 64 110 66 113 92 114 93 115 94 115 95 114 67 113 93 116 97 117 98 118 99 118 100 117 94 116 98 119 102 120 103 121 104 121 105 120 99 119 69 122 72 123 27 124 28 124 73 123 70 122 72 125 75 126 30 127 31 127 76 126 73 125 75 128 107 129 48 130 49 130 108 129 76 128 48 131 110 132 51 133 52 133 111 132 49 131 78 134 79 135 113 136 114 136 80 135 81 134 54 137 83 138 116 139 117 139 84 138 55 137 36 140 86 141 83 142 84 142 87 141 37 140 57 143 54 144 119 145 120 145 55 144 58 143 89 146 86 147 39 148 40 148 87 147 90 146 66 149 57 150 122 151 123 151 58 150 67 149 125 152 60 153 63 154 64 154 61 153 126 152 128 155 89 156 60 157 61 157 90 156 129 155 131 158 63 159 78 160 81 160 64 159 132 158 134 161 92 162 66 163 67 163 95 162 135 161 92 164 97 165 93 166 94 166 100 165 95 164 97 167 102 168 98 169 99 169 105 168 100 167 137 170 138 171 139 172 140 172 141 171 142 170 137 173 139 174 144 175 145 175 140 174 142 173 144 176 146 177 147 178 148 178 149 177 145 176 147 179 151 180 152 181 153 181 154 180 148 179 107 182 110 183 48 184 49 184 111 183 108 182 113 185 79 186 156 187 157 187 80 186 114 185 158 188 78 189 113 190 114 190 81 189 159 188 161 191 162 192 163 193 164 193 165 192 166 191 119 194 54 195 116 196 117 196 55 195 120 194 168 197 169 198 170 199 171 199 172 198 173 197 122 200 57 201 119 202 120 202 58 201 123 200 175 203 86 204 89 205 90 205 87 204 176 203 122 206 134 207 66 208 67 208 135 207 123 206 125 209 63 210 131 211 132 211 64 210 126 209 128 212 60 213 125 214 126 214 61 213 129 212 178 215 89 216 128 217 129 217 90 216 179 215 131 218 78 219 158 220 159 220 81 219 132 218 134 221 181 222 92 223 95 223 182 222 135 221 92 224 184 225 97 226 100 226 185 225 95 224 97 227 187 228 102 229 105 229 188 228 100 227 138 230 190 231 139 232 140 232 191 231 141 230 144 233 139 234 146 235 149 235 140 234 145 233 147 236 146 237 151 238 154 238 149 237 148 236 152 239 151 240 193 241 194 241 154 240 153 239 107 242 196 243 110 244 111 244 197 243 108 242 113 245 156 246 199 247 200 247 157 246 114 245 158 248 113 249 202 250 203 250 114 249 159 248 161 251 163 252 205 253 206 253 164 252 166 251 208 254 209 255 210 256 211 256 212 255 213 254 119 257 116 258 214 259 215 259 117 258 120 257 175 260 217 261 86 262 87 262 218 261 176 260 122 263 119 264 219 265 220 265 120 264 123 263 178 266 175 267 89 268 90 268 176 267 179 266 222 269 134 270 122 271 123 271 135 270 223 269 125 272 131 273 225 274 226 274 132 273 126 272 128 275 125 276 228 277 229 277 126 276 129 275 178 278 128 279 231 280 232 280 129 279 179 278 131 281 158 282 234 283 235 283 159 282 132 281 237 284 181 285 134 286 135 286 182 285 238 284 181 287 184 288 92 289 95 289 185 288 182 287 184 290 187 291 97 292 100 292 188 291 185 290 138 293 240 294 190 295 191 295 241 294 141 293 139 296 190 297 242 298 243 298 191 297 140 296 139 299 242 300 146 301 149 301 243 300 140 299 146 302 245 303 151 304 154 304 246 303 149 302 151 305 248 306 193 307 194 307 249 306 154 305 152 308 193 309 251 310 252 310 194 309 153 308 199 311 156 312 253 313 254 313 157 312 200 311 202 314 113 315 199 316 200 316 114 315 203 314 255 317 158 318 202 319 203 319 159 318 256 317 258 320 259 321 260 322 261 322 262 321 263 320 265 323 266 324 267 325 268 325 269 324 270 323 259 326 271 327 272 328 273 328 274 327 262 326 219 329 119 330 214 323 215 323 120 330 220 329 276 331 217 332 175 333 176 333 218 332 277 331 222 334 122 335 219 336 220 336 123 335 223 334 279 337 175 338 178 339 179 339 176 338 280 337 222 340 237 341 134 342 135 342 238 341 223 340 131 343 234 344 225 345 226 345 235 344 132 343 125 346 225 347 228 348 229 348 226 347 126 346 128 349 228 350 231 351 232 351 229 350 129 349 178 352 231 353 282 354 283 354 232 353 179 352 234 355 158 356 255 357 256 357 159 356 235 355 237 358 285 359 181 360 182 360 286 359 238 358 181 361 288 362 184 363 185 363 289 362 182 361 184 364 291 365 187 366 188 366 292 365 185 364 240 367 294 368 190 369 191 369 295 368 241 367 190 370 297 371 242 372 243 372 298 371 191 370 146 373 242 374 245 375 246 375 243 374 149 373 151 376 245 377 248 378 249 378 246 377 154 376 300 379 301 380 302 381 303 381 304 380 305 379 199 382 253 383 301 384 304 384 254 383 200 382 202 385 199 386 300 387 305 387 200 386 203 385 255 388 202 389 307 390 308 390 203 389 256 388 259 391 272 392 260 393 261 393 273 392 262 391 258 394 260 395 310 396 311 396 261 395 263 394 313 397 314 398 315 399 316 399 317 398 318 397 276 400 320 401 217 402 218 402 321 401 277 400 219 403 214 404 322 405 323 405 215 404 220 403 279 406 276 407 175 408 176 408 277 407 280 406 325 409 222 410 219 411 220 411 223 410 326 409 279 412 178 413 282 414 283 414 179 413 280 412 328 415 237 416 222 417 223 417 238 416 329 415 331 418 225 419 234 420 235 420 226 419 332 418 334 421 228 422 225 423 226 423 229 422 335 421 337 424 338 425 339 426 340 426 341 425 342 424 344 427 345 428 346 429 347 429 348 428 349 427 351 430 234 431 255 432 256 432 235 431 352 430 354 433 285 434 237 435 238 435 286 434 355 433 285 436 288 437 181 438 182 438 289 437 286 436 288 439 291 440 184 441 185 441 292 440 289 439 240 442 357 443 294 444 295 444 358 443 241 442 190 445 294 446 297 447 298 447 295 446 191 445 242 448 297 449 359 450 360 450 298 449 243 448 242 451 359 452 245 453 246 453 360 452 243 451 245 454 362 455 248 456 249 456 363 455 246 454 365 457 300 458 302 459 303 459 305 458 366 457 300 460 199 461 301 462 304 462 200 461 305 460 307 463 202 464 300 465 305 465 203 464 308 463 368 466 255 467 369 468 370 468 256 467 371 466 373 469 374 470 375 471 376 471 377 470 378 469 380 472 381 473 382 474 383 474 384 473 385 472 387 475 258 476 310 477 311 477 263 476 388 475 389 478 390 479 391 480 392 480 393 479 394 478 373 481 395 482 374 483 377 483 396 482 378 481 325 484 219 485 322 486 323 486 220 485 326 484 395 487 397 488 398 489 399 489 400 488 396 487 325 490 328 491 222 492 223 492 329 491 326 490 397 493 402 494 403 495 404 495 405 494 400 493 328 496 354 497 237 498 238 498 355 497 329 496 334 499 225 500 331 501 332 501 226 500 335 499 331 502 234 503 351 504 352 504 235 503 332 502 406 505 407 506 408 507 409 507 410 506 411 505 344 508 346 509 412 510 413 510 347 509 349 508 351 511 255 512 368 513 371 513 256 512 352 511 354 514 414 515 415 516 416 516 417 515 355 514 415 517 419 518 420 519 421 519 422 518 416 517 420 520 424 521 425 522 426 522 427 521 421 520 419 523 428 524 424 525 427 525 429 524 422 523 430 526 431 527 428 528 429 528 432 527 433 526 245 529 359 530 362 531 363 531 360 530 246 529 365 532 302 533 435 534 436 534 303 533 366 532 307 535 300 536 365 537 366 537 305 536 308 535 368 538 369 539 437 540 438 540 370 539 371 538 380 541 374 542 381 543 384 543 377 542 385 541 440 544 381 545 441 546 442 546 384 545 443 544 387 547 310 548 445 549 446 549 311 548 388 547 448 550 449 551 450 552 451 552 452 551 453 550 395 553 398 554 374 555 377 555 399 554 396 553 455 556 325 557 322 558 323 558 326 557 456 556 397 559 458 560 398 561 399 561 459 560 400 559 460 562 328 563 325 564 326 564 329 563 461 562 328 565 463 566 354 567 355 567 464 566 329 565 466 568 334 569 331 570 332 570 335 569 467 568 469 571 331 572 351 573 352 573 332 572 470 571 472 574 473 575 474 576 475 576 476 575 477 574 479 577 344 578 412 579 413 579 349 578 480 577 482 580 351 581 368 582 371 582 352 581 483 580 354 583 485 584 414 585 417 585 486 584 355 583 415 586 414 587 419 588 422 588 417 587 416 586 420 589 419 590 424 591 427 591 422 590 421 589 419 592 430 593 428 594 429 594 433 593 422 592 430 595 488 596 431 597 432 597 489 596 433 595 488 598 491 599 431 600 432 600 492 599 489 598 488 601 493 602 491 603 492 603 494 602 489 601 437 604 369 605 493 606 494 606 370 605 438 604 495 607 368 608 437 609 438 609 371 608 496 607 374 610 498 611 381 612 384 612 499 611 377 610 381 613 501 614 441 615 442 615 502 614 384 613 504 616 441 617 505 618 506 618 442 617 507 616 508 619 387 620 445 621 446 621 388 620 509 619 455 622 322 623 510 624 511 624 323 623 456 622 374 542 398 625 498 626 499 626 399 625 377 542 455 627 460 628 325 629 326 629 461 628 456 627 398 630 512 631 513 632 514 632 515 631 399 630 460 633 463 634 328 635 329 635 464 634 461 633 463 636 485 637 354 638 355 638 486 637 464 636 472 639 474 640 516 641 517 641 475 640 477 639 466 642 331 643 469 644 470 644 332 643 467 642 469 645 351 646 482 647 483 647 352 646 470 645 479 648 412 649 518 650 519 650 413 649 480 648 482 651 368 652 495 653 496 653 371 652 483 651 485 654 520 655 414 656 417 656 521 655 486 654 414 657 430 658 419 659 422 659 433 658 417 657 520 660 488 661 430 662 433 662 489 661 521 660 437 663 493 664 488 665 489 665 494 664 438 663 495 666 437 667 520 668 521 668 438 667 496 666 381 669 498 670 501 671 502 671 499 670 384 669 441 672 501 673 523 674 524 674 502 673 442 672 526 675 441 676 527 677 528 677 442 676 529 675 508 678 445 679 531 680 532 680 446 679 509 678 534 681 455 682 510 683 511 683 456 682 535 681 398 684 513 685 498 686 499 686 514 685 399 684 537 687 460 688 455 689 456 689 461 688 538 687 460 690 540 691 463 692 464 692 541 691 461 690 463 693 543 694 485 695 486 695 544 694 464 693 546 696 547 697 548 698 549 698 550 697 551 696 553 699 466 700 469 701 470 701 467 700 554 699 556 702 469 703 482 704 483 704 470 703 557 702 559 705 479 706 518 707 519 707 480 706 560 705 543 708 482 709 495 710 496 710 483 709 544 708 485 711 495 712 520 713 521 713 496 712 486 711 414 714 520 715 430 716 433 716 521 715 417 714 520 717 437 718 488 719 489 719 438 718 521 717 498 720 562 721 501 722 502 722 563 721 499 720 501 723 564 724 523 725 524 725 565 724 502 723 441 726 523 727 527 728 528 728 524 727 442 726 567 729 527 730 568 731 569 731 528 730 570 729 534 732 510 733 571 734 572 734 511 733 535 732 534 735 537 736 455 737 456 737 538 736 535 735 498 738 513 739 562 740 563 740 514 739 499 738 537 741 540 742 460 743 461 743 541 742 538 741 463 744 540 745 543 746 544 746 541 745 464 744 543 747 495 748 485 749 486 749 496 748 544 747 559 750 518 751 573 752 574 752 519 751 560 750 575 753 576 754 577 755 578 755 579 754 580 753 553 756 469 757 556 758 557 758 470 757 554 756 556 759 482 760 543 761 544 761 483 760 557 759 501 762 581 763 582 764 583 764 584 763 502 762 585 765 586 766 587 767 588 767 589 766 590 765 585 768 592 769 593 770 594 770 595 769 590 768 593 771 534 772 571 773 572 773 535 772 594 771 592 774 537 775 534 776 535 776 538 775 595 774 537 777 597 778 540 779 541 779 598 778 538 777 540 780 556 781 543 782 544 782 557 781 541 780 600 783 559 784 573 785 574 785 560 784 601 783 602 786 603 787 604 788 605 788 606 787 607 786 597 789 553 790 556 791 557 791 554 790 598 789 585 792 587 793 592 794 595 794 588 793 590 792 600 795 573 796 608 797 609 797 574 796 601 795 593 798 592 799 534 800 535 800 595 799 594 798 592 801 597 802 537 803 538 803 598 802 595 801 597 804 556 805 540 806 541 806 557 805 598 804 610 807 611 808 612 809 613 809 614 808 615 807 592 810 587 811 597 812 598 812 588 811 595 810</p>
                </triangles>
                <lines count="408" material="Material3">
                    <input offset="0" semantic="VERTEX" source="#ID215" />
                    <p>53 35 68 44 44 47 47 71 71 106 71 74 74 77 77 109 112 53 118 85 85 88 174 88 106 189 109 198 198 112 207 167 167 174 216 118 195 250 198 195 174 275 230 233 284 233 293 189 257 309 275 264 264 312 319 207 275 278 324 216 281 278 284 281 230 336 233 343 350 284 356 287 287 290 290 293 296 293 299 296 361 299 364 250 361 364 367 364 309 367 312 447 454 319 324 454 336 468 478 343 350 481 447 533 533 454 478 552 468 555 561 481 525 566 530 525 533 530 566 561 591 566 552 591 555 599 599 591</p>
                </lines>
            </mesh>
        </geometry>
        <geometry id="ID221">
            <mesh>
                <source id="ID224">
                    <float_array id="ID227" count="96">133.0157 0 0 0 91.75984 0 0 0 0 133.0157 91.75984 0 0 91.75984 0 133.0157 91.75984 0 0 0 0 133.0157 0 0 0 91.75984 0 133.0157 91.75984 -3.937008 0 91.75984 -3.937008 133.0157 91.75984 0 133.0157 91.75984 -3.937008 0 91.75984 -3.937008 0 91.75984 0 0 0 -3.937008 0 0 0 0 91.75984 -3.937008 0 0 -3.937008 133.0157 0 0 0 0 -3.937008 133.0157 0 -3.937008 0 0 0 133.0157 0 -3.937008 133.0157 91.75984 -3.937008 133.0157 0 0 133.0157 0 -3.937008 133.0157 91.75984 0 133.0157 91.75984 -3.937008 0 0 -3.937008 0 91.75984 -3.937008 133.0157 0 -3.937008</float_array>
                    <technique_common>
                        <accessor count="32" source="#ID227" stride="3">
                            <param name="X" type="float" />
                            <param name="Y" type="float" />
                            <param name="Z" type="float" />
                        </accessor>
                    </technique_common>
                </source>
                <source id="ID225">
                    <float_array id="ID228" count="96">0 0 1 0 0 1 0 0 1 0 0 1 0 0 0 0 0 0 0 0 0 0 0 0 0 1 0 0 1 0 0 1 0 0 1 0 0 0 0 0 0 0 -1 0 0 -1 0 0 -1 0 0 -1 0 0 0 0 0 0 -1 0 0 -1 0 0 -1 0 0 -1 0 0 0 0 1 0 0 1 0 0 1 0 0 1 0 0 -0 -0 -1 -0 -0 -1 -0 -0 -1 -0 -0 -1</float_array>
                    <technique_common>
                        <accessor count="32" source="#ID228" stride="3">
                            <param name="X" type="float" />
                            <param name="Y" type="float" />
                            <param name="Z" type="float" />
                        </accessor>
                    </technique_common>
                </source>
                <vertices id="ID226">
                    <input semantic="POSITION" source="#ID224" />
                    <input semantic="NORMAL" source="#ID225" />
                </vertices>
                <triangles count="12" material="Material2">
                    <input offset="0" semantic="VERTEX" source="#ID226" />
                    <p>0 1 2 1 0 3 8 9 10 9 8 11 14 15 16 15 14 17 19 20 21 20 19 22 24 25 26 25 24 27 28 29 30 29 28 31</p>
                </triangles>
                <lines count="12" material="Material3">
                    <input offset="0" semantic="VERTEX" source="#ID226" />
                    <p>4 5 6 4 7 6 5 7 5 12 13 12 4 13 18 13 6 18 23 18 7 23 12 23</p>
                </lines>
            </mesh>
        </geometry>
    </library_geometries>
    <library_materials>
        <material id="ID7" name="pal2">
            <instance_effect url="#ID8" />
        </material>
        <material id="ID16" name="edge_color191167142255">
            <instance_effect url="#ID17" />
        </material>
        <material id="ID78" name="Color_D06">
            <instance_effect url="#ID79" />
        </material>
        <material id="ID83" name="edge_color2041530255">
            <instance_effect url="#ID84" />
        </material>
        <material id="ID124" name="Color_M01">
            <instance_effect url="#ID125" />
        </material>
        <material id="ID129" name="edge_color226226226255">
            <instance_effect url="#ID130" />
        </material>
        <material id="ID142" name="Dwell_magazines_Material">
            <instance_effect url="#ID143" />
        </material>
        <material id="ID151" name="edge_color000255">
            <instance_effect url="#ID152" />
        </material>
        <material id="ID223" name="material">
            <instance_effect url="#ID222" />
        </material>
    </library_materials>
    <library_effects>
        <effect id="ID8">
            <profile_COMMON>
                <newparam sid="ID10">
                    <surface type="2D">
                        <init_from>ID9</init_from>
                    </surface>
                </newparam>
                <newparam sid="ID11">
                    <sampler2D>
                        <source>ID10</source>
                    </sampler2D>
                </newparam>
                <technique sid="COMMON">
                    <lambert>
                        <diffuse>
                            <texture texture="ID11" texcoord="UVSET0" />
                        </diffuse>
                    </lambert>
                </technique>
            </profile_COMMON>
        </effect>
        <effect id="ID17">
            <profile_COMMON>
                <technique sid="COMMON">
                    <constant>
                        <transparent opaque="A_ONE">
                            <color>0.7490196 0.654902 0.5568628 1</color>
                        </transparent>
                        <transparency>
                            <float>1</float>
                        </transparency>
                    </constant>
                </technique>
            </profile_COMMON>
        </effect>
        <effect id="ID79">
            <profile_COMMON>
                <technique sid="COMMON">
                    <lambert>
                        <diffuse>
                            <color>0.8 0.6 0 1</color>
                        </diffuse>
                    </lambert>
                </technique>
            </profile_COMMON>
        </effect>
        <effect id="ID84">
            <profile_COMMON>
                <technique sid="COMMON">
                    <constant>
                        <transparent opaque="A_ONE">
                            <color>0.8 0.6 0 1</color>
                        </transparent>
                        <transparency>
                            <float>1</float>
                        </transparency>
                    </constant>
                </technique>
            </profile_COMMON>
        </effect>
        <effect id="ID125">
            <profile_COMMON>
                <technique sid="COMMON">
                    <lambert>
                        <diffuse>
                            <color>0.8862745 0.8862745 0.8862745 1</color>
                        </diffuse>
                    </lambert>
                </technique>
            </profile_COMMON>
        </effect>
        <effect id="ID130">
            <profile_COMMON>
                <technique sid="COMMON">
                    <constant>
                        <transparent opaque="A_ONE">
                            <color>0.8862745 0.8862745 0.8862745 1</color>
                        </transparent>
                        <transparency>
                            <float>1</float>
                        </transparency>
                    </constant>
                </technique>
            </profile_COMMON>
        </effect>
        <effect id="ID143">
            <profile_COMMON>
                <newparam sid="ID145">
                    <surface type="2D">
                        <init_from>ID144</init_from>
                    </surface>
                </newparam>
                <newparam sid="ID146">
                    <sampler2D>
                        <source>ID145</source>
                    </sampler2D>
                </newparam>
                <technique sid="COMMON">
                    <lambert>
                        <diffuse>
                            <texture texture="ID146" texcoord="UVSET0" />
                        </diffuse>
                    </lambert>
                </technique>
            </profile_COMMON>
        </effect>
        <effect id="ID152">
            <profile_COMMON>
                <technique sid="COMMON">
                    <constant>
                        <transparent opaque="A_ONE">
                            <color>0 0 0 1</color>
                        </transparent>
                        <transparency>
                            <float>1</float>
                        </transparency>
                    </constant>
                </technique>
            </profile_COMMON>
        </effect>
        <effect id="ID222">
            <profile_COMMON>
                <technique sid="COMMON">
                    <lambert>
                        <diffuse>
                            <color>1 1 1 1</color>
                        </diffuse>
                    </lambert>
                </technique>
            </profile_COMMON>
        </effect>
    </library_effects>
    <library_images>
        <image id="ID9">
            <init_from>temp_export/pal2.jpg</init_from>
        </image>
        <image id="ID144">
            <init_from>temp_export/Dwell_magazines_Material.jpg</init_from>
        </image>
    </library_images>
    <scene>
        <instance_visual_scene url="#ID2" />
    </scene>
</COLLADA>
