# Blender 5.2.0 LTS
# www.blender.org
mtllib zinnia.mtl
o Zinnia
v -0.147715 2.439403 -0.270609
v -0.058990 2.481207 -0.189371
v -0.172488 2.472169 -0.145474
v -0.084399 2.385459 -0.317800
v -0.255206 2.387877 -0.253247
v -0.188985 2.336071 -0.354325
v -0.259763 2.375233 -0.271920
v -0.213366 2.331352 -0.356126
v -0.231437 2.337938 -0.342047
v -0.000000 2.430298 -0.296570
v 0.000000 2.480498 -0.189735
v -0.286469 2.431394 -0.152837
v -0.239915 2.452363 -0.058027
v -0.018753 2.342703 -0.383591
v 0.058991 2.481207 -0.189371
v -0.355986 2.354913 -0.226402
v -0.358381 2.363028 -0.078043
v -0.305082 2.395715 0.017659
v -0.193058 2.432574 0.035095
v -0.000000 2.336544 -0.393507
v 0.084399 2.385459 -0.317800
v 0.147715 2.439403 -0.270609
v 0.172488 2.472169 -0.145474
v -0.375556 2.347780 -0.212738
v -0.383204 2.298659 0.014584
v -0.377423 2.350264 -0.188559
v -0.263845 2.336673 0.111444
v -0.169247 2.388763 0.146693
v -0.039929 2.416330 0.092521
v 0.018753 2.342703 -0.383591
v 0.255207 2.387877 -0.253247
v 0.188985 2.336071 -0.354325
v 0.259763 2.375233 -0.271920
v 0.213366 2.331352 -0.356126
v 0.231437 2.337938 -0.342047
v -0.382138 2.288215 0.036880
v -0.232381 2.300320 0.199604
v -0.284343 2.323290 0.111479
v -0.071195 2.374202 0.156805
v 0.286469 2.431394 -0.152837
v 0.239915 2.452362 -0.058026
v -0.364416 2.292157 0.053545
v -0.219549 2.292634 0.219304
v -0.121232 2.339716 0.199853
v 0.355986 2.354913 -0.226402
v 0.358381 2.363028 -0.078043
v 0.305082 2.395715 0.017659
v 0.193058 2.432573 0.035095
v -0.195804 2.297801 0.223795
v 0.375557 2.347780 -0.212738
v 0.383205 2.298659 0.014584
v 0.377424 2.350264 -0.188559
v 0.263845 2.336673 0.111444
v 0.169248 2.388764 0.146693
v 0.039929 2.416330 0.092521
v 0.382138 2.288214 0.036880
v 0.232382 2.300320 0.199604
v 0.284343 2.323290 0.111479
v 0.071195 2.374202 0.156805
v 0.364417 2.292156 0.053545
v 0.219549 2.292634 0.219304
v 0.121232 2.339716 0.199853
v 0.195804 2.297801 0.223795
v -0.043247 2.428570 0.100823
v -0.075212 2.389020 0.166853
v -0.174039 2.406442 0.158681
v -0.199002 2.443582 0.043006
v -0.271038 2.349998 0.121020
v -0.317459 2.411582 0.026276
v -0.247861 2.464377 -0.056261
v -0.124757 2.354042 0.209574
v -0.291871 2.336017 0.120146
v -0.235568 2.312543 0.208024
v -0.368000 2.377572 -0.075906
v -0.296573 2.450518 -0.156211
v -0.177988 2.484885 -0.150680
v -0.198991 2.310023 0.232215
v -0.372953 2.303099 0.059488
v -0.222420 2.303592 0.226848
v -0.383519 2.361504 -0.190286
v -0.391741 2.309602 0.020526
v -0.263657 2.403907 -0.256075
v -0.166387 2.451125 -0.282273
v -0.063658 2.493343 -0.197286
v -0.389306 2.297402 0.041869
v -0.381406 2.358855 -0.214692
v -0.265991 2.389317 -0.277358
v -0.362082 2.366150 -0.228128
v -0.089248 2.400211 -0.327574
v -0.000000 2.450074 -0.310307
v 0.000000 2.494194 -0.199247
v -0.235426 2.350074 -0.350091
v -0.018699 2.356343 -0.393065
v -0.192974 2.348210 -0.362367
v 0.063658 2.493343 -0.197286
v -0.216716 2.341542 -0.362880
v -0.000000 2.347996 -0.401462
v 0.089248 2.400211 -0.327574
v 0.166388 2.451125 -0.282273
v 0.177989 2.484885 -0.150680
v 0.018699 2.356343 -0.393065
v 0.263657 2.403907 -0.256075
v 0.296573 2.450518 -0.156211
v 0.247861 2.464376 -0.056261
v 0.265991 2.389317 -0.277358
v 0.192974 2.348210 -0.362367
v 0.235426 2.350074 -0.350091
v 0.216716 2.341542 -0.362880
v 0.368000 2.377572 -0.075906
v 0.317459 2.411582 0.026276
v 0.199002 2.443581 0.043006
v 0.362082 2.366149 -0.228129
v 0.391742 2.309601 0.020526
v 0.383520 2.361504 -0.190286
v 0.271038 2.349998 0.121020
v 0.174040 2.406442 0.158681
v 0.043247 2.428570 0.100823
v 0.381406 2.358855 -0.214692
v 0.389306 2.297402 0.041869
v 0.235569 2.312543 0.208024
v 0.291872 2.336017 0.120146
v 0.075212 2.389020 0.166853
v 0.372953 2.303099 0.059488
v 0.222420 2.303592 0.226848
v 0.124757 2.354042 0.209574
v 0.198991 2.310023 0.232215
v -0.192183 0.151890 0.126664
v -0.165510 0.205583 0.072552
v -0.202256 0.201041 0.021773
v -0.127714 0.185835 0.107210
v -0.225774 0.098675 0.091634
v -0.128380 0.167937 0.132805
v -0.235264 0.093263 0.166260
v -0.130873 0.133970 0.182727
v -0.188160 0.126963 0.178645
v -0.221932 0.101663 0.006226
v -0.196642 0.192959 -0.053007
v -0.064045 0.151384 0.120542
v -0.083668 0.204123 0.072882
v -0.191585 0.089161 0.237639
v -0.251700 0.043163 0.154936
v -0.230981 0.072552 0.231324
v -0.248158 0.043163 0.220638
v -0.069196 0.126282 0.178394
v -0.132157 0.101099 0.241454
v -0.075400 0.095941 0.241339
v -0.213894 0.102701 -0.071038
v -0.160230 0.193103 -0.102804
v -0.053501 0.197439 0.021447
v -0.236671 0.043163 0.071865
v -0.042262 0.093433 0.168437
v -0.040460 0.076066 0.235925
v -0.176131 0.105645 -0.129070
v -0.123794 0.104580 -0.144110
v -0.121422 0.194847 -0.118353
v -0.046659 0.099431 0.086029
v -0.033319 0.101478 -0.000973
v -0.053836 0.190697 -0.052748
v -0.231332 0.043163 0.005147
v -0.029320 0.043163 0.227753
v -0.124800 0.043163 -0.149775
v -0.181366 0.043163 -0.135837
v -0.071772 0.104766 -0.132574
v -0.078191 0.193167 -0.102314
v -0.037761 0.102701 -0.074791
v -0.042707 0.043163 0.070448
v -0.031000 0.043163 -0.010275
v -0.224679 0.043163 -0.076778
v -0.031416 0.043163 0.154711
v -0.070674 0.043163 -0.134400
v -0.033711 0.043163 -0.076333
v -0.127368 0.285379 0.090286
v -0.039861 0.222993 0.038575
v -0.029096 0.285379 0.045901
v -0.127368 0.222993 0.083441
v -0.041274 0.285379 0.035257
v -0.218850 0.222993 0.035020
v -0.127368 0.285379 0.075233
v -0.231420 0.285379 0.042346
v -0.214964 0.285379 0.031702
v -0.025647 0.285379 -0.057658
v -0.127368 0.222993 0.069320
v -0.035354 0.222993 -0.054796
v -0.050571 0.222993 0.028476
v -0.232249 0.285379 -0.057658
v -0.203861 0.222993 0.024921
v -0.222542 0.222993 -0.054796
v -0.064776 0.222993 -0.119629
v -0.055806 0.222993 -0.055187
v -0.080533 0.222993 -0.101573
v -0.198730 0.222993 -0.055187
v -0.187856 0.285379 -0.128120
v -0.174685 0.222993 -0.118394
v -0.047422 0.285379 -0.057658
v -0.211819 0.285379 -0.057658
v -0.127368 0.222993 -0.136285
v -0.057911 0.285379 -0.129355
v -0.127368 0.285379 -0.148854
v -0.162960 0.222993 -0.098322
v -0.074605 0.285379 -0.109973
v -0.175195 0.285379 -0.106722
v -0.127368 0.222993 -0.114207
v -0.127368 0.285379 -0.125063
v -0.132755 0.080620 0.299641
v -0.196557 0.074482 0.273286
v -0.077105 0.080620 0.300563
v -0.202922 0.043163 0.294434
v -0.076131 0.043163 0.317807
v -0.134560 0.043163 0.320015
v -0.231293 0.043163 0.261521
v -0.042111 0.043163 0.291511
v 0.192183 0.151889 0.126664
v 0.202256 0.201041 0.021773
v 0.165510 0.205583 0.072552
v 0.225774 0.098675 0.091634
v 0.127714 0.185835 0.107210
v 0.235264 0.093263 0.166260
v 0.128380 0.167937 0.132805
v 0.188160 0.126963 0.178645
v 0.130874 0.133970 0.182727
v 0.221932 0.101663 0.006226
v 0.196642 0.192959 -0.053007
v 0.064045 0.151384 0.120542
v 0.083668 0.204123 0.072882
v 0.191585 0.089161 0.237639
v 0.251700 0.043162 0.154936
v 0.230981 0.072552 0.231324
v 0.248158 0.043162 0.220638
v 0.069196 0.126282 0.178394
v 0.132157 0.101098 0.241454
v 0.075400 0.095940 0.241339
v 0.213894 0.102701 -0.071038
v 0.236671 0.043162 0.071865
v 0.231332 0.043162 0.005147
v 0.053501 0.197439 0.021447
v 0.042262 0.093433 0.168437
v 0.040460 0.076066 0.235925
v 0.160230 0.193103 -0.102804
v 0.224679 0.043162 -0.076778
v 0.046659 0.099430 0.086029
v 0.033319 0.101478 -0.000973
v 0.053836 0.190697 -0.052748
v 0.029320 0.043162 0.227753
v 0.176131 0.105645 -0.129070
v 0.123794 0.104580 -0.144110
v 0.121422 0.194847 -0.118353
v 0.181366 0.043162 -0.135837
v 0.037761 0.102701 -0.074791
v 0.078191 0.193167 -0.102314
v 0.031416 0.043162 0.154711
v 0.042707 0.043162 0.070448
v 0.071772 0.104766 -0.132574
v 0.124800 0.043162 -0.149775
v 0.070674 0.043162 -0.134400
v 0.031000 0.043162 -0.010275
v 0.033711 0.043162 -0.076333
v 0.127368 0.285379 0.090286
v 0.039861 0.222993 0.038575
v 0.127368 0.222993 0.083441
v 0.029096 0.285379 0.045901
v 0.218850 0.222993 0.035020
v 0.041274 0.285379 0.035257
v 0.231420 0.285379 0.042346
v 0.127368 0.285379 0.075233
v 0.214964 0.285379 0.031702
v 0.127368 0.222993 0.069320
v 0.025647 0.285379 -0.057658
v 0.050571 0.222993 0.028476
v 0.035355 0.222993 -0.054796
v 0.232249 0.285379 -0.057658
v 0.203861 0.222993 0.024921
v 0.222542 0.222993 -0.054796
v 0.064776 0.222993 -0.119629
v 0.055806 0.222993 -0.055187
v 0.080533 0.222993 -0.101573
v 0.198730 0.222993 -0.055187
v 0.187856 0.285379 -0.128120
v 0.174685 0.222993 -0.118394
v 0.047422 0.285379 -0.057658
v 0.211819 0.285379 -0.057658
v 0.127368 0.222993 -0.136285
v 0.057911 0.285379 -0.129355
v 0.127368 0.285379 -0.148854
v 0.162960 0.222993 -0.098322
v 0.074605 0.285379 -0.109973
v 0.175195 0.285379 -0.106722
v 0.127368 0.285379 -0.125063
v 0.127368 0.222993 -0.114207
v 0.132755 0.080620 0.299641
v 0.196557 0.074482 0.273286
v 0.202922 0.043163 0.294434
v 0.134560 0.043163 0.320015
v 0.076131 0.043163 0.317807
v 0.077105 0.080620 0.300563
v 0.231293 0.043163 0.261521
v 0.042111 0.043163 0.291511
v -0.072434 0.195919 -0.000748
v -0.052237 0.364493 0.092572
v -0.019659 0.364493 0.034572
v -0.027959 0.364493 -0.070125
v -0.126834 0.195919 -0.068533
v -0.181774 0.195919 -0.001157
v -0.060728 0.364493 -0.131531
v -0.127147 0.364493 -0.152071
v -0.192537 0.364493 0.092088
v -0.233771 0.364493 -0.070413
v -0.237194 0.364493 0.034215
v -0.192085 0.364493 -0.130587
v 0.072434 0.195919 -0.000748
v 0.019659 0.364492 0.034572
v 0.052237 0.364492 0.092572
v 0.027959 0.364492 -0.070125
v 0.126834 0.195919 -0.068533
v 0.181774 0.195919 -0.001157
v 0.060728 0.364492 -0.131531
v 0.127147 0.364492 -0.152071
v 0.192085 0.364492 -0.130587
v 0.233771 0.364492 -0.070413
v 0.237194 0.364492 0.034215
v 0.192537 0.364492 0.092088
v -0.075553 0.000361 -0.132807
v -0.125024 0.000361 -0.143199
v -0.038571 0.000361 -0.069215
v -0.179665 0.000361 -0.129437
v -0.220598 0.000361 -0.068671
v -0.036872 0.000361 -0.006487
v -0.227091 0.000361 0.008916
v -0.046358 0.000361 0.070365
v -0.038082 0.000361 0.152911
v -0.230427 0.000361 0.068532
v -0.039701 0.000361 0.224083
v -0.243647 0.000361 0.152799
v -0.050847 0.000361 0.282786
v -0.239034 0.000361 0.220374
v -0.078774 0.000361 0.311422
v -0.223592 0.000361 0.257594
v -0.198683 0.000361 0.289687
v -0.135020 0.000361 0.315656
v 0.075553 0.000361 -0.132807
v 0.125024 0.000361 -0.143199
v 0.038571 0.000361 -0.069215
v 0.179665 0.000361 -0.129437
v 0.036872 0.000361 -0.006487
v 0.046358 0.000361 0.070365
v 0.220599 0.000361 -0.068671
v 0.038082 0.000361 0.152911
v 0.227091 0.000361 0.008916
v 0.230427 0.000361 0.068532
v 0.039701 0.000361 0.224083
v 0.243647 0.000361 0.152799
v 0.050847 0.000361 0.282786
v 0.239034 0.000361 0.220374
v 0.078774 0.000361 0.311422
v 0.135020 0.000361 0.315656
v 0.223592 0.000361 0.257594
v 0.198683 0.000361 0.289687
v -0.281998 1.526362 0.018400
v -0.241260 1.522354 -0.087673
v -0.232443 1.523395 0.132544
v -0.124490 1.517581 0.154722
v -0.145293 1.517985 -0.141842
v -0.032306 1.512712 0.118066
v -0.050883 1.512390 -0.122595
v -0.011220 1.510475 -0.003501
v 0.281999 1.526363 0.018400
v 0.232443 1.523396 0.132544
v 0.241260 1.522354 -0.087673
v 0.124490 1.517581 0.154722
v 0.145294 1.517985 -0.141842
v 0.032307 1.512712 0.118066
v 0.050884 1.512390 -0.122595
v 0.011221 1.510474 -0.003501
v 0.012043 1.528836 0.005014
v 0.048890 1.534442 -0.131189
v 0.000000 1.532977 0.006746
v 0.000000 1.550294 -0.119465
v -0.012042 1.528836 0.005014
v 0.155419 1.557134 -0.137488
v -0.048890 1.534442 -0.131189
v 0.000000 1.577815 -0.146496
v 0.227894 1.639601 -0.101971
v 0.240097 1.573368 -0.095813
v 0.063255 1.573787 -0.144904
v 0.265979 1.691969 0.018179
v 0.278089 1.640513 0.018179
v 0.282052 1.584163 0.018179
v -0.155419 1.557134 -0.137488
v 0.000000 1.636187 -0.161534
v 0.211560 1.695870 -0.097081
v 0.161644 1.637020 -0.143306
v 0.210543 1.677054 0.126666
v 0.220725 1.627188 0.126683
v -0.063254 1.573786 -0.144904
v 0.228631 1.579007 0.129575
v 0.127787 1.695075 -0.142832
v 0.071699 1.634831 -0.158970
v 0.249009 1.740635 0.018179
v -0.282052 1.584162 0.018179
v -0.240097 1.573367 -0.095813
v -0.227893 1.639600 -0.101971
v -0.161644 1.637019 -0.143306
v -0.071699 1.634830 -0.158970
v 0.127939 1.609715 0.144872
v -0.000000 1.696877 -0.159265
v 0.112952 1.749413 -0.126598
v 0.198109 1.745801 -0.082677
v -0.228631 1.579006 0.129575
v -0.278089 1.640512 0.018179
v -0.127787 1.695073 -0.142832
v 0.126642 1.566941 0.150859
v 0.130189 1.674026 0.144453
v 0.197115 1.732659 0.127145
v -0.000000 1.749742 -0.142685
v 0.221898 1.795702 0.022364
v -0.220724 1.627187 0.126683
v -0.265979 1.691967 0.018179
v -0.211560 1.695868 -0.097081
v 0.024769 1.540993 0.131508
v 0.072695 1.568976 0.145255
v 0.127206 1.731267 0.146415
v 0.099529 1.805567 -0.113468
v 0.181282 1.800934 -0.065374
v -0.112953 1.749412 -0.126598
v -0.126641 1.566941 0.150859
v -0.210543 1.677052 0.126666
v -0.249009 1.740633 0.018179
v -0.198109 1.745799 -0.082677
v 0.000000 1.610784 0.156163
v 0.000000 1.570698 0.145320
v 0.179939 1.791356 0.127561
v -0.000000 1.805551 -0.125090
v -0.024768 1.540992 0.131508
v -0.127939 1.609714 0.144872
v -0.197115 1.732657 0.127145
v -0.221898 1.795700 0.022364
v -0.181282 1.800933 -0.065374
v -0.099530 1.805566 -0.113468
v 0.000000 1.668478 0.167418
v 0.087901 1.789827 0.155956
v -0.072694 1.568976 0.145255
v -0.130188 1.674025 0.144453
v -0.179939 1.791355 0.127561
v -0.087901 1.789826 0.155956
v 0.000000 1.547112 0.127916
v -0.127206 1.731266 0.146415
v -0.000000 1.729783 0.170523
v -0.000000 1.789826 0.169464
v -0.111611 1.733819 0.153136
v -0.113547 1.754822 0.165059
v -0.196096 1.733818 0.129104
v -0.202301 1.754822 0.134225
v -0.190838 1.769515 0.125898
v -0.254361 1.754822 0.017732
v -0.251965 1.733818 0.017744
v -0.109971 1.769516 0.153377
v -0.204419 1.754822 -0.088315
v -0.201475 1.733818 -0.086502
v -0.237762 1.769515 0.017753
v -0.118290 1.754822 -0.136470
v -0.116766 1.733819 -0.131753
v -0.193687 1.769515 -0.076036
v -0.000000 1.733819 -0.148925
v -0.109423 1.769516 -0.122578
v -0.000000 1.754823 -0.157003
v 0.118289 1.754823 -0.136470
v -0.000000 1.769516 -0.142079
v 0.116766 1.733820 -0.131753
v 0.109422 1.769517 -0.122578
v 0.201475 1.733820 -0.086502
v 0.193687 1.769517 -0.076036
v 0.204419 1.754823 -0.088315
v 0.251964 1.733820 0.017744
v 0.254361 1.754823 0.017732
v 0.237762 1.769517 0.017753
v 0.196096 1.733820 0.129104
v 0.190837 1.769517 0.125898
v 0.202301 1.754824 0.134225
v 0.109970 1.769517 0.153377
v 0.113546 1.754823 0.165059
v 0.111611 1.733820 0.153136
v 0.120758 1.739220 0.144957
v 0.123042 1.721491 0.171111
v -0.000000 1.739219 0.150410
v -0.000000 1.721490 0.176700
v 0.125326 1.739220 0.197266
v -0.123042 1.721490 0.171111
v -0.120759 1.739219 0.144957
v -0.000000 1.739219 0.202989
v -0.125326 1.739219 0.197266
v 0.125325 1.774673 0.197266
v -0.125326 1.774672 0.197266
v -0.000000 1.774673 0.202989
v 0.123042 1.792402 0.171111
v -0.000000 1.792402 0.176700
v 0.120758 1.774673 0.144957
v -0.000000 1.774673 0.150410
v -0.123042 1.792401 0.171111
v -0.120759 1.774672 0.144957
v 0.106449 2.319274 0.198324
v 0.123014 2.321403 0.202123
v 0.090720 2.334628 0.191372
v 0.110175 2.357997 0.183716
v 0.100377 2.337306 0.161900
v 0.117346 2.309434 0.189502
v 0.137455 2.355175 0.165008
v 0.145172 2.343643 0.158691
v 0.131562 2.342728 0.151885
v 0.133654 2.308416 0.183144
v 0.141869 2.317796 0.183818
v 0.139322 2.320384 0.195765
v -0.236956 1.204892 0.026278
v -0.260304 1.378125 0.029242
v -0.218914 1.371422 -0.082689
v -0.224691 1.374584 0.112694
v -0.202668 1.204892 -0.068572
v -0.206993 1.204892 0.106772
v -0.191678 1.106569 -0.069505
v -0.188588 1.106569 0.104014
v -0.214944 1.074108 0.029941
v -0.229381 1.529509 -0.086399
v -0.225772 1.528003 0.115382
v -0.272405 1.530456 0.024006
v -0.135656 1.204892 -0.092130
v -0.140525 1.359891 -0.116580
v -0.130805 1.204892 0.125605
v -0.133219 1.365664 0.142574
v -0.188535 1.074108 -0.071701
v -0.185424 1.074108 0.100383
v -0.141612 1.525905 -0.131461
v -0.133759 1.521927 0.148152
v -0.078841 1.106569 -0.076494
v -0.063989 1.349241 -0.104497
v -0.070905 1.204892 -0.082672
v -0.072822 1.106569 0.110705
v -0.045963 1.355540 0.119441
v -0.061293 1.204892 0.112252
v -0.056715 1.520675 -0.119883
v -0.038612 1.520162 0.116005
v -0.028535 1.204892 0.005999
v -0.036977 1.106569 0.008242
v -0.015469 1.518514 -0.003372
v -0.017403 1.340983 0.005321
v -0.075125 0.995368 0.097300
v -0.083496 0.921212 0.104046
v -0.050127 0.912129 -0.004002
v -0.170141 0.926221 0.096000
v -0.043624 0.996018 0.011085
v -0.175957 1.000046 0.091459
v -0.084560 0.833509 0.070484
v -0.169471 0.843232 0.064770
v -0.201268 0.953658 0.018540
v -0.046895 0.825546 -0.025907
v -0.205121 0.881931 0.005565
v -0.175790 0.918464 -0.088489
v -0.181054 1.000046 -0.073912
v -0.072770 0.685500 0.055072
v -0.185313 0.692927 0.056621
v -0.189186 0.807100 -0.115291
v -0.232678 0.729496 -0.016057
v -0.088740 0.916536 -0.096806
v -0.081538 1.009244 -0.079385
v -0.038255 0.698449 -0.028062
v -0.228176 0.652978 -0.021435
v -0.081083 0.813834 -0.127532
v -0.195744 0.694241 -0.117554
v -0.076812 0.694383 -0.127834
v -0.050778 0.606397 -0.028508
v -0.165704 0.536921 0.039786
v -0.095655 0.535232 0.045227
v -0.172367 0.569133 -0.099643
v -0.085701 0.567375 -0.105357
v -0.063037 0.550329 -0.025235
v -0.204360 0.557081 -0.027935
v -0.160724 0.438988 0.038098
v -0.191481 0.431005 -0.029563
v -0.069695 0.433395 -0.028077
v -0.159164 0.302369 0.040073
v -0.155275 0.425808 -0.090091
v -0.183542 0.301828 -0.026519
v -0.091858 0.425946 -0.090070
v -0.096139 0.438518 0.043168
v -0.153042 0.301478 -0.082482
v -0.161237 0.216288 0.045850
v -0.161181 0.203138 -0.089080
v -0.188354 0.203138 -0.020471
v -0.074606 0.301991 -0.025176
v -0.097783 0.302336 0.042500
v -0.094127 0.301488 -0.083147
v -0.092600 0.203138 -0.090852
v -0.162720 0.144525 0.112534
v -0.089580 0.216288 0.045801
v -0.068215 0.203138 -0.020451
v -0.088180 0.148330 0.114128
v 0.236956 1.204892 0.026278
v 0.202668 1.204892 -0.068572
v 0.218914 1.371422 -0.082689
v 0.191678 1.106569 -0.069505
v 0.260304 1.378125 0.029242
v 0.214944 1.074108 0.029941
v 0.224691 1.374584 0.112694
v 0.188588 1.106569 0.104014
v 0.206993 1.204892 0.106772
v 0.140525 1.359890 -0.116580
v 0.135656 1.204892 -0.092130
v 0.225772 1.528003 0.115382
v 0.229382 1.529510 -0.086399
v 0.272405 1.530457 0.024006
v 0.185424 1.074108 0.100383
v 0.188535 1.074108 -0.071701
v 0.133219 1.365664 0.142574
v 0.130805 1.204892 0.125605
v 0.063990 1.349240 -0.104497
v 0.078841 1.106569 -0.076494
v 0.070905 1.204892 -0.082672
v 0.141612 1.525905 -0.131461
v 0.133759 1.521927 0.148152
v 0.072822 1.106569 0.110705
v 0.017403 1.340983 0.005321
v 0.056715 1.520675 -0.119883
v 0.015469 1.518513 -0.003372
v 0.028535 1.204892 0.005999
v 0.036977 1.106569 0.008242
v 0.038612 1.520162 0.116005
v 0.061293 1.204892 0.112252
v 0.045963 1.355539 0.119441
v 0.075125 0.995367 0.097300
v 0.050127 0.912129 -0.004002
v 0.083496 0.921212 0.104046
v 0.043624 0.996018 0.011085
v 0.170141 0.926221 0.096000
v 0.175957 1.000046 0.091459
v 0.084560 0.833508 0.070484
v 0.046894 0.825546 -0.025907
v 0.201268 0.953658 0.018540
v 0.169471 0.843232 0.064770
v 0.072770 0.685500 0.055072
v 0.038255 0.698449 -0.028062
v 0.205121 0.881931 0.005565
v 0.175790 0.918464 -0.088489
v 0.181054 1.000046 -0.073912
v 0.185313 0.692927 0.056621
v 0.050778 0.606397 -0.028508
v 0.189186 0.807100 -0.115291
v 0.232678 0.729496 -0.016057
v 0.088740 0.916536 -0.096805
v 0.081538 1.009243 -0.079385
v 0.095655 0.535231 0.045227
v 0.063037 0.550329 -0.025235
v 0.228176 0.652978 -0.021435
v 0.081083 0.813834 -0.127532
v 0.195744 0.694240 -0.117554
v 0.076812 0.694382 -0.127834
v 0.165704 0.536920 0.039786
v 0.069695 0.433395 -0.028077
v 0.172367 0.569133 -0.099643
v 0.160724 0.438988 0.038098
v 0.204360 0.557080 -0.027935
v 0.191481 0.431005 -0.029563
v 0.096138 0.438518 0.043168
v 0.097783 0.302336 0.042500
v 0.074606 0.301991 -0.025176
v 0.085701 0.567375 -0.105357
v 0.155275 0.425808 -0.090091
v 0.159164 0.302369 0.040073
v 0.183542 0.301828 -0.026519
v 0.089580 0.216288 0.045801
v 0.068215 0.203138 -0.020451
v 0.153042 0.301478 -0.082482
v 0.161237 0.216288 0.045850
v 0.161181 0.203138 -0.089080
v 0.188354 0.203138 -0.020471
v 0.088180 0.148330 0.114128
v 0.091858 0.425945 -0.090070
v 0.092600 0.203138 -0.090852
v 0.094127 0.301488 -0.083147
v 0.162720 0.144525 0.112534
v -0.216068 1.000046 0.024337
v -0.205990 1.000046 0.024337
v -0.226623 1.074108 0.029941
v 0.216068 1.000046 0.024337
v 0.205990 1.000046 0.024337
v 0.226623 1.074108 0.029941
v 0.000000 2.627097 -0.213148
v -0.026293 2.620671 -0.199397
v 0.000000 2.660574 -0.213048
v -0.038495 2.651150 -0.192917
v -0.026293 2.607793 -0.171897
v -0.038495 2.632329 -0.152653
v 0.000000 2.601367 -0.158146
v 0.000000 2.622906 -0.132521
v 0.026293 2.607793 -0.171897
v 0.038495 2.632329 -0.152653
v 0.026293 2.620671 -0.199397
v 0.038495 2.651150 -0.192917
v 0.000000 2.682088 -0.187424
v -0.026293 2.675662 -0.173673
v -0.026293 2.662809 -0.146172
v 0.000000 2.656383 -0.132422
v 0.026293 2.662809 -0.146172
v 0.026293 2.675662 -0.173673
v 0.000000 2.601468 -0.191617
v 0.000000 2.681986 -0.153953
v -0.069582 2.494359 0.022361
v -0.048934 2.497854 0.025452
v -0.054343 2.520798 -0.015451
v 0.000000 2.502962 0.040761
v -0.036372 2.512881 0.020973
v -0.000000 2.447237 0.067634
v -0.045660 2.416490 0.085322
v -0.000000 2.406371 0.095458
v 0.048934 2.497854 0.025452
v 0.036372 2.512881 0.020973
v 0.045660 2.416490 0.085322
v 0.054343 2.520798 -0.015451
v -0.072443 2.450742 0.059575
v 0.069582 2.494359 0.022361
v 0.072443 2.450742 0.059575
v -0.216445 1.637799 0.179988
v -0.201045 1.639127 0.199307
v -0.240452 1.593044 0.205274
v -0.223494 1.594863 0.223199
v -0.238763 1.609376 0.236173
v -0.216445 1.654934 0.210495
v -0.255721 1.607560 0.218249
v -0.231845 1.653603 0.191176
v -0.183242 1.701134 0.163443
v -0.167843 1.696816 0.182320
v -0.183242 1.708705 0.197604
v -0.198643 1.713026 0.178727
v -0.137534 1.757685 0.157816
v -0.128150 1.745785 0.177372
v -0.137945 1.762800 0.192427
v -0.147329 1.774703 0.172870
v -0.100306 1.754380 0.177582
v -0.100084 1.783991 0.172449
v 0.223495 1.594864 0.223199
v 0.201045 1.639128 0.199307
v 0.240453 1.593045 0.205274
v 0.216445 1.637800 0.179988
v 0.238764 1.609377 0.236173
v 0.216445 1.654934 0.210495
v 0.255722 1.607561 0.218249
v 0.231845 1.653604 0.191176
v 0.183243 1.701135 0.163443
v 0.167843 1.696817 0.182320
v 0.183243 1.708706 0.197604
v 0.198643 1.713027 0.178727
v 0.137534 1.757686 0.157816
v 0.128150 1.745785 0.177372
v 0.137945 1.762801 0.192427
v 0.147329 1.774704 0.172870
v 0.100306 1.754381 0.177582
v 0.100084 1.783992 0.172450
v 0.018168 2.007072 -0.073530
v -0.052823 2.042813 -0.063553
v -0.056820 1.988609 -0.062991
v -0.079782 2.018131 -0.059764
v -0.054343 2.015455 -0.079999
v 0.005122 2.009290 -0.083174
v -0.089948 1.976267 -0.062189
v -0.084903 1.959841 -0.062554
v -0.044568 1.989150 -0.069758
v -0.038727 1.973024 -0.070712
v -0.003586 2.004743 -0.077708
v -0.091792 1.967080 -0.078966
v -0.044832 1.981076 -0.085008
v -0.012203 2.022406 -0.082826
v -0.012203 1.996478 -0.081732
v -0.000000 2.017807 -0.067960
v -0.000000 1.998729 -0.067960
v -0.000000 2.024314 -0.089897
v -0.000000 1.994129 -0.087050
v 0.079781 2.018132 -0.059764
v 0.052822 2.042813 -0.063553
v 0.056819 1.988609 -0.062991
v -0.018168 2.007072 -0.073530
v 0.054342 2.015455 -0.079999
v -0.005123 2.009290 -0.083174
v 0.089948 1.976268 -0.062189
v 0.044567 1.989150 -0.069758
v 0.084903 1.959842 -0.062554
v 0.038727 1.973024 -0.070712
v 0.003586 2.004743 -0.077708
v 0.091791 1.967080 -0.078966
v 0.044831 1.981076 -0.085008
v 0.012202 1.996478 -0.081732
v 0.012202 2.022406 -0.082826
v -0.633814 2.345075 -0.022165
v -0.591571 2.353752 -0.021173
v -0.633816 2.371817 0.042930
v -0.549933 2.384059 0.036235
v -0.554088 2.355568 -0.021079
v -0.633816 2.439175 0.040496
v -0.422570 2.347402 -0.019555
v -0.549933 2.434885 0.034443
v -0.332445 2.344847 -0.017995
v -0.420345 2.381192 0.039338
v -0.591571 2.458171 -0.020470
v -0.332445 2.379160 0.038049
v -0.646913 2.469584 -0.020384
v -0.553278 2.457031 -0.019224
v -0.250081 2.379650 0.028856
v -0.420345 2.438921 0.040817
v -0.633816 2.444455 -0.072365
v -0.558068 2.439531 -0.067354
v -0.246042 2.349698 -0.018997
v -0.332445 2.442662 0.039289
v -0.422138 2.461847 -0.020925
v -0.592562 2.440569 -0.070402
v -0.633816 2.387115 -0.075076
v -0.206731 2.353066 -0.019979
v -0.251800 2.405685 0.041469
v -0.424703 2.437715 -0.079082
v -0.592562 2.383287 -0.073883
v -0.558068 2.384034 -0.071667
v -0.204227 2.379693 0.033409
v -0.257820 2.446716 0.031960
v -0.332445 2.465720 -0.026526
v -0.159341 2.377026 0.033902
v -0.261818 2.464758 -0.032025
v -0.332445 2.443031 -0.083922
v -0.203581 2.407400 0.048255
v -0.424703 2.379599 -0.084399
v -0.165576 2.351908 -0.015689
v -0.256781 2.446376 -0.083114
v -0.194182 2.466285 0.022578
v -0.216423 2.454041 0.027120
v -0.332445 2.378319 -0.089784
v -0.173046 2.407979 0.050538
v -0.225794 2.471611 -0.034471
v -0.221090 2.458807 -0.082313
v -0.244748 2.387237 -0.090855
v -0.152362 2.409135 0.051607
v -0.171231 2.474227 0.018530
v -0.201381 2.482441 -0.034718
v -0.191754 2.371001 -0.070703
v -0.243913 2.368763 -0.072372
v -0.151448 2.448451 0.037333
v -0.174980 2.490117 -0.035148
v -0.195164 2.474151 -0.082071
v -0.187028 2.397750 -0.097100
v -0.168341 2.482822 -0.081271
v -0.146894 2.402721 -0.107515
v -0.165667 2.357915 -0.071617
v 0.633814 2.345075 -0.022165
v 0.633816 2.371816 0.042930
v 0.591571 2.353752 -0.021173
v 0.549933 2.384059 0.036235
v 0.633816 2.439174 0.040496
v 0.554088 2.355568 -0.021079
v 0.549933 2.434885 0.034443
v 0.422570 2.347402 -0.019555
v 0.591571 2.458171 -0.020470
v 0.420345 2.381192 0.039338
v 0.646913 2.469583 -0.020384
v 0.332446 2.344847 -0.017995
v 0.553278 2.457031 -0.019224
v 0.633816 2.444455 -0.072365
v 0.332446 2.379160 0.038049
v 0.422138 2.461847 -0.020925
v 0.420345 2.438921 0.040817
v 0.633816 2.387115 -0.075076
v 0.592562 2.440569 -0.070402
v 0.250081 2.379650 0.028856
v 0.246043 2.349698 -0.018997
v 0.558069 2.439530 -0.067354
v 0.424703 2.437714 -0.079082
v 0.332446 2.465720 -0.026526
v 0.332446 2.442662 0.039289
v 0.206731 2.353066 -0.019979
v 0.592562 2.383287 -0.073883
v 0.558069 2.384034 -0.071667
v 0.332446 2.443031 -0.083922
v 0.261818 2.464757 -0.032025
v 0.257820 2.446716 0.031960
v 0.251800 2.405685 0.041469
v 0.204227 2.379693 0.033409
v 0.332446 2.378319 -0.089784
v 0.225794 2.471610 -0.034471
v 0.216423 2.454041 0.027120
v 0.159341 2.377026 0.033902
v 0.203581 2.407399 0.048255
v 0.424703 2.379599 -0.084399
v 0.256781 2.446376 -0.083114
v 0.165576 2.351908 -0.015689
v 0.194182 2.466284 0.022578
v 0.244748 2.387237 -0.090855
v 0.173046 2.407979 0.050538
v 0.201381 2.482441 -0.034718
v 0.243913 2.368763 -0.072372
v 0.221090 2.458806 -0.082313
v 0.152362 2.409134 0.051607
v 0.171231 2.474226 0.018530
v 0.187029 2.397750 -0.097100
v 0.151448 2.448451 0.037333
v 0.195165 2.474150 -0.082071
v 0.191754 2.371001 -0.070703
v 0.174980 2.490117 -0.035148
v 0.165667 2.357915 -0.071617
v 0.146894 2.402721 -0.107515
v 0.168341 2.482822 -0.081271
v 0.147552 2.492817 -0.032856
v 0.139550 2.486962 -0.080394
v 0.122119 2.494516 -0.029244
v 0.138802 2.363727 -0.105554
v 0.068410 2.403998 -0.117856
v 0.066545 2.463315 -0.103454
v 0.114573 2.491082 -0.077108
v 0.069978 2.365865 -0.119013
v 0.082315 2.506172 -0.073551
v 0.132580 2.321926 -0.097974
v 0.074041 2.512421 -0.021133
v 0.159452 2.317811 -0.068503
v -0.000000 2.366947 -0.126857
v -0.000000 2.404326 -0.124786
v -0.000000 2.490544 -0.105094
v 0.048111 2.520005 -0.067125
v 0.073239 2.298995 -0.111251
v 0.000000 2.300712 -0.121267
v 0.160014 2.320417 -0.011769
v -0.068410 2.403998 -0.117856
v -0.000000 2.439985 -0.119292
v 0.000000 2.523165 -0.084885
v 0.129498 2.290468 -0.088673
v 0.000000 2.248238 -0.111068
v -0.073239 2.298995 -0.111251
v -0.066545 2.463315 -0.103454
v -0.069978 2.365865 -0.119013
v -0.048111 2.520005 -0.067125
v 0.156012 2.287512 -0.064420
v 0.151055 2.346843 0.061753
v 0.073044 2.248822 -0.101257
v -0.073044 2.248822 -0.101257
v -0.132580 2.321926 -0.097974
v -0.138802 2.363727 -0.105554
v -0.139550 2.486963 -0.080394
v -0.114573 2.491082 -0.077108
v -0.082315 2.506172 -0.073551
v -0.074041 2.512421 -0.021133
v 0.153579 2.332396 0.029837
v 0.150707 2.246927 -0.057545
v 0.124492 2.416462 0.064546
v 0.000000 2.177367 -0.092478
v -0.159452 2.317811 -0.068503
v -0.129498 2.290468 -0.088673
v -0.122119 2.494516 -0.029244
v 0.157449 2.287824 -0.009656
v 0.136150 2.383422 0.073947
v 0.155632 2.287941 0.026821
v 0.150000 2.478054 0.015741
v 0.072800 2.176435 -0.080863
v -0.072800 2.176435 -0.080863
v -0.156012 2.287512 -0.064420
v -0.147552 2.492817 -0.032856
v 0.108672 2.452655 0.046983
v 0.154611 2.234806 -0.001713
v -0.000000 2.082975 -0.072830
v -0.160014 2.320417 -0.011769
v -0.150707 2.246927 -0.057545
v 0.122201 2.480371 0.015197
v 0.136685 2.170252 -0.046538
v -0.068218 2.082282 -0.063310
v -0.157449 2.287824 -0.009656
v 0.095254 2.488120 0.016657
v 0.068218 2.082282 -0.063310
v -0.000000 2.007215 -0.062281
v -0.136685 2.170252 -0.046538
v -0.151055 2.346843 0.061753
v -0.153579 2.332396 0.029837
v -0.154611 2.234806 -0.001713
v -0.124491 2.416462 0.064546
v -0.155632 2.287941 0.026821
v -0.136150 2.383422 0.073947
v -0.150000 2.478055 0.015741
v -0.108672 2.452655 0.046983
v -0.122201 2.480371 0.015197
v -0.095254 2.488121 0.016657
v -0.100086 1.801614 -0.109189
v -0.043819 1.913936 -0.079199
v -0.000000 1.801485 -0.115639
v -0.000000 1.912922 -0.083358
v 0.043818 1.913936 -0.079199
v 0.100086 1.801615 -0.109189
v 0.111838 2.419787 0.065284
v 0.105340 2.382558 0.093583
v 0.118877 2.343602 0.151678
v 0.065732 2.354634 0.150592
v 0.148872 2.343877 0.116847
v -0.000000 2.345352 0.166661
v 0.066140 2.345185 0.160334
v -0.066140 2.345185 0.160334
v -0.065200 2.306831 0.200440
v 0.065200 2.306831 0.200440
v 0.125419 2.305840 0.189544
v 0.167147 2.296005 0.076134
v -0.125419 2.305840 0.189544
v -0.000000 2.305396 0.196957
v 0.161828 2.303376 0.141376
v 0.061451 2.260166 0.221992
v 0.129006 2.259513 0.207290
v -0.118877 2.343602 0.151678
v -0.129006 2.259513 0.207290
v 0.168824 2.258416 0.151905
v -0.065732 2.354634 0.150592
v -0.061451 2.260166 0.221992
v 0.058786 2.207286 0.202206
v 0.172652 2.250346 0.091082
v -0.161828 2.303376 0.141376
v -0.168824 2.258416 0.151905
v -0.105340 2.382558 0.093583
v -0.000000 2.261207 0.214500
v 0.124770 2.207570 0.187704
v 0.151475 2.234347 0.030090
v -0.172652 2.250346 0.091082
v -0.058786 2.207286 0.202206
v -0.000000 2.168850 0.165348
v 0.057766 2.163207 0.156832
v 0.154487 2.211217 0.154071
v 0.165108 2.215060 0.104114
v -0.167147 2.296005 0.076134
v -0.124770 2.207570 0.187704
v -0.000000 2.210776 0.195657
v -0.111838 2.419787 0.065284
v -0.148872 2.343877 0.116847
v 0.148507 2.171563 0.036954
v 0.121903 2.163857 0.132172
v -0.165108 2.215060 0.104114
v -0.154487 2.211217 0.154071
v -0.057766 2.163207 0.156832
v -0.000000 2.092371 0.163252
v 0.068462 2.091111 0.152680
v -0.151475 2.234347 0.030090
v -0.121903 2.163857 0.132172
v 0.139559 2.091896 0.045857
v 0.131967 2.088233 -0.031765
v -0.000000 1.998559 0.162351
v 0.070480 1.999031 0.147392
v -0.068462 2.091111 0.152680
v -0.148507 2.171563 0.036954
v 0.120764 2.091141 0.131486
v 0.118694 2.000835 0.129743
v -0.070480 1.999031 0.147392
v -0.120764 2.091141 0.131486
v 0.142638 2.003304 0.051094
v 0.068866 2.008121 -0.052084
v 0.077609 1.896859 0.150798
v -0.000000 1.894563 0.166889
v -0.139559 2.091896 0.045857
v -0.118695 2.000834 0.129743
v -0.131967 2.088233 -0.031765
v 0.134727 1.900578 0.126952
v 0.174902 1.905059 0.049674
v 0.132680 2.007139 -0.017724
v -0.077610 1.896859 0.150798
v -0.142639 2.003303 0.051094
v 0.090490 1.786070 0.149281
v -0.068867 2.008121 -0.052084
v 0.167733 1.787856 0.123684
v 0.152625 1.912948 -0.028948
v 0.081036 1.914795 -0.073561
v -0.000000 1.785625 0.163209
v -0.174903 1.905058 0.049674
v -0.134727 1.900577 0.126952
v -0.132681 2.007138 -0.017724
v 0.214882 1.792530 0.028993
v -0.090490 1.786069 0.149281
v -0.081037 1.914794 -0.073561
v -0.214883 1.792528 0.028993
v -0.167733 1.787855 0.123684
v 0.180627 1.797820 -0.055992
v -0.152625 1.912947 -0.028948
v -0.180628 1.797819 -0.055992
v -0.000000 2.386820 0.110108
v -0.062034 2.386739 0.103654
v 0.062034 2.386739 0.103654
v -0.046834 2.536281 -0.050720
v 0.046834 2.536281 -0.050720
v 0.000000 2.546020 -0.075829
v 1.145129 2.312058 0.098833
v 1.108911 2.365769 0.075672
v 1.084568 2.333183 0.082687
v 1.129208 2.343228 0.046868
v 1.119757 2.291377 0.101600
v 1.150282 2.311753 0.069515
v 1.153805 2.258636 0.114678
v 1.157293 2.302576 0.073795
v 1.172931 2.274770 0.113293
v 1.172403 2.277480 0.088974
v 1.058284 2.363533 0.069073
v 1.146625 2.362410 0.052956
v 1.098352 2.399860 0.057423
v 1.136747 2.397567 0.067325
v 1.150595 2.255149 0.092058
v 1.118090 2.281456 0.071349
v 1.125756 2.274186 0.074609
v 1.167727 2.259261 0.105135
v 1.073554 2.404201 0.048756
v 1.078906 2.312217 0.043987
v 1.035368 2.381420 0.054569
v 1.054331 2.330792 0.029791
v 1.030852 2.353765 0.021068
v 1.167120 2.364033 0.053698
v 1.094067 2.415298 0.037564
v 1.036071 2.430391 0.022066
v 1.166376 2.404280 0.063036
v 1.093656 2.432400 -0.000646
v 1.166376 2.419154 0.037523
v 1.162248 2.430091 0.000199
v 1.036104 2.434379 -0.037653
v 1.161192 2.426837 -0.035706
v 1.092449 2.431044 -0.037752
v 1.091380 2.417818 -0.071106
v 1.035690 2.404856 -0.073789
v 1.093049 2.404546 -0.097951
v 1.159708 2.414211 -0.075047
v 1.090605 2.350914 -0.095717
v 1.035152 2.357435 -0.067186
v 1.157166 2.403099 -0.107979
v 1.093950 2.352532 -0.058875
v 1.034646 2.357737 -0.050306
v 1.100224 2.368179 -0.022188
v 1.033785 2.363328 -0.013006
v 1.060252 2.347666 0.000067
v 1.089282 2.347566 0.011874
v 1.131354 2.362438 0.015842
v 1.153836 2.376408 -0.026583
v 1.157163 2.369070 0.017433
v -1.145129 2.312058 0.098833
v -1.084567 2.333183 0.082687
v -1.108911 2.365769 0.075672
v -1.119757 2.291377 0.101600
v -1.129208 2.343229 0.046868
v -1.153805 2.258637 0.114678
v -1.150282 2.311754 0.069515
v -1.172931 2.274771 0.113293
v -1.157293 2.302576 0.073795
v -1.172403 2.277481 0.088974
v -1.058283 2.363533 0.069073
v -1.118090 2.281456 0.071349
v -1.078906 2.312218 0.043987
v -1.146625 2.362411 0.052956
v -1.167727 2.259262 0.105135
v -1.150595 2.255149 0.092058
v -1.054331 2.330793 0.029791
v -1.098352 2.399860 0.057423
v -1.030851 2.353765 0.021068
v -1.073554 2.404202 0.048756
v -1.035368 2.381420 0.054569
v -1.125756 2.274187 0.074609
v -1.136747 2.397567 0.067325
v -1.167120 2.364034 0.053698
v -1.036071 2.430391 0.022066
v -1.166376 2.404280 0.063036
v -1.094067 2.415299 0.037564
v -1.166376 2.419154 0.037523
v -1.093655 2.432400 -0.000646
v -1.036104 2.434379 -0.037653
v -1.162248 2.430092 0.000199
v -1.092449 2.431044 -0.037752
v -1.091380 2.417818 -0.071106
v -1.035690 2.404857 -0.073789
v -1.161192 2.426838 -0.035706
v -1.093048 2.404547 -0.097951
v -1.090605 2.350915 -0.095717
v -1.035152 2.357435 -0.067186
v -1.159708 2.414212 -0.075047
v -1.093950 2.352533 -0.058875
v -1.034646 2.357737 -0.050306
v -1.157166 2.403099 -0.107979
v -1.100224 2.368179 -0.022188
v -1.033785 2.363328 -0.013006
v -1.060252 2.347666 0.000067
v -1.089282 2.347567 0.011874
v -1.131354 2.362439 0.015842
v -1.153836 2.376409 -0.026583
v -1.157163 2.369071 0.017433
v -1.009759 2.366886 -0.056444
v -1.009759 2.364042 -0.011065
v -0.908687 2.362972 -0.012855
v -1.009759 2.401314 -0.062351
v -0.908687 2.384989 -0.066574
v -0.774207 2.378131 -0.084304
v -0.760484 2.348469 -0.015006
v -1.009759 2.437366 -0.034760
v -0.786498 2.440645 -0.079215
v -0.908688 2.431237 -0.063785
v -0.685117 2.380115 -0.086177
v -0.671535 2.340631 -0.019407
v -1.009759 2.434603 0.018222
v -0.795523 2.465477 -0.015446
v -0.707161 2.448738 -0.079312
v -0.712630 2.475842 -0.019199
v -0.908688 2.448880 -0.011671
v -1.009759 2.386173 0.038022
v -0.788159 2.444430 0.044496
v -0.704908 2.445684 0.048544
v -0.908688 2.437595 0.031201
v -1.009759 2.365909 0.018894
v -0.775213 2.373303 0.046705
v -0.682257 2.366122 0.047950
v -0.908687 2.380884 0.035286
v 1.009759 2.366886 -0.056444
v 1.009759 2.364041 -0.011065
v 1.009759 2.401313 -0.062351
v 0.908688 2.362972 -0.012855
v 0.908688 2.384989 -0.066574
v 0.774207 2.378131 -0.084304
v 0.760484 2.348469 -0.015006
v 1.009759 2.437366 -0.034760
v 0.908688 2.431237 -0.063785
v 0.685117 2.380114 -0.086177
v 0.671535 2.340630 -0.019407
v 0.786498 2.440645 -0.079215
v 1.009759 2.434603 0.018222
v 0.908688 2.448880 -0.011671
v 0.707162 2.448737 -0.079311
v 0.795523 2.465476 -0.015446
v 1.009759 2.386172 0.038022
v 0.908688 2.437595 0.031201
v 0.712630 2.475842 -0.019199
v 0.788160 2.444430 0.044496
v 0.908688 2.380884 0.035286
v 0.704909 2.445684 0.048544
v 1.009759 2.365908 0.018894
v 0.682257 2.366122 0.047950
v 0.775213 2.373302 0.046705
v 1.327315 2.403025 -0.065259
v 1.303574 2.400427 -0.069231
v 1.288801 2.404511 -0.069013
v 1.315619 2.390021 -0.068927
v 1.292921 2.408349 -0.035309
v 1.325779 2.391174 -0.067727
v 1.330018 2.405829 -0.039223
v 1.336330 2.393351 -0.062556
v 1.338392 2.395588 -0.042504
v 1.298842 2.395504 -0.092943
v 1.312022 2.388921 -0.087593
v 1.297557 2.375502 -0.034649
v 1.248388 2.413071 -0.034450
v 1.287668 2.375245 -0.034184
v 1.253965 2.374219 -0.033508
v 1.328893 2.381771 -0.037292
v 1.301352 2.371961 -0.091047
v 1.244113 2.409040 -0.071422
v 1.285944 2.396297 -0.096227
v 1.244296 2.374072 -0.033128
v 1.290915 2.367590 -0.094379
v 1.294458 2.371811 -0.067111
v 1.308075 2.376416 -0.068504
v 1.195835 2.423949 -0.034027
v 1.240323 2.397432 -0.100137
v 1.190778 2.413830 -0.073000
v 1.195835 2.372974 -0.033085
v 1.325957 2.376868 -0.064528
v 1.284951 2.371720 -0.067452
v 1.245898 2.368944 -0.100427
v 1.281814 2.367648 -0.095794
v 1.185721 2.399553 -0.107794
v 1.195835 2.373425 -0.028343
v 1.249932 2.371580 -0.066967
v 1.235761 2.368082 -0.101250
v 1.240028 2.371077 -0.067189
v 1.195835 2.423952 -0.025797
v 1.190554 2.363833 -0.066717
v 1.195807 2.420173 0.011122
v 1.256399 2.413328 -0.026050
v 1.251624 2.377415 -0.027619
v 1.184639 2.366391 -0.104397
v 1.152553 2.356551 -0.064133
v 1.195807 2.418103 0.019756
v 1.193605 2.408537 0.060569
v 1.256399 2.413854 0.008475
v 1.260994 2.378009 -0.027792
v 1.152182 2.358240 -0.103248
v 1.195807 2.371685 0.012870
v 1.251624 2.376269 0.009589
v 1.243886 2.402687 0.056026
v 1.243886 2.411138 0.017753
v 1.195804 2.371529 0.016575
v 1.197138 2.367879 0.054595
v 1.302757 2.409741 0.005840
v 1.260991 2.376909 0.009150
v 1.302757 2.407188 -0.025623
v 1.299175 2.377559 -0.026910
v 1.240572 2.374158 0.015502
v 1.294722 2.396018 0.051580
v 1.247757 2.374529 0.015739
v 1.294720 2.403594 0.018256
v 1.240572 2.373078 0.052088
v 1.299175 2.377760 0.006651
v 1.305866 2.378573 -0.026899
v 1.332886 2.394107 0.045461
v 1.248527 2.372759 0.051566
v 1.298166 2.370173 0.048344
v 1.291862 2.370071 0.048621
v 1.291862 2.373472 0.015357
v 1.305868 2.379782 0.006457
v 1.342556 2.404435 -0.024378
v 1.342431 2.405858 0.003188
v 1.334473 2.374765 0.042458
v 1.332972 2.399566 0.019621
v 1.342342 2.391169 0.043137
v 1.298166 2.374115 0.015151
v 1.343201 2.385291 -0.024379
v 1.343163 2.385281 0.003902
v 1.342212 2.396033 0.020484
v 1.333221 2.378329 0.017473
v 1.349053 2.398139 -0.021980
v 1.349028 2.398939 0.001202
v -1.327315 2.403026 -0.065259
v -1.325778 2.391174 -0.067727
v -1.336329 2.393351 -0.062556
v -1.315618 2.390021 -0.068927
v -1.338392 2.395588 -0.042504
v -1.303574 2.400427 -0.069231
v -1.330018 2.405830 -0.039223
v -1.288801 2.404511 -0.069013
v -1.292921 2.408349 -0.035309
v -1.312022 2.388921 -0.087593
v -1.328892 2.381771 -0.037292
v -1.248387 2.413071 -0.034450
v -1.297556 2.375502 -0.034649
v -1.253965 2.374220 -0.033508
v -1.287668 2.375246 -0.034184
v -1.298842 2.395505 -0.092943
v -1.244295 2.374072 -0.033128
v -1.244112 2.409040 -0.071422
v -1.195834 2.372975 -0.033085
v -1.195835 2.423950 -0.034027
v -1.301351 2.371961 -0.091047
v -1.285943 2.396297 -0.096227
v -1.195835 2.373425 -0.028343
v -1.290914 2.367590 -0.094379
v -1.294458 2.371812 -0.067111
v -1.308074 2.376416 -0.068504
v -1.190777 2.413831 -0.073000
v -1.240322 2.397433 -0.100137
v -1.195835 2.423953 -0.025797
v -1.256398 2.413328 -0.026050
v -1.251623 2.377415 -0.027619
v -1.325956 2.376869 -0.064528
v -1.284950 2.371720 -0.067452
v -1.245898 2.368944 -0.100427
v -1.281813 2.367648 -0.095794
v -1.185720 2.399553 -0.107794
v -1.260993 2.378009 -0.027792
v -1.249931 2.371580 -0.066967
v -1.235761 2.368083 -0.101250
v -1.240028 2.371077 -0.067189
v -1.256398 2.413854 0.008475
v -1.195807 2.420173 0.011122
v -1.302756 2.407189 -0.025623
v -1.299175 2.377559 -0.026910
v -1.190554 2.363833 -0.066717
v -1.184638 2.366391 -0.104397
v -1.152182 2.358240 -0.103248
v -1.302756 2.409741 0.005840
v -1.251623 2.376269 0.009589
v -1.260991 2.376909 0.009150
v -1.305865 2.378573 -0.026899
v -1.152553 2.356551 -0.064133
v -1.195807 2.418103 0.019756
v -1.193604 2.408537 0.060569
v -1.299175 2.377760 0.006651
v -1.195807 2.371685 0.012870
v -1.342555 2.404435 -0.024378
v -1.343200 2.385291 -0.024379
v -1.195804 2.371530 0.016575
v -1.197138 2.367880 0.054595
v -1.243886 2.402688 0.056026
v -1.305867 2.379782 0.006457
v -1.342431 2.405858 0.003188
v -1.349052 2.398139 -0.021980
v -1.243886 2.411138 0.017753
v -1.240571 2.373079 0.052088
v -1.294722 2.396017 0.051580
v -1.248527 2.372759 0.051566
v -1.343162 2.385281 0.003902
v -1.349027 2.398939 0.001202
v -1.291862 2.370071 0.048621
v -1.294719 2.403594 0.018256
v -1.298166 2.370173 0.048344
v -1.332885 2.394107 0.045461
v -1.240571 2.374158 0.015502
v -1.332972 2.399566 0.019621
v -1.247757 2.374529 0.015739
v -1.298166 2.374115 0.015151
v -1.291862 2.373472 0.015357
v -1.334473 2.374765 0.042458
v -1.333221 2.378329 0.017473
v -1.342342 2.391169 0.043137
v -1.342212 2.396033 0.020484
v -0.226374 0.695495 0.154211
v -0.213810 0.701134 0.146131
v -0.224037 0.706732 0.143110
v -0.211042 0.691348 0.152583
v -0.235734 0.704860 0.145289
v -0.217357 0.683103 0.158686
v -0.242049 0.696618 0.151392
v -0.229054 0.681233 0.160866
v -0.239281 0.686831 0.157844
v -0.222881 0.711375 0.133557
v -0.206586 0.702457 0.138370
v -0.251577 0.695262 0.146753
v -0.241517 0.708396 0.137029
v -0.212237 0.673730 0.158374
v -0.202177 0.686864 0.148650
v -0.247169 0.679669 0.157033
v -0.230873 0.670751 0.161846
v -0.244458 0.708175 0.130364
v -0.222550 0.711678 0.126282
v -0.198211 0.682864 0.144025
v -0.203394 0.701193 0.131941
v -0.231946 0.663921 0.159538
v -0.210038 0.667423 0.155456
v -0.256286 0.692734 0.141795
v -0.251102 0.674406 0.153879
v -0.222720 0.709288 0.120114
v -0.202578 0.698264 0.126064
v -0.209563 0.662757 0.150789
v -0.197128 0.678990 0.138770
v -0.252741 0.670098 0.149131
v -0.232598 0.659074 0.155081
v -0.245755 0.705604 0.124406
v -0.258191 0.689371 0.136425
v -0.327094 0.675691 0.097314
v -0.318201 0.666633 0.086820
v -0.321119 0.652201 0.098932
v -0.315067 0.682971 0.077505
v -0.321709 0.656801 0.109764
v -0.314866 0.691586 0.085540
v -0.324907 0.675455 0.127879
v -0.319461 0.703138 0.108601
v -0.330726 0.690748 0.117912
v -0.277835 0.659826 0.134706
v -0.280772 0.638947 0.118756
v -0.269436 0.701675 0.101222
v -0.269781 0.694812 0.079855
v -0.273202 0.685132 0.126097
v -0.237341 0.641190 0.153251
v -0.240862 0.613319 0.133123
v -0.222935 0.714418 0.102259
v -0.270530 0.698706 0.116643
v -0.275874 0.671551 0.135554
v -0.204287 0.640507 0.151158
v -0.199019 0.613337 0.129873
v -0.222699 0.705643 0.068833
v -0.183126 0.669819 0.129555
v -0.175229 0.649874 0.103145
v -0.191720 0.704385 0.106677
v -0.183531 0.692064 0.075051
v -0.311358 0.673016 0.097918
v -0.059662 0.263327 -0.028306
v -0.082528 0.255349 -0.090066
v -0.075806 0.319304 -0.094221
v -0.088605 0.256741 -0.078735
v -0.050297 0.335349 -0.027213
v -0.072728 0.264813 -0.028435
v -0.083876 0.275542 0.047541
v -0.090278 0.277259 0.036709
v -0.168860 0.308811 -0.097885
v -0.168295 0.255908 -0.093938
v -0.081608 0.357889 0.053913
v -0.081858 0.320690 -0.082892
v -0.088001 0.359608 0.043050
v -0.063407 0.336837 -0.027299
v -0.168302 0.291983 0.056176
v -0.164121 0.293665 0.044742
v -0.170799 0.256708 -0.081907
v -0.171723 0.377409 0.055974
v -0.171285 0.309608 -0.085853
v -0.209696 0.312214 -0.031143
v -0.198601 0.313662 -0.029888
v -0.176046 0.375712 0.067503
v -0.220836 0.398214 -0.028120
v -0.209515 0.399672 -0.026900
v -0.174484 0.341877 -0.105577
v -0.178579 0.427101 -0.116955
v -0.179291 0.340035 -0.117027
v -0.183548 0.425247 -0.128624
v -0.027022 0.393228 -0.026455
v -0.075516 0.361663 -0.122348
v -0.070575 0.443797 -0.135183
v -0.082134 0.364549 -0.110954
v -0.016184 0.476273 -0.028292
v -0.040568 0.394452 -0.027038
v -0.067697 0.414449 0.073249
v -0.074700 0.416080 0.062335
v -0.064223 0.502308 0.081372
v -0.077326 0.446697 -0.123526
v -0.071337 0.503936 0.070198
v -0.029879 0.477505 -0.028910
v -0.258864 0.463484 -0.029305
v -0.203835 0.436184 0.095098
v -0.211301 0.524759 0.103165
v -0.198588 0.436756 0.083408
v -0.269575 0.551693 -0.030370
v -0.247151 0.464541 -0.028681
v -0.207586 0.488409 -0.146715
v -0.201658 0.490855 -0.135554
v -0.214645 0.574995 -0.161472
v -0.205814 0.525331 0.091353
v -0.209091 0.577441 -0.149838
v -0.257518 0.552750 -0.029711
v -0.250829 0.711612 0.120707
v -0.221335 0.716328 0.115212
v -0.222092 0.709666 0.105431
v -0.195546 0.702214 0.122830
v -0.251586 0.704949 0.110926
v -0.188568 0.677535 0.139099
v -0.267508 0.684164 0.126315
v -0.266751 0.690827 0.136097
v -0.196303 0.695551 0.113049
v -0.260530 0.659486 0.142584
v -0.189326 0.670873 0.129317
v -0.259773 0.666148 0.152365
v -0.204490 0.656750 0.154488
v -0.205247 0.650088 0.144706
v -0.233984 0.652033 0.159983
v -0.234740 0.645371 0.150201
v 0.018510 0.545493 -0.027785
v -0.056189 0.515684 -0.145302
v -0.049702 0.513410 -0.157659
v 0.004420 0.546771 -0.027354
v -0.041788 0.599910 -0.171390
v -0.033469 0.574853 0.094138
v 0.029734 0.633143 -0.028805
v -0.042550 0.574467 0.083599
v -0.048528 0.602181 -0.158592
v -0.221149 0.631193 0.140191
v -0.026270 0.663580 0.092208
v 0.015284 0.634421 -0.028342
v -0.222945 0.622003 0.131134
v -0.035633 0.663154 0.081384
v -0.197366 0.699199 0.089848
v -0.199577 0.689656 0.080405
v -0.299514 0.686963 0.121292
v -0.261777 0.667934 0.136927
v -0.263334 0.689770 0.135545
v -0.255971 0.697459 0.116367
v 0.065282 2.643252 0.164407
v 0.067620 2.653158 0.115796
v 0.065282 2.652166 0.166239
v 0.067620 2.663164 0.117628
v -0.065282 2.643252 0.164407
v -0.065282 2.652166 0.166239
v -0.067620 2.653158 0.115796
v -0.067620 2.663164 0.117628
v -0.028953 2.646172 0.200245
v -0.058045 2.649550 0.180830
v -0.028953 2.630424 0.195708
v -0.058045 2.638095 0.176383
v 0.061805 2.652166 0.166239
v 0.064102 2.663164 0.117628
v -0.061805 2.652166 0.166239
v -0.064102 2.663164 0.117628
v -0.055232 2.649601 0.178777
v -0.027145 2.646248 0.197539
v 0.055232 2.649601 0.178777
v 0.058045 2.638095 0.176383
v 0.041720 2.647924 0.188513
v 0.032994 2.620823 0.185473
v 0.027145 2.646248 0.197539
v 0.000000 2.627707 0.202025
v 0.000000 2.644851 0.206601
v 0.000000 2.645511 0.202585
v 0.058045 2.649550 0.180830
v 0.028953 2.630424 0.195708
v 0.028953 2.646172 0.200245
v 0.044031 2.634260 0.186400
v 0.055691 2.629255 0.160336
v 0.057612 2.640863 0.164880
v 0.057969 2.640812 0.111158
v 0.059968 2.652954 0.111658
v 0.025857 2.633497 0.192343
v 0.051585 2.637307 0.176936
v 0.024995 2.623769 0.185157
v 0.049866 2.626817 0.171954
v 0.000000 2.632456 0.197500
v 0.000000 2.622753 0.189939
v -0.055691 2.629255 0.160336
v -0.057969 2.640812 0.111158
v -0.057612 2.640863 0.164880
v -0.059968 2.652954 0.111658
v -0.049866 2.626817 0.171954
v -0.051585 2.637307 0.176936
v -0.024995 2.623769 0.185157
v -0.025857 2.633497 0.192343
v 0.057612 2.629255 0.160336
v 0.059968 2.640812 0.111158
v 0.051585 2.626791 0.172718
v 0.025857 2.623693 0.186936
v 0.000000 2.622652 0.192094
v -0.057612 2.629255 0.160336
v -0.059968 2.640812 0.111158
v -0.025857 2.623693 0.186936
v -0.051585 2.626791 0.172718
v 0.061070 2.628214 0.160543
v 0.061279 2.642311 0.189194
v 0.070687 2.647975 0.173566
v 0.047088 2.637536 0.195995
v 0.070687 2.660904 0.120193
v 0.046842 2.625115 0.177161
v 0.060239 2.640228 0.113514
v 0.046322 2.628621 0.160550
v 0.045226 2.641168 0.118148
v 0.025836 2.625014 0.188914
v 0.024634 2.633777 0.204060
v 0.070687 2.666593 0.093850
v 0.023281 2.644191 0.121773
v 0.044255 2.647874 0.088630
v 0.021578 2.650846 0.089511
v 0.025026 2.631516 0.162220
v 0.000000 2.627351 0.199524
v 0.000000 2.631719 0.209240
v 0.060239 2.647493 0.087824
v 0.000000 2.667533 0.092821
v -0.000000 2.645029 0.125265
v -0.000000 2.652421 0.089789
v 0.000000 2.631897 0.163513
v -0.024634 2.633777 0.204060
v -0.021578 2.650846 0.089511
v -0.044255 2.647874 0.088630
v -0.070687 2.666593 0.093850
v -0.025026 2.631516 0.162220
v -0.023281 2.644191 0.121773
v -0.025836 2.625014 0.188914
v -0.060239 2.647493 0.087824
v -0.060239 2.640228 0.113514
v -0.070687 2.660904 0.120193
v -0.045226 2.641168 0.118148
v -0.047088 2.637536 0.195995
v -0.046322 2.628621 0.160550
v -0.046842 2.625115 0.177161
v -0.061070 2.628214 0.160543
v -0.070687 2.647975 0.173566
v -0.061279 2.642311 0.189194
v 0.000000 2.658237 0.130380
v 0.023953 2.645968 0.200880
v 0.000000 2.646477 0.207111
v 0.047906 2.645791 0.190001
v -0.023953 2.645968 0.200880
v -0.047906 2.645791 0.190001
v 0.024682 2.633345 0.204160
v 0.047310 2.637307 0.195994
v -0.047310 2.637307 0.195994
v -0.024682 2.633345 0.204160
v 0.000000 2.631008 0.209404
v 0.000000 2.623541 0.204905
v -0.024791 2.625928 0.199170
v 0.000000 2.614168 0.197666
v -0.046743 2.630906 0.191154
v -0.024013 2.617698 0.192273
v -0.043735 2.622779 0.186244
v -0.020357 2.593188 0.177791
v -0.061596 2.637104 0.185898
v -0.063233 2.629560 0.179954
v -0.075055 2.638882 0.179034
v -0.050944 2.604668 0.169197
v -0.082681 2.622702 0.163178
v -0.056030 2.583409 0.148030
v -0.090327 2.606929 0.143708
v -0.098885 2.636596 0.162350
v -0.121123 2.632557 0.142049
v -0.057290 2.578380 0.137209
v -0.095272 2.600782 0.129692
v -0.094694 2.660244 0.174974
v -0.117584 2.656129 0.158473
v -0.019147 2.566924 0.157923
v -0.018630 2.560981 0.145809
v -0.061928 2.646985 0.192378
v -0.061968 2.653614 0.194487
v -0.130165 2.625420 0.123602
v -0.140127 2.652267 0.141016
v 0.000000 2.591079 0.183737
v 0.000000 2.562377 0.161918
v 0.020357 2.593188 0.177791
v 0.024013 2.617698 0.192273
v 0.043735 2.622779 0.186244
v 0.000000 2.554732 0.150567
v 0.019148 2.566924 0.157923
v -0.018312 2.560701 0.131193
v -0.058397 2.577007 0.117421
v -0.097951 2.599664 0.108393
v -0.049488 2.578836 0.093591
v 0.000000 2.556154 0.138394
v -0.048832 2.643505 0.199100
v -0.049528 2.650769 0.201982
v -0.063258 2.665578 0.195805
v -0.126106 2.680310 0.158357
v -0.103275 2.685593 0.173200
v -0.068562 2.692248 0.190803
v -0.032638 2.679776 0.220984
v -0.028607 2.646324 0.210610
v -0.026186 2.640177 0.207982
v 0.050944 2.604669 0.169197
v 0.063233 2.629560 0.179954
v 0.056031 2.583409 0.148030
v 0.018630 2.560981 0.145809
v 0.018312 2.560701 0.131193
v 0.057291 2.578380 0.137209
v 0.090327 2.606929 0.143708
v 0.082681 2.622702 0.163178
v -0.109590 2.707157 0.169848
v -0.071323 2.711272 0.184013
v -0.034298 2.720873 0.203487
v -0.034158 2.705075 0.214679
v -0.000000 2.735986 0.219873
v -0.132343 2.708579 0.156502
v -0.000000 2.642971 0.217855
v 0.000000 2.637536 0.214643
v 0.026186 2.640177 0.207982
v -0.000000 2.662784 0.231957
v 0.028607 2.646324 0.210610
v 0.048832 2.643505 0.199100
v 0.058397 2.577008 0.117421
v 0.095273 2.600782 0.129692
v 0.121123 2.632558 0.142049
v -0.000000 2.696439 0.255361
v -0.000000 2.677338 0.243007
v 0.032638 2.679776 0.220984
v 0.049528 2.650769 0.201982
v 0.061928 2.646985 0.192378
v -0.000000 2.714930 0.234880
v 0.034158 2.705075 0.214679
v 0.034297 2.720874 0.203487
v 0.068562 2.692248 0.190803
v 0.071322 2.711272 0.184013
v 0.063258 2.665578 0.195805
v 0.061968 2.653614 0.194487
v 0.094694 2.660244 0.174974
v 0.075055 2.638882 0.179034
v 0.061596 2.637104 0.185898
v 0.098885 2.636596 0.162350
v 0.117584 2.656129 0.158473
v 0.103274 2.685594 0.173200
v 0.109589 2.707158 0.169848
v 0.126105 2.680310 0.158357
v 0.132343 2.708580 0.156502
v 0.140126 2.652269 0.141016
v 0.154362 2.677948 0.139023
v 0.162466 2.709800 0.136809
v 0.130165 2.625421 0.123602
v 0.155789 2.648179 0.118994
v 0.168979 2.676246 0.115227
v 0.177126 2.712060 0.112399
v 0.097952 2.599665 0.108393
v 0.135715 2.622881 0.101775
v 0.161920 2.644699 0.096594
v 0.177683 2.676170 0.092467
v 0.186960 2.714270 0.087015
v 0.049488 2.578837 0.093591
v 0.097664 2.603780 0.081033
v 0.133491 2.626234 0.073192
v 0.089218 2.614626 0.031455
v 0.159897 2.646350 0.068061
v 0.178464 2.675484 0.061862
v 0.151432 2.650897 0.016730
v 0.123356 2.632863 0.024800
v 0.000000 2.565552 0.103305
v 0.032894 2.596109 0.037526
v 0.050568 2.619756 -0.007931
v 0.084908 2.652624 -0.042671
v -0.032894 2.596108 0.037526
v 0.000000 2.585669 0.053703
v 0.171601 2.673198 0.013681
v 0.117308 2.675967 -0.042311
v 0.048908 2.591562 -0.009627
v 0.032503 2.576017 0.032117
v 0.188582 2.715083 0.055979
v 0.190634 2.741829 0.086395
v 0.193829 2.743759 0.054094
v 0.193161 2.743353 0.021651
v 0.176641 2.688794 0.013731
v 0.142588 2.704034 -0.038331
v 0.186802 2.748153 -0.020211
v 0.105206 2.672919 -0.052452
v 0.062513 2.654605 -0.060487
v 0.042518 2.632405 -0.040887
v -0.000000 2.642794 -0.067015
v 0.040917 2.601874 -0.043560
v 0.000000 2.607487 -0.067385
v -0.032503 2.576017 0.032117
v 0.000000 2.568346 0.047726
v -0.048908 2.591562 -0.009627
v -0.040917 2.601874 -0.043560
v -0.050568 2.619756 -0.007931
v -0.042518 2.632405 -0.040887
v -0.062514 2.654605 -0.060487
v -0.084908 2.652623 -0.042671
v -0.105206 2.672918 -0.052452
v -0.089218 2.614625 0.031455
v -0.123356 2.632862 0.024800
v -0.117308 2.675966 -0.042311
v -0.142589 2.704033 -0.038331
v -0.151432 2.650896 0.016730
v -0.171601 2.673197 0.013681
v -0.133491 2.626232 0.073192
v -0.097664 2.603779 0.081033
v -0.135715 2.622880 0.101775
v -0.176642 2.688793 0.013731
v -0.186803 2.748152 -0.020211
v -0.178464 2.675483 0.061862
v -0.159897 2.646349 0.068061
v -0.161920 2.644698 0.096594
v -0.177683 2.676169 0.092467
v -0.155789 2.648178 0.118994
v -0.168980 2.676245 0.115227
v -0.154362 2.677947 0.139023
v -0.162467 2.709798 0.136809
v -0.177127 2.712059 0.112399
v -0.186960 2.714268 0.087015
v -0.188582 2.715081 0.055979
v -0.190635 2.741827 0.086395
v -0.193830 2.743758 0.054094
v -0.193162 2.743351 0.021651
v 0.024791 2.625928 0.199170
v 0.046743 2.630906 0.191154
v -0.209885 2.893034 0.084251
v -0.208074 2.829940 0.063441
v -0.206464 2.873476 0.091663
v -0.201010 2.824835 0.092739
v -0.196276 2.782315 0.090496
v -0.199980 2.783179 0.058585
v -0.196425 2.767075 0.036855
v -0.218092 2.832048 0.020304
v -0.188774 2.686659 -0.003327
v -0.202312 2.693339 -0.018252
v -0.239556 2.729838 -0.039942
v -0.261521 2.777590 -0.050687
v -0.264654 2.835502 -0.040269
v -0.241376 2.854934 -0.001296
v -0.256000 2.854273 -0.019630
v -0.227877 2.735020 -0.046021
v -0.246893 2.774771 -0.061960
v -0.250513 2.834918 -0.047015
v -0.243791 2.854476 -0.025375
v -0.230120 2.855823 -0.008136
v -0.219106 2.836976 0.002593
v -0.198287 2.959861 0.109935
v -0.182243 2.964433 0.141726
v -0.181349 2.991662 0.132393
v -0.162251 2.967354 0.165063
v -0.161101 3.019348 0.151994
v -0.133565 2.972054 0.188741
v -0.131174 3.023920 0.179092
v -0.120445 3.077641 0.171968
v -0.102312 3.028645 0.201356
v -0.048500 3.085389 0.203962
v -0.095535 2.976499 0.210997
v -0.050332 3.032836 0.221477
v -0.047825 2.981401 0.230029
v -0.000002 3.086532 0.212751
v -0.000001 3.034741 0.231340
v -0.000001 2.982951 0.243053
v 0.047823 2.981401 0.230029
v 0.050329 3.032836 0.221477
v 0.095533 2.976499 0.210997
v 0.048496 3.085389 0.203962
v 0.102309 3.028646 0.201356
v 0.120441 3.077642 0.171968
v 0.133563 2.972054 0.188741
v 0.131171 3.023921 0.179092
v 0.161098 3.019349 0.151994
v 0.162248 2.967355 0.165063
v 0.181347 2.991663 0.132393
v 0.182240 2.964435 0.141726
v 0.198285 2.959862 0.109935
v 0.209883 2.893035 0.084251
v 0.206462 2.873477 0.091663
v 0.208072 2.829942 0.063441
v 0.201009 2.824836 0.092739
v 0.196275 2.782317 0.090496
v 0.199979 2.783180 0.058585
v 0.196424 2.767076 0.036855
v 0.218090 2.832050 0.020304
v 0.188774 2.686660 -0.003327
v 0.202312 2.693341 -0.018252
v 0.239555 2.729840 -0.039942
v 0.261520 2.777592 -0.050687
v 0.264652 2.835504 -0.040269
v 0.241374 2.854935 -0.001296
v 0.255998 2.854275 -0.019630
v 0.227876 2.735022 -0.046021
v 0.246892 2.774773 -0.061960
v 0.250511 2.834920 -0.047015
v 0.243790 2.854478 -0.025375
v 0.230119 2.855824 -0.008136
v 0.219104 2.836977 0.002593
v -0.075666 2.743428 0.184157
v -0.113978 2.740126 0.167487
v -0.035151 2.748661 0.200256
v -0.000000 2.758694 0.216636
v -0.079396 2.774493 0.187041
v -0.138547 2.739567 0.154418
v 0.035150 2.748661 0.200256
v -0.035731 2.779319 0.205896
v -0.166920 2.740685 0.133997
v -0.118651 2.773807 0.170475
v -0.000001 2.784272 0.219147
v -0.084736 2.814243 0.192904
v -0.145148 2.774771 0.153573
v 0.075665 2.743429 0.184157
v 0.035730 2.779319 0.205896
v -0.181811 2.741294 0.112116
v -0.039644 2.814244 0.212711
v -0.124922 2.815691 0.174491
v 0.079395 2.774493 0.187041
v -0.173107 2.777235 0.136486
v -0.000001 2.818079 0.226141
v -0.092330 2.888665 0.209713
v -0.131952 2.884982 0.188615
v 0.113977 2.740127 0.167487
v 0.118650 2.773807 0.170475
v 0.084735 2.814244 0.192904
v -0.153492 2.816961 0.154329
v 0.039643 2.814244 0.212711
v -0.044914 2.889428 0.224920
v -0.161179 2.882595 0.167405
v 0.124921 2.815692 0.174491
v -0.186842 2.780105 0.114255
v 0.044912 2.889428 0.224920
v -0.094347 2.932582 0.214170
v -0.135412 2.928899 0.193388
v -0.187143 2.880131 0.144703
v -0.178878 2.820314 0.140400
v 0.138546 2.739568 0.154418
v 0.131950 2.884983 0.188615
v -0.000001 2.889352 0.239288
v -0.162199 2.924962 0.171427
v -0.198266 2.876447 0.121288
v 0.166919 2.740686 0.133997
v 0.145147 2.774773 0.153573
v 0.092328 2.888666 0.209713
v -0.192110 2.822675 0.118748
v -0.047140 2.935402 0.232037
v -0.186462 2.920974 0.146745
v 0.173106 2.777236 0.136486
v 0.153491 2.816962 0.154329
v 0.161178 2.882596 0.167405
v 0.094344 2.932583 0.214170
v -0.000001 2.936164 0.245729
v -0.198529 2.917748 0.118402
v 0.181810 2.741296 0.112116
v 0.178877 2.820315 0.140400
v 0.187141 2.880132 0.144703
v 0.135409 2.928900 0.193388
v 0.047138 2.935402 0.232037
v 0.198264 2.876449 0.121288
v 0.162196 2.924963 0.171427
v 0.186841 2.780107 0.114255
v 0.186460 2.920975 0.146745
v 0.192109 2.822677 0.118748
v 0.198527 2.917749 0.118402
v 0.025340 2.598319 -0.204971
v 0.002917 2.636165 -0.162666
v 0.038558 2.590902 -0.182814
v 0.040047 2.591537 -0.225753
v 0.061180 2.579700 -0.190329
v 0.076240 2.613863 -0.257061
v 0.111340 2.594178 -0.198225
v 0.125623 2.657043 -0.290081
v 0.175362 2.629129 -0.206707
v 0.132316 2.643632 -0.298557
v 0.182055 2.615743 -0.215185
v 0.087578 2.596058 -0.269784
v 0.122678 2.576348 -0.210949
v 0.039201 2.573833 -0.231176
v 0.060334 2.561971 -0.195752
v 0.013818 2.584349 -0.202771
v 0.027036 2.576957 -0.180615
v -0.013422 2.613635 -0.232937
v 0.000000 2.636139 -0.177823
v 0.013422 2.613635 -0.232937
v -0.021460 2.614702 -0.258006
v 0.021460 2.614702 -0.258006
v -0.035642 2.651557 -0.293047
v 0.035642 2.651557 -0.293047
v -0.050506 2.713050 -0.330340
v 0.050506 2.713050 -0.330340
v -0.050506 2.704516 -0.345282
v 0.050506 2.704516 -0.345282
v -0.035642 2.641371 -0.315496
v 0.035642 2.641371 -0.315496
v -0.021460 2.598750 -0.267472
v 0.021460 2.598750 -0.267472
v -0.013422 2.595855 -0.228885
v 0.013422 2.595855 -0.228885
v -0.038558 2.590902 -0.182814
v -0.002917 2.636165 -0.162666
v -0.025340 2.598319 -0.204971
v -0.061180 2.579700 -0.190329
v -0.040047 2.591537 -0.225753
v -0.111340 2.594178 -0.198225
v -0.076240 2.613863 -0.257061
v -0.175362 2.629129 -0.206707
v -0.125623 2.657043 -0.290081
v -0.182055 2.615743 -0.215185
v -0.132316 2.643632 -0.298557
v -0.122678 2.576348 -0.210949
v -0.087578 2.596058 -0.269784
v -0.060334 2.561971 -0.195752
v -0.039201 2.573833 -0.231176
v -0.027036 2.576957 -0.180615
v -0.013818 2.584349 -0.202771
v -0.010269 2.654732 -0.060664
v 0.026740 2.632812 -0.096239
v 0.036028 2.628037 -0.080296
v 0.049994 2.589733 -0.108674
v 0.031927 2.644420 -0.085806
v 0.048318 2.625344 -0.098696
v 0.010269 2.654732 -0.060664
v -0.036028 2.628036 -0.080296
v -0.026740 2.632811 -0.096239
v -0.031927 2.644419 -0.085806
v -0.049994 2.589733 -0.108674
v -0.048318 2.625344 -0.098696
v 0.199116 2.575840 0.067021
v 0.214010 2.662962 0.066495
v 0.222500 2.594839 0.017865
v 0.223062 2.734869 0.070574
v 0.224273 2.667279 0.014402
v 0.230341 2.739060 0.016470
v 0.227219 2.609875 -0.037142
v 0.215038 2.788438 0.070925
v 0.234108 2.671547 -0.038496
v 0.215199 2.732533 0.083337
v 0.175583 2.803983 0.143964
v 0.238840 2.738704 -0.033642
v 0.204819 2.871344 0.077967
v 0.236289 2.814777 0.024381
v 0.202872 2.672995 0.104332
v 0.168816 2.733116 0.146695
v 0.246680 2.815336 -0.026037
v 0.179222 2.880132 0.144703
v 0.155768 2.671649 0.160902
v 0.249876 2.902560 -0.016440
v 0.173605 2.930170 0.154909
v 0.249832 3.028239 0.005724
v 0.098292 2.851861 0.228080
v 0.025175 2.860345 0.249321
v 0.080420 2.922143 0.241389
v -0.050684 2.873527 0.239767
v 0.003812 2.926004 0.252937
v -0.074403 2.928112 0.229816
v 0.068424 2.985338 0.239085
v -0.011017 2.986430 0.250310
v -0.088540 2.985261 0.216339
v 0.055601 3.040583 0.214214
v -0.102425 3.047873 0.194028
v -0.025989 3.055366 0.213623
v 0.288848 2.826945 0.053341
v 0.228370 2.832583 0.143948
v 0.265198 2.919248 0.092171
v 0.150851 2.845817 0.196968
v 0.202033 2.918461 0.168362
v 0.110123 2.921178 0.217615
v 0.247965 2.989403 0.111918
v 0.176200 2.988565 0.185027
v 0.082992 2.983713 0.222917
v 0.218968 3.061386 0.126524
v 0.151784 3.053055 0.171580
v -0.238459 3.033851 -0.205732
v -0.271659 2.953612 -0.148669
v -0.251141 2.957930 -0.217427
v -0.288926 2.868345 -0.086594
v -0.283043 2.871647 -0.159733
v -0.260450 2.875177 -0.220520
v -0.279914 2.947262 -0.081075
v -0.300630 2.779698 -0.090119
v -0.291831 2.792703 -0.157580
v -0.306221 2.875583 -0.093993
v -0.273432 2.803168 -0.218660
v -0.299200 2.953307 -0.088924
v -0.271891 3.000552 -0.072922
v -0.297133 2.878733 -0.160324
v -0.288385 3.011042 -0.079939
v -0.266925 3.059480 -0.062933
v -0.292802 2.958972 -0.154007
v -0.275883 2.882264 -0.221802
v -0.260268 3.076980 -0.129787
v -0.270648 2.962045 -0.216738
v -0.232702 3.113480 -0.038202
v -0.225267 3.131413 -0.103492
v -0.279506 3.023360 -0.143935
v -0.199405 3.143782 -0.155570
v -0.251835 3.035629 -0.205607
v -0.229221 3.088486 -0.192933
v -0.242884 2.970503 -0.229765
v -0.187430 3.039007 -0.248629
v -0.263836 2.920135 -0.271775
v -0.199820 2.966287 -0.272085
v -0.225781 2.930778 -0.313388
v -0.145606 2.987141 -0.311531
v -0.177167 2.935604 -0.346525
v -0.135849 3.050234 -0.289108
v -0.208902 2.988741 -0.283650
v -0.157140 2.996995 -0.320767
v -0.201617 3.047948 -0.262616
v -0.146148 3.056406 -0.299649
v -0.253389 2.979647 -0.236830
v -0.128114 3.109747 -0.264531
v -0.188918 3.102304 -0.236402
v -0.135691 3.115919 -0.270482
v -0.246297 3.038855 -0.216183
v -0.122517 3.167633 -0.216967
v -0.161796 3.156838 -0.192874
v 0.238456 3.033853 -0.205732
v 0.251139 2.957932 -0.217427
v 0.271657 2.953614 -0.148669
v 0.260448 2.875179 -0.220520
v 0.283041 2.871649 -0.159733
v 0.273430 2.803170 -0.218660
v 0.288924 2.868347 -0.086594
v 0.279912 2.947264 -0.081075
v 0.291830 2.792705 -0.157580
v 0.306219 2.875586 -0.093993
v 0.300629 2.779701 -0.090119
v 0.299198 2.953310 -0.088924
v 0.271888 3.000554 -0.072922
v 0.297131 2.878735 -0.160324
v 0.288383 3.011044 -0.079939
v 0.266922 3.059482 -0.062933
v 0.292800 2.958974 -0.154007
v 0.275881 2.882266 -0.221802
v 0.260265 3.076982 -0.129787
v 0.270646 2.962047 -0.216738
v 0.225263 3.131414 -0.103492
v 0.279503 3.023362 -0.143935
v 0.232698 3.113482 -0.038202
v 0.251832 3.035631 -0.205607
v 0.199402 3.143784 -0.155570
v 0.229218 3.088488 -0.192933
v 0.187427 3.039009 -0.248629
v 0.242882 2.970505 -0.229765
v 0.135846 3.050235 -0.289108
v 0.145603 2.987142 -0.311531
v 0.199818 2.966289 -0.272085
v 0.263834 2.920137 -0.271775
v 0.146145 3.056408 -0.299649
v 0.157138 2.996997 -0.320767
v 0.225779 2.930779 -0.313388
v 0.177165 2.935605 -0.346525
v 0.188915 3.102306 -0.236402
v 0.201614 3.047950 -0.262616
v 0.128110 3.109747 -0.264531
v 0.208899 2.988742 -0.283650
v 0.135688 3.115920 -0.270482
v 0.161792 3.156839 -0.192874
v 0.253387 2.979649 -0.236830
v 0.122513 3.167634 -0.216967
v 0.246294 3.038857 -0.216183
v -0.199097 2.575840 0.067021
v -0.222482 2.594839 0.017865
v -0.213992 2.662962 0.066495
v -0.227201 2.609876 -0.037142
v -0.224255 2.667279 0.014402
v -0.234090 2.671547 -0.038496
v -0.223044 2.734868 0.070574
v -0.230323 2.739059 0.016470
v -0.238823 2.738704 -0.033642
v -0.215019 2.788438 0.070925
v -0.246663 2.815335 -0.026037
v -0.175566 2.803982 0.143964
v -0.215181 2.732532 0.083337
v -0.236271 2.814777 0.024381
v -0.168798 2.733116 0.146695
v -0.249860 2.902559 -0.016440
v -0.204803 2.871342 0.077967
v -0.155750 2.671648 0.160902
v -0.202854 2.672994 0.104332
v -0.249835 3.028238 0.005724
v -0.179206 2.880131 0.144703
v -0.173590 2.930169 0.154857
v -0.063545 2.669870 -0.129668
v -0.000000 2.663825 -0.138258
v -0.120249 2.695905 -0.122437
v 0.063545 2.669870 -0.129668
v -0.206923 2.752038 -0.106610
v -0.100433 2.703169 -0.169802
v -0.056645 2.711195 -0.210118
v -0.117880 2.770250 -0.255986
v -0.061972 2.778658 -0.280127
v -0.000000 2.710738 -0.225548
v -0.197852 2.755213 -0.167926
v 0.056644 2.711195 -0.210118
v 0.100433 2.703170 -0.169802
v -0.077644 2.859887 -0.315976
v -0.163030 2.762478 -0.220300
v 0.117879 2.770251 -0.255986
v 0.163029 2.762479 -0.220300
v -0.000001 2.780766 -0.288641
v 0.061971 2.778658 -0.280127
v 0.120248 2.695906 -0.122437
v -0.252113 2.826942 -0.098788
v -0.000001 2.861081 -0.325384
v -0.153303 2.853384 -0.289758
v -0.249944 2.825139 -0.167867
v -0.209662 2.839846 -0.237975
v 0.153301 2.853385 -0.289758
v 0.197851 2.755214 -0.167926
v 0.206922 2.752040 -0.106610
v -0.000001 2.966466 -0.334396
v 0.077642 2.859887 -0.315976
v -0.163248 2.947542 -0.294033
v -0.235493 2.922243 -0.232996
v 0.209661 2.839847 -0.237975
v -0.245855 2.930753 0.030044
v -0.276132 2.899790 -0.088429
v -0.273978 2.900018 -0.153982
v -0.083833 2.965220 -0.326040
v 0.083830 2.965221 -0.326040
v 0.163245 2.947543 -0.294033
v 0.235490 2.922245 -0.232996
v 0.249943 2.825141 -0.167867
v -0.227185 2.849320 0.044455
v -0.081786 3.059251 -0.306987
v -0.000002 3.062046 -0.315941
v 0.081783 3.059252 -0.306987
v 0.273976 2.900020 -0.153982
v 0.252112 2.826944 -0.098788
v -0.208214 2.914700 0.090534
v -0.079507 3.120034 -0.283896
v 0.079504 3.120034 -0.283896
v -0.211555 2.871342 0.077967
v -0.000002 3.123818 -0.290812
v 0.276130 2.899792 -0.088429
v -0.075842 3.178454 -0.229693
v 0.245853 2.930754 0.030044
v -0.192684 3.159403 -0.010523
v -0.180235 3.175990 -0.077814
v -0.231607 3.096183 0.028991
v 0.075838 3.178454 -0.229693
v -0.067978 3.217214 -0.163474
v 0.227183 2.849322 0.044455
v -0.182274 3.144951 0.051899
v -0.139252 3.192982 0.014294
v -0.000002 3.185109 -0.239158
v 0.067974 3.217214 -0.163474
v 0.118131 3.202635 -0.148636
v -0.118135 3.202634 -0.148636
v -0.141273 3.165830 0.065986
v -0.073562 3.218281 0.039521
v -0.131300 3.209264 -0.055056
v -0.000002 3.223310 -0.170363
v 0.068464 3.232658 -0.100261
v 0.208212 2.914701 0.090534
v 0.211554 2.871344 0.077967
v -0.073242 3.193872 0.086672
v -0.000002 3.226130 0.055002
v -0.073353 3.230651 -0.030928
v -0.157002 3.189045 -0.112673
v -0.068468 3.232657 -0.100261
v -0.000002 3.242132 -0.092818
v 0.073348 3.230651 -0.030928
v 0.180231 3.175991 -0.077814
v 0.231603 3.096184 0.028991
v -0.000002 3.203423 0.098959
v -0.000002 3.241827 -0.017504
v 0.156998 3.189046 -0.112673
v 0.131295 3.209265 -0.055056
v 0.192680 3.159405 -0.010523
v 0.073238 3.193872 0.086672
v 0.073558 3.218282 0.039521
v 0.139248 3.192984 0.014294
v 0.182270 3.144952 0.051899
v 0.141269 3.165831 0.065986
v 0.247330 2.668067 -0.037694
v 0.250948 2.663800 0.017347
v 0.265382 2.735885 -0.032999
v 0.225906 2.659812 0.072494
v 0.269641 2.736266 0.022526
v 0.277398 2.815336 -0.025228
v 0.240047 2.732228 0.079856
v 0.281124 2.815336 0.032019
v 0.283552 2.903907 -0.015084
v 0.251974 2.812365 0.088322
v 0.271662 3.003017 0.003790
v 0.283458 2.898623 0.042340
v 0.229033 2.733041 0.092077
v 0.255708 2.892070 0.105684
v 0.176176 2.732786 0.158245
v 0.190959 2.803221 0.159883
v 0.268365 2.990216 0.057594
v 0.194680 2.876754 0.165652
v 0.189119 3.130855 0.095658
v 0.226332 3.071013 0.080993
v 0.240776 2.965400 0.118824
v 0.186504 2.936139 0.170622
v 0.121417 3.169818 0.108499
v 0.164824 3.007310 0.169873
v 0.174113 3.123819 0.130436
v 0.080669 3.172079 0.148056
v 0.161052 3.056052 0.205308
v 0.226190 3.064638 0.136172
v 0.126000 3.119908 0.188663
v 0.087318 2.988056 0.239524
v 0.186860 2.990368 0.199078
v 0.255446 2.991613 0.121721
v -0.033714 3.180131 0.151636
v 0.017507 3.181147 0.155055
v 0.036238 3.130144 0.212654
v 0.118296 2.921890 0.227165
v 0.213329 2.918816 0.181651
v 0.053983 3.059049 0.247057
v -0.037207 3.128264 0.212840
v -0.102512 3.165017 0.142840
v 0.273369 2.919959 0.101721
v 0.068564 2.990190 0.257070
v -0.026813 3.070174 0.250569
v -0.177081 3.115944 0.109510
v -0.011313 2.990418 0.270807
v 0.003894 2.927477 0.271279
v -0.106640 3.117595 0.190840
v -0.226317 3.071011 0.080993
v -0.089709 2.990088 0.237429
v -0.074321 2.929585 0.244137
v 0.080502 2.923616 0.253887
v -0.159506 3.083000 0.166877
v -0.106915 3.070961 0.211015
v -0.202765 3.034487 0.141844
v -0.271647 3.003015 0.003790
v -0.138296 3.035376 0.197075
v -0.268350 2.990214 0.057594
v -0.240760 2.965398 0.118824
v -0.129666 3.022853 0.177918
v -0.255693 2.892068 0.105684
v -0.167376 2.989833 0.184216
v -0.283534 2.903905 -0.015084
v -0.283442 2.898622 0.042340
v -0.186488 2.936138 0.173935
v -0.154761 2.982950 0.167532
v -0.277381 2.815335 -0.025228
v -0.251956 2.812364 0.088322
v -0.281107 2.815335 0.032019
v -0.194664 2.876753 0.165652
v -0.265364 2.735884 -0.032999
v -0.269624 2.736265 0.022526
v -0.250930 2.663799 0.017347
v -0.190941 2.803220 0.159883
v -0.247312 2.668067 -0.037694
v -0.240030 2.732227 0.079856
v -0.176158 2.732786 0.158245
v -0.225888 2.659812 0.072494
v -0.229015 2.733040 0.092077
v -0.000000 2.471357 0.134323
v 0.108961 2.437514 0.073219
v -0.000000 2.416815 0.100572
v 0.116853 2.484478 0.119928
v -0.108961 2.437514 0.073219
v 0.085948 2.480610 0.204728
v -0.116853 2.484478 0.119928
v -0.000000 2.461113 0.182520
v -0.085948 2.480610 0.204728
v 0.166396 2.465690 0.041863
v 0.191549 2.504595 0.199448
v 0.212228 2.490104 0.085627
v 0.268803 2.495730 0.022933
v 0.198097 2.477851 -0.032963
v 0.287962 2.526690 -0.062205
v 0.289194 2.529972 0.141285
v 0.371353 2.547239 0.032809
v 0.165575 2.477823 -0.085679
v 0.415376 2.585948 -0.089104
v 0.232662 2.548204 -0.149255
v 0.100295 2.478667 -0.110426
v 0.329057 2.620264 -0.222082
v 0.141708 2.567204 -0.242839
v 0.000000 2.485182 -0.122308
v 0.000000 2.586736 -0.277467
v -0.141708 2.567204 -0.242839
v -0.100295 2.478667 -0.110426
v 0.179200 2.627148 -0.339479
v -0.232662 2.548204 -0.149255
v -0.179200 2.627148 -0.339479
v -0.329057 2.620265 -0.222082
v 0.000000 2.618867 -0.387678
v -0.165574 2.477823 -0.085679
v -0.287962 2.526690 -0.062205
v -0.415376 2.585949 -0.089104
v -0.371353 2.547239 0.032809
v -0.198097 2.477851 -0.032963
v -0.268803 2.495731 0.022933
v -0.289194 2.529972 0.141285
v -0.212228 2.490104 0.085627
v -0.191549 2.504595 0.199448
v -0.166396 2.465690 0.041863
v -0.000000 2.422604 0.135305
v 0.123686 2.443086 0.166199
v 0.118394 2.422743 0.116942
v -0.000000 2.416815 0.106678
v -0.118394 2.422743 0.116942
v -0.123686 2.443086 0.166199
v 0.250910 2.462538 0.105228
v -0.113803 2.428870 0.078108
v 0.113803 2.428870 0.078108
v 0.222829 2.435433 0.056405
v 0.315194 2.477242 0.034766
v 0.210634 2.438976 0.029863
v 0.350281 2.506924 -0.074677
v 0.263655 2.463965 -0.061083
v 0.239416 2.451557 -0.060815
v 0.280467 2.538509 -0.195228
v 0.232976 2.473380 -0.141880
v 0.199700 2.462131 -0.115267
v 0.113803 2.468730 -0.184915
v 0.165991 2.558085 -0.313792
v 0.132797 2.474832 -0.229764
v 0.000000 2.475245 -0.201684
v 0.000000 2.468928 -0.266255
v 0.000000 2.558542 -0.359014
v -0.165991 2.558085 -0.313792
v -0.132797 2.474832 -0.229764
v -0.113803 2.468730 -0.184915
v -0.232976 2.473381 -0.141880
v -0.199700 2.462132 -0.115267
v -0.280467 2.538509 -0.195228
v -0.263655 2.463965 -0.061083
v -0.239416 2.451557 -0.060815
v -0.350281 2.506924 -0.074677
v -0.210634 2.438977 0.029863
v -0.315194 2.477242 0.034766
v -0.222829 2.435434 0.056405
v -0.250910 2.462538 0.105228
v 0.152397 2.261075 0.204316
v 0.108107 2.316031 0.198694
v 0.106837 2.261725 0.224424
v 0.143175 2.314121 0.185711
v 0.104438 2.212282 0.226882
v 0.160585 2.212345 0.202326
v 0.102707 2.354019 0.158922
v 0.129581 2.350971 0.148337
v 0.170941 2.166552 0.200577
v 0.099701 2.122447 0.228638
v 0.097129 2.426404 0.071391
v 0.118333 2.417912 0.076370
v -0.122596 2.365581 0.121654
v -0.000000 2.372406 0.140234
v -0.165785 2.406366 0.090541
v 0.076287 2.385959 0.121527
v -0.199018 2.325690 0.093065
v -0.243767 2.341938 0.073273
v -0.292067 2.366739 -0.002553
v -0.321749 2.260653 0.045080
v -0.374612 2.274900 -0.036517
v -0.263477 2.414534 -0.179274
v -0.313311 2.398522 -0.100769
v -0.481101 2.142965 -0.100861
v -0.177563 2.413312 -0.236234
v -0.338046 2.346561 -0.225824
v -0.389542 2.314854 -0.141745
v -0.097437 2.413013 -0.274084
v -0.497385 2.177107 -0.222160
v -0.281262 2.342561 -0.224817
v -0.604291 2.023856 -0.222899
v -0.427799 2.191039 -0.304978
v -0.246166 2.330260 -0.284792
v -0.000000 2.419724 -0.285646
v -0.570466 2.030831 -0.287650
v -0.355762 2.182231 -0.284147
v -0.179047 2.337600 -0.336603
v 0.097437 2.413013 -0.274084
v -0.652419 1.882088 -0.262153
v -0.417784 2.024987 -0.339852
v -0.499001 2.035284 -0.333621
v -0.085914 2.336056 -0.360495
v -0.317543 2.194903 -0.370693
v 0.177563 2.413312 -0.236234
v -0.578452 1.858319 -0.320685
v -0.107451 2.189307 -0.450268
v -0.232205 2.196333 -0.427850
v 0.085914 2.336056 -0.360495
v -0.379514 2.032081 -0.439882
v -0.464195 1.864695 -0.392339
v -0.622884 1.779041 -0.238429
v -0.506209 1.834192 -0.301894
v -0.000000 2.189661 -0.455051
v -0.129723 2.028881 -0.532902
v -0.000000 2.336561 -0.367563
v 0.179047 2.337600 -0.336603
v 0.263477 2.414534 -0.179274
v -0.578879 1.706722 -0.205161
v -0.264450 2.028899 -0.498887
v -0.410967 1.865315 -0.494472
v -0.484147 1.712557 -0.422410
v -0.000000 2.028919 -0.546059
v 0.107451 2.189307 -0.450268
v 0.281262 2.342561 -0.224817
v -0.529564 1.710164 -0.326426
v -0.145318 1.870929 -0.608579
v -0.288526 1.868447 -0.566306
v 0.232205 2.196333 -0.427850
v 0.313312 2.398522 -0.100769
v 0.246166 2.330260 -0.284792
v -0.395656 1.710662 -0.519796
v -0.000000 1.870929 -0.628203
v 0.129723 2.028881 -0.532902
v 0.292067 2.366739 -0.002553
v 0.338046 2.346561 -0.225824
v 0.355763 2.182231 -0.284147
v 0.317543 2.194903 -0.370693
v -0.288013 1.713842 -0.592646
v -0.000000 1.716136 -0.685422
v 0.264450 2.028899 -0.498887
v 0.145318 1.870929 -0.608579
v 0.165785 2.406366 0.090541
v 0.243768 2.341938 0.073273
v 0.374612 2.274900 -0.036517
v 0.389542 2.314854 -0.141745
v 0.417784 2.024987 -0.339852
v -0.162176 1.714688 -0.654817
v 0.288526 1.868447 -0.566306
v 0.199019 2.325690 0.093065
v 0.497385 2.177107 -0.222160
v 0.427800 2.191039 -0.304978
v 0.321750 2.260653 0.045080
v 0.481101 2.142965 -0.100861
v 0.379514 2.032081 -0.439882
v 0.162176 1.714688 -0.654817
v 0.288013 1.713842 -0.592646
v 0.137653 2.359797 0.118350
v 0.499001 2.035284 -0.333621
v 0.604292 2.023856 -0.222899
v 0.410967 1.865315 -0.494472
v 0.395656 1.710662 -0.519796
v 0.570466 2.030831 -0.287650
v 0.506209 1.834193 -0.301894
v 0.464195 1.864695 -0.392339
v 0.484147 1.712557 -0.422410
v 0.652420 1.882089 -0.262154
v 0.578452 1.858320 -0.320685
v 0.529565 1.710164 -0.326426
v 0.622885 1.779041 -0.238429
v 0.578879 1.706722 -0.205161
v 0.331810 1.405474 -0.526042
v 0.328844 1.497513 -0.538249
v 0.438140 1.465933 -0.405148
v 0.263083 1.560302 -0.584675
v 0.462011 1.556037 -0.419865
v 0.514675 1.508674 -0.318643
v 0.169732 1.547549 -0.633288
v 0.525767 1.582105 -0.327231
v -0.000000 1.600640 -0.705955
v 0.579087 1.610779 -0.226485
v 0.104311 1.475197 -0.656758
v 0.571688 1.673827 -0.202766
v -0.162555 1.566131 -0.629625
v -0.252311 1.578476 -0.589755
v -0.000000 1.501115 -0.682528
v -0.000000 1.392416 -0.688508
v -0.333075 1.520261 -0.536743
v -0.106615 1.498501 -0.654919
v 0.078257 1.374991 -0.676534
v -0.122534 1.394504 -0.656585
v 0.083406 1.263691 -0.685930
v -0.000000 1.287928 -0.719785
v -0.453311 1.450528 -0.455732
v -0.471155 1.568684 -0.441665
v -0.105657 1.300788 -0.685338
v 0.105089 1.245426 -0.666173
v -0.340954 1.423764 -0.526042
v -0.401483 1.341595 -0.477982
v -0.186744 1.304974 -0.624159
v -0.210566 1.355977 -0.601431
v -0.000000 1.196310 -0.706692
v -0.086250 1.215891 -0.683506
v 0.150970 1.162858 -0.643123
v 0.076661 1.170257 -0.672292
v -0.287988 1.328837 -0.551957
v -0.525361 1.403378 -0.355509
v -0.536849 1.478664 -0.349075
v -0.542343 1.584607 -0.342379
v -0.093756 1.162813 -0.671340
v 0.036225 1.103354 -0.686831
v -0.000000 1.121845 -0.697288
v -0.607408 1.502372 -0.221301
v -0.573639 1.667106 -0.190565
v 0.072505 1.037626 -0.678360
v -0.000000 1.016425 -0.705114
v -0.084575 1.024258 -0.679031
v -0.199876 1.105665 -0.603715
v -0.606331 1.598173 -0.180483
v 0.058207 0.940829 -0.679031
v -0.030111 0.948929 -0.686036
v 0.142345 0.971898 -0.626760
v -0.000000 0.949892 -0.700595
v -0.040940 0.904058 -0.673644
v 0.032508 0.846882 -0.654314
v -0.000000 0.851027 -0.672031
v 0.070464 0.765699 -0.635831
v -0.000000 0.769862 -0.642066
v -0.082450 0.859189 -0.635831
v 0.043622 0.703804 -0.619694
v -0.021721 0.824995 -0.643313
v -0.033619 0.630169 -0.596450
vn 0.1550 -0.8270 0.5405
vn 0.0756 -0.8926 0.4446
vn 0.3097 -0.9125 0.2674
vn -0.0328 -0.9760 0.2151
vn 0.0231 -0.9652 0.2606
vn 0.3397 -0.9340 -0.1107
vn -0.4531 -0.7918 0.4096
vn -0.0627 -0.9806 -0.1860
vn -0.4198 -0.8979 0.1322
vn -0.0000 -0.8095 0.5872
vn -0.0000 -0.9051 0.4253
vn 0.4777 -0.8605 0.1768
vn 0.4683 -0.8735 -0.1328
vn -0.4319 -0.9019 0.0045
vn -0.0756 -0.8926 0.4446
vn 0.1006 -0.8690 -0.4845
vn -0.0260 -0.9757 -0.2175
vn 0.5592 -0.7389 -0.3760
vn 0.3173 -0.8392 -0.4416
vn -0.0000 -0.9656 -0.2601
vn 0.0328 -0.9760 0.2151
vn -0.1550 -0.8270 0.5405
vn -0.3097 -0.9125 0.2674
vn -0.2528 -0.9328 -0.2570
vn -0.1149 -0.8507 -0.5129
vn -0.2419 -0.9611 0.1330
vn 0.2713 -0.9439 -0.1884
vn 0.2460 -0.8039 -0.5415
vn 0.6818 -0.7293 -0.0572
vn 0.4319 -0.9019 0.0045
vn -0.0232 -0.9652 0.2606
vn -0.3397 -0.9340 -0.1107
vn 0.4531 -0.7918 0.4095
vn 0.0627 -0.9806 -0.1860
vn 0.4198 -0.8979 0.1322
vn -0.1449 -0.9849 -0.0945
vn -0.3488 -0.9160 -0.1982
vn 0.3430 -0.8948 0.2859
vn 0.6757 -0.7371 -0.0066
vn -0.4777 -0.8605 0.1768
vn -0.4683 -0.8735 -0.1328
vn 0.1991 -0.9719 0.1257
vn -0.1810 -0.9747 0.1313
vn 0.5647 -0.8208 0.0857
vn -0.1006 -0.8690 -0.4845
vn 0.0260 -0.9757 -0.2175
vn -0.5592 -0.7389 -0.3760
vn -0.3173 -0.8392 -0.4416
vn 0.3573 -0.9149 0.1877
vn 0.2528 -0.9328 -0.2570
vn 0.1149 -0.8507 -0.5129
vn 0.2419 -0.9611 0.1330
vn -0.2713 -0.9439 -0.1884
vn -0.2460 -0.8039 -0.5415
vn -0.6818 -0.7293 -0.0572
vn 0.1449 -0.9849 -0.0945
vn 0.3488 -0.9160 -0.1982
vn -0.3430 -0.8948 0.2859
vn -0.6757 -0.7371 -0.0066
vn -0.1991 -0.9719 0.1257
vn 0.1810 -0.9747 0.1313
vn -0.5647 -0.8208 0.0857
vn -0.3573 -0.9149 0.1877
vn 0.6447 0.5311 0.5499
vn 0.5883 0.3806 0.7135
vn -0.2431 0.8070 0.5381
vn -0.2949 0.8612 0.4140
vn -0.5985 0.3110 0.7383
vn -0.5572 0.7420 0.3728
vn -0.4350 0.8891 0.1422
vn 0.3655 0.2047 0.9080
vn -0.3129 -0.0306 0.9493
vn -0.8389 0.1265 0.5294
vn -0.9594 0.2819 0.0039
vn -0.4741 0.8631 -0.1740
vn -0.2824 0.9282 -0.2424
vn 0.0069 0.0318 0.9995
vn -0.6488 -0.0976 0.7547
vn -0.5396 -0.0755 0.8385
vn -0.9899 0.1419 0.0026
vn -0.9989 0.0404 -0.0239
vn -0.6163 0.5297 -0.5827
vn -0.1955 0.8248 -0.5306
vn -0.0991 0.9043 -0.4152
vn -0.8947 -0.2037 0.3975
vn -0.8715 0.0822 -0.4834
vn -0.9559 0.1949 -0.2197
vn -0.5062 0.2506 -0.8252
vn -0.1540 0.3578 -0.9210
vn -0.0000 0.8120 -0.5836
vn -0.0000 0.9294 -0.3692
vn -0.7400 0.0870 -0.6670
vn -0.4915 0.1346 -0.8604
vn 0.1255 0.0768 -0.9891
vn 0.0991 0.9043 -0.4152
vn -0.3119 -0.0803 -0.9467
vn -0.0000 -0.0702 -0.9975
vn 0.1540 0.3578 -0.9210
vn 0.1955 0.8248 -0.5306
vn 0.2824 0.9282 -0.2424
vn 0.4915 0.1346 -0.8604
vn 0.6163 0.5297 -0.5827
vn 0.4741 0.8631 -0.1740
vn 0.4350 0.8891 0.1422
vn 0.9559 0.1949 -0.2197
vn -0.1255 0.0768 -0.9891
vn 0.7400 0.0870 -0.6670
vn 0.3119 -0.0803 -0.9467
vn 0.9594 0.2819 0.0039
vn 0.5572 0.7420 0.3728
vn 0.2949 0.8612 0.4140
vn 0.5062 0.2506 -0.8252
vn 0.9989 0.0404 -0.0239
vn 0.9899 0.1419 0.0026
vn 0.5985 0.3110 0.7383
vn 0.2431 0.8070 0.5381
vn -0.6447 0.5311 0.5499
vn 0.8715 0.0822 -0.4834
vn 0.8947 -0.2037 0.3975
vn 0.8389 0.1266 0.5294
vn 0.3129 -0.0306 0.9493
vn -0.5883 0.3806 0.7135
vn 0.6488 -0.0976 0.7547
vn 0.5397 -0.0755 0.8385
vn -0.3655 0.2047 0.9080
vn -0.0069 0.0318 0.9995
vn -0.5845 0.7149 0.3838
vn -0.6646 0.4474 0.5985
vn -0.9798 0.0750 0.1854
vn 0.0225 0.7784 0.6273
vn -0.9435 0.3308 -0.0190
vn 0.0063 0.8356 0.5493
vn -0.8248 0.5486 0.1370
vn -0.0235 0.8627 0.5052
vn -0.3781 0.8111 0.4464
vn -0.9796 0.1868 -0.0748
vn -0.9427 0.0112 -0.3334
vn 0.7173 0.6052 0.3453
vn 0.7388 0.3753 0.5597
vn -0.3384 0.8615 0.3785
vn -0.9970 0.0577 -0.0525
vn -0.6876 0.6423 0.3386
vn -0.9700 0.0908 0.2254
vn 0.5128 0.7505 0.4169
vn -0.0550 0.9063 0.4189
vn 0.3324 0.8858 0.3240
vn -0.9168 0.2148 -0.3366
vn -0.6078 0.0392 -0.7931
vn 0.9806 0.0495 0.1897
vn -0.9929 0.0366 -0.1135
vn 0.9049 0.4110 0.1108
vn 0.7868 0.5847 0.1976
vn -0.5748 0.2263 -0.7864
vn -0.0283 0.1829 -0.9827
vn -0.0227 0.0484 -0.9986
vn 0.9840 0.1681 0.0597
vn 0.9927 0.1107 0.0479
vn 0.9755 0.0455 -0.2153
vn -0.9964 0.0269 -0.0803
vn 0.9957 0.0178 0.0905
vn 0.0030 -0.0162 -0.9999
vn -0.5599 0.0041 -0.8285
vn 0.5784 0.1537 -0.8011
vn 0.6825 0.0592 -0.7285
vn 0.9458 0.1394 -0.2934
vn 0.9995 -0.0216 0.0212
vn 0.9981 -0.0440 0.0434
vn -0.9341 0.0279 -0.3559
vn 0.9982 0.0147 -0.0583
vn 0.6016 -0.0194 -0.7986
vn 0.9526 -0.0357 -0.3021
vn -0.0047 0.5734 0.8193
vn 0.6118 -0.6802 0.4039
vn 0.7058 0.5273 0.4730
vn -0.0051 -0.6571 0.7538
vn -0.1282 0.9525 -0.2761
vn -0.6101 -0.6869 0.3950
vn 0.0084 0.8527 -0.5223
vn -0.7203 0.5173 0.4621
vn 0.1345 0.9532 -0.2707
vn 0.7873 0.5971 -0.1540
vn 0.0112 -0.8100 -0.5864
vn 0.6862 -0.7158 -0.1295
vn -0.1639 -0.9278 -0.3352
vn -0.7824 0.5846 -0.2146
vn 0.1773 -0.9248 -0.3367
vn -0.6821 -0.7051 -0.1939
vn 0.4715 -0.6924 -0.5461
vn -0.0000 -1.0000 -0.0000
vn -0.5110 0.5522 -0.6587
vn -0.3947 -0.7348 -0.5517
vn -0.0000 1.0000 -0.0000
vn -0.0368 -0.7166 -0.6966
vn 0.5414 0.5515 -0.6346
vn -0.0303 0.5686 -0.8220
vn -0.1283 0.7517 0.6469
vn -0.4397 0.7306 0.5224
vn 0.3081 0.7268 0.6139
vn -0.5695 0.1910 0.7995
vn 0.3229 0.1297 0.9375
vn -0.1523 0.1831 0.9712
vn -0.8317 0.1509 0.5344
vn 0.8482 0.1181 0.5164
vn 0.5845 0.7149 0.3838
vn 0.9798 0.0750 0.1854
vn 0.6646 0.4474 0.5985
vn 0.9435 0.3308 -0.0190
vn -0.0225 0.7784 0.6273
vn 0.8248 0.5486 0.1370
vn -0.0063 0.8356 0.5493
vn 0.3781 0.8111 0.4464
vn 0.0235 0.8627 0.5052
vn 0.9796 0.1868 -0.0748
vn 0.9427 0.0112 -0.3334
vn -0.7173 0.6052 0.3453
vn -0.7388 0.3753 0.5597
vn 0.3384 0.8615 0.3785
vn 0.9970 0.0577 -0.0525
vn 0.6876 0.6423 0.3386
vn 0.9700 0.0908 0.2254
vn -0.5128 0.7505 0.4169
vn 0.0550 0.9063 0.4189
vn -0.3324 0.8858 0.3240
vn 0.9168 0.2148 -0.3366
vn 0.9929 0.0366 -0.1135
vn 0.9964 0.0269 -0.0803
vn -0.9806 0.0495 0.1897
vn -0.9049 0.4110 0.1108
vn -0.7868 0.5847 0.1976
vn 0.6078 0.0392 -0.7931
vn 0.9341 0.0279 -0.3559
vn -0.9840 0.1681 0.0597
vn -0.9927 0.1107 0.0479
vn -0.9755 0.0455 -0.2153
vn -0.9957 0.0178 0.0905
vn 0.5748 0.2263 -0.7864
vn 0.0283 0.1829 -0.9827
vn 0.0227 0.0484 -0.9986
vn 0.5599 0.0041 -0.8285
vn -0.9458 0.1394 -0.2934
vn -0.6825 0.0592 -0.7285
vn -0.9982 0.0147 -0.0583
vn -0.9995 -0.0216 0.0212
vn -0.5784 0.1537 -0.8011
vn -0.0030 -0.0162 -0.9999
vn -0.6016 -0.0194 -0.7986
vn -0.9981 -0.0440 0.0434
vn -0.9526 -0.0357 -0.3021
vn 0.0047 0.5734 0.8193
vn -0.6118 -0.6802 0.4039
vn 0.0051 -0.6571 0.7538
vn -0.7058 0.5273 0.4730
vn 0.6101 -0.6869 0.3950
vn 0.1282 0.9525 -0.2761
vn 0.7203 0.5173 0.4621
vn -0.0084 0.8527 -0.5223
vn -0.1345 0.9532 -0.2707
vn -0.0112 -0.8100 -0.5864
vn -0.7873 0.5971 -0.1540
vn 0.1639 -0.9278 -0.3352
vn -0.6862 -0.7158 -0.1295
vn 0.7824 0.5846 -0.2146
vn -0.1773 -0.9248 -0.3367
vn 0.6821 -0.7051 -0.1939
vn -0.4715 -0.6924 -0.5461
vn 0.5110 0.5522 -0.6587
vn 0.3947 -0.7348 -0.5517
vn 0.0368 -0.7166 -0.6966
vn -0.5414 0.5515 -0.6346
vn 0.0303 0.5686 -0.8220
vn 0.1283 0.7517 0.6469
vn 0.4397 0.7306 0.5224
vn 0.5695 0.1910 0.7995
vn 0.1523 0.1831 0.9712
vn -0.3229 0.1297 0.9375
vn -0.3081 0.7268 0.6139
vn 0.8317 0.1509 0.5344
vn -0.8482 0.1181 0.5164
vn -0.6538 0.7464 0.1242
vn -0.8623 0.3204 -0.3922
vn -0.9161 0.3334 -0.2225
vn -0.7578 0.6256 -0.1853
vn -0.8646 0.3947 0.3109
vn 0.0239 0.9979 -0.0605
vn -0.0098 0.7926 0.6097
vn 0.6553 0.7496 0.0934
vn -0.5686 0.4742 0.6722
vn 0.8015 0.5441 -0.2482
vn 0.0084 0.4440 0.8960
vn 0.8050 0.3257 -0.4959
vn 0.8480 0.4137 0.3312
vn 0.8846 0.3544 -0.3031
vn 0.5396 0.4668 0.7007
vn 0.6538 0.7464 0.1242
vn 0.9161 0.3334 -0.2225
vn 0.8623 0.3204 -0.3922
vn 0.8646 0.3947 0.3109
vn 0.7578 0.6256 -0.1853
vn 0.0098 0.7926 0.6097
vn -0.0239 0.9979 -0.0605
vn -0.6553 0.7496 0.0934
vn 0.5686 0.4742 0.6722
vn -0.0084 0.4440 0.8960
vn -0.5396 0.4668 0.7007
vn -0.8480 0.4137 0.3312
vn -0.8015 0.5441 -0.2482
vn -0.8846 0.3544 -0.3031
vn -0.8050 0.3257 -0.4959
vn 0.5730 -0.1284 -0.8094
vn -0.0192 -0.1531 -0.9880
vn 0.9544 -0.1551 -0.2551
vn -0.5664 -0.1559 -0.8093
vn -0.9411 -0.1467 -0.3048
vn 0.9905 -0.1241 0.0598
vn -0.9922 -0.1043 -0.0686
vn 0.9963 -0.0850 0.0115
vn 0.9885 -0.1417 -0.0521
vn -0.9857 -0.1281 -0.1098
vn 0.9704 -0.2271 0.0818
vn -0.9830 -0.1751 -0.0556
vn 0.8603 -0.2672 0.4342
vn -0.9537 -0.2012 0.2234
vn 0.3733 -0.1847 0.9091
vn -0.8425 -0.1849 0.5060
vn -0.5890 -0.1379 0.7962
vn -0.1586 -0.0983 0.9824
vn 0.9462 -0.1784 -0.2700
vn 0.6233 -0.1871 -0.7593
vn 0.9537 -0.2101 0.2153
vn -0.0189 -0.2011 -0.9794
vn 0.8472 -0.2136 0.4865
vn -0.5881 -0.2311 -0.7751
vn -0.9222 -0.2282 -0.3121
vn -0.9277 -0.2212 0.3008
vn -0.7762 -0.2096 0.5946
vn -0.5730 -0.1284 -0.8094
vn 0.0192 -0.1531 -0.9880
vn -0.9544 -0.1551 -0.2551
vn 0.5664 -0.1559 -0.8093
vn -0.9905 -0.1241 0.0598
vn -0.9963 -0.0850 0.0115
vn 0.9411 -0.1467 -0.3048
vn -0.9885 -0.1417 -0.0521
vn 0.9922 -0.1043 -0.0686
vn 0.9857 -0.1281 -0.1098
vn -0.9704 -0.2271 0.0818
vn 0.9830 -0.1751 -0.0556
vn -0.8603 -0.2672 0.4342
vn 0.9537 -0.2012 0.2234
vn -0.3733 -0.1847 0.9091
vn 0.1586 -0.0983 0.9824
vn 0.8425 -0.1849 0.5060
vn 0.5890 -0.1379 0.7962
vn -0.9462 -0.1784 -0.2700
vn -0.6233 -0.1871 -0.7593
vn -0.9537 -0.2101 0.2153
vn 0.0189 -0.2011 -0.9794
vn -0.8472 -0.2136 0.4865
vn 0.5881 -0.2311 -0.7751
vn 0.9222 -0.2282 -0.3121
vn 0.9277 -0.2212 0.3008
vn 0.7762 -0.2096 0.5946
vn -0.8024 -0.5959 0.0311
vn -0.5954 -0.6522 -0.4692
vn -0.5329 -0.5671 0.6280
vn -0.0109 -0.6345 0.7729
vn -0.1486 -0.6164 -0.7733
vn 0.5083 -0.7830 0.3585
vn 0.4820 -0.7383 -0.4718
vn 0.7589 -0.6421 -0.1084
vn 0.8024 -0.5959 0.0311
vn 0.5329 -0.5671 0.6280
vn 0.5954 -0.6522 -0.4692
vn 0.0109 -0.6345 0.7729
vn 0.1486 -0.6164 -0.7733
vn -0.5083 -0.7830 0.3585
vn -0.4820 -0.7383 -0.4718
vn -0.7590 -0.6420 -0.1085
vn -0.8021 -0.5969 -0.0181
vn -0.3452 -0.4976 -0.7957
vn -0.0000 -1.0000 0.0009
vn -0.0000 -0.9001 -0.4358
vn 0.8021 -0.5970 -0.0181
vn 0.2694 -0.0479 -0.9618
vn 0.3452 -0.4976 -0.7957
vn -0.0000 -0.3962 -0.9182
vn 0.7321 0.1457 -0.6655
vn 0.7458 -0.0102 -0.6661
vn 0.0425 -0.2662 -0.9630
vn 0.9583 0.2828 0.0418
vn 0.9866 0.1537 0.0552
vn 0.9978 0.0407 0.0517
vn -0.2694 -0.0479 -0.9618
vn -0.0000 -0.0999 -0.9950
vn 0.6856 0.3162 -0.6557
vn 0.3604 0.0406 -0.9319
vn 0.5951 0.1329 0.7926
vn 0.5931 0.1241 0.7955
vn -0.0425 -0.2662 -0.9630
vn 0.6176 0.1111 0.7786
vn 0.2841 0.2596 -0.9230
vn 0.1139 -0.0663 -0.9913
vn 0.9262 0.3767 0.0156
vn -0.9978 0.0407 0.0517
vn -0.7458 -0.0102 -0.6661
vn -0.7321 0.1457 -0.6655
vn -0.3604 0.0406 -0.9319
vn -0.1139 -0.0663 -0.9913
vn 0.1101 0.0459 0.9929
vn -0.0000 0.1956 -0.9807
vn 0.2997 0.3236 -0.8975
vn 0.6701 0.3878 -0.6329
vn -0.6176 0.1111 0.7786
vn -0.9866 0.1537 0.0552
vn -0.2841 0.2596 -0.9230
vn 0.0251 0.0886 0.9958
vn 0.1890 -0.0166 0.9818
vn 0.6274 0.1647 0.7611
vn -0.0000 0.2931 -0.9561
vn 0.6324 0.7738 0.0347
vn -0.5931 0.1241 0.7955
vn -0.9583 0.2828 0.0418
vn -0.6856 0.3162 -0.6557
vn -0.3613 -0.5936 0.7191
vn -0.0564 -0.1386 0.9887
vn 0.2372 -0.0002 0.9715
vn 0.2061 0.7857 -0.5832
vn 0.4698 0.7913 -0.3913
vn -0.2997 0.3236 -0.8975
vn -0.0251 0.0886 0.9958
vn -0.5951 0.1329 0.7926
vn -0.9262 0.3767 0.0156
vn -0.6701 0.3878 -0.6329
vn -0.0000 -0.1980 0.9802
vn -0.0000 -0.3564 0.9343
vn 0.4518 0.6692 0.5899
vn -0.0000 0.8020 -0.5973
vn 0.3613 -0.5936 0.7191
vn -0.1101 0.0459 0.9929
vn -0.6274 0.1647 0.7611
vn -0.6324 0.7738 0.0347
vn -0.4698 0.7913 -0.3913
vn -0.2061 0.7857 -0.5832
vn -0.0000 -0.1189 0.9929
vn 0.1547 0.6698 0.7262
vn 0.0564 -0.1386 0.9887
vn -0.1890 -0.0166 0.9818
vn -0.4518 0.6692 0.5899
vn -0.1547 0.6698 0.7262
vn -0.0000 -0.8637 0.5040
vn -0.2372 -0.0002 0.9715
vn -0.0000 -0.0264 0.9997
vn -0.0000 0.6629 0.7487
vn -0.2376 -0.4960 0.8352
vn -0.3000 0.1152 0.9469
vn -0.6170 -0.3576 0.7011
vn -0.6798 0.1765 0.7119
vn -0.4701 0.6846 0.5571
vn -0.9485 0.3167 0.0027
vn -0.9931 -0.1170 0.0123
vn -0.2474 0.6392 0.7282
vn -0.6935 0.3070 -0.6517
vn -0.7123 -0.1649 -0.6823
vn -0.6645 0.7472 -0.0085
vn -0.3152 0.2796 -0.9069
vn -0.3048 -0.2297 -0.9243
vn -0.4995 0.7411 -0.4485
vn -0.0000 -0.3449 -0.9386
vn -0.2120 0.7352 -0.6438
vn -0.0000 0.2009 -0.9796
vn 0.3152 0.2796 -0.9069
vn -0.0000 0.7126 -0.7016
vn 0.3048 -0.2297 -0.9243
vn 0.2120 0.7352 -0.6438
vn 0.7123 -0.1649 -0.6823
vn 0.4995 0.7411 -0.4485
vn 0.6935 0.3070 -0.6517
vn 0.9931 -0.1170 0.0123
vn 0.9485 0.3167 0.0026
vn 0.6645 0.7472 -0.0085
vn 0.6170 -0.3575 0.7011
vn 0.4701 0.6846 0.5571
vn 0.6798 0.1765 0.7119
vn 0.2474 0.6392 0.7282
vn 0.3000 0.1152 0.9469
vn 0.2376 -0.4960 0.8352
vn 0.7764 -0.4881 -0.3987
vn 0.5988 -0.7999 -0.0403
vn -0.0000 -0.8290 -0.5592
vn -0.0000 -0.9999 0.0162
vn 0.6606 -0.3709 0.6527
vn -0.5987 -0.7999 -0.0403
vn -0.7764 -0.4881 -0.3987
vn -0.0000 -0.4640 0.8859
vn -0.6606 -0.3709 0.6527
vn 0.6606 0.3709 0.6527
vn -0.6606 0.3709 0.6527
vn -0.0000 0.4640 0.8859
vn 0.5987 0.7999 -0.0403
vn -0.0000 0.9999 0.0162
vn 0.7764 0.4881 -0.3987
vn -0.0000 0.8290 -0.5592
vn -0.5987 0.7999 -0.0403
vn -0.7764 0.4881 -0.3987
vn -0.5321 -0.4922 0.6889
vn 0.1385 -0.1341 0.9813
vn -0.9189 0.0223 0.3938
vn -0.2205 0.9322 0.2871
vn -0.6781 -0.0227 -0.7346
vn -0.2601 -0.9607 0.0968
vn 0.4359 0.8937 -0.1057
vn 0.8866 0.0732 -0.4567
vn 0.0346 0.0576 -0.9977
vn 0.3072 -0.9393 -0.1525
vn 0.9283 -0.3630 -0.0805
vn 0.6933 -0.1341 0.7081
vn -0.9898 -0.1418 0.0151
vn -0.9950 -0.0935 0.0363
vn -0.7301 -0.1017 -0.6757
vn -0.6860 -0.0639 0.7247
vn -0.7116 -0.1107 -0.6938
vn -0.6708 -0.1297 0.7302
vn -0.6454 -0.0925 -0.7582
vn -0.5734 -0.1599 0.8035
vn -0.6721 0.7390 0.0468
vn -0.7520 -0.0703 -0.6554
vn -0.6762 -0.0326 0.7360
vn -0.9963 -0.0778 0.0376
vn -0.0889 -0.1304 -0.9875
vn -0.1364 -0.1169 -0.9837
vn -0.0250 -0.0966 0.9950
vn -0.0220 -0.0546 0.9983
vn -0.6120 -0.0055 -0.7908
vn -0.5497 -0.1319 0.8249
vn -0.1710 -0.0776 -0.9822
vn -0.0140 -0.0302 0.9994
vn 0.5208 -0.0664 -0.8511
vn 0.6059 -0.1130 -0.7875
vn 0.6025 -0.1183 -0.7893
vn 0.5511 -0.1302 0.8242
vn 0.7067 -0.0586 0.7051
vn 0.6679 -0.0857 0.7393
vn 0.6094 -0.0937 -0.7873
vn 0.7507 -0.0343 0.6598
vn 0.9934 -0.0860 -0.0764
vn 0.9955 -0.0741 -0.0588
vn 0.9956 -0.0411 -0.0847
vn 0.9957 -0.0598 -0.0708
vn 0.5822 -0.0644 0.8105
vn 0.4936 -0.1468 0.8572
vn 0.9995 -0.0232 -0.0190
vn -0.5651 -0.1358 0.8138
vn 0.9976 -0.0687 -0.0028
vn -0.5551 -0.1179 0.8234
vn 0.5545 -0.1519 0.8182
vn -0.5526 -0.1136 0.8257
vn -0.9951 -0.0509 0.0842
vn 0.9978 0.0657 -0.0109
vn -0.9862 0.0843 0.1425
vn -0.6355 0.1888 -0.7487
vn -0.6372 0.0079 -0.7707
vn 0.5835 -0.0893 0.8072
vn -0.5011 -0.0847 0.8612
vn -0.6237 0.1555 -0.7661
vn -0.9958 0.0305 0.0862
vn 0.5116 0.1977 -0.8361
vn 0.5411 0.0471 -0.8397
vn 0.9994 -0.0326 0.0141
vn -0.9866 -0.1501 0.0645
vn 0.5043 0.1477 -0.8508
vn -0.6217 -0.0623 -0.7808
vn 0.5268 -0.0737 -0.8468
vn 0.9854 -0.1693 0.0159
vn -0.5334 -0.1053 0.8393
vn 0.4991 -0.0830 0.8625
vn -0.5555 -0.1725 -0.8134
vn 0.5537 -0.1580 -0.8176
vn 0.9884 -0.1400 0.0581
vn -0.9820 -0.1889 -0.0033
vn -0.5704 -0.0199 0.8211
vn -0.9962 -0.0663 -0.0568
vn 0.9993 -0.0372 0.0087
vn -0.5863 0.0243 0.8097
vn -0.4969 -0.0903 -0.8631
vn -0.9977 0.0071 -0.0672
vn 0.5829 -0.0799 -0.8086
vn 0.5426 -0.0117 0.8399
vn -0.5136 0.0216 -0.8578
vn -0.6262 0.3419 0.7007
vn -0.5616 0.0717 -0.8243
vn -0.9940 0.0971 0.0495
vn 0.9998 0.0186 -0.0048
vn 0.5564 0.0405 0.8299
vn 0.5867 0.0086 -0.8097
vn 0.5606 0.0698 -0.8252
vn -0.2683 0.6587 0.7029
vn 0.6628 0.3458 0.6642
vn 0.9949 0.0986 0.0213
vn 0.1963 0.6829 0.7037
vn 0.9898 -0.1418 0.0151
vn 0.7116 -0.1107 -0.6938
vn 0.7301 -0.1017 -0.6757
vn 0.6454 -0.0925 -0.7582
vn 0.9950 -0.0935 0.0363
vn 0.6721 0.7390 0.0468
vn 0.6860 -0.0639 0.7247
vn 0.5734 -0.1599 0.8035
vn 0.6708 -0.1297 0.7302
vn 0.1364 -0.1169 -0.9837
vn 0.0889 -0.1304 -0.9875
vn 0.6762 -0.0326 0.7360
vn 0.7520 -0.0704 -0.6554
vn 0.9963 -0.0778 0.0376
vn 0.5497 -0.1319 0.8249
vn 0.6120 -0.0055 -0.7908
vn 0.0220 -0.0546 0.9983
vn 0.0250 -0.0966 0.9950
vn -0.6059 -0.1130 -0.7875
vn -0.5208 -0.0664 -0.8511
vn -0.6025 -0.1183 -0.7893
vn 0.1710 -0.0776 -0.9822
vn 0.0140 -0.0302 0.9994
vn -0.5511 -0.1302 0.8242
vn -0.9957 -0.0598 -0.0708
vn -0.6094 -0.0937 -0.7873
vn -0.9956 -0.0411 -0.0847
vn -0.9934 -0.0860 -0.0764
vn -0.9955 -0.0741 -0.0588
vn -0.7507 -0.0343 0.6598
vn -0.6679 -0.0857 0.7393
vn -0.7067 -0.0586 0.7051
vn -0.5822 -0.0644 0.8105
vn -0.9995 -0.0232 -0.0190
vn -0.4936 -0.1468 0.8572
vn -0.9976 -0.0687 -0.0028
vn 0.5651 -0.1358 0.8138
vn 0.5551 -0.1179 0.8234
vn -0.5545 -0.1519 0.8182
vn -0.9978 0.0657 -0.0109
vn 0.9951 -0.0509 0.0842
vn 0.5526 -0.1136 0.8257
vn -0.5835 -0.0893 0.8072
vn -0.9994 -0.0326 0.0141
vn 0.9862 0.0843 0.1425
vn 0.6355 0.1888 -0.7487
vn 0.6372 0.0079 -0.7707
vn 0.5011 -0.0847 0.8612
vn -0.9854 -0.1693 0.0159
vn 0.6237 0.1555 -0.7661
vn 0.9958 0.0305 0.0862
vn -0.5116 0.1977 -0.8361
vn -0.5411 0.0471 -0.8397
vn -0.4991 -0.0830 0.8625
vn -0.9884 -0.1400 0.0581
vn 0.9866 -0.1501 0.0645
vn -0.5043 0.1477 -0.8508
vn 0.6217 -0.0623 -0.7808
vn -0.5268 -0.0737 -0.8468
vn 0.5334 -0.1053 0.8393
vn -0.9993 -0.0372 0.0087
vn 0.5555 -0.1725 -0.8134
vn 0.5704 -0.0199 0.8211
vn 0.9820 -0.1889 -0.0033
vn 0.9962 -0.0663 -0.0568
vn -0.5426 -0.0117 0.8399
vn -0.5564 0.0405 0.8299
vn -0.9998 0.0186 -0.0048
vn -0.5537 -0.1580 -0.8176
vn 0.4969 -0.0903 -0.8631
vn 0.5863 0.0243 0.8097
vn 0.9977 0.0071 -0.0672
vn -0.6628 0.3458 0.6642
vn -0.9949 0.0986 0.0213
vn 0.5136 0.0216 -0.8578
vn 0.6262 0.3419 0.7007
vn 0.5616 0.0717 -0.8243
vn 0.9940 0.0971 0.0495
vn -0.1963 0.6829 0.7037
vn -0.5829 -0.0799 -0.8086
vn -0.5606 0.0698 -0.8252
vn -0.5867 0.0086 -0.8097
vn 0.2683 0.6587 0.7029
vn -0.7354 -0.6754 0.0554
vn -0.5675 -0.8210 0.0622
vn -0.8209 0.5647 0.0855
vn 0.7354 -0.6754 0.0554
vn 0.5675 -0.8210 0.0622
vn 0.8209 0.5647 0.0855
vn -0.0000 -0.2739 -0.9617
vn -0.6539 -0.4338 -0.6198
vn -0.0000 0.4238 -0.9057
vn -0.8660 0.2119 -0.4529
vn -0.6539 -0.7538 0.0643
vn -0.8660 -0.2116 0.4530
vn -0.0001 -0.9137 0.4064
vn -0.0000 -0.4236 0.9059
vn 0.6540 -0.7538 0.0642
vn 0.8661 -0.2116 0.4529
vn 0.6540 -0.4337 -0.6198
vn 0.8660 0.2118 -0.4529
vn -0.0001 0.9138 -0.4061
vn -0.6538 0.7539 -0.0643
vn -0.6539 0.4341 0.6197
vn -0.0000 0.2741 0.9617
vn 0.6539 0.4341 0.6197
vn 0.6538 0.7539 -0.0642
vn -0.0000 -0.9058 -0.4238
vn -0.0000 0.9059 0.4235
vn -0.2806 0.7561 0.5913
vn -0.2944 0.6533 0.6976
vn -0.7642 0.5592 0.3213
vn -0.0000 0.2447 0.9696
vn -0.6268 0.2930 0.7220
vn -0.0000 0.5505 0.8349
vn -0.0735 0.5625 0.8235
vn -0.0000 0.5849 0.8111
vn 0.2944 0.6533 0.6976
vn 0.6268 0.2930 0.7220
vn 0.0735 0.5625 0.8235
vn 0.7642 0.5592 0.3213
vn -0.1783 0.5837 0.7922
vn 0.2806 0.7561 0.5913
vn 0.1783 0.5837 0.7922
vn 0.0343 -0.4040 -0.9141
vn 0.9023 -0.3992 0.1625
vn -0.2699 -0.8424 -0.4664
vn 0.5200 -0.7685 0.3729
vn -0.1920 -0.0835 0.9778
vn -0.0673 0.4020 0.9131
vn -0.9776 -0.1616 0.1349
vn -0.8913 0.3650 -0.2689
vn -0.0069 -0.1687 -0.9856
vn 0.8190 -0.5657 0.0955
vn -0.0457 0.2073 0.9772
vn -0.8226 0.5501 -0.1437
vn 0.0377 0.0138 -0.9992
vn 0.5569 -0.8206 0.1280
vn -0.0260 0.2786 0.9600
vn -0.5148 0.8479 -0.1268
vn 0.8613 -0.4948 0.1156
vn 0.7026 0.7050 -0.0968
vn -0.5200 -0.7685 0.3729
vn -0.9023 -0.3992 0.1625
vn 0.2699 -0.8424 -0.4664
vn -0.0343 -0.4040 -0.9141
vn 0.1920 -0.0835 0.9778
vn 0.0673 0.4020 0.9131
vn 0.9776 -0.1616 0.1349
vn 0.8913 0.3650 -0.2689
vn 0.0069 -0.1687 -0.9856
vn -0.8190 -0.5657 0.0955
vn 0.0457 0.2073 0.9772
vn 0.8226 0.5501 -0.1437
vn -0.0377 0.0138 -0.9992
vn -0.5569 -0.8206 0.1280
vn 0.0260 0.2786 0.9600
vn 0.5147 0.8479 -0.1268
vn -0.8613 -0.4948 0.1156
vn -0.7026 0.7050 -0.0968
vn 0.9838 -0.1273 0.1262
vn -0.1430 0.9598 0.2415
vn -0.3125 -0.9113 0.2682
vn -0.9406 0.0852 0.3287
vn -0.3211 0.0174 -0.9469
vn 0.4252 -0.0073 -0.9051
vn -0.6344 0.5520 0.5412
vn -0.2194 -0.8293 0.5140
vn -0.1664 0.8146 0.5556
vn 0.4968 -0.7820 0.3764
vn 0.8563 0.5131 -0.0589
vn -0.6823 -0.1889 -0.7062
vn -0.0153 0.0031 -0.9999
vn -0.8031 0.5829 -0.1238
vn -0.8239 -0.5507 -0.1338
vn -0.0000 0.4402 0.8979
vn -0.0000 -0.4762 0.8793
vn -0.0000 0.6915 -0.7224
vn -0.0000 -0.7529 -0.6581
vn 0.9406 0.0852 0.3287
vn 0.1430 0.9598 0.2415
vn 0.3125 -0.9113 0.2681
vn -0.9838 -0.1273 0.1262
vn 0.3211 0.0174 -0.9469
vn -0.4252 -0.0073 -0.9051
vn 0.6344 0.5520 0.5412
vn 0.1664 0.8146 0.5556
vn 0.2194 -0.8293 0.5140
vn -0.4968 -0.7820 0.3764
vn -0.8563 0.5131 -0.0589
vn 0.6823 -0.1889 -0.7062
vn 0.0153 0.0030 -0.9999
vn 0.8239 -0.5507 -0.1338
vn 0.8031 0.5829 -0.1238
vn 0.1506 -0.9766 -0.1534
vn 0.1135 -0.9904 -0.0789
vn 0.1484 -0.5409 0.8279
vn 0.0354 -0.5038 0.8631
vn -0.0123 -0.9997 -0.0225
vn 0.1294 0.5549 0.8218
vn -0.0429 -0.9987 0.0288
vn 0.0180 0.5749 0.8180
vn 0.0080 -0.9977 0.0669
vn -0.0238 -0.5034 0.8637
vn 0.1040 0.9945 0.0078
vn 0.0165 -0.5142 0.8575
vn 0.1472 0.9891 0.0012
vn -0.0001 0.9997 0.0233
vn 0.0193 -0.6876 0.7258
vn -0.0339 0.5528 0.8326
vn 0.1305 0.5852 -0.8003
vn 0.0131 0.6193 -0.7850
vn 0.0723 -0.9910 0.1124
vn -0.0080 0.5771 0.8166
vn -0.0461 0.9989 -0.0111
vn 0.0860 0.5888 -0.8037
vn 0.1328 -0.4279 -0.8940
vn -0.0232 -0.9952 0.0946
vn -0.0341 -0.1192 0.9923
vn -0.0729 0.5843 -0.8082
vn 0.0216 -0.4915 -0.8706
vn -0.0117 -0.4778 -0.8784
vn -0.0637 -0.7056 0.7057
vn -0.0244 0.6921 0.7214
vn -0.0267 0.9993 -0.0269
vn -0.6940 -0.4372 0.5720
vn -0.0884 0.9953 -0.0403
vn -0.0484 0.6001 -0.7985
vn -0.0756 -0.0552 0.9956
vn -0.0734 -0.4844 -0.8717
vn -0.7081 -0.6810 0.1868
vn -0.0897 0.5931 -0.8001
vn -0.2047 0.7302 0.6518
vn -0.1400 0.7085 0.6917
vn -0.0318 -0.4948 -0.8685
vn -0.0741 -0.0576 0.9956
vn -0.3104 0.9506 -0.0064
vn -0.2732 0.6037 -0.7489
vn 0.0033 -0.3340 -0.9426
vn -0.4150 0.1485 0.8976
vn -0.1410 0.7800 0.6097
vn -0.3539 0.9347 0.0337
vn -0.1868 -0.7972 -0.5741
vn 0.0485 -0.8470 -0.5294
vn -0.2199 0.4998 0.8377
vn -0.1972 0.9793 0.0458
vn -0.3034 0.6754 -0.6722
vn -0.1646 -0.2646 -0.9502
vn -0.1467 0.7509 -0.6439
vn -0.2500 -0.0092 -0.9682
vn -0.6723 -0.5148 -0.5319
vn -0.1506 -0.9766 -0.1534
vn -0.1484 -0.5409 0.8279
vn -0.1135 -0.9904 -0.0789
vn -0.0354 -0.5038 0.8631
vn -0.1294 0.5549 0.8218
vn 0.0123 -0.9997 -0.0225
vn -0.0180 0.5749 0.8180
vn 0.0429 -0.9987 0.0288
vn -0.1040 0.9945 0.0078
vn 0.0238 -0.5034 0.8637
vn -0.1472 0.9891 0.0012
vn -0.0080 -0.9977 0.0669
vn 0.0001 0.9997 0.0233
vn -0.1305 0.5852 -0.8003
vn -0.0165 -0.5142 0.8575
vn 0.0461 0.9989 -0.0111
vn 0.0339 0.5528 0.8326
vn -0.1328 -0.4279 -0.8940
vn -0.0860 0.5888 -0.8037
vn -0.0193 -0.6876 0.7258
vn -0.0723 -0.9910 0.1124
vn -0.0131 0.6193 -0.7850
vn 0.0729 0.5843 -0.8082
vn 0.0267 0.9993 -0.0269
vn 0.0079 0.5771 0.8166
vn 0.0232 -0.9952 0.0946
vn -0.0216 -0.4915 -0.8706
vn 0.0117 -0.4778 -0.8784
vn 0.0484 0.6001 -0.7985
vn 0.0884 0.9953 -0.0403
vn 0.0244 0.6921 0.7214
vn 0.0341 -0.1192 0.9923
vn 0.0637 -0.7056 0.7057
vn 0.0318 -0.4948 -0.8685
vn 0.3104 0.9506 -0.0064
vn 0.1400 0.7085 0.6917
vn 0.6940 -0.4372 0.5720
vn 0.0756 -0.0552 0.9956
vn 0.0734 -0.4844 -0.8717
vn 0.0897 0.5931 -0.8001
vn 0.7081 -0.6810 0.1868
vn 0.2047 0.7302 0.6518
vn -0.0033 -0.3340 -0.9426
vn 0.0741 -0.0576 0.9956
vn 0.3539 0.9347 0.0337
vn -0.0485 -0.8470 -0.5294
vn 0.2732 0.6037 -0.7489
vn 0.4150 0.1485 0.8976
vn 0.1410 0.7800 0.6097
vn 0.1646 -0.2646 -0.9502
vn 0.2199 0.4998 0.8377
vn 0.3034 0.6754 -0.6722
vn 0.1868 -0.7972 -0.5741
vn 0.1972 0.9793 0.0458
vn 0.6723 -0.5148 -0.5319
vn 0.2500 -0.0092 -0.9682
vn 0.1467 0.7509 -0.6439
vn 0.0950 0.9932 0.0670
vn 0.1219 0.7825 -0.6106
vn 0.2256 0.9685 0.1058
vn 0.4721 -0.1633 -0.8663
vn 0.1360 0.1238 -0.9829
vn 0.1581 0.3880 -0.9080
vn 0.1816 0.8515 -0.4919
vn 0.1631 -0.0399 -0.9858
vn 0.2658 0.8165 -0.5126
vn 0.4872 -0.2336 -0.8414
vn 0.4375 0.8805 0.1827
vn 0.9081 -0.1845 -0.3760
vn -0.0000 -0.0170 -0.9999
vn -0.0000 0.1037 -0.9946
vn -0.0000 0.4553 -0.8903
vn 0.4280 0.6638 -0.6134
vn 0.2190 -0.1614 -0.9623
vn -0.0000 -0.1423 -0.9898
vn 0.9928 -0.1003 0.0658
vn -0.1360 0.1238 -0.9829
vn -0.0000 0.2211 -0.9752
vn -0.0000 0.4545 -0.8908
vn 0.5048 -0.2733 -0.8188
vn -0.0000 -0.2229 -0.9748
vn -0.2190 -0.1614 -0.9623
vn -0.1581 0.3880 -0.9080
vn -0.1631 -0.0399 -0.9858
vn -0.4280 0.6638 -0.6134
vn 0.8950 -0.1688 -0.4130
vn 0.9801 0.1592 0.1185
vn 0.2839 -0.2424 -0.9277
vn -0.2839 -0.2424 -0.9277
vn -0.4872 -0.2336 -0.8414
vn -0.4721 -0.1633 -0.8663
vn -0.1219 0.7825 -0.6106
vn -0.1816 0.8515 -0.4919
vn -0.2658 0.8165 -0.5126
vn -0.4375 0.8805 0.1827
vn 0.9903 -0.0468 0.1306
vn 0.8376 -0.2242 -0.4981
vn 0.2781 0.3930 0.8765
vn -0.0000 -0.2343 -0.9722
vn -0.9081 -0.1845 -0.3760
vn -0.5048 -0.2733 -0.8188
vn -0.2256 0.9685 0.1058
vn 0.9972 -0.0749 0.0018
vn 0.6514 0.4356 0.6213
vn 0.9979 0.0083 -0.0638
vn 0.0690 0.8203 0.5678
vn 0.3091 -0.2222 -0.9247
vn -0.3091 -0.2222 -0.9247
vn -0.8950 -0.1688 -0.4130
vn -0.0950 0.9932 0.0670
vn 0.2320 0.5986 0.7667
vn 0.9942 -0.1050 -0.0241
vn -0.0000 -0.1674 -0.9859
vn -0.9928 -0.1003 0.0658
vn -0.8376 -0.2242 -0.4981
vn 0.1830 0.8258 0.5334
vn 0.7957 -0.1879 -0.5758
vn -0.2956 -0.1628 -0.9413
vn -0.9972 -0.0749 0.0018
vn 0.2970 0.7958 0.5277
vn 0.2956 -0.1628 -0.9413
vn -0.0000 0.0494 -0.9988
vn -0.7957 -0.1879 -0.5758
vn -0.9801 0.1592 0.1185
vn -0.9903 -0.0468 0.1306
vn -0.9942 -0.1050 -0.0241
vn -0.2781 0.3930 0.8765
vn -0.9979 0.0083 -0.0638
vn -0.6514 0.4356 0.6213
vn -0.0690 0.8203 0.5678
vn -0.2320 0.5986 0.7667
vn -0.1830 0.8258 0.5334
vn -0.2970 0.7958 0.5277
vn -0.3192 0.3174 -0.8929
vn -0.1088 0.2634 -0.9585
vn -0.0000 0.2846 -0.9586
vn -0.0000 0.2492 -0.9685
vn 0.1087 0.2634 -0.9585
vn 0.3192 0.3174 -0.8929
vn 0.2530 0.4847 0.8373
vn 0.2844 0.7105 0.6437
vn 0.3778 0.7207 0.5812
vn 0.1075 0.7804 0.6160
vn 0.7935 0.5217 0.3135
vn -0.0000 0.7279 0.6857
vn 0.1019 0.7168 0.6898
vn -0.1019 0.7168 0.6898
vn -0.0750 0.5548 0.8286
vn 0.0750 0.5548 0.8286
vn 0.4658 0.5047 0.7269
vn 0.9781 0.1838 -0.0973
vn -0.4658 0.5047 0.7269
vn -0.0000 0.5030 0.8643
vn 0.8774 0.3494 0.3287
vn 0.0510 0.0258 0.9984
vn 0.5230 0.0068 0.8523
vn -0.3778 0.7207 0.5812
vn -0.5230 0.0068 0.8523
vn 0.9326 -0.0030 0.3609
vn -0.1075 0.7804 0.6160
vn -0.0510 0.0258 0.9984
vn 0.0471 -0.5255 0.8495
vn 0.9920 -0.0802 -0.0973
vn -0.8774 0.3494 0.3287
vn -0.9326 -0.0030 0.3609
vn -0.2844 0.7105 0.6437
vn -0.0000 0.0158 0.9999
vn 0.4632 -0.5194 0.7181
vn 0.9934 -0.0851 -0.0768
vn -0.9920 -0.0802 -0.0973
vn -0.0471 -0.5255 0.8495
vn -0.0000 -0.3929 0.9196
vn 0.1993 -0.4080 0.8909
vn 0.8103 -0.4326 0.3953
vn 0.9306 -0.3644 0.0342
vn -0.9781 0.1838 -0.0973
vn -0.4632 -0.5194 0.7181
vn -0.0000 -0.4722 0.8815
vn -0.2530 0.4847 0.8373
vn -0.7935 0.5217 0.3135
vn 0.9865 -0.1634 -0.0019
vn 0.7206 -0.4318 0.5425
vn -0.9306 -0.3644 0.0342
vn -0.8103 -0.4326 0.3953
vn -0.1993 -0.4080 0.8909
vn -0.0000 -0.0207 0.9998
vn 0.2709 -0.0250 0.9623
vn -0.9934 -0.0851 -0.0768
vn -0.7206 -0.4318 0.5425
vn 0.9971 -0.0257 0.0716
vn 0.8156 -0.1201 -0.5660
vn -0.0000 0.0045 1.0000
vn 0.2753 0.0008 0.9614
vn -0.2709 -0.0250 0.9623
vn -0.9866 -0.1634 -0.0019
vn 0.7579 -0.0132 0.6523
vn 0.7168 0.0339 0.6965
vn -0.2753 0.0008 0.9614
vn -0.7579 -0.0132 0.6523
vn 0.9844 0.1408 0.1053
vn 0.3124 0.0537 -0.9484
vn 0.2836 0.0252 0.9586
vn -0.0000 0.0054 1.0000
vn -0.9971 -0.0257 0.0716
vn -0.7168 0.0339 0.6965
vn -0.8156 -0.1201 -0.5660
vn 0.6633 0.1414 0.7349
vn 0.9430 0.2985 0.1471
vn 0.8242 0.1028 -0.5570
vn -0.2836 0.0252 0.9586
vn -0.9844 0.1408 0.1053
vn 0.2507 0.0309 0.9676
vn -0.3124 0.0537 -0.9484
vn 0.6710 0.1703 0.7216
vn 0.7727 0.2959 -0.5616
vn 0.3253 0.2870 -0.9010
vn -0.0000 -0.0107 0.9999
vn -0.9430 0.2985 0.1471
vn -0.6633 0.1414 0.7349
vn -0.8242 0.1028 -0.5569
vn 0.9528 0.3002 0.0454
vn -0.2507 0.0309 0.9676
vn -0.3253 0.2870 -0.9010
vn -0.9528 0.3002 0.0454
vn -0.6710 0.1703 0.7216
vn 0.7463 0.3188 -0.5844
vn -0.7727 0.2959 -0.5616
vn -0.7463 0.3188 -0.5844
vn -0.0000 0.7146 0.6996
vn -0.1519 0.7003 0.6975
vn 0.1519 0.7003 0.6975
vn -0.7819 0.4047 -0.4742
vn 0.7819 0.4047 -0.4742
vn -0.0000 0.3136 -0.9496
vn 0.4164 0.5752 0.7041
vn 0.1596 0.2998 0.9406
vn -0.5617 -0.1392 0.8156
vn 0.8143 -0.4851 -0.3189
vn -0.5845 -0.2253 0.7795
vn 0.7955 0.2276 -0.5616
vn -0.1851 -0.5997 0.7785
vn 0.7776 0.2213 -0.5886
vn 0.7213 0.1292 0.6805
vn 0.8759 -0.0269 -0.4817
vn -0.5210 -0.0165 0.8534
vn 0.3853 -0.7697 0.5090
vn -0.1479 0.6180 0.7722
vn 0.0667 0.3863 0.9200
vn -0.1076 -0.9256 -0.3628
vn -0.4252 -0.7609 -0.4901
vn -0.3571 -0.7569 -0.5473
vn 0.6547 -0.7505 0.0904
vn -0.1267 0.6180 0.7759
vn -0.3767 -0.8832 -0.2793
vn -0.4950 0.0265 0.8685
vn -0.5392 -0.8359 -0.1023
vn -0.5961 -0.7965 0.1011
vn 0.0872 -0.8370 0.5403
vn -0.0078 0.8472 0.5311
vn 0.0095 0.8642 0.5031
vn 0.0060 0.4253 0.9050
vn 0.0541 0.9835 0.1727
vn 0.0282 0.9307 0.3646
vn 0.0934 0.9889 0.1156
vn -0.0267 0.9404 -0.3391
vn 0.0706 0.9799 -0.1867
vn 0.0548 0.9777 -0.2028
vn -0.0404 0.8979 -0.4384
vn -0.3721 0.3948 -0.8401
vn -0.1994 0.5019 -0.8417
vn 0.0365 0.9405 -0.3377
vn -0.1917 -0.7196 -0.6675
vn -0.4001 -0.7440 -0.5352
vn -0.0214 0.5425 -0.8398
vn 0.0120 -0.9770 0.2131
vn -0.1489 -0.9862 0.0729
vn 0.1406 -0.9897 -0.0285
vn -0.1129 -0.9893 -0.0925
vn -0.0944 -0.8351 -0.5419
vn 0.2581 -0.8123 -0.5230
vn 0.3249 -0.8969 -0.3001
vn 0.0870 -0.9845 0.1522
vn 0.1486 -0.9768 -0.1542
vn -0.4164 0.5752 0.7041
vn 0.5617 -0.1392 0.8156
vn -0.1596 0.2998 0.9406
vn 0.5845 -0.2253 0.7795
vn -0.8143 -0.4851 -0.3189
vn 0.1850 -0.5997 0.7785
vn -0.7955 0.2276 -0.5616
vn -0.7213 0.1292 0.6805
vn -0.7776 0.2213 -0.5886
vn -0.8759 -0.0269 -0.4817
vn 0.5210 -0.0165 0.8534
vn 0.4252 -0.7609 -0.4901
vn 0.3767 -0.8832 -0.2793
vn -0.3853 -0.7697 0.5090
vn -0.6547 -0.7505 0.0904
vn 0.1076 -0.9256 -0.3628
vn 0.5392 -0.8359 -0.1023
vn 0.1479 0.6180 0.7722
vn 0.5961 -0.7965 0.1011
vn 0.1267 0.6180 0.7759
vn 0.4950 0.0265 0.8685
vn 0.3571 -0.7570 -0.5473
vn -0.0667 0.3863 0.9200
vn -0.0872 -0.8370 0.5403
vn -0.0095 0.8642 0.5031
vn -0.0060 0.4253 0.9050
vn 0.0078 0.8472 0.5311
vn -0.0282 0.9307 0.3646
vn -0.0541 0.9835 0.1727
vn 0.0267 0.9404 -0.3391
vn -0.0934 0.9889 0.1156
vn -0.0548 0.9777 -0.2028
vn 0.0404 0.8979 -0.4384
vn 0.3721 0.3948 -0.8401
vn -0.0706 0.9799 -0.1867
vn 0.1994 0.5019 -0.8417
vn 0.1917 -0.7196 -0.6675
vn 0.4001 -0.7440 -0.5352
vn -0.0365 0.9405 -0.3377
vn -0.0120 -0.9770 0.2131
vn 0.1489 -0.9862 0.0729
vn 0.0214 0.5425 -0.8398
vn -0.1406 -0.9897 -0.0285
vn 0.1129 -0.9893 -0.0925
vn 0.0944 -0.8352 -0.5419
vn -0.2581 -0.8123 -0.5230
vn -0.3249 -0.8969 -0.3001
vn -0.0870 -0.9845 0.1522
vn -0.1486 -0.9768 -0.1542
vn 0.2537 -0.7365 -0.6270
vn 0.0354 -0.9988 0.0329
vn -0.0071 -0.9999 -0.0075
vn 0.1258 0.2587 -0.9577
vn -0.0495 -0.5146 -0.8560
vn -0.0677 -0.5232 -0.8495
vn -0.0769 -0.9966 -0.0281
vn -0.1115 0.9159 -0.3857
vn -0.1105 0.5642 -0.8182
vn -0.1144 0.6011 -0.7909
vn 0.0856 -0.4600 -0.8838
vn 0.0392 -0.9945 -0.0969
vn -0.0751 0.8496 0.5220
vn -0.1224 0.9923 -0.0183
vn 0.0162 0.5939 -0.8044
vn -0.0053 0.9999 -0.0102
vn -0.1051 0.9941 -0.0275
vn 0.2844 -0.1924 0.9392
vn -0.0911 0.5740 0.8138
vn 0.0426 0.5472 0.8359
vn -0.0954 0.6430 0.7599
vn 0.2202 -0.9017 0.3720
vn -0.0824 -0.5525 0.8294
vn 0.0498 -0.5731 0.8180
vn -0.0288 -0.5377 0.8426
vn -0.2537 -0.7365 -0.6270
vn -0.0354 -0.9988 0.0329
vn -0.1258 0.2587 -0.9577
vn 0.0071 -0.9999 -0.0075
vn 0.0495 -0.5146 -0.8560
vn 0.0677 -0.5232 -0.8495
vn 0.0769 -0.9966 -0.0281
vn 0.1115 0.9159 -0.3857
vn 0.1144 0.6011 -0.7909
vn -0.0856 -0.4600 -0.8838
vn -0.0392 -0.9945 -0.0969
vn 0.1105 0.5642 -0.8182
vn 0.0751 0.8496 0.5220
vn 0.1051 0.9941 -0.0275
vn -0.0162 0.5939 -0.8044
vn 0.1223 0.9923 -0.0183
vn -0.2844 -0.1924 0.9392
vn 0.0954 0.6430 0.7599
vn 0.0053 0.9999 -0.0102
vn 0.0911 0.5740 0.8138
vn 0.0288 -0.5377 0.8426
vn -0.0426 0.5472 0.8359
vn -0.2202 -0.9017 0.3720
vn -0.0498 -0.5731 0.8180
vn 0.0824 -0.5525 0.8294
vn 0.3834 0.6930 -0.6105
vn 0.2984 0.6679 -0.6818
vn 0.1253 0.9646 -0.2322
vn 0.5138 0.0611 -0.8557
vn 0.1008 0.7410 0.6639
vn 0.2738 -0.0204 -0.9616
vn 0.4328 0.7202 0.5422
vn 0.8862 0.0304 -0.4623
vn 0.9358 0.0813 0.3430
vn 0.3673 0.5721 -0.7334
vn 0.8333 0.1623 -0.5285
vn 0.1199 -0.6606 0.7411
vn 0.1213 0.7383 0.6635
vn 0.0411 -0.6537 0.7556
vn 0.0326 -0.6697 0.7419
vn 0.4996 -0.5510 0.6685
vn 0.5779 -0.6153 -0.5361
vn 0.1098 0.9585 -0.2631
vn 0.1743 0.5613 -0.8090
vn 0.0283 -0.6607 0.7501
vn 0.2512 -0.7640 -0.5943
vn 0.1321 -0.9878 0.0822
vn 0.4615 -0.7227 -0.5145
vn 0.4058 0.9050 0.1281
vn 0.1109 0.5638 -0.8184
vn 0.0709 0.9412 -0.3303
vn 0.3153 -0.8259 0.4674
vn 0.4938 -0.7246 -0.4808
vn 0.0070 -0.9925 0.1224
vn 0.0850 -0.7093 -0.6998
vn 0.0859 -0.7627 -0.6410
vn 0.0769 0.5007 -0.8622
vn 0.3181 -0.9035 -0.2872
vn 0.0178 -0.9962 0.0858
vn 0.1369 -0.7190 -0.6813
vn 0.0783 -0.9925 0.0938
vn 0.4054 0.8819 -0.2407
vn 0.1512 -0.9846 0.0874
vn 0.3978 0.8266 0.3982
vn 0.0995 0.7017 -0.7055
vn 0.0456 -0.6813 -0.7306
vn 0.0996 -0.6798 -0.7266
vn 0.1373 -0.9744 0.1782
vn 0.4680 0.8813 -0.0649
vn 0.1145 0.5632 0.8183
vn 0.1191 0.7035 0.7007
vn 0.0240 -0.6680 -0.7438
vn 0.0641 -0.7182 -0.6929
vn 0.3229 -0.9110 0.2566
vn 0.0865 -0.7060 0.7029
vn 0.1448 0.5622 0.8142
vn 0.1071 0.7849 -0.6103
vn 0.3419 -0.8624 -0.3734
vn 0.1207 -0.7779 0.6167
vn 0.1194 0.7321 0.6707
vn 0.0709 -0.7004 0.7102
vn 0.0875 0.6833 -0.7249
vn 0.0661 -0.7169 -0.6941
vn 0.0335 -0.6630 -0.7479
vn 0.1440 0.5527 0.8209
vn 0.0163 -0.6564 -0.7542
vn 0.1012 0.7963 -0.5963
vn 0.0615 -0.7533 0.6548
vn 0.1396 -0.7235 0.6761
vn 0.1318 -0.6905 -0.7112
vn 0.2552 0.5803 0.7734
vn 0.0109 -0.7642 0.6449
vn 0.1168 -0.7753 0.6207
vn 0.0249 -0.7865 0.6171
vn 0.0074 -0.6490 -0.7607
vn 0.1818 -0.6496 0.7382
vn 0.3693 0.6639 -0.6502
vn 0.3833 0.7019 0.6003
vn 0.5289 -0.7118 0.4622
vn 0.2179 0.7971 -0.5632
vn 0.8180 0.2239 0.5298
vn 0.0756 -0.6103 -0.7886
vn 0.5126 -0.6138 -0.6004
vn 0.5102 -0.6036 0.6127
vn 0.7928 0.3986 -0.4611
vn 0.4662 -0.5592 -0.6855
vn 0.8853 0.1471 -0.4411
vn 0.8790 0.1678 0.4463
vn -0.3833 0.6930 -0.6105
vn -0.2737 -0.0204 -0.9616
vn -0.8862 0.0304 -0.4623
vn -0.5138 0.0611 -0.8557
vn -0.9358 0.0813 0.3430
vn -0.2984 0.6679 -0.6818
vn -0.4328 0.7202 0.5422
vn -0.1253 0.9646 -0.2322
vn -0.1008 0.7410 0.6639
vn -0.8333 0.1623 -0.5285
vn -0.4996 -0.5510 0.6685
vn -0.1213 0.7383 0.6635
vn -0.1199 -0.6606 0.7411
vn -0.0327 -0.6697 0.7419
vn -0.0411 -0.6537 0.7556
vn -0.3673 0.5721 -0.7334
vn -0.0283 -0.6607 0.7501
vn -0.1098 0.9585 -0.2631
vn -0.3153 -0.8259 0.4674
vn -0.4058 0.9050 0.1281
vn -0.5780 -0.6152 -0.5361
vn -0.1743 0.5613 -0.8090
vn -0.3180 -0.9035 -0.2872
vn -0.2512 -0.7640 -0.5943
vn -0.1321 -0.9878 0.0822
vn -0.4615 -0.7227 -0.5145
vn -0.0709 0.9412 -0.3303
vn -0.1109 0.5638 -0.8184
vn -0.4054 0.8819 -0.2407
vn -0.0995 0.7017 -0.7055
vn -0.0456 -0.6813 -0.7306
vn -0.4938 -0.7246 -0.4808
vn -0.0070 -0.9925 0.1224
vn -0.0850 -0.7093 -0.6998
vn -0.0859 -0.7627 -0.6410
vn -0.0769 0.5007 -0.8622
vn -0.0240 -0.6680 -0.7438
vn -0.0178 -0.9962 0.0858
vn -0.1369 -0.7190 -0.6813
vn -0.0783 -0.9925 0.0938
vn -0.1191 0.7035 0.7007
vn -0.3978 0.8266 0.3982
vn -0.0875 0.6833 -0.7249
vn -0.0661 -0.7169 -0.6941
vn -0.1512 -0.9846 0.0874
vn -0.0996 -0.6798 -0.7266
vn -0.0641 -0.7182 -0.6929
vn -0.1194 0.7321 0.6707
vn -0.0865 -0.7060 0.7029
vn -0.0710 -0.7004 0.7102
vn -0.1318 -0.6905 -0.7112
vn -0.1373 -0.9744 0.1782
vn -0.4680 0.8813 -0.0649
vn -0.1145 0.5632 0.8183
vn -0.1396 -0.7235 0.6761
vn -0.3227 -0.9110 0.2567
vn -0.3693 0.6639 -0.6502
vn -0.5126 -0.6138 -0.6004
vn -0.3419 -0.8624 -0.3734
vn -0.1207 -0.7779 0.6167
vn -0.1448 0.5622 0.8142
vn -0.1818 -0.6496 0.7383
vn -0.3833 0.7019 0.6003
vn -0.8853 0.1471 -0.4411
vn -0.1071 0.7849 -0.6103
vn -0.0615 -0.7533 0.6548
vn -0.1440 0.5527 0.8209
vn -0.0109 -0.7642 0.6449
vn -0.5102 -0.6036 0.6127
vn -0.8790 0.1678 0.4463
vn -0.0249 -0.7865 0.6171
vn -0.1012 0.7963 -0.5963
vn -0.1168 -0.7753 0.6207
vn -0.2552 0.5803 0.7734
vn -0.0335 -0.6630 -0.7479
vn -0.2179 0.7971 -0.5632
vn -0.0163 -0.6564 -0.7542
vn -0.0756 -0.6103 -0.7886
vn -0.0074 -0.6490 -0.7608
vn -0.5289 -0.7118 0.4622
vn -0.4662 -0.5592 -0.6855
vn -0.8180 0.2239 0.5298
vn -0.7928 0.3986 -0.4611
vn 0.0638 0.5618 0.8248
vn 0.3576 0.6897 0.6296
vn 0.1181 0.8208 0.5588
vn 0.4224 0.4605 0.7807
vn -0.1559 0.7770 0.6099
vn 0.2746 0.2675 0.9236
vn -0.3038 0.5840 0.7528
vn 0.0006 0.2237 0.9747
vn -0.2390 0.3548 0.9039
vn 0.1555 0.9636 0.2173
vn 0.5993 0.7208 0.3483
vn -0.6261 0.5248 0.5768
vn -0.3521 0.8825 0.3119
vn 0.4454 -0.0616 0.8932
vn 0.7193 0.2961 0.6284
vn -0.5060 0.1001 0.8567
vn -0.0622 -0.1428 0.9878
vn -0.5072 0.8602 -0.0527
vn 0.1716 0.9687 -0.1792
vn 0.9257 0.0760 0.3706
vn 0.7651 0.6439 -0.0039
vn -0.1196 -0.5110 0.8512
vn 0.5592 -0.4024 0.7248
vn -0.8737 0.3818 0.3016
vn -0.7131 -0.1861 0.6759
vn 0.1698 0.9173 -0.3601
vn 0.8024 0.5712 -0.1732
vn 0.5830 -0.5441 0.6033
vn 0.9736 -0.0342 0.2259
vn -0.7731 -0.3136 0.5513
vn -0.1405 -0.6599 0.7381
vn -0.5537 0.8016 -0.2253
vn -0.9443 0.2918 0.1522
vn -0.9557 -0.0165 -0.2938
vn 0.0352 -0.5758 -0.8169
vn -0.0765 -0.9826 -0.1693
vn 0.1506 0.1722 -0.9735
vn -0.5576 -0.8226 0.1112
vn -0.3035 0.4951 -0.8141
vn -0.6239 -0.0913 0.7762
vn -0.4338 0.8964 0.0912
vn -0.8229 0.4247 0.3775
vn -0.3969 -0.2841 0.8728
vn -0.4463 -0.8886 -0.1057
vn -0.1501 0.9846 -0.0901
vn -0.2062 0.2864 -0.9357
vn -0.0062 0.5723 0.8200
vn -0.1561 -0.0688 0.9853
vn -0.2770 -0.9591 0.0580
vn 0.0444 0.9623 0.2684
vn -0.0368 0.7976 0.6021
vn -0.1164 0.3465 0.9308
vn 0.3915 -0.0637 0.9180
vn 0.4461 -0.8949 0.0088
vn -0.0075 0.4238 -0.9057
vn 0.7059 0.3053 0.6391
vn 0.8096 -0.4348 -0.3944
vn 0.5523 0.7591 0.3445
vn 0.6553 0.1742 -0.7350
vn 0.4533 -0.5677 -0.6872
vn 0.9909 -0.1291 -0.0379
vn 0.5580 -0.1130 -0.8221
vn 0.4685 0.5138 -0.7186
vn -0.1171 -0.9794 0.1642
vn -0.0073 -0.9924 0.1227
vn -0.0037 -0.9928 0.1200
vn 0.8371 0.5324 -0.1261
vn -0.1130 -0.9781 0.1746
vn 0.6606 -0.0980 0.7443
vn -0.2610 -0.9653 0.0044
vn -0.2558 -0.9667 -0.0020
vn -0.0528 0.6531 -0.7554
vn -0.0029 -0.9975 0.0701
vn 0.0445 -0.0739 -0.9963
vn 0.5790 0.5195 0.6285
vn -0.1051 0.9773 -0.1841
vn 0.3067 0.9508 -0.0429
vn 0.1098 0.9506 -0.2904
vn -0.1776 -0.9648 -0.1941
vn -0.1546 -0.9665 -0.2049
vn -0.4151 -0.1451 0.8981
vn -0.0021 -0.9978 0.0659
vn 0.1472 0.9691 0.1979
vn -0.1196 0.9888 -0.0896
vn -0.9803 -0.0251 -0.1959
vn -0.9792 -0.0242 -0.2013
vn -0.9801 -0.0249 -0.1968
vn -0.9790 -0.0241 -0.2022
vn 0.1650 -0.9405 -0.2971
vn 0.1576 -0.9367 -0.3127
vn -0.3657 0.4918 0.7902
vn -0.8510 0.5062 0.1399
vn -0.1525 0.9467 0.2838
vn -0.9883 -0.1323 0.0763
vn 0.3930 -0.9191 -0.0288
vn -0.3421 0.9396 0.0050
vn 0.3649 -0.9310 0.0136
vn -0.6532 -0.1374 -0.7446
vn -0.5565 0.4845 -0.6750
vn 0.9891 -0.1289 -0.0718
vn 0.4434 -0.1597 -0.8820
vn 0.3881 0.4516 -0.8034
vn -0.1017 -0.9559 0.2757
vn 0.1325 -0.9409 0.3117
vn 0.1418 -0.9369 0.3196
vn 0.8363 0.5317 -0.1339
vn -0.0985 -0.9513 0.2920
vn 0.6506 -0.1044 0.7522
vn -0.2457 -0.9691 0.0214
vn -0.2444 -0.9696 0.0084
vn 0.5617 0.5341 0.6319
vn -0.1061 0.9496 -0.2948
vn 0.2468 0.9688 -0.0241
vn 0.0987 0.9526 -0.2879
vn -0.9920 -0.1211 0.0343
vn -0.4078 -0.1212 0.9050
vn -0.3739 0.5296 0.7614
vn 0.1026 -0.9683 -0.2278
vn -0.1762 -0.9757 -0.1302
vn -0.1808 -0.9750 -0.1288
vn -0.8366 0.5424 0.0776
vn 0.0999 -0.9656 -0.2402
vn -0.6100 -0.1747 -0.7729
vn 0.2919 -0.9553 0.0466
vn 0.2849 -0.9564 0.0639
vn -0.5405 0.4632 -0.7024
vn 0.1625 0.9787 0.1258
vn -0.2819 0.9576 -0.0602
vn -0.0968 0.9723 0.2129
vn -0.4131 0.8908 0.1894
vn 0.1640 0.9831 0.0819
vn 0.1594 0.8101 -0.5641
vn 0.6686 0.7069 0.2309
vn -0.5839 0.6913 -0.4256
vn 0.8051 0.2240 0.5492
vn -0.9852 0.1675 -0.0378
vn -0.7246 0.4841 0.4905
vn 0.8093 0.4544 -0.3722
vn -0.8093 -0.4544 0.3722
vn 0.9852 -0.1675 0.0378
vn -0.5881 0.0012 0.8088
vn 0.4936 -0.1826 0.8503
vn 0.5839 -0.6913 0.4257
vn -0.0835 -0.2749 0.9578
vn -0.1594 -0.8102 0.5641
vn -0.0753 -0.9670 0.2435
vn 0.1095 -0.9656 0.2358
vn 0.1169 -0.9640 0.2387
vn -0.0820 -0.9661 0.2449
vn 0.9889 -0.1332 -0.0664
vn 0.4437 -0.1834 -0.8772
vn 0.3923 0.4742 -0.7881
vn -0.1912 -0.9601 0.2040
vn 0.8364 0.5373 -0.1080
vn 0.6741 -0.0490 0.7370
vn -0.1912 -0.9586 0.2110
vn -0.0985 0.9694 -0.2247
vn -0.0084 -0.7194 0.6945
vn 0.5745 0.6142 0.5410
vn 0.1526 0.4125 0.8981
vn 0.0799 0.9674 -0.2402
vn 0.0026 -0.7022 0.7120
vn 0.1826 0.9611 -0.2072
vn 0.1526 0.4126 0.8981
vn 0.1747 0.9780 0.1142
vn 0.1151 0.6851 -0.7193
vn -0.5685 0.1141 0.8147
vn -0.0398 0.0720 0.9966
vn -0.0385 0.0740 0.9965
vn -0.6882 0.1191 0.7157
vn -0.9912 0.1277 0.0342
vn -0.9915 0.1042 -0.0778
vn -0.6869 0.1011 -0.7197
vn -0.5214 0.0948 -0.8480
vn 0.4065 0.1419 -0.9026
vn 0.5906 0.1580 -0.7913
vn 0.9875 0.1300 -0.0896
vn 0.9921 0.1201 0.0373
vn 0.6772 0.1347 0.7234
vn 0.4738 0.1437 0.8688
vn -0.4357 0.1561 0.8865
vn -0.5975 0.1581 0.7861
vn -0.9886 0.1264 0.0815
vn -0.9916 0.1155 -0.0583
vn -0.6654 0.1025 -0.7394
vn -0.5392 0.0914 -0.8372
vn -0.1461 0.0829 -0.9858
vn -0.1430 0.0768 -0.9867
vn 0.9217 0.1086 -0.3724
vn 0.9923 0.1172 -0.0390
vn 0.9222 0.1069 -0.3717
vn 0.9892 0.1248 0.0765
vn 0.6169 0.1713 0.7682
vn 0.4860 0.1792 0.8554
vn -0.9916 0.1106 -0.0678
vn -0.5823 0.1675 0.7955
vn -0.9895 0.1292 0.0649
vn -0.6770 0.0456 -0.7346
vn -0.5903 -0.0674 -0.8044
vn -0.4451 0.1779 0.8777
vn -0.1482 -0.4123 -0.8989
vn -0.0886 -0.5778 -0.8114
vn -0.3368 0.5818 0.7403
vn -0.3685 0.0325 0.9291
vn -0.3368 0.5818 0.7404
vn -0.1911 0.9342 0.3012
vn 0.3245 -0.9359 -0.1369
vn 0.1990 -0.9589 -0.2024
vn 0.9640 -0.0697 0.2565
vn 0.9989 -0.0084 0.0461
vn -0.3245 -0.9359 -0.1369
vn -0.9640 -0.0697 0.2565
vn -0.1990 -0.9589 -0.2024
vn -0.9989 -0.0084 0.0461
vn -0.3909 -0.2548 0.8845
vn -0.7433 -0.2317 0.6275
vn -0.0464 -0.9967 -0.0668
vn -0.2003 -0.9675 -0.1541
vn -0.9054 -0.2510 -0.3424
vn -0.9435 -0.3107 -0.1149
vn 0.9054 -0.2510 -0.3424
vn 0.9435 -0.3107 -0.1149
vn 0.7212 -0.0329 -0.6920
vn 0.3808 0.0521 -0.9232
vn -0.7335 -0.0379 -0.6786
vn 0.1963 -0.9668 -0.1635
vn -0.5005 0.1395 -0.8544
vn -0.1314 -0.9135 -0.3851
vn -0.4320 0.1355 -0.8916
vn -0.0000 -0.9995 -0.0308
vn -0.0000 -0.2640 0.9645
vn -0.0000 0.0315 -0.9995
vn 0.7487 -0.2212 0.6249
vn -0.4235 -0.6718 0.6077
vn 0.3893 -0.2533 0.8856
vn 0.7703 -0.5501 -0.3224
vn -0.9556 0.2301 -0.1841
vn 0.2183 0.9264 0.3068
vn -0.9866 0.1631 -0.0067
vn 0.0950 0.9698 0.2245
vn 0.1502 0.7936 0.5896
vn 0.2177 0.8391 0.4985
vn -0.3399 0.5651 -0.7517
vn -0.7118 0.3873 -0.5860
vn -0.0000 0.7698 0.6383
vn -0.0000 0.6119 -0.7909
vn 0.9556 0.2301 -0.1841
vn 0.9866 0.1631 -0.0067
vn -0.2183 0.9264 0.3068
vn -0.0950 0.9698 0.2245
vn 0.7118 0.3873 -0.5860
vn -0.2177 0.8391 0.4985
vn 0.3399 0.5651 -0.7517
vn -0.1501 0.7936 0.5896
vn 0.9738 -0.0829 0.2119
vn 0.9990 -0.0038 0.0438
vn 0.7441 -0.2478 0.6205
vn 0.3639 -0.4387 0.8217
vn -0.0000 -0.4829 0.8757
vn -0.9738 -0.0829 0.2119
vn -0.9990 -0.0038 0.0438
vn -0.3639 -0.4387 0.8217
vn -0.7441 -0.2478 0.6205
vn -0.5395 0.8405 0.0505
vn 0.1776 -0.8259 0.5352
vn -0.8648 -0.3744 -0.3347
vn 0.1085 0.6581 0.7451
vn -0.8443 -0.5250 -0.1074
vn -0.2664 0.9481 -0.1737
vn -0.4749 0.8532 0.2157
vn 0.0902 0.9654 0.2447
vn 0.1425 0.9613 0.2358
vn -0.0809 0.9796 -0.1837
vn 0.1904 0.6871 0.7012
vn -0.7155 -0.5470 0.4346
vn 0.1203 0.9628 0.2420
vn 0.0726 0.5267 0.8470
vn 0.0844 0.5482 0.8321
vn 0.0904 0.9600 0.2652
vn -0.0000 0.9714 -0.2374
vn -0.0000 0.5991 0.8007
vn -0.3871 0.4751 0.7902
vn -0.0000 -0.8441 0.5362
vn -0.0000 0.9658 0.2595
vn -0.0000 0.5317 0.8469
vn -0.0000 0.9676 0.2525
vn -0.1904 0.6871 0.7012
vn -0.0844 0.5482 0.8321
vn -0.0726 0.5267 0.8470
vn 0.7155 -0.5470 0.4346
vn -0.0904 0.9600 0.2652
vn -0.1203 0.9628 0.2420
vn 0.0809 0.9796 -0.1837
vn 0.3871 0.4751 0.7902
vn 0.4749 0.8532 0.2157
vn 0.8443 -0.5250 -0.1074
vn -0.1425 0.9613 0.2358
vn -0.1083 0.6584 0.7448
vn -0.0902 0.9654 0.2447
vn 0.2664 0.9481 -0.1737
vn 0.5395 0.8405 0.0505
vn 0.8648 -0.3744 -0.3347
vn -0.1776 -0.8259 0.5352
vn -0.0000 -0.9775 -0.2108
vn -0.2081 -0.7372 -0.6428
vn -0.0000 -0.6771 -0.7359
vn -0.1777 -0.8386 -0.5150
vn 0.2081 -0.7372 -0.6428
vn 0.1777 -0.8386 -0.5150
vn 0.0767 -0.9864 -0.1453
vn 0.1587 -0.9865 -0.0409
vn -0.1587 -0.9865 -0.0409
vn -0.0767 -0.9864 -0.1453
vn -0.0000 -0.9905 -0.1378
vn -0.0000 -0.5459 0.8378
vn -0.3124 -0.5634 0.7649
vn -0.0000 -0.5775 0.8164
vn -0.4247 -0.5557 0.7147
vn -0.3172 -0.5728 0.7559
vn -0.4032 -0.5549 0.7277
vn -0.3459 -0.5490 0.7609
vn -0.4655 -0.4740 0.7474
vn -0.4436 -0.5140 0.7341
vn -0.4904 -0.4265 0.7600
vn -0.4320 -0.5583 0.7083
vn -0.4708 -0.5455 0.6934
vn -0.4835 -0.6827 0.5479
vn -0.5189 -0.6341 0.5732
vn -0.5179 -0.4448 0.7307
vn -0.5624 -0.5508 0.6167
vn -0.4846 -0.8378 0.2516
vn -0.5566 -0.7723 0.3061
vn -0.5255 -0.1985 0.8273
vn -0.5471 -0.2876 0.7861
vn -0.3922 -0.7120 0.5825
vn -0.3981 -0.8952 0.2001
vn -0.5385 -0.3760 0.7541
vn -0.5456 -0.2135 0.8104
vn -0.6058 -0.6992 0.3796
vn -0.6139 -0.4059 0.6771
vn -0.0000 -0.5596 0.8288
vn -0.0000 -0.7297 0.6838
vn 0.3459 -0.5490 0.7609
vn 0.3172 -0.5728 0.7559
vn 0.4032 -0.5549 0.7277
vn -0.0000 -0.9653 0.2613
vn 0.3922 -0.7120 0.5825
vn -0.2429 -0.9534 -0.1789
vn -0.4297 -0.9006 -0.0663
vn -0.5103 -0.8599 -0.0115
vn -0.2999 -0.9151 -0.2694
vn -0.0000 -0.9829 -0.1843
vn -0.4557 -0.4361 0.7760
vn -0.4920 -0.2893 0.8211
vn -0.5729 -0.0737 0.8163
vn -0.5393 -0.1296 0.8321
vn -0.4785 -0.0402 0.8772
vn -0.5444 0.1438 0.8264
vn -0.6011 -0.1228 0.7897
vn -0.3703 -0.4189 0.8291
vn -0.3170 -0.4947 0.8092
vn 0.4320 -0.5583 0.7082
vn 0.4436 -0.5140 0.7341
vn 0.4835 -0.6827 0.5479
vn 0.3982 -0.8952 0.2001
vn 0.2430 -0.9534 -0.1789
vn 0.4846 -0.8378 0.2516
vn 0.5189 -0.6341 0.5732
vn 0.4709 -0.5455 0.6934
vn -0.4465 -0.0086 0.8947
vn -0.4368 0.0760 0.8964
vn -0.5159 0.2636 0.8151
vn -0.6235 0.3524 0.6979
vn -0.0000 0.3298 0.9441
vn -0.5249 -0.0500 0.8497
vn -0.0000 -0.5438 0.8392
vn -0.0000 -0.5578 0.8300
vn 0.3170 -0.4947 0.8092
vn -0.0000 -0.5271 0.8498
vn 0.3703 -0.4189 0.8291
vn 0.4557 -0.4361 0.7760
vn 0.4297 -0.9006 -0.0663
vn 0.5566 -0.7723 0.3061
vn 0.5624 -0.5508 0.6167
vn -0.0000 0.1317 0.9913
vn -0.0000 -0.5690 0.8223
vn 0.6011 -0.1228 0.7897
vn 0.4920 -0.2893 0.8211
vn 0.5385 -0.3760 0.7541
vn -0.0000 0.6733 0.7393
vn 0.6235 0.3524 0.6979
vn 0.5159 0.2636 0.8151
vn 0.5444 0.1438 0.8264
vn 0.4368 0.0760 0.8964
vn 0.5729 -0.0737 0.8163
vn 0.5456 -0.2135 0.8104
vn 0.5255 -0.1985 0.8273
vn 0.4904 -0.4265 0.7600
vn 0.4655 -0.4740 0.7474
vn 0.5179 -0.4448 0.7307
vn 0.5472 -0.2876 0.7861
vn 0.4785 -0.0402 0.8772
vn 0.4465 -0.0085 0.8947
vn 0.5393 -0.1296 0.8321
vn 0.5249 -0.0500 0.8497
vn 0.6139 -0.4059 0.6771
vn 0.6948 -0.2096 0.6880
vn 0.7255 -0.0924 0.6819
vn 0.6058 -0.6992 0.3796
vn 0.7514 -0.5093 0.4196
vn 0.8664 -0.2649 0.4233
vn 0.8908 -0.1445 0.4308
vn 0.5103 -0.8599 -0.0115
vn 0.5960 -0.8009 0.0574
vn 0.7869 -0.6090 0.0992
vn 0.9276 -0.3301 0.1750
vn 0.9672 -0.1724 0.1863
vn 0.2999 -0.9151 -0.2694
vn 0.4497 -0.8704 -0.2006
vn 0.5300 -0.8304 -0.1716
vn 0.3564 -0.8677 -0.3465
vn 0.7311 -0.6721 -0.1173
vn 0.9092 -0.4135 -0.0489
vn 0.5895 -0.7247 -0.3567
vn 0.4176 -0.8460 -0.3316
vn -0.0000 -0.9542 -0.2992
vn 0.6238 -0.7779 0.0756
vn 0.7450 -0.6002 -0.2910
vn 0.4056 -0.7556 -0.5144
vn -0.6238 -0.7779 0.0756
vn -0.0000 -0.9663 0.2573
vn 0.7963 -0.4887 -0.3566
vn 0.5786 -0.5742 -0.5791
vn 0.9972 0.0044 0.0749
vn 0.7466 -0.1235 0.6537
vn 0.9750 -0.2218 -0.0138
vn 0.9688 -0.1453 0.2006
vn 0.9863 -0.1629 0.0275
vn 0.9180 -0.2519 0.3062
vn 0.8692 -0.4140 -0.2703
vn 0.7016 -0.6505 -0.2909
vn 0.2555 -0.6633 -0.7034
vn 0.5292 -0.7873 -0.3164
vn 0.3258 -0.8585 -0.3960
vn 0.5634 -0.5130 -0.6477
vn -0.0000 -0.7144 -0.6997
vn 0.8001 0.0649 -0.5963
vn -0.0000 0.0788 -0.9969
vn -0.7466 -0.1235 0.6537
vn -0.0000 -0.2226 0.9749
vn -0.9972 0.0044 0.0749
vn -0.8001 0.0649 -0.5963
vn -0.7450 -0.6002 -0.2910
vn -0.5634 -0.5130 -0.6477
vn -0.3258 -0.8585 -0.3960
vn -0.4056 -0.7556 -0.5144
vn -0.5292 -0.7873 -0.3164
vn -0.3564 -0.8677 -0.3465
vn -0.4175 -0.8460 -0.3316
vn -0.5786 -0.5742 -0.5791
vn -0.7016 -0.6505 -0.2909
vn -0.5895 -0.7247 -0.3567
vn -0.7963 -0.4887 -0.3566
vn -0.5300 -0.8304 -0.1716
vn -0.4497 -0.8704 -0.2006
vn -0.5960 -0.8009 0.0574
vn -0.8692 -0.4140 -0.2703
vn -0.2555 -0.6633 -0.7034
vn -0.9092 -0.4135 -0.0489
vn -0.7311 -0.6721 -0.1173
vn -0.7869 -0.6090 0.0992
vn -0.9276 -0.3301 0.1750
vn -0.7514 -0.5093 0.4196
vn -0.8664 -0.2649 0.4233
vn -0.6948 -0.2096 0.6880
vn -0.7255 -0.0925 0.6819
vn -0.8908 -0.1445 0.4308
vn -0.9672 -0.1724 0.1863
vn -0.9750 -0.2218 -0.0138
vn -0.9688 -0.1453 0.2006
vn -0.9863 -0.1629 0.0275
vn -0.9180 -0.2519 0.3062
vn 0.3124 -0.5634 0.7649
vn 0.4247 -0.5557 0.7147
vn -0.9631 -0.0215 0.2683
vn -0.9135 -0.2256 0.3384
vn -0.9661 -0.0883 0.2428
vn -0.9583 -0.1156 0.2614
vn -0.9587 -0.1537 0.2394
vn -0.9858 -0.1649 0.0318
vn -0.9744 -0.2112 0.0775
vn -0.9494 -0.2150 0.2291
vn 0.0151 -0.9933 -0.1147
vn -0.1925 -0.9222 -0.3353
vn -0.7573 -0.6278 -0.1799
vn -0.9644 -0.1824 -0.1914
vn -0.9173 0.3078 -0.2526
vn -0.4699 0.6215 0.6268
vn -0.7770 0.6019 0.1845
vn 0.1883 -0.3634 -0.9124
vn -0.0531 -0.0563 -0.9970
vn 0.1347 0.4725 -0.8710
vn 0.2550 0.8257 -0.5032
vn 0.5353 0.8410 -0.0788
vn -0.2709 0.6492 0.7108
vn -0.9092 0.1079 0.4021
vn -0.8257 0.1623 0.5403
vn -0.8181 0.1859 0.5443
vn -0.7081 0.1509 0.6898
vn -0.7058 0.1877 0.6831
vn -0.5856 0.1257 0.8008
vn -0.6484 0.1968 0.7354
vn -0.5359 0.2903 0.7928
vn -0.4812 0.2142 0.8501
vn -0.2844 0.3249 0.9020
vn -0.4377 0.0795 0.8956
vn -0.2831 0.2293 0.9313
vn -0.3134 0.1013 0.9442
vn -0.0000 0.3294 0.9442
vn -0.0000 0.2623 0.9650
vn -0.0000 0.1390 0.9903
vn 0.3134 0.1013 0.9442
vn 0.2831 0.2293 0.9313
vn 0.4377 0.0795 0.8956
vn 0.2844 0.3249 0.9020
vn 0.4812 0.2142 0.8501
vn 0.5359 0.2904 0.7928
vn 0.5856 0.1257 0.8008
vn 0.6484 0.1969 0.7354
vn 0.7058 0.1877 0.6831
vn 0.7081 0.1509 0.6898
vn 0.8181 0.1859 0.5443
vn 0.8257 0.1623 0.5403
vn 0.9092 0.1079 0.4021
vn 0.9631 -0.0214 0.2683
vn 0.9661 -0.0883 0.2428
vn 0.9135 -0.2256 0.3384
vn 0.9583 -0.1156 0.2614
vn 0.9587 -0.1537 0.2394
vn 0.9858 -0.1649 0.0318
vn 0.9744 -0.2112 0.0775
vn 0.9494 -0.2150 0.2291
vn -0.0151 -0.9933 -0.1147
vn 0.1925 -0.9222 -0.3353
vn 0.7573 -0.6278 -0.1799
vn 0.9644 -0.1824 -0.1914
vn 0.9173 0.3078 -0.2526
vn 0.4699 0.6216 0.6268
vn 0.7770 0.6019 0.1844
vn -0.1883 -0.3634 -0.9124
vn 0.0531 -0.0563 -0.9970
vn -0.1347 0.4725 -0.8710
vn -0.2550 0.8257 -0.5032
vn -0.5354 0.8409 -0.0788
vn 0.2709 0.6492 0.7107
vn -0.3837 -0.0716 0.9207
vn -0.4355 -0.0707 0.8974
vn -0.3998 -0.0279 0.9162
vn -0.0000 -0.0208 0.9998
vn -0.3744 -0.1613 0.9131
vn -0.5307 -0.0683 0.8448
vn 0.3998 -0.0279 0.9162
vn -0.3588 -0.1836 0.9152
vn -0.7171 -0.1060 0.6889
vn -0.4570 -0.1415 0.8781
vn -0.0000 -0.1628 0.9867
vn -0.3902 -0.1975 0.8993
vn -0.5442 -0.1184 0.8305
vn 0.3837 -0.0716 0.9207
vn 0.3588 -0.1836 0.9152
vn -0.8888 -0.1409 0.4361
vn -0.3498 -0.1935 0.9166
vn -0.4930 -0.1846 0.8502
vn 0.3744 -0.1613 0.9131
vn -0.7018 -0.1502 0.6964
vn -0.0000 -0.1911 0.9816
vn -0.3727 -0.1766 0.9110
vn -0.5130 -0.1743 0.8405
vn 0.4355 -0.0707 0.8974
vn 0.4570 -0.1415 0.8781
vn 0.3902 -0.1975 0.8993
vn -0.5345 -0.1771 0.8264
vn 0.3498 -0.1935 0.9166
vn -0.3142 -0.1716 0.9337
vn -0.6094 -0.1331 0.7816
vn 0.4930 -0.1846 0.8502
vn -0.8919 -0.1519 0.4259
vn 0.3142 -0.1716 0.9337
vn -0.4025 -0.0260 0.9151
vn -0.5479 -0.0056 0.8366
vn -0.7963 -0.0761 0.6001
vn -0.7065 -0.1662 0.6880
vn 0.5307 -0.0683 0.8448
vn 0.5130 -0.1743 0.8405
vn -0.0000 -0.1660 0.9861
vn -0.6735 0.0099 0.7391
vn -0.9263 -0.0622 0.3716
vn 0.7171 -0.1060 0.6889
vn 0.5442 -0.1184 0.8305
vn 0.3727 -0.1766 0.9110
vn -0.8994 -0.1339 0.4160
vn -0.3201 -0.0545 0.9458
vn -0.8250 0.0530 0.5626
vn 0.7018 -0.1502 0.6964
vn 0.5345 -0.1771 0.8264
vn 0.6094 -0.1331 0.7816
vn 0.4025 -0.0260 0.9151
vn -0.0000 -0.0424 0.9991
vn -0.9360 0.0537 0.3478
vn 0.8888 -0.1409 0.4361
vn 0.7065 -0.1662 0.6880
vn 0.7963 -0.0761 0.6001
vn 0.5479 -0.0056 0.8366
vn 0.3201 -0.0545 0.9458
vn 0.9263 -0.0622 0.3716
vn 0.6735 0.0099 0.7391
vn 0.8919 -0.1519 0.4259
vn 0.8250 0.0530 0.5626
vn 0.8994 -0.1339 0.4160
vn 0.9360 0.0538 0.3478
vn -0.0908 0.8468 -0.5241
vn -0.3836 0.7823 0.4907
vn 0.6094 0.4539 0.6501
vn -0.5070 0.7796 -0.3676
vn 0.2497 0.3556 0.9007
vn -0.6906 0.6796 -0.2472
vn 0.0300 0.2756 0.9608
vn -0.1254 0.9083 -0.3992
vn 0.5067 0.5535 0.6610
vn 0.3099 0.0559 -0.9491
vn 0.9465 -0.3006 0.1177
vn -0.1913 -0.5189 -0.8331
vn 0.4375 -0.8717 0.2208
vn -0.5264 -0.5818 -0.6200
vn 0.0744 -0.9189 0.3874
vn -0.8900 -0.3313 -0.3132
vn -0.2936 -0.6653 0.6864
vn -0.7111 0.6951 0.1053
vn -0.0000 0.5020 0.8649
vn 0.7111 0.6951 0.1053
vn -0.7683 0.4362 0.4684
vn 0.7683 0.4362 0.4684
vn -0.7318 0.2604 0.6298
vn 0.7318 0.2604 0.6298
vn -0.6421 0.7327 0.2256
vn 0.6421 0.7327 0.2256
vn -0.6463 0.1944 -0.7379
vn 0.6463 0.1944 -0.7379
vn -0.6384 -0.5509 -0.5376
vn 0.6384 -0.5509 -0.5376
vn -0.6102 -0.7668 -0.1993
vn 0.6102 -0.7668 -0.1993
vn -0.6056 -0.7211 0.3365
vn 0.6056 -0.7211 0.3365
vn -0.6095 0.4539 0.6500
vn 0.3836 0.7823 0.4907
vn 0.0907 0.8468 -0.5241
vn -0.2495 0.3556 0.9007
vn 0.5071 0.7796 -0.3676
vn -0.0300 0.2756 0.9608
vn 0.6906 0.6796 -0.2472
vn -0.5068 0.5535 0.6609
vn 0.1253 0.9083 -0.3992
vn -0.9465 -0.3006 0.1176
vn -0.3099 0.0559 -0.9491
vn -0.4376 -0.8717 0.2207
vn 0.1912 -0.5189 -0.8332
vn -0.0745 -0.9189 0.3874
vn 0.5264 -0.5817 -0.6201
vn 0.2936 -0.6651 0.6866
vn 0.8901 -0.3311 -0.3132
vn -0.7852 0.3617 0.5026
vn -0.6414 -0.0048 -0.7672
vn 0.2330 -0.3833 0.8938
vn 0.2698 -0.8877 -0.3730
vn 0.4429 0.8956 -0.0410
vn 0.8537 0.3657 -0.3707
vn 0.7852 0.3617 0.5026
vn -0.2329 -0.3833 0.8938
vn 0.6414 -0.0048 -0.7672
vn -0.4429 0.8956 -0.0410
vn -0.2698 -0.8877 -0.3730
vn -0.8537 0.3657 -0.3707
vn -0.3520 -0.8699 0.3454
vn -0.9036 0.0879 0.4192
vn -0.1029 -0.9917 -0.0765
vn -0.8816 -0.0336 0.4708
vn -0.9840 0.0724 -0.1629
vn -0.9809 0.0659 -0.1832
vn -0.1357 -0.7217 -0.6788
vn -0.9104 -0.1347 -0.3911
vn -0.5984 0.0790 -0.7973
vn -0.1751 -0.2299 -0.9573
vn -0.9928 0.0294 0.1161
vn -0.6277 0.1171 -0.7696
vn -0.9072 -0.0016 -0.4208
vn -0.9428 0.0258 -0.3323
vn 0.1324 -0.9449 -0.2995
vn -0.9890 0.1241 -0.0809
vn -0.6108 0.1197 -0.7827
vn -0.9938 -0.0481 0.1007
vn -0.4920 -0.7455 0.4497
vn -0.5278 0.1103 -0.8422
vn -0.9443 -0.1234 0.3051
vn 0.7602 0.3769 -0.5292
vn 0.5849 -0.7495 -0.3101
vn -0.0122 -0.9977 -0.0659
vn 0.6202 0.1820 -0.7630
vn -0.3992 -0.8985 -0.1826
vn 0.0490 -0.0030 -0.9988
vn -0.5699 -0.3218 -0.7561
vn 0.6846 -0.0151 -0.7288
vn 0.1206 -0.2418 -0.9628
vn -0.5380 -0.3942 -0.7451
vn -0.2270 -0.5517 -0.8026
vn -0.4634 -0.8671 0.1827
vn 0.1665 -0.3996 -0.9014
vn 0.3643 -0.6719 -0.6449
vn 0.0349 -0.9993 -0.0129
vn -0.0852 0.2936 -0.9521
vn -0.3711 -0.9203 0.1239
vn -0.6338 -0.0144 -0.7734
vn -0.9030 -0.3811 -0.1984
vn 0.0050 0.2292 -0.9734
vn -0.5230 -0.1640 -0.8364
vn -0.8330 -0.4338 -0.3434
vn 0.8296 0.4307 -0.3552
vn -0.4153 -0.3315 -0.8471
vn -0.8645 0.0337 -0.5015
vn 0.1986 -0.8161 -0.5427
vn 0.7748 -0.0414 -0.6308
vn 0.5121 -0.1086 0.8520
vn 0.9685 -0.1417 0.2046
vn 0.8222 -0.1339 -0.5533
vn -0.7273 -0.0858 0.6809
vn -0.0902 -0.8805 0.4654
vn -0.0312 -0.9715 -0.2350
vn -0.8851 0.0058 0.4653
vn 0.1273 -0.8351 -0.5352
vn -0.8689 0.0560 0.4918
vn -0.7658 -0.0143 0.6429
vn -0.9740 0.0097 -0.2264
vn -0.8686 0.1398 0.4753
vn -0.9160 0.3369 0.2177
vn -0.9668 0.1482 -0.2080
vn -0.5527 0.0169 -0.8332
vn -0.8631 0.4834 -0.1460
vn -0.5842 0.1716 -0.7932
vn -0.8425 0.5230 0.1294
vn -0.7644 0.6419 -0.0600
vn -0.9295 0.3074 -0.2039
vn -0.6636 0.6933 -0.2810
vn -0.5274 0.3265 -0.7843
vn -0.7518 0.5248 -0.3991
vn -0.0126 -0.4836 0.8752
vn -0.0853 -0.9609 -0.2635
vn -0.6550 -0.7547 -0.0376
vn 0.5847 -0.5710 0.5762
vn -0.4045 -0.6939 -0.5957
vn 0.9559 -0.2908 -0.0418
vn 0.1790 -0.6115 -0.7708
vn 0.2485 0.2048 -0.9467
vn -0.6402 0.4032 -0.6539
vn 0.1020 0.3370 -0.9360
vn -0.6375 0.3973 -0.6601
vn 0.1280 0.3657 -0.9219
vn -0.9916 0.0813 0.1010
vn 0.2085 0.4715 -0.8569
vn -0.6193 0.5532 -0.5572
vn 0.1108 0.5697 -0.8143
vn -0.9733 0.2286 -0.0220
vn -0.3971 0.7481 -0.5316
vn -0.5459 0.7319 -0.4079
vn 0.8645 0.0337 -0.5015
vn -0.7748 -0.0414 -0.6308
vn -0.1991 -0.8161 -0.5425
vn -0.8222 -0.1339 -0.5533
vn -0.9685 -0.1417 0.2046
vn -0.1273 -0.8351 -0.5352
vn -0.5121 -0.1086 0.8520
vn 0.7273 -0.0858 0.6809
vn 0.0312 -0.9715 -0.2350
vn 0.8851 0.0058 0.4653
vn 0.0902 -0.8805 0.4654
vn 0.8689 0.0560 0.4918
vn 0.7658 -0.0143 0.6429
vn 0.9740 0.0097 -0.2264
vn 0.8686 0.1398 0.4753
vn 0.9160 0.3369 0.2177
vn 0.9668 0.1482 -0.2080
vn 0.5527 0.0169 -0.8332
vn 0.8631 0.4835 -0.1460
vn 0.5842 0.1716 -0.7932
vn 0.7644 0.6419 -0.0599
vn 0.9295 0.3074 -0.2039
vn 0.8425 0.5230 0.1294
vn 0.5274 0.3265 -0.7843
vn 0.6636 0.6933 -0.2810
vn 0.7518 0.5248 -0.3991
vn 0.0853 -0.9609 -0.2635
vn 0.0126 -0.4836 0.8752
vn -0.2485 0.2048 -0.9467
vn -0.9559 -0.2908 -0.0418
vn -0.5847 -0.5710 0.5762
vn 0.6550 -0.7547 -0.0376
vn -0.1280 0.3657 -0.9219
vn -0.1020 0.3370 -0.9360
vn 0.4045 -0.6939 -0.5957
vn -0.1790 -0.6115 -0.7708
vn 0.6193 0.5532 -0.5572
vn 0.6375 0.3973 -0.6601
vn -0.2085 0.4715 -0.8569
vn 0.6402 0.4032 -0.6539
vn -0.1108 0.5697 -0.8143
vn 0.5459 0.7319 -0.4079
vn 0.9916 0.0813 0.1010
vn 0.3971 0.7481 -0.5316
vn 0.9733 0.2286 -0.0220
vn 0.3519 -0.8701 0.3452
vn 0.1029 -0.9917 -0.0765
vn 0.9036 0.0879 0.4192
vn 0.1357 -0.7217 -0.6788
vn 0.9840 0.0724 -0.1629
vn 0.5985 0.0790 -0.7973
vn 0.8816 -0.0336 0.4708
vn 0.9809 0.0660 -0.1832
vn 0.6277 0.1171 -0.7696
vn 0.9104 -0.1347 -0.3911
vn 0.6108 0.1197 -0.7827
vn 0.9928 0.0294 0.1161
vn 0.1751 -0.2299 -0.9573
vn 0.9428 0.0258 -0.3323
vn 0.9890 0.1241 -0.0809
vn 0.5278 0.1104 -0.8422
vn 0.9071 -0.0016 -0.4208
vn 0.4920 -0.7454 0.4497
vn -0.1324 -0.9449 -0.2995
vn -0.7603 0.3769 -0.5291
vn 0.9937 -0.0481 0.1009
vn 0.9446 -0.1912 0.2667
vn -0.2770 -0.9056 -0.3211
vn -0.0000 -0.9236 -0.3832
vn -0.4843 -0.8454 -0.2252
vn 0.2770 -0.9056 -0.3211
vn -0.7377 -0.6751 -0.0043
vn -0.3694 -0.8286 -0.4206
vn -0.2235 -0.8007 -0.5558
vn -0.3306 -0.6179 -0.7134
vn -0.1811 -0.5602 -0.8083
vn -0.0000 -0.7910 -0.6118
vn -0.6427 -0.6959 -0.3204
vn 0.2235 -0.8007 -0.5558
vn 0.3694 -0.8286 -0.4206
vn -0.2116 -0.2615 -0.9417
vn -0.4945 -0.6578 -0.5681
vn 0.3306 -0.6179 -0.7134
vn 0.4945 -0.6578 -0.5681
vn -0.0000 -0.5408 -0.8411
vn 0.1811 -0.5602 -0.8083
vn 0.4843 -0.8454 -0.2252
vn -0.9041 -0.4071 0.1302
vn -0.0000 -0.2510 -0.9680
vn -0.4530 -0.2841 -0.8450
vn -0.8660 -0.4068 -0.2907
vn -0.6882 -0.3477 -0.6368
vn 0.4530 -0.2841 -0.8450
vn 0.6428 -0.6959 -0.3204
vn 0.7377 -0.6751 -0.0043
vn -0.0000 0.0520 -0.9986
vn 0.2116 -0.2615 -0.9417
vn -0.5271 0.0407 -0.8489
vn -0.7852 -0.0213 -0.6189
vn 0.6882 -0.3477 -0.6368
vn -0.9383 -0.1475 0.3129
vn -0.9712 -0.2058 0.1200
vn -0.9656 -0.1085 -0.2363
vn -0.2372 0.0472 -0.9703
vn 0.2372 0.0472 -0.9703
vn 0.5271 0.0407 -0.8489
vn 0.7852 -0.0213 -0.6189
vn 0.8660 -0.4068 -0.2907
vn -0.9431 -0.2596 0.2078
vn -0.2357 0.2840 -0.9294
vn -0.0000 0.2807 -0.9598
vn 0.2357 0.2840 -0.9294
vn 0.9656 -0.1085 -0.2363
vn 0.9041 -0.4071 0.1302
vn -0.8645 -0.0967 0.4932
vn -0.2501 0.5144 -0.8203
vn 0.2501 0.5144 -0.8203
vn -0.8704 -0.1120 0.4795
vn -0.0000 0.5278 -0.8494
vn 0.9712 -0.2058 0.1200
vn -0.2305 0.7652 -0.6012
vn 0.9383 -0.1475 0.3129
vn -0.6899 0.7070 0.1553
vn -0.6448 0.7642 -0.0162
vn -0.8638 0.4601 0.2052
vn 0.2305 0.7652 -0.6012
vn -0.2265 0.9079 -0.3528
vn 0.9431 -0.2596 0.2078
vn -0.6402 0.6859 0.3460
vn -0.5023 0.8268 0.2531
vn -0.0000 0.7692 -0.6390
vn 0.2265 0.9079 -0.3528
vn 0.4287 0.8613 -0.2728
vn -0.4287 0.8613 -0.2728
vn -0.5133 0.7785 0.3612
vn -0.3067 0.9001 0.3096
vn -0.4685 0.8829 0.0323
vn -0.0000 0.9284 -0.3715
vn 0.2485 0.9618 -0.1152
vn 0.8645 -0.0967 0.4932
vn 0.8704 -0.1120 0.4795
vn -0.3087 0.8792 0.3630
vn -0.0000 0.9365 0.3508
vn -0.2746 0.9572 0.0914
vn -0.5410 0.8251 -0.1628
vn -0.2485 0.9618 -0.1152
vn -0.0000 0.9946 -0.1038
vn 0.2746 0.9572 0.0914
vn 0.6448 0.7642 -0.0162
vn 0.8767 0.4486 0.1739
vn 0.0009 0.9202 0.3915
vn -0.0000 0.9941 0.1086
vn 0.5410 0.8251 -0.1628
vn 0.4685 0.8829 0.0323
vn 0.6899 0.7070 0.1553
vn 0.2939 0.8892 0.3507
vn 0.3066 0.9001 0.3096
vn 0.5023 0.8268 0.2531
vn 0.6303 0.7416 0.2297
vn 0.4888 0.8276 0.2761
vn 0.6725 -0.1779 -0.7184
vn 0.9399 -0.3025 0.1583
vn 0.6916 -0.0833 -0.7174
vn 0.3528 -0.1832 0.9176
vn 0.9606 -0.2086 0.1835
vn 0.6999 -0.0022 -0.7143
vn 0.3061 -0.1709 0.9365
vn 0.9731 -0.1213 0.1956
vn 0.7255 0.1277 -0.6763
vn 0.8166 -0.1877 0.5458
vn 0.7645 0.3217 -0.5587
vn 0.9765 0.0302 0.2134
vn 0.9268 -0.3357 -0.1685
vn 0.8250 -0.0335 0.5641
vn -0.0142 -0.0121 0.9998
vn 0.0740 -0.0703 0.9948
vn 0.9254 0.2426 0.2913
vn -0.0077 -0.0996 0.9950
vn 0.6969 0.6494 0.3043
vn 0.8778 0.3841 0.2864
vn 0.7844 0.1240 0.6077
vn -0.0077 -0.0537 0.9985
vn 0.4437 0.8518 0.2785
vn 0.4947 0.0961 0.8637
vn 0.6250 0.6425 0.4433
vn 0.2916 0.8365 0.4639
vn 0.5213 0.2996 0.7991
vn 0.8621 0.5026 0.0638
vn 0.4404 0.6008 0.6671
vn -0.3455 -0.2662 0.8999
vn 0.5728 0.0811 0.8157
vn 0.9503 0.3099 0.0306
vn -0.1516 0.8564 0.4935
vn 0.0681 0.8603 0.5051
vn 0.1345 0.6260 0.7682
vn -0.1580 -0.3147 0.9359
vn 0.6362 -0.0803 0.7673
vn 0.2636 0.2708 0.9259
vn -0.1748 0.6298 0.7568
vn -0.4355 0.7753 0.4574
vn 0.9823 0.1864 0.0197
vn 0.7556 0.1820 0.6293
vn -0.1712 0.3505 0.9208
vn -0.6770 0.5878 0.4429
vn -0.1201 0.0968 0.9880
vn -0.0459 -0.1468 0.9881
vn -0.4768 0.5299 0.7014
vn -0.8125 0.4257 0.3982
vn -0.8191 -0.0680 0.5697
vn -0.7734 -0.2432 0.5854
vn 0.7587 0.0201 0.6511
vn -0.6626 0.3916 0.6384
vn -0.5383 0.1391 0.8312
vn -0.7357 0.2759 0.6186
vn -0.7645 0.3216 -0.5587
vn -0.1722 -0.2642 0.9490
vn -0.9251 0.2464 0.2889
vn -0.7962 0.1395 0.5888
vn 0.4804 -0.6151 0.6252
vn -0.8292 -0.0485 0.5568
vn -0.0815 -0.1923 0.9780
vn -0.7255 0.1277 -0.6763
vn -0.9762 0.0187 0.2160
vn -0.0154 -0.1760 0.9843
vn 0.6280 -0.4380 0.6433
vn -0.6999 -0.0022 -0.7143
vn -0.8226 -0.1777 0.5401
vn -0.9723 -0.1143 0.2037
vn 0.0117 -0.1182 0.9929
vn -0.6917 -0.0833 -0.7174
vn -0.9606 -0.2086 0.1835
vn -0.9399 -0.3025 0.1583
vn -0.0740 -0.0703 0.9948
vn -0.6725 -0.1779 -0.7184
vn -0.3061 -0.1709 0.9365
vn 0.0143 -0.0121 0.9998
vn -0.3528 -0.1832 0.9176
vn -0.9268 -0.3357 -0.1685
vn -0.0000 0.9264 -0.3765
vn -0.3990 0.6503 -0.6465
vn -0.0000 0.5262 -0.8504
vn -0.2271 0.9219 -0.3140
vn 0.3990 0.6503 -0.6465
vn -0.1822 0.9831 0.0185
vn 0.2271 0.9219 -0.3140
vn -0.0000 0.9782 0.2079
vn 0.1822 0.9831 0.0185
vn -0.3236 0.9102 -0.2583
vn -0.2280 0.9658 -0.1238
vn -0.2637 0.9406 -0.2137
vn -0.3883 0.9215 0.0064
vn -0.3626 0.9152 0.1760
vn -0.3883 0.8693 0.3059
vn -0.3677 0.9104 -0.1893
vn -0.4271 0.9028 0.0505
vn -0.3126 0.8121 0.4927
vn -0.3465 0.8855 0.3096
vn -0.3206 0.8300 0.4563
vn -0.1366 0.8245 0.5491
vn -0.3020 0.8519 0.4279
vn -0.1529 0.8545 0.4965
vn -0.0000 0.8347 0.5508
vn -0.0000 0.8950 0.4460
vn 0.1529 0.8545 0.4965
vn 0.1366 0.8245 0.5491
vn -0.1675 0.8888 0.4265
vn 0.3206 0.8300 0.4563
vn 0.1675 0.8888 0.4265
vn 0.3020 0.8519 0.4279
vn -0.0000 0.9600 0.2799
vn 0.3126 0.8121 0.4927
vn 0.3883 0.8693 0.3059
vn 0.3465 0.8855 0.3096
vn 0.4271 0.9028 0.0505
vn 0.3626 0.9152 0.1760
vn 0.3883 0.9215 0.0064
vn 0.3677 0.9104 -0.1893
vn 0.2637 0.9406 -0.2137
vn 0.2280 0.9658 -0.1238
vn 0.3236 0.9102 -0.2583
vn -0.0000 -0.9080 0.4190
vn 0.1736 -0.8043 0.5682
vn 0.0468 -0.7037 0.7090
vn 0.1319 -0.9809 0.1430
vn -0.0000 -0.7749 0.6320
vn -0.0000 -0.9912 0.1327
vn -0.0468 -0.7037 0.7090
vn -0.1319 -0.9809 0.1430
vn -0.1736 -0.8043 0.5682
vn 0.3759 -0.6801 0.6294
vn 0.4759 -0.7685 0.4277
vn -0.0432 -0.9862 -0.1596
vn 0.0432 -0.9862 -0.1596
vn 0.6071 -0.6013 0.5196
vn 0.2568 -0.9651 0.0520
vn 0.6113 -0.7721 0.1737
vn 0.7650 -0.6090 0.2094
vn 0.1130 -0.9804 -0.1616
vn 0.6322 -0.7439 -0.2167
vn 0.3927 -0.9022 -0.1787
vn 0.7164 -0.6295 -0.3009
vn 0.4418 -0.8679 -0.2273
vn 0.5334 -0.6429 -0.5497
vn 0.3270 -0.8786 -0.3480
vn 0.1737 -0.9551 -0.2399
vn 0.5962 -0.5267 -0.6060
vn 0.0262 -0.9898 -0.1398
vn 0.3775 -0.5623 -0.7357
vn 0.2092 -0.8966 -0.3904
vn 0.4148 -0.3858 -0.8241
vn -0.0000 -0.9989 0.0463
vn -0.0000 -0.4196 -0.9077
vn -0.0000 -0.9264 -0.3765
vn -0.0000 -0.5696 -0.8220
vn -0.3775 -0.5623 -0.7357
vn -0.4148 -0.3858 -0.8240
vn -0.2092 -0.8966 -0.3904
vn -0.0262 -0.9898 -0.1398
vn -0.5962 -0.5267 -0.6060
vn -0.3270 -0.8786 -0.3480
vn -0.1737 -0.9551 -0.2399
vn -0.5334 -0.6429 -0.5497
vn -0.3926 -0.9022 -0.1787
vn -0.4418 -0.8679 -0.2273
vn -0.7164 -0.6295 -0.3009
vn -0.6322 -0.7439 -0.2167
vn -0.1130 -0.9804 -0.1615
vn -0.7650 -0.6090 0.2094
vn -0.6113 -0.7721 0.1737
vn -0.2568 -0.9651 0.0520
vn -0.6071 -0.6013 0.5196
vn -0.4759 -0.7685 0.4277
vn -0.3759 -0.6801 0.6294
vn 0.3905 0.1961 0.8995
vn 0.3270 0.5423 0.7739
vn 0.3982 0.1970 0.8959
vn 0.3243 0.5474 0.7715
vn 0.3901 0.0231 0.9205
vn 0.4003 0.0443 0.9153
vn 0.3102 0.7318 0.6069
vn 0.3094 0.7359 0.6022
vn 0.3811 0.0225 0.9243
vn 0.3671 -0.0012 0.9302
vn 0.1806 0.7394 0.6487
vn 0.1391 0.7358 0.6627
vn -0.2536 0.4025 0.8796
vn -0.0313 0.5967 0.8019
vn -0.3347 0.5376 0.7739
vn -0.1294 0.6796 0.7220
vn -0.0181 0.6128 0.7900
vn -0.5894 0.6027 0.5379
vn 0.1297 0.6029 0.7872
vn 0.1355 0.6951 0.7061
vn -0.3792 0.1511 0.9129
vn -0.5317 0.2978 0.7929
vn -0.7058 0.5423 0.4558
vn -0.6949 0.3894 0.6046
vn -0.6218 0.7753 0.1110
vn -0.7730 0.4568 0.4403
vn -0.4321 0.7913 -0.4325
vn -0.6821 0.7268 0.0813
vn -0.8099 0.5041 0.2999
vn -0.3983 0.8688 -0.2943
vn -0.3588 0.7712 -0.5258
vn -0.3747 0.6562 -0.6550
vn -0.7786 0.6234 0.0714
vn -0.2622 0.8282 -0.4953
vn -0.1806 0.7809 -0.5980
vn -0.7917 0.5966 -0.1316
vn -0.3132 0.5672 -0.7617
vn -0.0000 0.8358 -0.5491
vn -0.8311 0.4903 -0.2626
vn -0.2359 0.4728 -0.8490
vn -0.5782 0.6330 -0.5148
vn -0.0000 0.7801 -0.6256
vn -0.6907 0.3834 -0.6131
vn -0.3336 0.4938 -0.8031
vn -0.3357 0.6588 -0.6733
vn 0.2622 0.8282 -0.4953
vn 0.1806 0.7809 -0.5980
vn -0.6814 -0.0073 -0.7318
vn -0.5891 0.2986 -0.7509
vn -0.2942 0.1526 -0.9435
vn -0.1270 0.6240 -0.7710
vn -0.6591 0.5429 -0.5204
vn 0.3588 0.7712 -0.5258
vn -0.2878 -0.2384 -0.9275
vn -0.0935 0.5085 -0.8559
vn -0.3275 0.5231 -0.7868
vn 0.1270 0.6240 -0.7710
vn -0.6758 0.4258 -0.6016
vn -0.8854 0.2746 -0.3751
vn 0.3983 0.8688 -0.2943
vn -0.4513 -0.5082 -0.7335
vn -0.5873 -0.0567 -0.8074
vn -0.0000 0.5071 -0.8619
vn -0.1478 0.4454 -0.8831
vn -0.0000 0.6084 -0.7936
vn 0.3357 0.6588 -0.6733
vn 0.4321 0.7913 -0.4325
vn -0.8042 -0.2610 -0.5340
vn -0.3371 0.4214 -0.8419
vn -0.6858 0.2334 -0.6894
vn -0.8337 0.1083 -0.5415
vn -0.0000 0.4624 -0.8867
vn 0.0935 0.5085 -0.8559
vn 0.6218 0.7753 0.1110
vn 0.3132 0.5672 -0.7617
vn -0.9121 0.1748 -0.3707
vn -0.2150 0.3570 -0.9090
vn -0.3959 0.2716 -0.8772
vn 0.3275 0.5231 -0.7868
vn 0.6821 0.7268 0.0813
vn 0.5782 0.6330 -0.5148
vn -0.6299 0.0023 -0.7767
vn -0.0000 0.4028 -0.9153
vn 0.1478 0.4454 -0.8831
vn 0.5894 0.6027 0.5379
vn 0.7058 0.5423 0.4558
vn 0.3747 0.6562 -0.6550
vn 0.3336 0.4938 -0.8031
vn 0.6591 0.5429 -0.5204
vn -0.4797 0.0328 -0.8768
vn -0.0000 0.2480 -0.9688
vn 0.3371 0.4214 -0.8419
vn 0.2150 0.3570 -0.9090
vn 0.3380 0.5427 0.7689
vn 0.5317 0.2978 0.7929
vn 0.7730 0.4568 0.4403
vn 0.7786 0.6234 0.0714
vn 0.5891 0.2986 -0.7509
vn -0.3475 0.1075 -0.9315
vn 0.3959 0.2716 -0.8772
vn 0.3888 0.1547 0.9082
vn 0.7917 0.5966 -0.1316
vn 0.2359 0.4728 -0.8490
vn 0.6949 0.3894 0.6046
vn 0.8099 0.5041 0.2999
vn 0.6758 0.4258 -0.6016
vn 0.3460 0.1239 -0.9300
vn 0.4852 0.0331 -0.8738
vn 0.3360 0.3249 0.8840
vn 0.2942 0.1526 -0.9435
vn 0.8311 0.4903 -0.2626
vn 0.6858 0.2334 -0.6894
vn 0.6430 -0.0248 -0.7655
vn 0.6907 0.3834 -0.6131
vn 0.5873 -0.0567 -0.8074
vn 0.8854 0.2746 -0.3751
vn 0.8405 0.0359 -0.5407
vn 0.6814 -0.0073 -0.7318
vn 0.2878 -0.2384 -0.9275
vn 0.9078 0.1202 -0.4018
vn 0.4513 -0.5082 -0.7335
vn 0.7982 -0.2448 -0.5504
vn 0.7643 -0.0605 -0.6420
vn 0.6719 -0.1245 -0.7301
vn 0.7482 -0.2557 -0.6122
vn 0.4958 -0.1026 -0.8624
vn 0.7655 -0.2020 -0.6109
vn 0.8393 -0.2173 -0.4983
vn 0.4123 -0.0822 -0.9073
vn 0.8716 -0.1235 -0.4745
vn -0.0122 -0.0427 -0.9990
vn 0.9270 0.0475 -0.3722
vn 0.2842 -0.0187 -0.9586
vn 0.9474 0.0097 -0.3199
vn -0.4120 -0.1146 -0.9040
vn -0.4486 -0.1429 -0.8823
vn -0.0183 -0.1021 -0.9946
vn -0.0216 0.1759 -0.9842
vn -0.5482 -0.0819 -0.8324
vn -0.3197 -0.0207 -0.9473
vn 0.2716 0.1716 -0.9470
vn -0.3720 0.1406 -0.9175
vn 0.5336 -0.0172 -0.8456
vn 0.0219 0.0565 -0.9982
vn -0.6787 -0.0895 -0.7289
vn -0.7225 -0.0267 -0.6909
vn -0.4470 0.0464 -0.8933
vn 0.5670 -0.0765 -0.8201
vn -0.5439 -0.0703 -0.8362
vn -0.6045 -0.1231 -0.7870
vn -0.5839 0.0586 -0.8097
vn -0.5604 0.1044 -0.8216
vn 0.0325 -0.1434 -0.9891
vn -0.3545 -0.1430 -0.9241
vn 0.3595 -0.0602 -0.9312
vn 0.3762 -0.1005 -0.9211
vn -0.5506 -0.0804 -0.8309
vn -0.8099 -0.1148 -0.5752
vn -0.8425 -0.0524 -0.5361
vn -0.8807 0.0769 -0.4674
vn -0.3645 -0.0531 -0.9297
vn 0.3072 0.0526 -0.9502
vn 0.0228 -0.0096 -0.9997
vn -0.9031 0.0758 -0.4227
vn -0.9279 0.1074 -0.3570
vn 0.4060 -0.0148 -0.9138
vn 0.0122 -0.0163 -0.9998
vn -0.3552 -0.0021 -0.9348
vn -0.5415 0.0108 -0.8406
vn -0.8870 0.2717 -0.3733
vn 0.3975 -0.1444 -0.9062
vn -0.3965 -0.1191 -0.9103
vn 0.5460 -0.0749 -0.8344
vn -0.0432 -0.1501 -0.9877
vn -0.3625 -0.2783 -0.8895
vn 0.3500 -0.2997 -0.8875
vn -0.0201 -0.3714 -0.9282
vn 0.0717 -0.2374 -0.9688
vn 0.0103 -0.2707 -0.9626
vn -0.4005 -0.4094 -0.8198
vn 0.0321 -0.3015 -0.9529
vn -0.5258 -0.3933 -0.7542
vn 0.0128 -0.3132 -0.9496
vt 0.797254 0.891722
vt 0.825656 0.866335
vt 0.801248 0.827072
vt 0.805944 0.937226
vt 0.767369 0.874002
vt 0.774032 0.940685
vt 0.764131 0.883940
vt 0.767796 0.937499
vt 0.764922 0.926592
vt 0.829093 0.932614
vt 0.839491 0.877025
vt 0.771247 0.818265
vt 0.787925 0.776009
vt 0.811946 0.985216
vt 0.743415 0.849149
vt 0.749847 0.773234
vt 0.769571 0.732103
vt 0.799136 0.726075
vt 0.815093 0.994368
vt 0.738936 0.840049
vt 0.739343 0.717547
vt 0.739683 0.827365
vt 0.774079 0.673851
vt 0.802073 0.665408
vt 0.828217 0.688601
vt 0.739066 0.704808
vt 0.781565 0.618132
vt 0.767805 0.672193
vt 0.827657 0.639520
vt 0.743999 0.696730
vt 0.785064 0.607444
vt 0.816126 0.625252
vt 0.791437 0.606548
vt 0.786251 0.587212
vt 0.788664 0.580624
vt 0.785482 0.540134
vt 0.789630 0.542701
vt 0.816015 0.543811
vt 0.830287 0.599245
vt 0.795318 0.492248
vt 0.843399 0.535437
vt 0.858800 0.583688
vt 0.847904 0.650526
vt 0.797102 0.504535
vt 0.850246 0.528054
vt 0.826467 0.480925
vt 0.845167 0.524175
vt 0.829269 0.474673
vt 0.886120 0.602346
vt 0.876998 0.674053
vt 0.848832 0.720032
vt 0.816522 0.472754
vt 0.816043 0.464728
vt 0.851682 0.518996
vt 0.875239 0.531024
vt 0.823025 0.461506
vt 0.822143 0.470645
vt 0.912824 0.647942
vt 0.883110 0.546873
vt 0.890528 0.596425
vt 0.897833 0.718868
vt 0.874098 0.780342
vt 0.837086 0.788063
vt 0.877017 0.523104
vt 0.881284 0.534323
vt 0.916203 0.642704
vt 0.916792 0.658116
vt 0.920449 0.656257
vt 0.904950 0.727158
vt 0.915756 0.670904
vt 0.904468 0.717762
vt 0.919964 0.672245
vt 0.882156 0.838286
vt 0.853263 0.861945
vt 0.825718 0.817973
vt 0.883620 0.529653
vt 0.887210 0.543379
vt 0.909619 0.725934
vt 0.915052 0.788382
vt 0.890069 0.901061
vt 0.911402 0.813747
vt 0.888049 0.845522
vt 0.914887 0.820508
vt 0.919967 0.789029
vt 0.915929 0.802219
vt 0.895199 0.903233
vt 0.888808 0.914532
vt 0.919587 0.805772
vt 0.893150 0.916884
vt 0.614038 0.840796
vt 0.626693 0.871669
vt 0.640055 0.854455
vt 0.617634 0.880621
vt 0.623234 0.799194
vt 0.609424 0.869893
vt 0.604749 0.799007
vt 0.596522 0.861454
vt 0.599966 0.835222
vt 0.645521 0.800958
vt 0.659416 0.851182
vt 0.582754 0.828608
vt 0.608424 0.772305
vt 0.584708 0.793714
vt 0.586672 0.771314
vt 0.579783 0.856199
vt 0.663550 0.801363
vt 0.671818 0.852350
vt 0.627859 0.772502
vt 0.678512 0.800999
vt 0.693239 0.800999
vt 0.683896 0.853197
vt 0.645820 0.771858
vt 0.693239 0.771858
vt 0.679560 0.771858
vt 0.671818 0.852382
vt 0.664782 0.771858
vt 0.577741 0.691064
vt 0.599646 0.662100
vt 0.599646 0.691064
vt 0.577741 0.662100
vt 0.599646 0.696823
vt 0.599971 0.660589
vt 0.577741 0.696823
vt 0.600200 0.692484
vt 0.600707 0.694131
vt 0.619677 0.691064
vt 0.577741 0.656341
vt 0.619677 0.662100
vt 0.599646 0.656341
vt 0.619694 0.691064
vt 0.600597 0.659466
vt 0.619694 0.662100
vt 0.636957 0.662100
vt 0.619677 0.656341
vt 0.636957 0.656341
vt 0.619694 0.656341
vt 0.636957 0.691064
vt 0.619677 0.696823
vt 0.619694 0.696823
vt 0.649883 0.662100
vt 0.649883 0.691064
vt 0.636957 0.696823
vt 0.649883 0.656341
vt 0.649883 0.696823
vt 0.261927 0.107957
vt 0.242509 0.108280
vt 0.242509 0.147669
vt 0.242509 0.068408
vt 0.257287 0.150795
vt 0.259745 0.067814
vt 0.272862 0.156359
vt 0.275103 0.066319
vt 0.279089 0.107737
vt 0.242509 0.180377
vt 0.242509 0.042897
vt 0.260078 0.187228
vt 0.265252 0.036167
vt 0.242509 0.198577
vt 0.242509 0.011761
vt 0.680716 0.917530
vt 0.662928 0.980476
vt 0.673951 0.980476
vt 0.666670 0.922174
vt 0.693849 0.980476
vt 0.665198 0.898304
vt 0.693547 0.917530
vt 0.680549 0.878844
vt 0.690094 0.898621
vt 0.705520 0.980476
vt 0.680742 0.917530
vt 0.666733 0.922174
vt 0.715653 0.961573
vt 0.663020 0.980476
vt 0.693904 0.980476
vt 0.674019 0.980476
vt 0.705340 0.980476
vt 0.700732 0.733029
vt 0.714313 0.753564
vt 0.700732 0.753564
vt 0.714313 0.733029
vt 0.683703 0.753564
vt 0.683703 0.733029
vt 0.664511 0.753564
vt 0.664511 0.733029
vt 0.647731 0.753564
vt 0.649096 0.733029
vt 0.628175 0.733029
vt 0.628175 0.753564
vt 0.614879 0.733029
vt 0.614879 0.753564
vt 0.601865 0.733029
vt 0.601865 0.753552
vt 0.590953 0.733029
vt 0.590953 0.753552
vt 0.570820 0.753552
vt 0.570820 0.733029
vt 0.622517 0.984060
vt 0.638013 0.895822
vt 0.638013 0.984060
vt 0.622517 0.895822
vt 0.600822 0.899787
vt 0.600822 0.984060
vt 0.650411 0.895822
vt 0.650411 0.984060
vt 0.582227 0.984060
vt 0.582227 0.899787
vt 0.715126 0.874220
vt 0.699102 0.854709
vt 0.714827 0.860151
vt 0.698993 0.869408
vt 0.699165 0.879607
vt 0.715394 0.885382
vt 0.699141 0.844310
vt 0.715627 0.847052
vt 0.700604 0.888412
vt 0.714709 0.894823
vt 0.700606 0.830777
vt 0.703108 0.898615
vt 0.713699 0.899598
vt 0.715484 0.836361
vt 0.704524 0.819728
vt 0.708415 0.902688
vt 0.713561 0.819398
vt 0.709288 0.818204
vt 0.549178 0.762572
vt 0.543622 0.785020
vt 0.544732 0.732313
vt 0.533399 0.725155
vt 0.532336 0.789897
vt 0.522028 0.727257
vt 0.521573 0.786707
vt 0.518505 0.757148
vt 0.552424 0.790191
vt 0.559773 0.798731
vt 0.541911 0.834060
vt 0.546023 0.849939
vt 0.564412 0.802601
vt 0.560639 0.852109
vt 0.517155 0.844482
vt 0.515829 0.866261
vt 0.560639 0.868011
vt 0.496979 0.911099
vt 0.495620 0.877035
vt 0.495704 0.847775
vt 0.542459 0.868967
vt 0.467433 0.938205
vt 0.467805 0.913196
vt 0.468394 0.886479
vt 0.560639 0.907213
vt 0.498969 0.937369
vt 0.469116 0.852515
vt 0.515240 0.905931
vt 0.438791 0.933767
vt 0.439119 0.908055
vt 0.439423 0.881024
vt 0.524714 0.938718
vt 0.539994 0.905531
vt 0.467109 0.969023
vt 0.439224 0.851904
vt 0.417727 0.899439
vt 0.560639 0.941066
vt 0.527588 0.969023
vt 0.497900 0.969023
vt 0.414325 0.877632
vt 0.413414 0.848313
vt 0.418953 0.934194
vt 0.439994 0.969023
vt 0.560639 0.969023
vt 0.467033 0.989845
vt 0.393547 0.862894
vt 0.401598 0.878953
vt 0.419026 0.969023
vt 0.531195 0.989845
vt 0.498521 0.989845
vt 0.396597 0.846322
vt 0.382704 0.900031
vt 0.382703 0.880805
vt 0.440279 0.989845
vt 0.560639 0.989845
vt 0.417727 0.899772
vt 0.368216 0.810377
vt 0.382705 0.933341
vt 0.345122 0.899829
vt 0.411597 0.989845
vt 0.418953 0.934434
vt 0.371069 0.798273
vt 0.382711 0.862865
vt 0.345618 0.969023
vt 0.345398 0.933767
vt 0.382707 0.969023
vt 0.382710 0.989845
vt 0.358306 0.879020
vt 0.364913 0.823191
vt 0.356250 0.989845
vt 0.371868 0.862894
vt 0.364705 0.674905
vt 0.364705 0.687328
vt 0.388745 0.674905
vt 0.388745 0.687328
vt 0.388745 0.697021
vt 0.419799 0.687328
vt 0.419799 0.674905
vt 0.364705 0.697021
vt 0.447790 0.687328
vt 0.447790 0.674905
vt 0.419799 0.697021
vt 0.473881 0.687328
vt 0.473881 0.674905
vt 0.447790 0.697021
vt 0.502334 0.674905
vt 0.473881 0.697021
vt 0.502334 0.687328
vt 0.502334 0.697021
vt 0.486042 0.721303
vt 0.486042 0.742546
vt 0.450540 0.721303
vt 0.450540 0.742546
vt 0.486042 0.763789
vt 0.450540 0.763789
vt 0.486042 0.785032
vt 0.450540 0.785032
vt 0.486042 0.806275
vt 0.450540 0.806275
vt 0.486042 0.827519
vt 0.450540 0.827519
vt 0.488244 0.786241
vt 0.488244 0.762888
vt 0.498356 0.797918
vt 0.498356 0.751211
vt 0.508468 0.762888
vt 0.508468 0.786241
vt 0.551179 0.674574
vt 0.544544 0.693532
vt 0.544343 0.651512
vt 0.532554 0.703923
vt 0.530808 0.644043
vt 0.517613 0.708256
vt 0.517613 0.641125
vt 0.449386 0.040766
vt 0.455195 0.040294
vt 0.444721 0.053097
vt 0.452342 0.068764
vt 0.444058 0.083022
vt 0.453730 0.093200
vt 0.435224 0.042281
vt 0.448174 0.029394
vt 0.450355 0.033853
vt 0.455227 0.027507
vt 0.463479 0.071165
vt 0.467866 0.077613
vt 0.464314 0.085864
vt 0.446496 0.018124
vt 0.431004 0.021528
vt 0.444136 0.010975
vt 0.431998 0.010823
vt 0.461075 0.040351
vt 0.461106 0.027564
vt 0.463941 0.033986
vt 0.465177 0.042810
vt 0.468337 0.066249
vt 0.250506 0.868998
vt 0.250106 0.932000
vt 0.274808 0.932094
vt 0.230678 0.931125
vt 0.275787 0.868998
vt 0.231160 0.868998
vt 0.275771 0.832844
vt 0.231446 0.832844
vt 0.250023 0.821721
vt 0.273612 0.985861
vt 0.229026 0.985861
vt 0.249921 0.985861
vt 0.292466 0.868998
vt 0.293576 0.931774
vt 0.214661 0.868998
vt 0.212024 0.929885
vt 0.275764 0.821721
vt 0.231556 0.821721
vt 0.294859 0.985861
vt 0.209913 0.985861
vt 0.304800 0.832844
vt 0.312164 0.932110
vt 0.307754 0.868998
vt 0.202153 0.832844
vt 0.193509 0.927307
vt 0.197834 0.868998
vt 0.313212 0.985861
vt 0.190968 0.985861
vt 0.331278 0.868998
vt 0.328151 0.832844
vt 0.181552 0.832844
vt 0.337340 0.985861
vt 0.166511 0.985861
vt 0.169680 0.925752
vt 0.336173 0.932389
vt 0.176340 0.868998
vt 0.180131 0.721846
vt 0.183057 0.691171
vt 0.160576 0.682968
vt 0.202174 0.693001
vt 0.160969 0.719763
vt 0.203168 0.720995
vt 0.155267 0.769661
vt 0.203922 0.758677
vt 0.175446 0.771864
vt 0.183752 0.651028
vt 0.201992 0.653856
vt 0.221020 0.703698
vt 0.204061 0.771126
vt 0.158920 0.639766
vt 0.221016 0.670066
vt 0.242361 0.684319
vt 0.243280 0.724657
vt 0.181737 0.596113
vt 0.205230 0.600590
vt 0.242452 0.640379
vt 0.221961 0.610146
vt 0.266163 0.682463
vt 0.268673 0.727795
vt 0.243653 0.757707
vt 0.159942 0.599325
vt 0.221859 0.581078
vt 0.264210 0.637835
vt 0.241013 0.595720
vt 0.263352 0.591585
vt 0.272010 0.768969
vt 0.243660 0.770753
vt 0.165033 0.567285
vt 0.204800 0.535635
vt 0.188546 0.532796
vt 0.241472 0.547824
vt 0.285215 0.591323
vt 0.260505 0.546609
vt 0.281887 0.559930
vt 0.287149 0.682968
vt 0.285829 0.639766
vt 0.294814 0.766498
vt 0.167599 0.533476
vt 0.221251 0.543272
vt 0.202845 0.488871
vt 0.221525 0.486763
vt 0.277796 0.531941
vt 0.290801 0.719763
vt 0.170634 0.484161
vt 0.203655 0.434598
vt 0.238777 0.486926
vt 0.220777 0.433659
vt 0.254016 0.484053
vt 0.268770 0.482905
vt 0.188507 0.487557
vt 0.238241 0.436243
vt 0.203620 0.393442
vt 0.238202 0.395314
vt 0.219985 0.392585
vt 0.267411 0.435971
vt 0.188149 0.434505
vt 0.170147 0.434335
vt 0.253325 0.436049
vt 0.253276 0.395314
vt 0.204371 0.348168
vt 0.188139 0.393523
vt 0.170122 0.393616
vt 0.267313 0.395314
vt 0.187384 0.348557
vt 0.228983 0.985824
vt 0.273608 0.985759
vt 0.249956 0.985593
vt 0.294741 0.985760
vt 0.209933 0.985736
vt 0.313266 0.985737
vt 0.191151 0.985391
vt 0.336405 0.766687
vt 0.336405 0.757319
vt 0.318709 0.766687
vt 0.357615 0.766687
vt 0.336405 0.800420
vt 0.357615 0.800420
vt 0.318709 0.800420
vt 0.336405 0.808991
vt 0.249946 0.812903
vt 0.250167 0.796444
vt 0.231550 0.812903
vt 0.275382 0.812903
vt 0.403238 0.739125
vt 0.414181 0.739125
vt 0.403238 0.755215
vt 0.414181 0.755215
vt 0.425148 0.739125
vt 0.425148 0.755215
vt 0.436115 0.739125
vt 0.436115 0.755215
vt 0.370362 0.739125
vt 0.381329 0.739125
vt 0.370362 0.755215
vt 0.381329 0.755215
vt 0.392296 0.739125
vt 0.392296 0.755215
vt 0.403238 0.771305
vt 0.414181 0.771305
vt 0.425148 0.771305
vt 0.436115 0.771305
vt 0.370362 0.771305
vt 0.381329 0.771305
vt 0.392296 0.771305
vt 0.403238 0.723035
vt 0.403238 0.787394
vt 0.037336 0.093694
vt 0.029261 0.096234
vt 0.033205 0.149431
vt 0.008299 0.101545
vt 0.024493 0.111858
vt 0.008299 0.043605
vt 0.022215 0.030449
vt 0.008299 0.025180
vt 0.036130 0.046841
vt 0.430621 0.641234
vt 0.430620 0.654738
vt 0.447042 0.641234
vt 0.447042 0.654738
vt 0.447042 0.600313
vt 0.430621 0.600313
vt 0.447042 0.613448
vt 0.430621 0.613448
vt 0.447042 0.627230
vt 0.430620 0.627230
vt 0.420967 0.641234
vt 0.399740 0.641234
vt 0.420967 0.654738
vt 0.399740 0.654738
vt 0.420967 0.600313
vt 0.399740 0.600313
vt 0.420967 0.613448
vt 0.399740 0.613448
vt 0.399740 0.627230
vt 0.420967 0.627230
vt 0.448065 0.613218
vt 0.453471 0.625074
vt 0.453471 0.601514
vt 0.459224 0.613218
vt 0.378272 0.641234
vt 0.378272 0.654738
vt 0.378272 0.613448
vt 0.378272 0.600313
vt 0.378272 0.627230
vt 0.364633 0.600313
vt 0.364633 0.627230
vt 0.364633 0.654738
vt 0.350195 0.717724
vt 0.318680 0.685475
vt 0.316905 0.734383
vt 0.306711 0.707745
vt 0.342973 0.678841
vt 0.342298 0.703527
vt 0.316574 0.673280
vt 0.310782 0.671278
vt 0.344073 0.654619
vt 0.354266 0.681256
vt 0.346760 0.636951
vt 0.346760 0.647959
vt 0.330271 0.636951
vt 0.330271 0.647959
vt 0.314758 0.633588
vt 0.346760 0.630422
vt 0.351493 0.634002
vt 0.330271 0.630422
vt 0.346760 0.622405
vt 0.330271 0.622405
vt 0.310221 0.660964
vt 0.310221 0.637569
vt 0.314382 0.656814
vt 0.314382 0.639599
vt 0.306064 0.662684
vt 0.306064 0.667283
vt 0.306064 0.635449
vt 0.306064 0.629130
vt 0.015547 0.633159
vt 0.017007 0.659388
vt 0.037702 0.629302
vt 0.039851 0.681628
vt 0.017875 0.682622
vt 0.059767 0.630776
vt 0.015687 0.772949
vt 0.058734 0.683630
vt 0.013176 0.832312
vt 0.038256 0.777608
vt 0.080083 0.657816
vt 0.035191 0.835934
vt 0.080360 0.625880
vt 0.078643 0.682468
vt 0.029090 0.888842
vt 0.055120 0.780457
vt 0.097720 0.632749
vt 0.097694 0.680354
vt 0.009378 0.891079
vt 0.054710 0.839818
vt 0.078665 0.781795
vt 0.097959 0.658173
vt 0.117163 0.633393
vt 0.007044 0.908910
vt 0.039447 0.891420
vt 0.099453 0.780399
vt 0.118584 0.659196
vt 0.139026 0.659388
vt 0.118487 0.681213
vt 0.024923 0.917382
vt 0.057472 0.891470
vt 0.079562 0.844249
vt 0.139683 0.633159
vt 0.138628 0.682622
vt 0.020923 0.942320
vt 0.080842 0.894569
vt 0.099305 0.843914
vt 0.036380 0.922597
vt 0.120170 0.778576
vt 0.003968 0.931987
vt 0.098366 0.897657
vt 0.061373 0.938882
vt 0.060056 0.922527
vt 0.122893 0.839452
vt 0.142733 0.775390
vt 0.034906 0.941403
vt 0.080136 0.922059
vt 0.094891 0.929149
vt 0.125703 0.910374
vt 0.147089 0.832312
vt 0.034080 0.954288
vt 0.061171 0.948118
vt 0.079619 0.938714
vt 0.135199 0.928808
vt 0.132650 0.901834
vt 0.048065 0.957667
vt 0.079418 0.948980
vt 0.094298 0.941866
vt 0.124389 0.936965
vt 0.152877 0.908910
vt 0.150649 0.891079
vt 0.093789 0.954752
vt 0.124640 0.965168
vt 0.139585 0.944679
vt 0.157081 0.931987
vt 0.382120 0.523387
vt 0.387800 0.501462
vt 0.389218 0.528671
vt 0.395243 0.506277
vt 0.394451 0.456504
vt 0.398721 0.535115
vt 0.395778 0.435495
vt 0.416423 0.456202
vt 0.416848 0.487090
vt 0.404900 0.514926
vt 0.416164 0.436428
vt 0.411613 0.520622
vt 0.385069 0.430539
vt 0.398045 0.412337
vt 0.409914 0.542980
vt 0.386730 0.409430
vt 0.433881 0.436587
vt 0.433881 0.455963
vt 0.433881 0.502177
vt 0.419184 0.528404
vt 0.415238 0.398701
vt 0.433881 0.401909
vt 0.370500 0.421095
vt 0.371344 0.404252
vt 0.433881 0.474618
vt 0.433881 0.525700
vt 0.398673 0.391276
vt 0.433881 0.373568
vt 0.355572 0.427647
vt 0.388269 0.385803
vt 0.348271 0.441221
vt 0.350705 0.408806
vt 0.415424 0.372330
vt 0.359302 0.405103
vt 0.390171 0.364753
vt 0.348390 0.464574
vt 0.339705 0.443080
vt 0.433881 0.335271
vt 0.373753 0.381543
vt 0.343159 0.425232
vt 0.364019 0.377245
vt 0.354580 0.479721
vt 0.349156 0.484180
vt 0.415269 0.333559
vt 0.336332 0.464681
vt 0.375660 0.353503
vt 0.358546 0.509328
vt 0.433881 0.292183
vt 0.339483 0.487090
vt 0.394345 0.324703
vt 0.351172 0.514097
vt 0.415980 0.291226
vt 0.334088 0.489827
vt 0.341463 0.519341
vt 0.433881 0.258554
vt 0.329930 0.525962
vt 0.430678 0.181123
vt 0.418828 0.240897
vt 0.408605 0.180135
vt 0.408605 0.286467
vt 0.408605 0.240281
vt 0.330253 0.423711
vt 0.329610 0.393137
vt 0.336197 0.392959
vt 0.325929 0.375947
vt 0.340808 0.374078
vt 0.324654 0.344052
vt 0.311483 0.351519
vt 0.342695 0.340602
vt 0.293229 0.345152
vt 0.311235 0.345047
vt 0.355417 0.340853
vt 0.310381 0.315531
vt 0.325961 0.315092
vt 0.359152 0.310827
vt 0.293229 0.315894
vt 0.343835 0.312562
vt 0.309014 0.287969
vt 0.325393 0.287567
vt 0.372456 0.309092
vt 0.343621 0.287858
vt 0.307673 0.256014
vt 0.358279 0.284164
vt 0.293229 0.288619
vt 0.325269 0.257600
vt 0.369028 0.268880
vt 0.293229 0.215468
vt 0.307150 0.215290
vt 0.341641 0.259460
vt 0.378837 0.272371
vt 0.353049 0.259333
vt 0.293229 0.257337
vt 0.357009 0.212283
vt 0.329115 0.216237
vt 0.380115 0.211201
vt 0.293229 0.173472
vt 0.313836 0.172685
vt 0.354809 0.174072
vt 0.382829 0.169043
vt 0.293229 0.122822
vt 0.314972 0.123118
vt 0.329959 0.172685
vt 0.401540 0.164493
vt 0.331067 0.124244
vt 0.355337 0.126684
vt 0.401560 0.122025
vt 0.316518 0.070806
vt 0.293229 0.069373
vt 0.334565 0.073131
vt 0.356637 0.071888
vt 0.419487 0.120333
vt 0.382194 0.125193
vt 0.316821 0.009965
vt 0.336070 0.009965
vt 0.382623 0.076535
vt 0.402005 0.076302
vt 0.293229 0.009965
vt 0.412381 0.074969
vt 0.357704 0.009965
vt 0.382848 0.009965
vt 0.404914 0.009965
vt 0.290051 0.367837
vt 0.290051 0.407414
vt 0.309383 0.376763
vt 0.309074 0.410289
vt 0.322587 0.410883
vt 0.304086 0.432161
vt 0.324320 0.438517
vt 0.290051 0.423296
vt 0.312695 0.457027
vt 0.323845 0.457403
vt 0.312695 0.485502
vt 0.320879 0.481878
vt 0.312695 0.521125
vt 0.319143 0.520159
vt 0.312695 0.543056
vt 0.319143 0.543286
vt 0.312695 0.571873
vt 0.319143 0.572786
vt 0.032981 0.224710
vt 0.051715 0.251266
vt 0.043608 0.276164
vt 0.043547 0.206197
vt 0.024928 0.243701
vt 0.039637 0.201165
vt 0.011672 0.220124
vt 0.036971 0.197494
vt 0.019522 0.205018
vt 0.025576 0.183670
vt 0.051860 0.294614
vt 0.046973 0.204238
vt 0.056277 0.268014
vt 0.054557 0.222631
vt 0.006022 0.224874
vt 0.015494 0.262321
vt 0.012431 0.255542
vt 0.009860 0.195581
vt 0.066027 0.282518
vt 0.033351 0.302896
vt 0.058550 0.315715
vt 0.041247 0.322442
vt 0.049716 0.338579
vt 0.048316 0.188990
vt 0.071272 0.260760
vt 0.079970 0.312573
vt 0.056971 0.194168
vt 0.092730 0.261125
vt 0.071292 0.194168
vt 0.092253 0.197854
vt 0.113509 0.312545
vt 0.112418 0.198796
vt 0.113570 0.262204
vt 0.130591 0.263158
vt 0.141036 0.312911
vt 0.147376 0.261668
vt 0.133463 0.200124
vt 0.159270 0.261729
vt 0.158492 0.310746
vt 0.149626 0.202395
vt 0.174229 0.259538
vt 0.175484 0.310325
vt 0.191203 0.256495
vt 0.190692 0.314584
vt 0.201514 0.295966
vt 0.208228 0.272405
vt 0.209799 0.232133
vt 0.191115 0.207227
vt 0.204356 0.326245
vt 0.225382 0.241504
vt 0.215365 0.306766
vt 0.227866 0.292106
vt 0.210437 0.206603
vt 0.251952 0.272084
vt 0.225856 0.218287
vt 0.246621 0.235143
vt 0.250544 0.234590
vt 0.226145 0.199058
vt 0.256447 0.268588
vt 0.265235 0.229918
vt 0.270569 0.254512
vt 0.275160 0.238486
vt 0.117160 0.388932
vt 0.118733 0.369019
vt 0.112746 0.363251
vt 0.129901 0.396142
vt 0.098560 0.375699
vt 0.133594 0.461936
vt 0.101941 0.393534
vt 0.112727 0.460762
vt 0.131235 0.383428
vt 0.085890 0.385752
vt 0.116543 0.548645
vt 0.138030 0.555573
vt 0.085626 0.402684
vt 0.067382 0.384593
vt 0.098225 0.548993
vt 0.095880 0.468226
vt 0.116192 0.605221
vt 0.141004 0.611818
vt 0.068027 0.402640
vt 0.049032 0.373386
vt 0.079666 0.544900
vt 0.098352 0.600077
vt 0.080486 0.596976
vt 0.078172 0.470863
vt 0.048813 0.393863
vt 0.036324 0.377988
vt 0.060265 0.548351
vt 0.059428 0.599000
vt 0.064348 0.470584
vt 0.038483 0.393193
vt 0.026636 0.383428
vt 0.038292 0.548250
vt 0.037776 0.604722
vt 0.044034 0.462007
vt 0.028523 0.396142
vt 0.024883 0.461936
vt 0.020510 0.555573
vt 0.015841 0.611818
vt 0.128370 0.041084
vt 0.131111 0.063629
vt 0.131111 0.082687
vt 0.131111 0.052193
vt 0.111913 0.073738
vt 0.130289 0.042315
vt 0.113543 0.038521
vt 0.127386 0.032528
vt 0.115385 0.030571
vt 0.146441 0.068119
vt 0.144612 0.055822
vt 0.110452 0.069340
vt 0.111712 0.115349
vt 0.110189 0.078735
vt 0.110087 0.110050
vt 0.111029 0.040237
vt 0.161296 0.071320
vt 0.131111 0.119408
vt 0.146544 0.088905
vt 0.109877 0.119232
vt 0.161032 0.080967
vt 0.175220 0.083580
vt 0.175220 0.069031
vt 0.163901 0.056957
vt 0.111472 0.167847
vt 0.148604 0.123013
vt 0.131111 0.172363
vt 0.109854 0.159290
vt 0.178647 0.055859
vt 0.175220 0.092117
vt 0.190699 0.083500
vt 0.190432 0.092327
vt 0.175220 0.054405
vt 0.161425 0.121048
vt 0.161177 0.089168
vt 0.149523 0.176884
vt 0.109374 0.159286
vt 0.191947 0.055149
vt 0.189406 0.120934
vt 0.177855 0.048027
vt 0.175220 0.122547
vt 0.161578 0.130211
vt 0.175220 0.131138
vt 0.106852 0.167850
vt 0.178823 0.041000
vt 0.190318 0.038776
vt 0.189269 0.129322
vt 0.175590 0.176762
vt 0.187876 0.173447
vt 0.086119 0.167873
vt 0.106997 0.107651
vt 0.108969 0.112186
vt 0.161624 0.178242
vt 0.173970 0.208539
vt 0.190131 0.173382
vt 0.081271 0.167873
vt 0.058348 0.169842
vt 0.087607 0.107647
vt 0.109072 0.103287
vt 0.161002 0.206454
vt 0.206401 0.172920
vt 0.204657 0.123669
vt 0.189978 0.124126
vt 0.060904 0.118961
vt 0.084750 0.159103
vt 0.082396 0.118961
vt 0.083758 0.158737
vt 0.050402 0.166679
vt 0.089087 0.063637
vt 0.085257 0.112186
vt 0.085505 0.103291
vt 0.106753 0.063637
vt 0.109309 0.067039
vt 0.210715 0.173393
vt 0.204417 0.115810
vt 0.189837 0.116264
vt 0.084456 0.122108
vt 0.063399 0.070694
vt 0.084319 0.115288
vt 0.082114 0.070698
vt 0.053561 0.122108
vt 0.085948 0.067039
vt 0.109301 0.060684
vt 0.226840 0.173527
vt 0.226363 0.131149
vt 0.210936 0.130119
vt 0.203170 0.083839
vt 0.189940 0.084251
vt 0.066832 0.034458
vt 0.053855 0.114555
vt 0.056388 0.067425
vt 0.056231 0.073406
vt 0.084693 0.073406
vt 0.086058 0.060684
vt 0.106059 0.025852
vt 0.088854 0.025967
vt 0.226264 0.123997
vt 0.211138 0.123676
vt 0.203047 0.077972
vt 0.189887 0.078583
vt 0.059813 0.032238
vt 0.081347 0.034382
vt 0.068141 0.023895
vt 0.084807 0.067425
vt 0.108481 0.027508
vt 0.087401 0.025494
vt 0.225745 0.085022
vt 0.211638 0.084156
vt 0.190623 0.046742
vt 0.080863 0.024021
vt 0.083953 0.034141
vt 0.104712 0.019680
vt 0.091693 0.019703
vt 0.225707 0.079369
vt 0.211611 0.078480
vt 0.201766 0.046406
vt 0.191466 0.034672
vt 0.223494 0.046486
vt 0.212828 0.046860
vt 0.200602 0.033760
vt 0.222682 0.029964
vt 0.212893 0.028580
vt 0.786161 0.080918
vt 0.795299 0.099194
vt 0.786161 0.106764
vt 0.799084 0.080918
vt 0.777023 0.099194
vt 0.795299 0.062642
vt 0.773238 0.080918
vt 0.786161 0.055072
vt 0.777023 0.062642
vt 0.786161 0.122097
vt 0.800720 0.110036
vt 0.765572 0.080918
vt 0.771602 0.110036
vt 0.800720 0.051800
vt 0.806751 0.080918
vt 0.771602 0.051800
vt 0.786161 0.039739
vt 0.766036 0.121169
vt 0.786161 0.137841
vt 0.814623 0.080918
vt 0.806287 0.121169
vt 0.786161 0.023994
vt 0.806287 0.040667
vt 0.757699 0.080918
vt 0.766036 0.040667
vt 0.786161 0.151067
vt 0.810962 0.130521
vt 0.810962 0.031316
vt 0.821236 0.080918
vt 0.761360 0.031316
vt 0.786161 0.010769
vt 0.761360 0.130521
vt 0.751087 0.080918
vt 0.839345 0.076265
vt 0.836208 0.076265
vt 0.838937 0.055341
vt 0.838937 0.097189
vt 0.848862 0.046657
vt 0.848862 0.105878
vt 0.850863 0.063372
vt 0.850863 0.089159
vt 0.847504 0.076265
vt 0.869945 0.054269
vt 0.867387 0.034452
vt 0.869945 0.099897
vt 0.867387 0.118074
vt 0.869945 0.076265
vt 0.886883 0.042155
vt 0.888396 0.023454
vt 0.886883 0.110364
vt 0.869945 0.088910
vt 0.869945 0.063614
vt 0.899513 0.046604
vt 0.907949 0.031347
vt 0.888396 0.129064
vt 0.905371 0.076265
vt 0.915708 0.076267
vt 0.899513 0.106103
vt 0.907949 0.121403
vt 0.872399 0.154773
vt 0.862336 0.172895
vt 0.874332 0.166057
vt 0.834435 0.154773
vt 0.876248 0.164754
vt 0.862336 0.136654
vt 0.876248 0.154773
vt 0.874332 0.143489
vt 0.876248 0.144792
vt 0.850206 0.184725
vt 0.850206 0.124829
vt 0.838915 0.180248
vt 0.838915 0.129175
vt 0.958957 0.043157
vt 0.958957 0.020356
vt 0.988468 0.020356
vt 0.952257 0.020356
vt 0.988468 0.043157
vt 0.952257 0.043157
vt 0.958957 0.107671
vt 0.952257 0.107671
vt 0.988468 0.012311
vt 0.958957 0.012311
vt 0.988468 0.107671
vt 0.995262 0.020356
vt 0.995262 0.107671
vt 0.995262 0.043157
vt 0.958957 0.172031
vt 0.952257 0.172031
vt 0.952257 0.004200
vt 0.995262 0.172031
vt 0.995262 0.004200
vt 0.958957 0.241529
vt 0.952257 0.241529
vt 0.988468 0.172031
vt 0.988468 0.241529
vt 0.995262 0.241529
vt 0.952299 0.307751
vt 0.995304 0.307751
vt 0.959005 0.307751
vt 0.988515 0.307751
vt 0.959052 0.520633
vt 0.959052 0.434721
vt 0.988563 0.434721
vt 0.952341 0.434721
vt 0.988563 0.520633
vt 0.952341 0.520633
vt 0.959052 0.600739
vt 0.952341 0.600739
vt 0.988515 0.352810
vt 0.959005 0.352810
vt 0.988563 0.600739
vt 0.995346 0.434721
vt 0.995346 0.600739
vt 0.995346 0.520633
vt 0.952299 0.352810
vt 0.995304 0.352810
vt 0.959052 0.521053
vt 0.959052 0.413202
vt 0.988563 0.413202
vt 0.952341 0.413202
vt 0.988563 0.521053
vt 0.952341 0.521053
vt 0.959052 0.620556
vt 0.952341 0.620556
vt 0.988563 0.307751
vt 0.959052 0.307751
vt 0.988563 0.620556
vt 0.995346 0.413202
vt 0.995346 0.620556
vt 0.995346 0.521053
vt 0.952341 0.307751
vt 0.995346 0.307751
vt 0.893697 0.182262
vt 0.902491 0.189547
vt 0.902491 0.198164
vt 0.911285 0.182262
vt 0.890651 0.188355
vt 0.914927 0.164674
vt 0.885746 0.164674
vt 0.890055 0.164674
vt 0.914331 0.188355
vt 0.890651 0.140993
vt 0.919236 0.164674
vt 0.893697 0.147087
vt 0.911285 0.147087
vt 0.914331 0.140993
vt 0.902491 0.139802
vt 0.902491 0.131185
vt 0.958973 0.759040
vt 0.952261 0.651188
vt 0.958973 0.651188
vt 0.952261 0.759040
vt 0.988483 0.651188
vt 0.958973 0.858543
vt 0.988483 0.759040
vt 0.952261 0.858543
vt 0.995267 0.651188
vt 0.958973 0.993507
vt 0.988483 0.858543
vt 0.995267 0.759040
vt 0.952261 0.993507
vt 0.995267 0.858543
vt 0.988483 0.993507
vt 0.995267 0.993507
vt 0.988536 0.369109
vt 0.959026 0.502189
vt 0.959026 0.369109
vt 0.988536 0.502189
vt 0.995319 0.502189
vt 0.995319 0.369109
vt 0.952314 0.502189
vt 0.952314 0.369109
vt 0.945726 0.020576
vt 0.934496 0.012484
vt 0.945726 0.012484
vt 0.934496 0.020576
vt 0.945726 0.043444
vt 0.934496 0.043444
vt 0.945726 0.108098
vt 0.934496 0.108098
vt 0.945726 0.172599
vt 0.934496 0.172599
vt 0.945726 0.242248
vt 0.934496 0.242248
vt 0.945726 0.307751
vt 0.934496 0.307751
vt 0.945720 0.435499
vt 0.934490 0.353401
vt 0.945720 0.353401
vt 0.934490 0.435499
vt 0.945720 0.520633
vt 0.934490 0.520633
vt 0.945720 0.600739
vt 0.934490 0.600739
vt 0.945720 0.414167
vt 0.934490 0.414167
vt 0.945720 0.522254
vt 0.934490 0.522254
vt 0.945720 0.620556
vt 0.934490 0.620556
vt 0.934372 0.760241
vt 0.934372 0.652154
vt 0.945602 0.760241
vt 0.945602 0.859961
vt 0.934372 0.859961
vt 0.945602 0.652154
vt 0.945602 0.993507
vt 0.934372 0.993507
vt 0.945693 0.502189
vt 0.934464 0.369109
vt 0.945693 0.369109
vt 0.934464 0.502189
vt 0.861885 0.205751
vt 0.879320 0.185723
vt 0.879350 0.205751
vt 0.879320 0.225778
vt 0.025399 -0.931925
vt 0.025399 -0.978906
vt 0.064029 -0.931925
vt 0.064029 -0.978906
vt 0.064029 -0.804650
vt 0.064029 -0.873392
vt 0.025399 -0.804650
vt 0.025399 -0.873392
vt 0.064029 -0.839021
vt 0.025399 -0.821836
vt 0.025399 -0.738549
vt 0.064029 -0.738549
vt 0.025399 -0.839021
vt 0.349329 -0.883074
vt 0.344448 -0.919117
vt 0.311370 -0.934081
vt 0.349329 -0.789125
vt 0.311357 -0.902113
vt 0.310215 -0.873720
vt 0.309476 -0.797206
vt 0.275604 -0.911826
vt 0.275061 -0.947283
vt 0.349329 -0.729707
vt 0.271565 -0.800812
vt 0.308757 -0.729707
vt 0.273985 -0.729707
vt 0.274976 -0.876614
vt 0.235784 -0.927318
vt 0.235784 -0.961431
vt 0.235784 -0.729707
vt 0.235784 -0.804686
vt 0.235784 -0.879013
vt 0.095593 -0.820622
vt 0.138593 -0.927692
vt 0.095593 -0.942673
vt 0.176011 -0.911434
vt 0.212285 -0.807523
vt 0.095593 -0.740532
vt 0.139364 -0.959385
vt 0.175086 -0.944019
vt 0.215105 -0.740532
vt 0.213136 -0.899709
vt 0.204364 -0.929959
vt 0.095593 -0.973940
vt 0.008876 -0.284664
vt 0.073568 -0.281481
vt 0.008876 -0.307945
vt 0.073743 -0.301105
vt 0.131096 -0.270996
vt 0.008876 -0.333791
vt 0.129314 -0.283670
vt 0.071712 -0.321995
vt 0.120333 -0.307509
vt 0.062139 -0.385668
vt 0.169511 -0.265912
vt 0.168702 -0.252214
vt 0.169396 -0.279540
vt 0.205320 -0.257814
vt 0.134315 -0.357039
vt 0.225281 -0.306624
vt 0.143320 -0.416660
vt 0.248814 -0.343131
vt 0.267698 -0.270117
vt 0.332141 -0.286639
vt 0.159347 -0.442106
vt 0.274764 -0.370006
vt 0.256727 -0.206710
vt 0.316641 -0.218757
vt 0.054806 -0.456587
vt 0.068028 -0.483644
vt 0.169082 -0.236951
vt 0.168100 -0.219044
vt 0.367184 -0.309850
vt 0.369663 -0.229058
vt 0.008876 -0.391229
vt 0.008876 -0.469360
vt 0.015388 -0.500498
vt 0.107004 -0.510651
vt 0.203460 -0.472627
vt 0.326974 -0.396211
vt 0.254255 -0.500221
vt 0.055128 -0.533693
vt 0.133183 -0.251775
vt 0.131021 -0.271703
vt 0.134406 -0.228348
vt 0.166961 -0.193722
vt 0.335154 -0.150617
vt 0.279183 -0.139050
vt 0.188323 -0.117564
vt 0.095018 -0.154927
vt 0.084097 -0.242768
vt 0.077397 -0.263984
vt 0.073547 -0.281974
vt 0.295717 -0.065566
vt 0.195550 -0.054776
vt 0.098631 -0.041290
vt 0.098268 -0.094160
vt 0.008876 -0.021436
vt 0.355278 -0.066184
vt 0.008876 -0.249227
vt 0.008876 -0.268672
vt 0.008876 -0.285508
vt 0.008876 -0.194911
vt 0.008876 -0.114438
vt 0.008876 -0.159198
vt 0.008876 -0.073837
vt 0.399317 -0.157897
vt 0.420296 -0.059140
vt 0.426746 -0.246933
vt 0.458564 -0.172891
vt 0.478760 -0.060867
vt 0.437268 -0.332581
vt 0.481766 -0.269478
vt 0.518692 -0.184892
vt 0.542924 -0.075884
vt 0.406250 -0.418332
vt 0.496152 -0.343557
vt 0.519728 -0.430238
vt 0.551436 -0.280583
vt 0.595244 -0.195601
vt 0.661806 -0.286827
vt 0.599064 -0.359399
vt 0.177172 -0.555404
vt 0.421756 -0.512727
vt 0.602972 -0.466856
vt 0.758604 -0.359664
vt 0.336126 -0.561182
vt 0.693107 -0.216316
vt 0.787184 -0.263615
vt 0.606258 -0.510598
vt 0.449817 -0.550586
vt 0.629097 -0.082082
vt 0.549405 -0.011227
vt 0.630265 -0.009168
vt 0.737492 -0.012003
vt 0.699725 -0.166452
vt 0.802178 -0.184618
vt 0.771847 -0.008988
vt 0.812661 -0.274579
vt 0.821739 -0.354021
vt 0.740630 -0.432665
vt 0.821739 -0.427199
vt 0.738049 -0.482260
vt 0.821739 -0.476413
vt 0.364174 -0.585184
vt 0.622103 -0.586305
vt 0.738276 -0.568974
vt 0.821739 -0.562412
vt 0.476990 -0.622528
vt 0.391067 -0.662161
vt 0.496856 -0.347383
vt 0.553382 -0.283867
vt 0.008876 -0.628253
vt 0.008876 -0.651535
vt 0.073568 -0.624800
vt 0.073743 -0.644694
vt 0.008876 -0.677381
vt 0.071712 -0.665584
vt 0.120333 -0.651098
vt 0.131096 -0.614315
vt 0.129314 -0.627260
vt 0.169396 -0.623130
vt 0.169511 -0.609231
vt 0.168702 -0.595533
vt 0.852315 -0.595297
vt 0.884540 -0.752086
vt 0.811381 -0.645653
vt 0.795484 -0.770421
vt 0.794937 -0.878807
vt 0.874924 -0.875394
vt 0.939904 -0.919162
vt 0.790454 -0.981003
vt 0.872244 -0.977309
vt 0.979856 -0.981149
vt 0.974932 -0.748117
vt 0.384271 -0.993070
vt 0.381093 -0.887989
vt 0.433261 -0.989046
vt 0.469648 -0.967641
vt 0.527835 -0.892437
vt 0.550605 -0.800476
vt 0.389405 -0.727119
vt 0.526481 -0.697599
vt 0.438807 -0.676690
vt 0.484565 -0.670837
vt 0.740785 -0.988936
vt 0.680116 -0.975861
vt 0.674716 -0.866437
vt 0.646516 -0.951511
vt 0.603752 -0.864730
vt 0.582987 -0.864342
vt 0.590891 -0.802313
vt 0.576173 -0.795234
vt 0.627405 -0.725745
vt 0.610937 -0.712946
vt 0.672028 -0.712282
vt 0.662321 -0.695139
vt 0.717981 -0.712815
vt 0.715632 -0.727882
vt 0.747593 -0.753771
vt 0.734163 -0.762466
vt 0.994314 -0.660372
vt 0.991197 -0.620950
vt 0.954447 -0.617180
vt 0.990056 -0.582556
vt 0.925063 -0.575954
vt 0.987259 -0.535925
vt 0.922412 -0.527815
vt 0.848651 -0.491528
vt 0.920029 -0.472706
vt 0.845105 -0.394973
vt 0.985408 -0.479507
vt 0.919486 -0.402615
vt 0.983949 -0.408788
vt 0.848756 -0.336524
vt 0.921919 -0.336524
vt 0.986691 -0.336524
vt 0.983949 -0.264325
vt 0.919486 -0.270499
vt 0.985408 -0.193606
vt 0.845105 -0.278140
vt 0.920029 -0.200408
vt 0.848651 -0.181586
vt 0.987259 -0.137189
vt 0.922412 -0.145298
vt 0.925063 -0.097159
vt 0.990056 -0.090557
vt 0.954447 -0.055934
vt 0.991197 -0.052163
vt 0.994314 -0.012741
vt -0.909574 0.515248
vt -0.911617 0.566457
vt -0.927570 0.507947
vt -0.892163 0.524372
vt -0.929633 0.560599
vt -0.876040 0.537806
vt -0.892564 0.575772
vt -0.938591 0.507530
vt -0.876040 0.593644
vt -0.913371 0.621713
vt -0.941508 0.559578
vt -0.953840 0.512384
vt -0.859747 0.575772
vt -0.892837 0.630335
vt -0.956747 0.563355
vt -0.931831 0.620522
vt -0.860148 0.524372
vt -0.876040 0.639123
vt -0.966316 0.516708
vt -0.915882 0.692456
vt -0.944612 0.622204
vt -0.840694 0.566457
vt -0.859474 0.630335
vt -0.968407 0.564681
vt -0.894677 0.692456
vt -0.934780 0.695023
vt -0.842736 0.515248
vt -0.838940 0.621713
vt -0.976415 0.521034
vt -0.958693 0.626610
vt -0.876040 0.699242
vt -0.919453 0.824823
vt -0.938085 0.818298
vt -0.824740 0.507947
vt -0.822677 0.560599
vt -0.820480 0.620522
vt -0.836428 0.692456
vt -0.978214 0.564035
vt -0.948536 0.697257
vt -0.857633 0.692456
vt -0.897154 0.826186
vt -0.952937 0.814014
vt -0.813719 0.507530
vt -0.817530 0.695023
vt -0.970878 0.631723
vt -0.855156 0.826186
vt -0.920401 0.902948
vt -0.939712 0.896402
vt -0.967330 0.809672
vt -0.962132 0.703249
vt -0.798470 0.512384
vt -0.810803 0.559578
vt -0.814225 0.818298
vt -0.981049 0.635647
vt -0.876040 0.826058
vt -0.953895 0.889419
vt -0.938844 0.973158
vt -0.977223 0.803080
vt -0.795564 0.563355
vt -0.807698 0.622204
vt -0.832857 0.824823
vt -0.973662 0.707425
vt -0.898201 0.907986
vt -0.967701 0.882328
vt -0.920960 0.981076
vt -0.953920 0.964826
vt -0.785995 0.516708
vt -0.793618 0.626610
vt -0.803774 0.697257
vt -0.799373 0.814014
vt -0.831909 0.902948
vt -0.987184 0.797835
vt -0.983684 0.711298
vt -0.876040 0.909306
vt -0.968305 0.959605
vt -0.978864 0.876549
vt -0.898524 0.989785
vt -0.783904 0.564681
vt -0.790179 0.703249
vt -0.784980 0.809672
vt -0.812598 0.896402
vt -0.854109 0.907986
vt -0.990483 0.834430
vt -0.980943 0.951497
vt -0.876040 0.992554
vt -0.775895 0.521034
vt -0.775088 0.803080
vt -0.798415 0.889419
vt -0.781432 0.631723
vt -0.813466 0.973158
vt -0.853786 0.989785
vt -0.774096 0.564035
vt -0.784609 0.882328
vt -0.778648 0.707425
vt -0.831350 0.981076
vt -0.798390 0.964826
vt -0.771262 0.635647
vt -0.773446 0.876549
vt -0.784005 0.959605
vt -0.768626 0.711298
vt -0.771368 0.951497
vt -0.765127 0.797835
vt -0.761828 0.834430
vt -0.437814 -0.544375
vt -0.449446 -0.494114
vt -0.460505 -0.544505
vt -0.430899 -0.565546
vt -0.467178 -0.565753
vt -0.418666 -0.608471
vt -0.478922 -0.608813
vt -0.405756 -0.669193
vt -0.491141 -0.669679
vt -0.484271 -0.489473
vt -0.483247 -0.474402
vt -0.563191 -0.489473
vt -0.563078 -0.474402
vt -0.495180 -0.541641
vt -0.551973 -0.540971
vt -0.507050 -0.591989
vt -0.538956 -0.590563
vt -0.513101 -0.619123
vt -0.532409 -0.618121
vt -0.523761 -0.672234
vt -0.546447 -0.621741
vt -0.553791 -0.597196
vt -0.570652 -0.548825
vt -0.587757 -0.474402
vt -0.499271 -0.622837
vt -0.492132 -0.598283
vt -0.476786 -0.549429
vt -0.458568 -0.474402
vt -0.526880 -0.299066
vt -0.535816 -0.360167
vt -0.517534 -0.360167
vt -0.526872 -0.423716
vt -0.502629 -0.343322
vt -0.502629 -0.299066
vt -0.502629 -0.375720
vt -0.488991 -0.360167
vt -0.502629 -0.423716
vt -0.600460 -0.655384
vt -0.630760 -0.659186
vt -0.600366 -0.676333
vt -0.659901 -0.662318
vt -0.626555 -0.681859
vt -0.656210 -0.685796
vt -0.602524 -0.702980
vt -0.690539 -0.661605
vt -0.621809 -0.705415
vt -0.661168 -0.652675
vt -0.691619 -0.625934
vt -0.651742 -0.709579
vt -0.724076 -0.675239
vt -0.689521 -0.687796
vt -0.631765 -0.641024
vt -0.661122 -0.618180
vt -0.685693 -0.712112
vt -0.723535 -0.629099
vt -0.634758 -0.607324
vt -0.723907 -0.712939
vt -0.749180 -0.628035
vt -0.768079 -0.708764
vt -0.663809 -0.878529
vt -0.667819 -0.849971
vt -0.691118 -0.872893
vt -0.674269 -0.821529
vt -0.692215 -0.843840
vt -0.695771 -0.813900
vt -0.712995 -0.869879
vt -0.714848 -0.838546
vt -0.718573 -0.809684
vt -0.744873 -0.869122
vt -0.755209 -0.806878
vt -0.750437 -0.834508
vt -0.621473 -0.990385
vt -0.630339 -0.943098
vt -0.666146 -0.975128
vt -0.641278 -0.901067
vt -0.671117 -0.931716
vt -0.677913 -0.886258
vt -0.706817 -0.964518
vt -0.709406 -0.923215
vt -0.716251 -0.876660
vt -0.733147 -0.957295
vt -0.744569 -0.873307
vt -0.736371 -0.921628
vt -0.516109 -0.703711
vt -0.485238 -0.766319
vt -0.553687 -0.755193
vt -0.465416 -0.873193
vt -0.529986 -0.843614
vt -0.583343 -0.814929
vt -0.435271 -0.816424
vt -0.493630 -0.939275
vt -0.554879 -0.898803
vt -0.450433 -0.876038
vt -0.603859 -0.862966
vt -0.419512 -0.822748
vt -0.423432 -0.967104
vt -0.413785 -0.778127
vt -0.391029 -0.910090
vt -0.397859 -0.781880
vt -0.363211 -0.986616
vt -0.380915 -0.743450
vt -0.365509 -0.854463
vt -0.337603 -0.935166
vt -0.330015 -0.763802
vt -0.330189 -0.944419
vt -0.310440 -0.880175
vt -0.365841 -0.691083
vt -0.314559 -0.710006
vt -0.346734 -0.806962
vt -0.298064 -0.887185
vt -0.274145 -0.719790
vt -0.292582 -0.828845
vt -0.275758 -0.782658
vt -0.278547 -0.829396
vt -0.039908 -0.817461
vt -0.030713 -0.888335
vt -0.088779 -0.820845
vt -0.017543 -0.961191
vt -0.085488 -0.890342
vt -0.084355 -0.962383
vt -0.139170 -0.891208
vt -0.142398 -0.958536
vt -0.146813 -0.825317
vt -0.198957 -0.969925
vt -0.208626 -0.899557
vt -0.153894 -0.892022
vt -0.264357 -0.980370
vt -0.213857 -0.833624
vt -0.161563 -0.828077
vt -0.264471 -0.906489
vt -0.160994 -0.771325
vt -0.280677 -0.907272
vt -0.216673 -0.781698
vt -0.170299 -0.772851
vt -0.281083 -0.835892
vt -0.265968 -0.839930
vt -0.177070 -0.709854
vt -0.220721 -0.716119
vt -0.270396 -0.786875
vt -0.272761 -0.719547
vt -0.604439 -0.780595
vt -0.603231 -0.759681
vt -0.634495 -0.775185
vt -0.603968 -0.732956
vt -0.629088 -0.752768
vt -0.623095 -0.729498
vt -0.663428 -0.770507
vt -0.658492 -0.747258
vt -0.652765 -0.723747
vt -0.694059 -0.769589
vt -0.686532 -0.719411
vt -0.697036 -0.805151
vt -0.665205 -0.780068
vt -0.691649 -0.743489
vt -0.666995 -0.814517
vt -0.724649 -0.716551
vt -0.726824 -0.754189
vt -0.641246 -0.826761
vt -0.636464 -0.793268
vt -0.768981 -0.718370
vt -0.728738 -0.800292
vt -0.754402 -0.799970
vt -0.100220 -0.606469
vt -0.095573 -0.534343
vt -0.061323 -0.613140
vt -0.179159 -0.579135
vt -0.039352 -0.557045
vt -0.150599 -0.518342
vt -0.220415 -0.470566
vt -0.118300 -0.491281
vt -0.078044 -0.468352
vt -0.219831 -0.557590
vt -0.107823 -0.408368
vt -0.063200 -0.394530
vt -0.016494 -0.472878
vt -0.185242 -0.442286
vt -0.267056 -0.527675
vt -0.081891 -0.325895
vt -0.150826 -0.419863
vt -0.011418 -0.388419
vt -0.268148 -0.427919
vt -0.021208 -0.309761
vt -0.135952 -0.344135
vt -0.222461 -0.399754
vt -0.183521 -0.370583
vt -0.331723 -0.471951
vt -0.050006 -0.224890
vt -0.160133 -0.288254
vt -0.206244 -0.323861
vt -0.343426 -0.482061
vt -0.387409 -0.407303
vt -0.302008 -0.382249
vt -0.252049 -0.355178
vt -0.109915 -0.254542
vt -0.333015 -0.541539
vt -0.368953 -0.475771
vt -0.287657 -0.297234
vt -0.177421 -0.220500
vt -0.145233 -0.194691
vt -0.092942 -0.155115
vt -0.377904 -0.502437
vt -0.433394 -0.450731
vt -0.316498 -0.358950
vt -0.248974 -0.264511
vt -0.217237 -0.244066
vt -0.174492 -0.157338
vt -0.404981 -0.476681
vt -0.399199 -0.323343
vt -0.337663 -0.326317
vt -0.202966 -0.185714
vt -0.131555 -0.111088
vt -0.379127 -0.245438
vt -0.349525 -0.285788
vt -0.240057 -0.150863
vt -0.221907 -0.119961
vt -0.398537 -0.197661
vt -0.350867 -0.180462
vt -0.427809 -0.265756
vt -0.280963 -0.090064
vt -0.456733 -0.205060
vt -0.423771 -0.145629
vt -0.329747 -0.229126
vt -0.189126 -0.066934
vt -0.298983 -0.128765
vt -0.474834 -0.156684
vt -0.448996 -0.082203
vt -0.368336 -0.132550
vt -0.295660 -0.211198
vt -0.258700 -0.034950
vt -0.327818 -0.080288
vt -0.262953 -0.180390
vt -0.494505 -0.086859
vt -0.462414 -0.015777
vt -0.386327 -0.079416
vt -0.331926 -0.167786
vt -0.325668 -0.017959
vt -0.501819 -0.018874
vt -0.395856 -0.013083
vt -0.672183 -0.031088
vt -0.668736 -0.040045
vt -0.643756 -0.010462
vt -0.706172 -0.063618
vt -0.637102 -0.069649
vt -0.605299 -0.040076
vt -0.701265 -0.071415
vt -0.607675 -0.101122
vt -0.567708 -0.069410
vt -0.747861 -0.102436
vt -0.599796 -0.105872
vt -0.671605 -0.100493
vt -0.741292 -0.112173
vt -0.643228 -0.133673
vt -0.797882 -0.148516
vt -0.716395 -0.141699
vt -0.634541 -0.139251
vt -0.789428 -0.157759
vt -0.683866 -0.179691
vt -0.662148 -0.164704
vt -0.834821 -0.200994
vt -0.764997 -0.184981
vt -0.633845 -0.166824
vt -0.842642 -0.193275
vt -0.739842 -0.221696
vt -0.603634 -0.217213
vt -0.581278 -0.144751
vt -0.631882 -0.154988
vt -0.886080 -0.261199
vt -0.651714 -0.237495
vt -0.813281 -0.226443
vt -0.711103 -0.267716
vt -0.549860 -0.209383
vt -0.864172 -0.332288
vt -0.846049 -0.287886
vt -0.783671 -0.257783
vt -0.645030 -0.247673
vt -0.598236 -0.225183
vt -0.908272 -0.315509
vt -0.919123 -0.363559
vt -0.758919 -0.297979
vt -0.814417 -0.308523
vt -0.704244 -0.279694
vt -0.927020 -0.408418
vt -0.897398 -0.384466
vt -0.795518 -0.322808
vt -0.844516 -0.350589
vt -0.751552 -0.312568
vt -0.879856 -0.416933
vt -0.763228 -0.386058
vt -0.763287 -0.334586
vt -0.936448 -0.458566
vt -0.822679 -0.397999
vt -0.735130 -0.448979
vt -0.726138 -0.377434
vt -0.724649 -0.324006
vt -0.893977 -0.490403
vt -0.884654 -0.457974
vt -0.827207 -0.459677
vt -0.680205 -0.430114
vt -0.675824 -0.365327
vt -0.948314 -0.508141
vt -0.790010 -0.329813
vt -0.771870 -0.464293
vt -0.844154 -0.506408
vt -0.632077 -0.412604
vt -0.959578 -0.552130
vt -0.906887 -0.534004
vt -0.671259 -0.309953
vt -0.725273 -0.314021
vt -0.726578 -0.458171
vt -0.720048 -0.487480
vt -0.742809 -0.464738
vt -0.798181 -0.521199
vt -0.620808 -0.353370
vt -0.970692 -0.588006
vt -0.926988 -0.590425
vt -0.670583 -0.298797
vt -0.674341 -0.439123
vt -0.735901 -0.537709
vt -0.689460 -0.545669
vt -0.709526 -0.478453
vt -0.865870 -0.554192
vt -0.605613 -0.286464
vt -0.943672 -0.638576
vt -0.661587 -0.596325
vt -0.634976 -0.550799
vt -0.754580 -0.583372
vt -0.708286 -0.589895
vt -0.674112 -0.499086
vt -0.883025 -0.598024
vt -0.980423 -0.634796
vt -0.827728 -0.569807
vt -0.709250 -0.598449
vt -0.615328 -0.505722
vt -0.665551 -0.488559
vt -0.895177 -0.648263
vt -0.975377 -0.701734
vt -0.754936 -0.594285
vt -0.819548 -0.586236
vt -0.835525 -0.608340
vt -0.986328 -0.700912
vt -0.941882 -0.701218
vt -0.898129 -0.702668
vt -0.823414 -0.615266
vt -0.989628 -0.763090
vt -0.898238 -0.754071
vt -0.845753 -0.658706
vt -0.975245 -0.763230
vt -0.937116 -0.760982
vt -0.845637 -0.698736
vt -0.830597 -0.659076
vt -0.973690 -0.818770
vt -0.892659 -0.812428
vt -0.829329 -0.697280
vt -0.985446 -0.818258
vt -0.935543 -0.812835
vt -0.837699 -0.750099
vt -0.970653 -0.876173
vt -0.931758 -0.870585
vt -0.824362 -0.745143
vt -0.979652 -0.878224
vt -0.928838 -0.917203
vt -0.827236 -0.797577
vt -0.818011 -0.795090
vt -0.966853 -0.926475
vt -0.892535 -0.867109
vt -0.806446 -0.859634
vt -0.975328 -0.931015
vt -0.968199 -0.966646
vt -0.925477 -0.964556
vt -0.890055 -0.912901
vt -0.867034 -0.870320
vt -0.796804 -0.857601
vt -0.880970 -0.914459
vt -0.878144 -0.959880
vt -0.886927 -0.842981
vt -0.780299 -0.903397
vt -0.882426 -0.869332
vt -0.847640 -0.922909
vt -0.872959 -0.877511
vt 0.477819 0.534244
vt 0.508399 0.577889
vt 0.477838 0.572861
vt 0.507618 0.537109
vt 0.447277 0.577889
vt 0.500079 0.490096
vt 0.448058 0.537109
vt 0.477838 0.490096
vt 0.455597 0.490096
vt 0.538437 0.575219
vt 0.517405 0.490096
vt 0.533131 0.537802
vt 0.553508 0.545837
vt 0.564572 0.583193
vt 0.572795 0.546896
vt 0.532936 0.490096
vt 0.556701 0.490096
vt 0.587550 0.587858
vt 0.576734 0.490096
vt 0.594582 0.544237
vt 0.616845 0.600414
vt 0.601013 0.490096
vt 0.626565 0.541140
vt 0.655386 0.610058
vt 0.669430 0.555906
vt 0.633495 0.490096
vt 0.673383 0.490096
vt 0.477838 0.438727
vt 0.507328 0.457563
vt 0.507133 0.433833
vt 0.477838 0.423770
vt 0.449602 0.433833
vt 0.449407 0.457563
vt 0.533235 0.456124
vt 0.449767 0.414783
vt 0.506969 0.414783
vt 0.537469 0.427041
vt 0.552131 0.454192
vt 0.538548 0.413960
vt 0.573410 0.448550
vt 0.565588 0.418707
vt 0.565048 0.405379
vt 0.595206 0.447395
vt 0.589467 0.407933
vt 0.583969 0.393594
vt 0.620685 0.379833
vt 0.628628 0.447876
vt 0.625427 0.401762
vt 0.658581 0.374952
vt 0.662303 0.396051
vt 0.670758 0.451826
vt 0.525153 0.039205
vt 0.509590 0.009551
vt 0.527030 0.009551
vt 0.508821 0.032222
vt 0.541397 0.009551
vt 0.538833 0.047851
vt 0.492773 0.009551
vt 0.492524 0.028929
vt 0.552151 0.058151
vt 0.568521 0.009551
vt 0.475007 0.014257
vt 0.477811 0.025536
vt 0.760200 0.196068
vt 0.792843 0.190338
vt 0.749724 0.220955
vt 0.763305 0.233896
vt 0.793012 0.219217
vt 0.737420 0.253368
vt 0.812710 0.200619
vt 0.822738 0.233736
vt 0.452844 0.119348
vt 0.453052 0.151362
vt 0.468012 0.110404
vt 0.468751 0.179359
vt 0.475170 0.130596
vt 0.492166 0.154963
vt 0.495677 0.102734
vt 0.488747 0.221528
vt 0.511931 0.121009
vt 0.520269 0.233969
vt 0.505589 0.196128
vt 0.547054 0.076027
vt 0.506523 0.255292
vt 0.529823 0.277703
vt 0.534965 0.202593
vt 0.524788 0.159646
vt 0.512027 0.301358
vt 0.535472 0.307902
vt 0.561326 0.113797
vt 0.538257 0.229160
vt 0.512917 0.344504
vt 0.598275 0.048198
vt 0.572191 0.161919
vt 0.547619 0.254049
vt 0.536581 0.344504
vt 0.606652 0.075422
vt 0.574651 0.188163
vt 0.555933 0.280078
vt 0.644143 0.024579
vt 0.615823 0.153043
vt 0.612625 0.113688
vt 0.558918 0.314447
vt 0.582451 0.220007
vt 0.647548 0.071278
vt 0.591285 0.302575
vt 0.588007 0.255612
vt 0.622705 0.191406
vt 0.654045 0.132883
vt 0.661147 0.018687
vt 0.654313 0.087945
vt 0.591453 0.344504
vt 0.627544 0.292088
vt 0.560244 0.344504
vt 0.676696 0.020046
vt 0.625689 0.239431
vt 0.657052 0.174805
vt 0.683258 0.117232
vt 0.626522 0.344504
vt 0.680250 0.071935
vt 0.659699 0.285222
vt 0.659024 0.227687
vt 0.687563 0.169884
vt 0.658899 0.344504
vt 0.688974 0.218620
vt 0.691976 0.344504
vt 0.625231 0.239656
vt 0.689805 0.272356
vt 0.658981 0.227708
vt 0.548509 0.074648
vt 0.443134 0.159413
vt 0.452968 0.151169
vt 0.437676 0.128293
vt 0.750488 0.177270
vt 0.731784 0.186349
vt 0.735430 0.115639
vt 0.720625 0.222815
vt 0.687563 0.170193
vt 0.715886 0.118629
vt 0.689805 0.272665
vt 0.688974 0.218929
vt 0.725952 0.072674
vt 0.725146 0.265999
vt 0.683508 0.118293
vt 0.706514 0.073862
vt 0.716719 0.344813
vt 0.691976 0.344813
vt 0.690846 0.020249
vt 0.680144 0.072907
vt 0.689805 0.416983
vt 0.743484 0.292611
vt 0.683771 0.020302
vt 0.721756 0.415054
vt 0.717301 0.457506
vt 0.737421 0.344813
vt 0.676696 0.020355
vt 0.688974 0.470719
vt 0.759926 0.344813
vt 0.727733 0.497357
vt 0.737753 0.391691
vt 0.764136 0.306291
vt 0.687563 0.519455
vt 0.759191 0.398586
vt 0.786730 0.306291
vt 0.781568 0.344813
vt 0.737738 0.561277
vt 0.713054 0.563509
vt 0.778514 0.390147
vt 0.788480 0.292123
vt 0.747409 0.508536
vt 0.762012 0.545837
vt 0.683252 0.572619
vt 0.777364 0.430823
vt 0.766679 0.443996
vt 0.800676 0.344813
vt 0.796024 0.382855
vt 0.805381 0.256066
vt 0.805776 0.305465
vt 0.769065 0.490459
vt 0.743677 0.613048
vt 0.728795 0.613677
vt 0.706598 0.613744
vt 0.680582 0.616893
vt 0.808104 0.386636
vt 0.820458 0.327783
vt 0.816966 0.344813
vt 0.718623 0.668574
vt 0.685631 0.675579
vt 0.676696 0.669293
vt 0.835781 0.312340
vt 0.838728 0.344813
vt 0.836898 0.386360
vt 0.820004 0.438397
vt 0.694565 0.681866
vt 0.855637 0.322096
vt 0.853845 0.365122
vt 0.851534 0.279493
vt 0.852853 0.344813
vt 0.863476 0.369178
vt 0.875335 0.333723
vt 0.873647 0.344813
vt 0.892724 0.317732
vt 0.895091 0.344813
vt 0.873984 0.384940
vt 0.905132 0.328619
vt 0.888601 0.358004
vt 0.918577 0.344813
s 1
usemtl Material_#49
f 1/1/1 2/2/2 3/3/3
f 1/1/1 4/4/4 2/2/2
f 1/1/1 3/3/3 5/5/5
f 1/1/1 6/6/6 4/4/4
f 1/1/1 5/5/5 7/7/7
f 1/1/1 8/8/8 6/6/6
f 1/1/1 7/7/7 9/9/9
f 1/1/1 9/9/9 8/8/8
f 2/2/2 4/4/4 10/10/10
f 2/2/2 10/10/10 11/11/11
f 3/3/3 12/12/12 5/5/5
f 3/3/3 13/13/13 12/12/12
f 4/4/4 14/14/14 10/10/10
f 11/11/11 10/10/10 15/2/15
f 5/5/5 12/12/12 16/15/16
f 13/13/13 17/16/17 12/12/12
f 13/13/13 18/17/18 17/16/17
f 13/13/13 19/18/19 18/17/18
f 14/14/14 20/19/20 10/10/10
f 15/2/15 10/10/10 21/4/21
f 15/2/15 21/4/21 22/1/22
f 15/2/15 22/1/22 23/3/23
f 16/15/16 12/12/12 24/20/24
f 17/16/17 18/17/18 25/21/25
f 17/16/17 26/22/26 12/12/12
f 12/12/12 26/22/26 24/20/24
f 19/18/19 27/23/27 18/17/18
f 19/18/19 28/24/28 27/23/27
f 19/18/19 29/25/29 28/24/28
f 20/19/20 30/14/30 10/10/10
f 10/10/10 30/14/30 21/4/21
f 22/1/22 31/5/31 23/3/23
f 22/1/22 21/4/21 32/6/32
f 22/1/22 33/7/33 31/5/31
f 22/1/22 32/6/32 34/8/34
f 22/1/22 35/9/35 33/7/33
f 22/1/22 34/8/34 35/9/35
f 25/21/25 18/17/18 36/26/36
f 27/23/27 28/24/28 37/27/37
f 27/23/27 38/28/38 18/17/18
f 29/25/29 39/29/39 28/24/28
f 23/3/23 31/5/31 40/12/40
f 23/3/23 40/12/40 41/13/41
f 36/26/36 18/17/18 42/30/42
f 42/30/42 18/17/18 38/28/38
f 37/27/37 28/24/28 43/31/43
f 39/29/39 44/32/44 28/24/28
f 31/5/31 45/15/45 40/12/40
f 41/13/41 40/12/40 46/16/46
f 41/13/41 46/16/46 47/17/47
f 41/13/41 47/17/47 48/18/48
f 43/31/43 28/24/28 49/33/49
f 49/33/49 28/24/28 44/32/44
f 45/15/45 50/20/50 40/12/40
f 46/16/46 51/21/51 47/17/47
f 46/16/46 40/12/40 52/22/52
f 52/22/52 40/12/40 50/20/50
f 48/18/48 47/17/47 53/23/53
f 48/18/48 53/23/53 54/24/54
f 48/18/48 54/24/54 55/25/55
f 51/21/51 56/26/56 47/17/47
f 53/23/53 57/27/57 54/24/54
f 53/23/53 47/17/47 58/28/58
f 55/25/55 54/24/54 59/29/59
f 56/26/56 60/30/60 47/17/47
f 47/17/47 60/30/60 58/28/58
f 57/27/57 61/31/61 54/24/54
f 59/29/59 54/24/54 62/32/62
f 61/31/61 63/33/63 54/24/54
f 54/24/54 63/33/63 62/32/62
f 29/34/29 64/35/64 39/36/39
f 64/35/64 65/37/65 39/36/39
f 64/35/64 66/38/66 65/37/65
f 64/35/64 67/39/67 66/38/66
f 39/36/39 65/37/65 44/40/44
f 67/39/67 68/41/68 66/38/66
f 67/39/67 69/42/69 68/41/68
f 67/39/67 70/43/70 69/42/69
f 65/37/65 71/44/71 44/40/44
f 65/37/65 66/38/66 71/44/71
f 68/41/68 69/42/69 72/45/72
f 68/41/68 73/46/73 66/38/66
f 68/41/68 72/45/72 27/47/27
f 68/41/68 37/48/37 73/46/73
f 68/41/68 27/47/27 37/48/37
f 70/43/70 74/49/74 69/42/69
f 70/43/70 75/50/75 74/49/74
f 70/43/70 76/51/76 75/50/75
f 44/40/44 71/44/71 77/52/77
f 44/40/44 77/52/77 49/53/49
f 71/44/71 66/38/66 77/52/77
f 72/45/72 38/54/38 27/47/27
f 72/45/72 69/42/69 78/55/78
f 72/45/72 78/55/78 38/54/38
f 73/46/73 37/48/37 43/56/43
f 73/46/73 79/57/79 66/38/66
f 73/46/73 43/56/43 79/57/79
f 79/57/79 43/56/43 49/53/49
f 79/57/79 77/52/77 66/38/66
f 79/57/79 49/53/49 77/52/77
f 74/49/74 75/50/75 80/58/80
f 74/49/74 81/59/81 69/42/69
f 74/49/74 80/58/80 17/60/17
f 74/49/74 17/60/17 81/59/81
f 76/51/76 82/61/82 75/50/75
f 76/51/76 83/62/83 82/61/82
f 76/51/76 84/63/84 83/62/83
f 78/55/78 42/64/42 38/54/38
f 78/55/78 69/42/69 85/65/85
f 78/55/78 85/65/85 42/64/42
f 69/42/69 81/59/81 85/65/85
f 80/58/80 26/66/26 17/60/17
f 80/58/80 75/50/75 86/67/86
f 80/58/80 24/68/24 26/66/26
f 80/58/80 86/67/86 24/68/24
f 82/61/82 83/62/83 87/69/87
f 82/61/82 88/70/88 75/50/75
f 82/61/82 87/69/87 5/71/5
f 82/61/82 16/72/16 88/70/88
f 82/61/82 5/71/5 16/72/16
f 88/70/88 86/67/86 75/50/75
f 88/70/88 16/72/16 24/68/24
f 88/70/88 24/68/24 86/67/86
f 84/63/84 89/73/89 83/62/83
f 84/63/84 90/74/90 89/73/89
f 84/63/84 91/75/91 90/74/90
f 42/64/42 85/65/85 36/76/36
f 81/59/81 17/60/17 25/77/25
f 81/59/81 25/77/25 85/65/85
f 85/65/85 25/77/25 36/76/36
f 87/69/87 7/78/7 5/71/5
f 87/69/87 83/62/83 92/79/92
f 87/69/87 92/79/92 7/78/7
f 89/73/89 90/74/90 93/80/93
f 89/73/89 94/81/94 83/62/83
f 89/73/89 93/80/93 4/82/4
f 89/73/89 6/83/6 94/81/94
f 89/73/89 4/82/4 6/83/6
f 91/75/91 95/63/95 90/74/90
f 92/79/92 9/84/9 7/78/7
f 92/79/92 83/62/83 96/85/96
f 92/79/92 96/85/96 9/84/9
f 83/62/83 94/81/94 96/85/96
f 93/80/93 14/86/14 4/82/4
f 93/80/93 90/74/90 97/87/97
f 93/80/93 97/87/97 14/86/14
f 6/83/6 8/88/8 94/81/94
f 8/88/8 9/84/9 96/85/96
f 8/88/8 96/85/96 94/81/94
f 95/63/95 98/73/98 90/74/90
f 95/63/95 99/62/99 98/73/98
f 95/63/95 100/51/100 99/62/99
f 97/87/97 20/89/20 14/86/14
f 97/87/97 90/74/90 101/80/101
f 97/87/97 30/86/30 20/89/20
f 97/87/97 101/80/101 30/86/30
f 90/74/90 98/73/98 101/80/101
f 100/51/100 102/61/102 99/62/99
f 100/51/100 103/50/103 102/61/102
f 100/51/100 104/43/104 103/50/103
f 30/86/30 101/80/101 21/82/21
f 101/80/101 98/73/98 21/82/21
f 99/62/99 102/61/102 105/69/105
f 99/62/99 106/81/106 98/73/98
f 99/62/99 105/69/105 107/79/107
f 99/62/99 108/85/108 106/81/106
f 99/62/99 107/79/107 108/85/108
f 104/43/104 109/49/109 103/50/103
f 104/43/104 110/42/110 109/49/109
f 104/43/104 111/39/111 110/42/110
f 21/82/21 98/73/98 32/83/32
f 98/73/98 106/81/106 32/83/32
f 102/61/102 31/71/31 105/69/105
f 102/61/102 103/50/103 112/70/112
f 102/61/102 45/72/45 31/71/31
f 102/61/102 112/70/112 45/72/45
f 107/79/107 35/84/35 108/85/108
f 107/79/107 105/69/105 33/78/33
f 107/79/107 33/78/33 35/84/35
f 33/78/33 105/69/105 31/71/31
f 109/49/109 110/42/110 113/59/113
f 109/49/109 114/58/114 103/50/103
f 109/49/109 113/59/113 46/60/46
f 109/49/109 46/60/46 114/58/114
f 111/39/111 115/41/115 110/42/110
f 111/39/111 116/38/116 115/41/115
f 111/39/111 117/35/117 116/38/116
f 106/81/106 34/88/34 32/83/32
f 106/81/106 108/85/108 34/88/34
f 34/88/34 108/85/108 35/84/35
f 112/70/112 50/68/50 45/72/45
f 112/70/112 103/50/103 118/67/118
f 112/70/112 118/67/118 50/68/50
f 118/67/118 114/58/114 50/68/50
f 118/67/118 103/50/103 114/58/114
f 113/59/113 51/77/51 46/60/46
f 113/59/113 110/42/110 119/65/119
f 113/59/113 119/65/119 51/77/51
f 115/41/115 116/38/116 120/46/120
f 115/41/115 121/45/121 110/42/110
f 115/41/115 120/46/120 57/48/57
f 115/41/115 53/47/53 121/45/121
f 115/41/115 57/48/57 53/47/53
f 117/35/117 122/37/122 116/38/116
f 117/35/117 59/36/59 122/37/122
f 117/35/117 55/34/55 59/36/59
f 50/68/50 114/58/114 52/66/52
f 52/66/52 114/58/114 46/60/46
f 119/65/119 56/76/56 51/77/51
f 119/65/119 110/42/110 123/55/123
f 119/65/119 60/64/60 56/76/56
f 119/65/119 123/55/123 60/64/60
f 110/42/110 121/45/121 123/55/123
f 120/46/120 61/56/61 57/48/57
f 120/46/120 116/38/116 124/57/124
f 120/46/120 124/57/124 61/56/61
f 53/47/53 58/54/58 121/45/121
f 58/54/58 60/64/60 123/55/123
f 58/54/58 123/55/123 121/45/121
f 122/37/122 59/36/59 62/40/62
f 122/37/122 125/44/125 116/38/116
f 122/37/122 62/40/62 125/44/125
f 124/57/124 63/53/63 61/56/61
f 124/57/124 116/38/116 126/52/126
f 124/57/124 126/52/126 63/53/63
f 126/52/126 125/44/125 62/40/62
f 126/52/126 116/38/116 125/44/125
f 126/52/126 62/40/62 63/53/63
f 127/90/127 128/91/128 129/92/129
f 127/90/127 130/93/130 128/91/128
f 127/90/127 129/92/129 131/94/131
f 127/90/127 132/95/132 130/93/130
f 127/90/127 131/94/131 133/96/133
f 127/90/127 134/97/134 132/95/132
f 127/90/127 133/96/133 135/98/135
f 127/90/127 135/98/135 134/97/134
f 129/92/129 136/99/136 131/94/131
f 129/92/129 137/100/137 136/99/136
f 130/93/130 132/95/132 138/90/138
f 130/93/130 138/90/138 139/91/139
f 133/96/133 140/101/140 135/98/135
f 133/96/133 131/94/131 141/102/141
f 133/96/133 142/103/142 140/101/140
f 133/96/133 141/102/141 143/104/143
f 133/96/133 143/104/143 142/103/142
f 134/97/134 144/98/144 132/95/132
f 134/97/134 135/98/135 145/105/145
f 134/97/134 146/101/146 144/98/144
f 134/97/134 145/105/145 146/101/146
f 145/105/145 135/98/135 140/101/140
f 132/95/132 144/98/144 138/90/138
f 137/100/137 147/106/147 136/99/136
f 137/100/137 148/107/148 147/106/147
f 139/91/139 138/90/138 149/92/149
f 131/94/131 150/108/150 141/102/141
f 131/94/131 136/99/136 150/108/150
f 146/101/146 151/96/151 144/98/144
f 146/101/146 152/103/152 151/96/151
f 144/98/144 151/96/151 138/90/138
f 148/107/148 153/109/153 147/106/147
f 148/107/148 154/110/154 153/109/153
f 148/107/148 155/111/155 154/110/154
f 149/92/149 138/90/138 156/94/156
f 149/92/149 156/94/156 157/99/157
f 149/92/149 157/99/157 158/100/158
f 138/90/138 151/96/151 156/94/156
f 136/99/136 159/112/159 150/108/150
f 136/99/136 147/106/147 159/112/159
f 152/103/152 160/104/160 151/96/151
f 153/109/153 154/110/154 161/113/161
f 153/109/153 162/114/162 147/106/147
f 153/109/153 161/113/161 162/114/162
f 155/111/155 163/109/163 154/110/154
f 155/111/155 164/115/164 163/109/163
f 157/99/157 165/106/165 158/100/158
f 157/99/157 156/94/156 166/108/166
f 157/99/157 167/112/167 165/106/165
f 157/99/157 166/108/166 167/112/167
f 164/115/164 165/106/165 163/109/163
f 164/115/164 158/100/158 165/106/165
f 159/112/159 147/106/147 168/116/168
f 168/116/168 147/106/147 162/114/162
f 160/104/160 169/102/169 151/96/151
f 169/102/169 156/94/156 151/96/151
f 169/102/169 166/108/166 156/94/156
f 161/113/161 154/110/154 170/114/170
f 163/109/163 165/106/165 170/114/170
f 163/109/163 170/114/170 154/110/154
f 167/112/167 171/116/171 165/106/165
f 165/106/165 171/116/171 170/114/170
f 172/117/172 173/118/173 174/119/174
f 172/117/172 175/120/175 173/118/173
f 172/117/172 174/119/174 176/121/176
f 172/117/172 177/122/177 175/120/175
f 172/117/172 176/121/176 178/123/178
f 172/117/172 179/124/179 177/122/177
f 172/117/172 178/123/178 180/125/180
f 172/117/172 180/125/180 179/124/179
f 173/118/173 181/126/181 174/119/174
f 173/118/173 175/120/175 182/127/182
f 173/118/173 183/128/183 181/126/181
f 173/118/173 182/127/182 184/129/184
f 173/118/173 184/129/184 183/128/183
f 174/119/174 181/126/181 176/121/176
f 177/122/177 179/124/179 185/130/185
f 177/122/177 186/131/186 175/120/175
f 177/122/177 185/130/185 187/132/187
f 177/122/177 187/132/187 186/131/186
f 178/123/178 186/131/186 180/125/180
f 178/123/178 184/129/184 182/127/182
f 178/123/178 176/121/176 184/129/184
f 178/123/178 182/127/182 186/131/186
f 182/127/182 175/120/175 186/131/186
f 179/124/179 180/125/180 185/130/185
f 183/128/183 188/133/188 181/126/181
f 183/128/183 184/129/184 189/134/189
f 183/128/183 190/135/189 188/133/188
f 183/128/183 189/134/189 190/135/189
f 187/132/187 191/136/189 186/131/186
f 187/132/187 185/130/185 192/137/190
f 187/132/187 193/133/191 191/136/189
f 187/132/187 192/137/190 193/133/191
f 176/121/176 181/126/181 194/138/192
f 180/125/180 195/139/192 185/130/185
f 185/130/185 195/139/192 192/137/190
f 188/133/188 190/135/189 196/140/193
f 188/133/188 197/137/194 181/126/181
f 188/133/188 196/140/193 198/141/195
f 188/133/188 198/141/195 197/137/194
f 191/136/189 193/133/191 199/135/189
f 194/138/192 181/126/181 200/142/192
f 197/137/194 198/141/195 200/142/192
f 197/137/194 200/142/192 181/126/181
f 195/139/192 201/142/192 192/137/190
f 190/135/189 202/143/189 196/140/193
f 193/133/191 202/143/189 199/135/189
f 193/133/191 198/141/195 196/140/193
f 193/133/191 192/137/190 198/141/195
f 193/133/191 196/140/193 202/143/189
f 200/142/192 198/141/195 203/144/192
f 203/144/192 192/137/190 201/142/192
f 203/144/192 198/141/195 192/137/190
f 204/145/196 145/146/145 140/147/140
f 204/145/196 146/148/146 145/146/145
f 204/145/196 140/147/140 205/149/197
f 204/145/196 206/150/198 146/148/146
f 204/145/196 205/149/197 207/151/199
f 204/145/196 208/152/200 206/150/198
f 204/145/196 207/151/199 209/153/201
f 204/145/196 209/153/201 208/152/200
f 140/147/140 142/154/142 205/149/197
f 146/148/146 206/150/198 152/155/152
f 207/151/199 205/149/197 210/156/202
f 205/149/197 142/154/142 210/156/202
f 208/152/200 211/157/203 206/150/198
f 206/150/198 211/157/203 152/155/152
f 142/154/142 143/158/143 210/156/202
f 211/157/203 160/159/160 152/155/152
f 212/90/204 213/92/205 214/91/206
f 212/90/204 215/94/207 213/92/205
f 212/90/204 214/91/206 216/93/208
f 212/90/204 217/96/209 215/94/207
f 212/90/204 216/93/208 218/95/210
f 212/90/204 219/98/211 217/96/209
f 212/90/204 218/95/210 220/97/212
f 212/90/204 220/97/212 219/98/211
f 213/92/205 215/94/207 221/99/213
f 213/92/205 221/99/213 222/100/214
f 216/93/208 223/90/215 218/95/210
f 216/93/208 224/91/216 223/90/215
f 217/96/209 219/98/211 225/101/217
f 217/96/209 226/102/218 215/94/207
f 217/96/209 225/101/217 227/103/219
f 217/96/209 228/104/220 226/102/218
f 217/96/209 227/103/219 228/104/220
f 220/97/212 218/95/210 229/98/221
f 220/97/212 230/105/222 219/98/211
f 220/97/212 229/98/221 231/101/223
f 220/97/212 231/101/223 230/105/222
f 230/105/222 225/101/217 219/98/211
f 218/95/210 223/90/215 229/98/221
f 221/99/213 232/106/224 222/100/214
f 221/99/213 215/94/207 233/108/225
f 221/99/213 234/112/226 232/106/224
f 221/99/213 233/108/225 234/112/226
f 233/108/225 215/94/207 226/102/218
f 224/91/216 235/92/227 223/90/215
f 231/101/223 229/98/221 236/96/228
f 231/101/223 236/96/228 237/103/229
f 229/98/221 223/90/215 236/96/228
f 222/100/214 232/106/224 238/107/230
f 234/112/226 239/116/231 232/106/224
f 235/92/227 240/94/232 223/90/215
f 235/92/227 241/99/233 240/94/232
f 235/92/227 242/100/234 241/99/233
f 223/90/215 240/94/232 236/96/228
f 237/103/229 236/96/228 243/104/235
f 238/107/230 232/106/224 244/109/236
f 238/107/230 244/109/236 245/110/237
f 238/107/230 245/110/237 246/111/238
f 239/116/231 247/114/239 232/106/224
f 232/106/224 247/114/239 244/109/236
f 242/100/234 248/106/240 241/99/233
f 242/100/234 249/115/241 248/106/240
f 240/94/232 250/102/242 236/96/228
f 240/94/232 241/99/233 251/108/243
f 240/94/232 251/108/243 250/102/242
f 250/102/242 243/104/235 236/96/228
f 245/110/237 252/109/244 246/111/238
f 245/110/237 244/109/236 253/113/245
f 245/110/237 254/114/246 252/109/244
f 245/110/237 253/113/245 254/114/246
f 252/109/244 248/106/240 249/115/241
f 252/109/244 249/115/241 246/111/238
f 252/109/244 254/114/246 248/106/240
f 253/113/245 244/109/236 247/114/239
f 241/99/233 255/112/247 251/108/243
f 241/99/233 248/106/240 255/112/247
f 254/114/246 256/116/248 248/106/240
f 248/106/240 256/116/248 255/112/247
f 257/117/249 258/118/250 259/120/251
f 257/117/249 260/119/252 258/118/250
f 257/117/249 259/120/251 261/122/253
f 257/117/249 262/121/254 260/119/252
f 257/117/249 261/122/253 263/124/255
f 257/117/249 264/123/256 262/121/254
f 257/117/249 263/124/255 265/125/257
f 257/117/249 265/125/257 264/123/256
f 258/118/250 266/127/258 259/120/251
f 258/118/250 260/119/252 267/126/259
f 258/118/250 268/129/260 266/127/258
f 258/118/250 267/126/259 269/128/261
f 258/118/250 269/128/261 268/129/260
f 260/119/252 262/121/254 267/126/259
f 261/122/253 270/130/262 263/124/255
f 261/122/253 259/120/251 271/131/263
f 261/122/253 272/132/264 270/130/262
f 261/122/253 271/131/263 272/132/264
f 264/123/256 265/125/257 271/131/263
f 264/123/256 266/127/258 268/129/260
f 264/123/256 268/129/260 262/121/254
f 264/123/256 271/131/263 266/127/258
f 266/127/258 271/131/263 259/120/251
f 263/124/255 270/130/262 265/125/257
f 269/128/261 267/126/259 273/133/265
f 269/128/261 274/134/189 268/129/260
f 269/128/261 273/133/265 275/135/189
f 269/128/261 275/135/189 274/134/189
f 272/132/264 271/131/263 276/136/189
f 272/132/264 277/137/266 270/130/262
f 272/132/264 276/136/189 278/133/267
f 272/132/264 278/133/267 277/137/266
f 262/121/254 279/138/192 267/126/259
f 265/125/257 270/130/262 280/139/192
f 270/130/262 277/137/266 280/139/192
f 273/133/265 281/140/268 275/135/189
f 273/133/265 267/126/259 282/137/269
f 273/133/265 283/141/270 281/140/268
f 273/133/265 282/137/269 283/141/270
f 276/136/189 284/135/189 278/133/267
f 279/138/192 285/142/192 267/126/259
f 282/137/269 285/142/192 283/141/270
f 282/137/269 267/126/259 285/142/192
f 277/137/266 286/142/192 280/139/192
f 277/137/266 278/133/267 283/141/270
f 277/137/266 287/144/192 286/142/192
f 277/137/266 283/141/270 287/144/192
f 283/141/270 278/133/267 281/140/268
f 283/141/270 285/142/192 287/144/192
f 275/135/189 281/140/268 288/143/189
f 288/143/189 278/133/267 284/135/189
f 288/143/189 281/140/268 278/133/267
f 289/145/271 290/149/272 225/147/217
f 289/145/271 291/151/273 290/149/272
f 289/145/271 225/147/217 230/146/222
f 289/145/271 292/153/274 291/151/273
f 289/145/271 230/146/222 231/148/223
f 289/145/271 293/152/275 292/153/274
f 289/145/271 231/148/223 294/150/276
f 289/145/271 294/150/276 293/152/275
f 290/149/272 227/154/219 225/147/217
f 290/149/272 291/151/273 295/156/277
f 290/149/272 295/156/277 227/154/219
f 231/148/223 237/155/229 294/150/276
f 293/152/275 294/150/276 296/157/278
f 294/150/276 237/155/229 296/157/278
f 295/156/277 228/158/220 227/154/219
f 237/155/229 243/159/235 296/157/278
f 297/160/279 298/161/280 299/162/281
f 297/160/279 139/163/282 298/161/280
f 297/160/279 299/162/281 300/164/283
f 297/160/279 130/165/284 139/163/282
f 297/160/279 300/164/283 301/166/285
f 297/160/279 302/167/286 130/165/284
f 297/160/279 301/168/285 302/167/286
f 300/164/283 303/169/287 301/166/285
f 130/165/284 302/170/286 128/171/288
f 303/169/287 304/172/289 301/166/285
f 302/170/286 305/173/290 128/171/288
f 302/170/286 301/166/285 306/174/291
f 302/170/286 307/175/292 305/173/290
f 302/170/286 306/174/291 307/175/292
f 304/172/289 308/176/293 301/166/285
f 301/166/285 308/176/293 306/174/291
f 309/160/294 310/162/295 311/161/296
f 309/160/294 312/164/297 310/162/295
f 309/160/294 311/161/296 224/163/298
f 309/160/294 313/166/299 312/164/297
f 309/160/294 224/163/298 216/165/300
f 309/160/294 216/165/300 314/167/301
f 309/160/294 314/167/301 313/168/299
f 313/166/299 315/169/302 312/164/297
f 313/166/299 316/172/303 315/169/302
f 313/166/299 317/176/304 316/172/303
f 313/166/299 318/174/305 317/176/304
f 313/166/299 314/170/301 318/174/305
f 216/165/300 214/171/306 314/170/301
f 318/174/305 314/170/301 319/175/307
f 214/171/306 320/173/308 314/170/301
f 314/170/301 320/173/308 319/175/307
f 321/177/309 161/178/161 170/179/170
f 321/177/309 322/180/310 161/178/161
f 321/177/309 170/179/170 171/181/171
f 321/177/309 171/181/171 323/182/311
f 322/180/310 162/179/162 161/178/161
f 322/180/310 324/177/312 162/179/162
f 171/181/171 167/183/167 323/182/311
f 324/177/312 168/181/168 162/179/162
f 324/177/312 325/182/313 168/181/168
f 167/183/167 326/184/314 323/182/311
f 167/183/167 166/185/166 326/184/314
f 325/182/313 159/183/159 168/181/168
f 325/182/313 327/184/315 159/183/159
f 166/185/166 328/186/316 326/184/314
f 166/185/166 329/187/317 328/186/316
f 166/185/166 169/188/169 329/187/317
f 327/184/315 330/186/318 159/183/159
f 169/188/169 331/189/319 329/187/317
f 169/188/169 160/190/160 331/189/319
f 330/186/318 150/185/150 159/183/159
f 330/186/318 332/187/320 150/185/150
f 160/190/160 333/191/321 331/189/319
f 160/190/160 211/192/203 333/191/321
f 332/187/320 141/188/141 150/185/150
f 332/187/320 334/189/322 141/188/141
f 211/192/203 335/193/323 333/191/321
f 211/192/203 208/194/200 335/193/323
f 334/189/322 143/190/143 141/188/141
f 334/189/322 210/192/202 143/190/143
f 334/189/322 336/191/324 210/192/202
f 208/194/200 209/195/201 335/193/323
f 336/191/324 207/194/199 210/192/202
f 336/191/324 337/193/325 207/194/199
f 207/194/199 337/193/325 209/195/201
f 335/193/323 209/195/201 338/196/326
f 338/196/326 209/195/201 337/193/325
f 300/197/327 164/198/164 303/199/328
f 300/197/327 158/200/158 164/198/164
f 300/197/327 149/201/149 158/200/158
f 300/197/327 299/202/329 149/201/149
f 303/199/328 164/198/164 155/203/155
f 303/199/328 155/203/155 304/204/330
f 299/202/329 298/205/331 149/201/149
f 155/203/155 148/198/148 304/204/330
f 298/205/331 139/206/139 149/201/149
f 148/198/148 308/199/332 304/204/330
f 148/198/148 137/200/137 308/199/332
f 137/200/137 306/197/333 308/199/332
f 137/200/137 129/201/129 306/197/333
f 129/201/129 307/202/334 306/197/333
f 129/201/129 305/205/335 307/202/334
f 129/201/129 128/206/128 305/205/335
f 329/207/189 330/208/189 328/209/189
f 329/207/189 332/210/189 330/208/189
f 329/207/189 334/211/189 332/210/189
f 329/207/189 331/212/189 334/211/189
f 328/209/189 330/208/189 327/213/189
f 328/209/189 327/213/189 326/214/189
f 331/212/189 336/215/189 334/211/189
f 331/212/189 333/216/189 336/215/189
f 327/213/189 325/217/189 326/214/189
f 333/216/189 337/218/189 336/215/189
f 333/216/189 335/219/189 337/218/189
f 325/217/189 323/220/189 326/214/189
f 325/217/189 324/221/189 323/220/189
f 335/219/189 338/222/189 337/218/189
f 324/221/189 321/223/189 323/220/189
f 324/221/189 322/224/189 321/223/189
f 339/177/336 253/178/245 340/180/337
f 339/177/336 254/179/246 253/178/245
f 339/177/336 256/181/248 254/179/246
f 339/177/336 341/182/338 256/181/248
f 340/180/337 253/178/245 247/179/239
f 340/180/337 247/179/239 342/177/339
f 341/182/338 255/183/247 256/181/248
f 341/182/338 343/184/340 255/183/247
f 247/179/239 239/181/231 342/177/339
f 343/184/340 251/185/243 255/183/247
f 343/184/340 344/186/341 251/185/243
f 239/181/231 345/182/342 342/177/339
f 239/181/231 234/183/226 345/182/342
f 344/186/341 346/187/343 251/185/243
f 234/183/226 347/184/344 345/182/342
f 234/183/226 348/186/345 347/184/344
f 234/183/226 233/185/225 348/186/345
f 346/187/343 250/188/242 251/185/243
f 346/187/343 349/189/346 250/188/242
f 233/185/225 350/187/347 348/186/345
f 233/185/225 226/188/218 350/187/347
f 349/189/346 243/190/235 250/188/242
f 349/189/346 351/191/348 243/190/235
f 226/188/218 352/189/349 350/187/347
f 226/188/218 228/190/220 352/189/349
f 351/191/348 296/192/278 243/190/235
f 351/191/348 353/193/350 296/192/278
f 228/190/220 295/192/277 352/189/349
f 353/193/350 293/194/275 296/192/278
f 353/193/350 292/195/274 293/194/275
f 353/193/350 354/196/351 292/195/274
f 295/192/277 355/191/352 352/189/349
f 295/192/277 291/194/273 355/191/352
f 354/196/351 356/193/353 292/195/274
f 356/193/353 355/191/352 291/194/273
f 356/193/353 291/194/273 292/195/274
f 312/197/354 249/198/241 242/200/234
f 312/197/354 315/199/355 249/198/241
f 312/197/354 242/200/234 235/201/227
f 312/197/354 235/201/227 310/202/356
f 315/199/355 246/203/238 249/198/241
f 315/199/355 316/204/357 246/203/238
f 235/201/227 311/205/358 310/202/356
f 235/201/227 224/206/216 311/205/358
f 316/204/357 238/198/230 246/203/238
f 316/204/357 317/199/359 238/198/230
f 317/199/359 222/200/214 238/198/230
f 317/199/359 318/197/360 222/200/214
f 318/197/360 213/201/205 222/200/214
f 318/197/360 319/202/361 213/201/205
f 319/202/361 320/205/362 213/201/205
f 320/205/362 214/206/206 213/201/205
f 346/207/189 344/209/189 348/208/189
f 346/207/189 348/208/189 350/210/189
f 346/207/189 350/210/189 352/211/189
f 346/207/189 352/211/189 349/212/189
f 344/209/189 347/213/189 348/208/189
f 344/209/189 343/214/189 347/213/189
f 352/211/189 355/215/189 349/212/189
f 343/214/189 345/217/189 347/213/189
f 343/214/189 341/220/189 345/217/189
f 355/215/189 351/216/189 349/212/189
f 355/215/189 356/218/189 351/216/189
f 341/220/189 342/221/189 345/217/189
f 341/220/189 339/223/189 342/221/189
f 356/218/189 353/219/189 351/216/189
f 356/218/189 354/222/189 353/219/189
f 339/223/189 340/224/189 342/221/189
f 357/225/363 358/226/364 359/227/365
f 358/226/364 360/228/366 359/227/365
f 358/226/364 361/229/367 360/228/366
f 361/229/367 362/230/368 360/228/366
f 361/229/367 363/231/369 362/230/368
f 363/231/369 364/232/370 362/230/368
f 365/225/371 366/227/372 367/226/373
f 366/227/372 368/228/374 367/226/373
f 368/228/374 369/229/375 367/226/373
f 368/228/374 370/230/376 369/229/375
f 370/230/376 371/231/377 369/229/375
f 370/230/376 372/232/378 371/231/377
f 372/233/378 373/234/379 371/235/377
f 373/234/379 374/236/380 371/235/377
f 373/234/379 375/237/381 376/238/382
f 373/234/379 376/238/382 374/236/380
f 371/235/377 374/236/380 369/239/375
f 375/237/381 377/234/383 376/238/382
f 374/236/380 378/240/384 369/239/375
f 377/234/383 363/235/369 379/236/385
f 376/238/382 380/241/386 374/236/380
f 376/238/382 377/234/383 379/236/385
f 376/238/382 379/236/385 380/241/386
f 378/240/384 381/242/387 382/243/388
f 369/239/375 378/240/384 367/244/373
f 363/235/369 361/239/367 379/236/385
f 374/236/380 383/245/389 378/240/384
f 374/236/380 380/241/386 383/245/389
f 377/234/383 364/233/370 363/235/369
f 381/242/387 384/246/390 385/247/391
f 382/243/388 386/248/392 367/244/373
f 382/243/388 367/244/373 378/240/384
f 382/243/388 381/242/387 385/247/391
f 382/243/388 385/247/391 386/248/392
f 361/239/367 387/240/393 379/236/385
f 380/241/386 388/249/394 383/245/389
f 384/246/390 381/242/387 389/250/395
f 367/244/373 386/248/392 365/251/371
f 378/240/384 390/252/396 381/242/387
f 381/242/387 390/252/396 389/250/395
f 378/240/384 383/245/389 390/252/396
f 385/247/391 391/253/397 392/254/398
f 385/247/391 384/246/390 391/253/397
f 385/247/391 392/254/398 386/248/392
f 361/239/367 358/244/364 387/240/393
f 379/236/385 387/240/393 393/245/399
f 380/241/386 393/245/399 388/249/394
f 380/241/386 379/236/385 393/245/399
f 365/251/371 386/248/392 394/255/400
f 386/248/392 392/254/398 394/255/400
f 389/250/395 390/252/396 395/256/401
f 383/245/389 396/257/402 390/252/396
f 390/252/396 396/257/402 395/256/401
f 383/245/389 388/249/394 396/257/402
f 384/246/390 389/250/395 397/258/403
f 384/246/390 397/258/403 391/253/397
f 358/244/364 357/251/363 398/248/404
f 387/240/393 399/243/405 400/242/406
f 358/244/364 398/248/404 399/243/405
f 358/244/364 399/243/405 387/240/393
f 393/245/399 401/252/407 402/257/408
f 393/245/399 402/257/408 388/249/394
f 387/240/393 400/242/406 401/252/407
f 387/240/393 401/252/407 393/245/399
f 365/251/371 394/255/400 366/259/372
f 392/254/398 391/253/397 403/260/409
f 392/254/398 403/260/409 394/255/400
f 395/256/401 404/261/410 405/262/411
f 388/249/394 404/261/410 396/257/402
f 396/257/402 404/261/410 395/256/401
f 388/249/394 402/257/408 404/261/410
f 389/250/395 406/263/412 397/258/403
f 395/256/401 405/262/411 406/263/412
f 395/256/401 406/263/412 389/250/395
f 357/251/363 407/255/413 398/248/404
f 399/243/405 398/248/404 408/247/414
f 399/243/405 408/247/414 400/242/406
f 401/252/407 409/256/415 402/257/408
f 402/257/408 409/256/415 404/261/410
f 366/259/372 410/264/416 368/265/374
f 394/255/400 403/260/409 410/264/416
f 394/255/400 410/264/416 366/259/372
f 391/253/397 411/266/417 403/260/409
f 397/258/403 412/267/418 391/253/397
f 391/253/397 412/267/418 411/266/417
f 405/262/411 404/261/410 413/268/419
f 406/263/412 414/269/420 397/258/403
f 397/258/403 414/269/420 412/267/418
f 357/251/363 359/259/365 407/255/413
f 398/248/404 415/254/421 408/247/414
f 398/248/404 407/255/413 415/254/421
f 400/242/406 408/247/414 416/246/422
f 401/252/407 417/250/423 409/256/415
f 400/242/406 416/246/422 417/250/423
f 400/242/406 417/250/423 401/252/407
f 368/265/374 410/264/416 418/270/424
f 403/260/409 419/271/425 410/264/416
f 410/264/416 419/271/425 418/270/424
f 411/266/417 412/267/418 420/272/426
f 405/262/411 421/273/427 422/274/428
f 422/274/428 406/263/412 405/262/411
f 405/262/411 413/268/419 421/273/427
f 406/263/412 422/274/428 414/269/420
f 404/261/410 423/262/429 413/268/419
f 404/261/410 409/256/415 423/262/429
f 359/259/365 360/265/366 424/264/430
f 359/259/365 424/264/430 407/255/413
f 415/254/421 425/253/431 408/247/414
f 408/247/414 425/253/431 416/246/422
f 417/250/423 426/258/432 427/263/433
f 417/250/423 427/263/433 409/256/415
f 416/246/422 425/253/431 426/258/432
f 416/246/422 426/258/432 417/250/423
f 409/256/415 427/263/433 423/262/429
f 368/265/374 418/270/424 370/275/376
f 403/260/409 411/266/417 428/276/434
f 419/271/425 403/260/409 429/277/435
f 403/260/409 428/276/434 429/277/435
f 419/271/425 429/277/435 418/270/424
f 412/267/418 414/269/420 430/278/436
f 412/267/418 430/278/436 420/272/426
f 421/273/427 413/268/419 431/279/437
f 360/265/366 432/270/438 424/264/430
f 407/255/413 424/264/430 433/280/439
f 415/254/421 433/280/439 425/253/431
f 415/254/421 407/255/413 433/280/439
f 426/258/432 425/253/431 434/267/440
f 427/263/433 426/258/432 435/269/441
f 426/258/432 434/267/440 435/269/441
f 423/262/429 436/274/442 437/273/443
f 423/262/429 437/273/443 413/268/419
f 427/263/433 435/269/441 436/274/442
f 427/263/433 436/274/442 423/262/429
f 413/268/419 437/273/443 431/279/437
f 370/275/376 418/270/424 373/281/379
f 411/266/417 420/272/426 438/282/444
f 411/266/417 438/282/444 428/276/434
f 429/277/435 428/276/434 433/283/439
f 430/278/436 439/284/445 420/272/426
f 360/265/366 362/275/368 432/270/438
f 424/264/430 440/271/446 433/280/439
f 440/271/446 424/264/430 432/270/438
f 425/253/431 433/280/439 441/285/447
f 425/253/431 441/285/447 434/267/440
f 435/269/441 434/267/440 442/278/448
f 435/269/441 442/278/448 436/274/442
f 437/273/443 443/284/449 431/279/437
f 436/274/442 442/278/448 443/284/449
f 436/274/442 443/284/449 437/273/443
f 370/275/376 373/281/379 372/286/378
f 418/270/424 429/277/435 444/287/450
f 418/270/424 444/287/450 373/281/379
f 438/282/444 445/288/451 441/289/447
f 441/289/447 428/276/434 438/282/444
f 428/276/434 441/289/447 433/283/439
f 439/284/445 446/290/452 420/272/426
f 438/282/444 446/290/452 445/288/451
f 438/282/444 420/272/426 446/290/452
f 362/275/368 377/281/383 432/270/438
f 432/270/438 377/281/383 444/287/450
f 441/285/447 445/272/451 434/267/440
f 445/272/451 442/278/448 434/267/440
f 442/278/448 445/272/451 443/284/449
f 431/279/437 443/284/449 447/291/453
f 439/284/445 447/291/453 446/290/452
f 429/277/435 433/283/439 440/292/446
f 373/281/379 444/287/450 375/293/381
f 375/293/381 444/287/450 377/281/383
f 445/288/451 446/290/452 443/294/449
f 443/294/449 446/290/452 447/291/453
f 362/275/368 364/286/370 377/281/383
f 429/277/435 432/295/438 444/287/450
f 432/295/438 429/277/435 440/292/446
f 448/296/454 449/297/455 450/298/456
f 449/297/455 451/299/457 450/298/456
f 449/297/455 452/300/458 451/299/457
f 450/298/456 453/301/459 454/302/460
f 450/298/456 451/299/457 453/301/459
f 449/297/455 455/303/461 452/300/458
f 454/302/460 456/304/462 457/305/463
f 454/302/460 453/301/459 456/304/462
f 451/299/457 458/306/464 453/301/459
f 453/301/459 458/306/464 456/304/462
f 451/299/457 452/300/458 458/306/464
f 457/305/463 459/307/465 460/308/466
f 457/305/463 456/304/462 459/307/465
f 458/306/464 461/309/467 456/304/462
f 456/304/462 461/309/467 459/307/465
f 460/308/466 459/307/465 462/310/468
f 461/309/467 463/311/469 459/307/465
f 462/310/468 459/307/465 464/312/470
f 459/307/465 463/311/469 464/312/470
f 462/310/468 464/312/470 465/307/471
f 463/311/469 466/313/472 464/312/470
f 462/310/468 465/307/471 467/308/473
f 466/313/472 468/311/474 464/312/470
f 464/312/470 468/311/474 465/307/471
f 467/308/473 465/307/471 469/305/475
f 468/311/474 470/309/476 465/307/471
f 469/305/475 471/304/477 472/302/478
f 465/307/471 470/309/476 471/304/477
f 465/307/471 471/304/477 469/305/475
f 472/302/478 471/304/477 473/301/479
f 470/309/476 474/306/480 471/304/477
f 471/304/477 474/306/480 473/301/479
f 472/302/478 473/301/479 475/298/481
f 474/306/480 476/300/482 477/299/483
f 473/301/479 477/299/483 475/298/481
f 473/301/479 474/306/480 477/299/483
f 476/300/482 478/303/484 479/297/485
f 477/299/483 479/297/485 475/298/481
f 477/299/483 476/300/482 479/297/485
f 475/298/481 479/297/485 480/296/486
f 481/314/487 482/315/488 483/316/489
f 482/315/488 484/317/490 483/316/489
f 482/315/488 485/318/491 484/317/490
f 483/316/489 486/315/492 487/314/493
f 483/316/489 484/317/490 486/315/492
f 485/318/491 488/319/494 484/317/490
f 486/315/492 484/317/490 489/318/495
f 484/317/490 488/319/494 489/318/495
f 485/318/491 490/320/496 488/319/494
f 489/318/495 488/319/494 491/320/497
f 490/320/496 492/321/498 488/319/494
f 488/319/494 492/321/498 491/320/497
f 490/320/496 493/322/499 494/323/500
f 492/321/498 490/320/496 494/323/500
f 492/321/498 494/323/500 491/320/497
f 493/322/499 495/324/501 496/325/502
f 493/322/499 496/325/502 494/323/500
f 491/320/497 494/323/500 497/322/503
f 494/323/500 496/325/502 497/322/503
f 496/325/502 498/324/504 497/322/503
f 490/326/496 485/327/491 493/328/499
f 485/327/491 482/329/488 493/328/499
f 482/329/488 481/330/487 495/331/501
f 495/331/501 493/328/499 482/329/488
f 491/326/497 497/328/503 489/327/495
f 497/328/503 486/329/492 489/327/495
f 497/328/503 498/331/504 486/329/492
f 498/331/504 487/330/493 486/329/492
f 414/332/420 422/333/428 430/334/436
f 422/333/428 421/335/427 439/336/445
f 422/333/428 439/336/445 430/334/436
f 421/335/427 431/337/437 439/336/445
f 431/337/437 447/338/453 439/336/445
f 499/339/505 500/340/506 501/341/507
f 501/341/507 500/340/506 502/342/508
f 501/343/507 502/342/508 503/344/509
f 503/345/509 504/346/510 501/341/507
f 501/341/507 504/346/510 499/339/505
f 499/347/505 504/348/510 500/340/506
f 505/349/511 506/350/512 507/351/513
f 508/352/514 507/353/513 509/354/515
f 509/354/515 507/353/513 506/355/512
f 510/356/516 508/357/514 509/358/515
f 510/356/516 509/359/515 505/349/511
f 505/349/511 509/359/515 506/360/512
f 502/342/508 505/349/511 503/344/509
f 503/344/509 505/349/511 507/351/513
f 504/346/510 503/345/509 508/352/514
f 508/352/514 503/345/509 507/353/513
f 500/340/506 504/348/510 510/356/516
f 510/356/516 504/348/510 508/357/514
f 500/340/506 510/356/516 502/342/508
f 502/342/508 510/356/516 505/349/511
f 511/361/517 512/362/518 513/363/519
f 511/361/517 514/364/520 512/362/518
f 511/361/517 513/363/519 515/365/521
f 511/361/517 516/366/522 514/364/520
f 511/361/517 515/365/521 517/367/523
f 511/361/517 518/368/524 516/366/522
f 511/361/517 517/367/523 519/369/525
f 511/361/517 519/369/525 518/368/524
f 512/362/518 520/370/526 513/363/519
f 512/362/518 514/364/520 521/371/527
f 512/362/518 522/372/528 520/370/526
f 512/362/518 521/371/527 522/372/528
f 515/365/521 523/373/529 517/367/523
f 515/365/521 513/363/519 524/374/530
f 515/365/521 524/374/530 523/373/529
f 516/366/522 518/368/524 525/375/531
f 516/366/522 526/376/532 514/364/520
f 516/366/522 525/375/531 526/376/532
f 519/369/525 517/367/523 527/377/533
f 519/369/525 528/378/534 518/368/524
f 520/370/526 529/379/535 513/363/519
f 513/363/519 529/379/535 524/374/530
f 521/371/527 514/364/520 530/380/536
f 514/364/520 526/376/532 530/380/536
f 523/373/529 531/381/537 517/367/523
f 523/373/529 524/374/530 532/382/538
f 523/373/529 533/383/539 531/381/537
f 523/373/529 532/382/538 533/383/539
f 525/375/531 518/368/524 534/384/540
f 525/375/531 535/385/541 526/376/532
f 525/375/531 534/384/540 536/386/542
f 525/375/531 536/386/542 535/385/541
f 529/379/535 537/387/543 524/374/530
f 524/374/530 537/387/543 532/382/538
f 530/380/536 526/376/532 538/388/544
f 526/376/532 535/385/541 538/388/544
f 531/381/537 533/383/539 539/389/545
f 531/381/537 539/389/545 540/390/546
f 534/384/540 540/391/546 536/386/542
f 537/387/543 541/392/547 532/382/538
f 535/385/541 541/393/547 538/388/544
f 535/385/541 536/386/542 542/394/548
f 535/385/541 542/394/548 541/393/547
f 533/383/539 542/395/548 539/389/545
f 533/383/539 532/382/538 542/395/548
f 542/395/548 532/382/538 541/392/547
f 540/391/546 539/396/545 536/386/542
f 536/386/542 539/396/545 542/394/548
f 543/397/549 544/398/550 545/399/551
f 543/397/549 546/400/552 544/398/550
f 543/397/549 545/399/551 547/401/553
f 543/397/549 548/402/554 546/400/552
f 543/397/549 547/401/553 540/403/546
f 543/397/549 528/404/534 548/402/554
f 543/397/549 540/403/546 534/405/540
f 543/397/549 534/405/540 528/404/534
f 544/398/550 549/406/555 545/399/551
f 544/398/550 546/400/552 550/407/556
f 544/398/550 550/407/556 549/406/555
f 548/402/554 551/408/557 546/400/552
f 546/400/552 551/408/557 550/407/556
f 534/405/540 518/409/524 528/404/534
f 545/399/551 549/406/555 552/410/558
f 551/408/557 553/411/559 550/407/556
f 551/408/557 554/412/560 553/411/559
f 551/408/557 555/413/561 554/412/560
f 549/406/555 556/414/562 552/410/558
f 549/406/555 550/407/556 557/415/563
f 549/406/555 557/415/563 556/414/562
f 553/411/559 554/412/560 558/416/564
f 553/411/559 559/417/565 550/407/556
f 553/411/559 558/416/564 559/417/565
f 550/407/556 559/417/565 557/415/563
f 555/413/561 560/418/566 554/412/560
f 555/413/561 561/419/567 560/418/566
f 555/413/561 527/420/533 561/419/567
f 552/410/558 556/414/562 562/421/568
f 558/416/564 563/422/569 559/417/565
f 558/416/564 554/412/560 564/423/570
f 558/416/564 565/424/571 563/422/569
f 558/416/564 564/423/570 566/425/572
f 558/416/564 566/425/572 565/424/571
f 554/412/560 560/418/566 564/423/570
f 559/417/565 563/422/569 557/415/563
f 527/420/533 531/426/537 561/419/567
f 527/420/533 517/427/523 531/426/537
f 556/414/562 567/428/573 562/421/568
f 556/414/562 557/415/563 568/429/574
f 556/414/562 569/430/575 567/428/573
f 556/414/562 568/429/574 569/430/575
f 557/415/563 563/422/569 568/429/574
f 566/425/572 570/431/576 565/424/571
f 566/425/572 564/423/570 562/432/568
f 566/425/572 571/433/577 570/431/576
f 566/425/572 562/432/568 567/434/573
f 566/425/572 567/434/573 571/433/577
f 565/424/571 570/431/576 563/422/569
f 560/418/566 561/419/567 545/435/551
f 560/418/566 552/436/558 564/423/570
f 560/418/566 545/435/551 552/436/558
f 552/436/558 562/432/568 564/423/570
f 531/426/537 540/437/546 561/419/567
f 567/428/573 569/430/575 572/438/578
f 568/429/574 563/422/569 573/439/579
f 568/429/574 574/440/580 569/430/575
f 568/429/574 573/439/579 575/441/581
f 568/429/574 575/441/581 574/440/580
f 563/422/569 570/431/576 573/439/579
f 567/434/573 572/442/578 571/433/577
f 545/435/551 561/419/567 547/443/553
f 547/443/553 561/419/567 540/437/546
f 572/438/578 569/430/575 576/444/582
f 575/441/581 577/445/583 574/440/580
f 575/441/581 573/439/579 578/446/584
f 575/441/581 579/447/585 577/445/583
f 575/441/581 578/446/584 579/447/585
f 570/431/576 571/433/577 578/446/584
f 570/431/576 578/446/584 573/439/579
f 572/442/578 580/448/586 571/433/577
f 572/442/578 576/449/582 580/448/586
f 571/433/577 580/448/586 578/446/584
f 569/430/575 581/450/587 576/444/582
f 569/430/575 574/440/580 581/450/587
f 574/440/580 577/445/583 581/450/587
f 579/447/585 578/446/584 582/451/588
f 579/447/585 583/452/589 577/445/583
f 579/447/585 582/451/588 584/453/590
f 579/447/585 585/454/591 583/452/589
f 579/447/585 584/453/590 585/454/591
f 576/449/582 586/455/592 580/448/586
f 576/444/582 581/450/587 587/456/593
f 576/444/582 587/456/593 586/457/592
f 577/445/583 583/452/589 587/456/593
f 577/445/583 587/456/593 581/450/587
f 578/446/584 588/458/594 582/451/588
f 578/446/584 580/448/586 588/458/594
f 580/448/586 586/455/592 588/458/594
f 584/453/590 582/451/588 589/459/595
f 582/451/588 588/458/594 589/459/595
f 585/454/591 590/460/596 583/452/589
f 586/457/592 587/456/593 591/461/597
f 586/457/592 591/461/597 592/462/598
f 587/456/593 583/452/589 591/461/597
f 586/455/592 592/463/598 588/458/594
f 588/458/594 592/463/598 589/459/595
f 590/460/596 593/464/599 583/452/589
f 593/464/599 592/462/598 591/461/597
f 593/464/599 591/461/597 583/452/589
f 594/361/600 595/365/601 596/363/602
f 594/361/600 597/367/603 595/365/601
f 594/361/600 596/363/602 598/362/604
f 594/361/600 599/369/605 597/367/603
f 594/361/600 598/362/604 600/364/606
f 594/361/600 601/368/607 599/369/605
f 594/361/600 600/364/606 602/366/608
f 594/361/600 602/366/608 601/368/607
f 595/365/601 603/374/609 596/363/602
f 595/365/601 597/367/603 604/373/610
f 595/365/601 604/373/610 603/374/609
f 598/362/604 605/465/611 600/364/606
f 598/362/604 596/363/602 606/466/612
f 598/362/604 607/467/613 605/465/611
f 598/362/604 606/466/612 607/467/613
f 599/369/605 601/368/607 608/378/614
f 599/369/605 609/377/615 597/367/603
f 602/366/608 600/364/606 610/376/616
f 602/366/608 611/375/617 601/368/607
f 602/366/608 610/376/616 611/375/617
f 604/373/610 612/382/618 603/374/609
f 604/373/610 597/367/603 613/381/619
f 604/373/610 614/383/620 612/382/618
f 604/373/610 613/381/619 614/383/620
f 596/363/602 615/468/621 606/466/612
f 596/363/602 603/374/609 615/468/621
f 605/465/611 616/469/622 600/364/606
f 600/364/606 616/469/622 610/376/616
f 601/368/607 611/375/617 617/384/623
f 612/382/618 614/383/620 618/395/624
f 612/382/618 619/470/625 603/374/609
f 612/382/618 618/395/624 620/392/626
f 612/382/618 620/392/626 619/470/625
f 619/470/625 615/468/621 603/374/609
f 613/381/619 621/389/627 614/383/620
f 613/381/619 622/390/628 621/389/627
f 621/389/627 618/395/624 614/383/620
f 616/469/622 623/471/629 610/376/616
f 611/375/617 624/386/630 617/384/623
f 611/375/617 610/376/616 625/385/631
f 611/375/617 625/385/631 624/386/630
f 610/376/616 623/471/629 625/385/631
f 617/384/623 624/386/630 622/391/628
f 623/471/629 620/393/626 625/385/631
f 624/386/630 621/396/627 622/391/628
f 624/386/630 625/385/631 618/394/624
f 624/386/630 618/394/624 621/396/627
f 618/394/624 625/385/631 620/393/626
f 626/397/632 627/399/633 628/398/634
f 626/397/632 629/401/635 627/399/633
f 626/397/632 628/398/634 630/400/636
f 626/397/632 622/403/628 629/401/635
f 626/397/632 630/400/636 631/402/637
f 626/397/632 617/405/623 622/403/628
f 626/397/632 631/402/637 608/404/614
f 626/397/632 608/404/614 617/405/623
f 627/399/633 632/406/638 628/398/634
f 627/399/633 633/410/639 632/406/638
f 630/400/636 634/408/640 631/402/637
f 630/400/636 628/398/634 635/407/641
f 630/400/636 635/407/641 634/408/640
f 628/398/634 632/406/638 635/407/641
f 608/404/614 601/409/607 617/405/623
f 633/410/639 636/414/642 632/406/638
f 633/410/639 637/421/643 636/414/642
f 634/408/640 635/407/641 638/411/644
f 634/408/640 638/411/644 639/412/645
f 634/408/640 639/412/645 640/413/646
f 632/406/638 636/414/642 641/415/647
f 632/406/638 641/415/647 635/407/641
f 637/421/643 642/428/648 636/414/642
f 638/411/644 643/416/649 639/412/645
f 638/411/644 635/407/641 644/417/650
f 638/411/644 644/417/650 643/416/649
f 635/407/641 641/415/647 644/417/650
f 640/413/646 639/412/645 645/418/651
f 640/413/646 645/418/651 646/419/652
f 640/413/646 646/419/652 609/420/615
f 642/428/648 647/430/653 636/414/642
f 642/428/648 648/438/654 647/430/653
f 643/416/649 644/417/650 649/422/655
f 643/416/649 650/423/656 639/412/645
f 643/416/649 649/422/655 651/424/657
f 643/416/649 652/425/658 650/423/656
f 643/416/649 651/424/657 652/425/658
f 639/412/645 650/423/656 645/418/651
f 644/417/650 641/415/647 649/422/655
f 646/419/652 613/426/619 609/420/615
f 646/419/652 645/418/651 627/435/633
f 646/419/652 622/437/628 613/426/619
f 646/419/652 627/435/633 629/443/635
f 646/419/652 629/443/635 622/437/628
f 636/414/642 647/430/653 653/429/659
f 636/414/642 653/429/659 641/415/647
f 641/415/647 653/429/659 649/422/655
f 648/438/654 654/444/660 647/430/653
f 651/424/657 655/431/661 652/425/658
f 651/424/657 649/422/655 655/431/661
f 650/423/656 633/436/639 645/418/651
f 650/423/656 652/425/658 637/432/643
f 650/423/656 637/432/643 633/436/639
f 633/436/639 627/435/633 645/418/651
f 609/420/615 613/426/619 597/427/603
f 653/429/659 647/430/653 656/440/662
f 653/429/659 657/439/663 649/422/655
f 653/429/659 656/440/662 658/441/664
f 653/429/659 658/441/664 657/439/663
f 649/422/655 657/439/663 655/431/661
f 654/444/660 659/450/665 647/430/653
f 654/444/660 660/456/666 659/450/665
f 654/444/660 661/457/667 660/456/666
f 647/430/653 659/450/665 656/440/662
f 652/425/658 642/434/648 637/432/643
f 652/425/658 655/431/661 662/433/668
f 652/425/658 662/433/668 642/434/648
f 658/441/664 663/446/669 657/439/663
f 658/441/664 656/440/662 664/445/670
f 658/441/664 665/447/671 663/446/669
f 658/441/664 664/445/670 665/447/671
f 655/431/661 663/446/669 662/433/668
f 655/431/661 657/439/663 663/446/669
f 659/450/665 660/456/666 664/445/670
f 659/450/665 664/445/670 656/440/662
f 661/457/667 666/461/672 660/456/666
f 661/457/667 667/462/673 666/461/672
f 642/434/648 662/433/668 648/442/654
f 665/447/671 668/451/674 663/446/669
f 665/447/671 664/445/670 669/452/675
f 665/447/671 670/453/676 668/451/674
f 665/447/671 669/452/675 671/454/677
f 665/447/671 671/454/677 670/453/676
f 660/456/666 666/461/672 669/452/675
f 660/456/666 669/452/675 664/445/670
f 667/462/673 672/464/678 666/461/672
f 666/461/672 672/464/678 669/452/675
f 662/433/668 673/448/679 648/442/654
f 662/433/668 663/446/669 673/448/679
f 668/451/674 670/453/676 674/459/680
f 668/451/674 675/458/681 663/446/669
f 668/451/674 674/459/680 675/458/681
f 663/446/669 675/458/681 673/448/679
f 671/454/677 669/452/675 676/460/682
f 676/460/682 669/452/675 672/464/678
f 648/442/654 673/448/679 654/449/660
f 674/459/680 667/463/673 675/458/681
f 673/448/679 661/455/667 654/449/660
f 673/448/679 675/458/681 661/455/667
f 661/455/667 675/458/681 667/463/673
f 677/472/683 678/473/684 548/474/554
f 677/472/683 555/475/561 678/473/684
f 677/472/683 548/474/554 679/476/685
f 677/472/683 527/477/533 555/475/561
f 677/472/683 679/476/685 527/477/533
f 548/474/554 528/478/534 679/476/685
f 527/477/533 679/476/685 519/479/525
f 519/479/525 679/476/685 528/478/534
f 680/472/686 631/474/637 681/473/687
f 680/472/686 682/476/688 631/474/637
f 680/472/686 681/473/687 640/475/646
f 680/472/686 609/477/615 682/476/688
f 680/472/686 640/475/646 609/477/615
f 631/474/637 682/476/688 608/478/614
f 609/477/615 599/479/605 682/476/688
f 682/476/688 599/479/605 608/478/614
f 678/480/684 551/481/557 548/482/554
f 678/480/684 555/483/561 551/481/557
f 634/481/640 681/480/687 631/482/637
f 634/481/640 640/483/646 681/480/687
f 683/484/689 684/485/690 685/486/691
f 685/486/691 684/485/690 686/487/692
f 684/485/690 687/488/693 686/487/692
f 686/487/692 687/488/693 688/489/694
f 687/488/693 689/490/695 688/489/694
f 688/489/694 689/490/695 690/491/696
f 689/492/695 691/493/697 690/494/696
f 690/494/696 691/493/697 692/495/698
f 691/493/697 693/496/699 692/495/698
f 692/495/698 693/496/699 694/497/700
f 693/496/699 683/484/689 694/497/700
f 694/497/700 683/484/689 685/486/691
f 685/486/691 686/487/692 695/498/701
f 695/498/701 686/487/692 696/499/702
f 686/487/692 688/489/694 696/499/702
f 696/499/702 688/489/694 697/500/703
f 688/489/694 690/491/696 697/500/703
f 697/500/703 690/491/696 698/501/704
f 690/494/696 692/495/698 698/502/704
f 698/502/704 692/495/698 699/503/705
f 692/495/698 694/497/700 699/503/705
f 699/503/705 694/497/700 700/504/706
f 694/497/700 685/486/691 700/504/706
f 700/504/706 685/486/691 695/498/701
f 684/485/690 683/484/689 701/505/707
f 687/488/693 684/485/690 701/505/707
f 689/490/695 687/488/693 701/505/707
f 691/493/697 689/492/695 701/505/707
f 693/496/699 691/493/697 701/505/707
f 683/484/689 693/496/699 701/505/707
f 695/498/701 696/499/702 702/506/708
f 696/499/702 697/500/703 702/506/708
f 697/500/703 698/501/704 702/506/708
f 698/502/704 699/503/705 702/506/708
f 699/503/705 700/504/706 702/506/708
f 700/504/706 695/498/701 702/506/708
f 703/507/709 704/508/710 705/509/711
f 704/508/710 706/510/712 707/511/713
f 704/508/710 708/512/714 706/510/712
f 709/513/715 710/514/716 708/512/714
f 705/509/711 704/508/710 707/511/713
f 711/508/717 712/511/718 706/510/712
f 711/508/717 706/510/712 708/512/714
f 713/513/719 708/512/714 710/514/716
f 714/509/720 712/511/718 711/508/717
f 708/512/714 715/515/721 709/513/715
f 704/508/710 715/515/721 708/512/714
f 715/515/721 704/508/710 703/507/709
f 716/507/722 714/509/720 711/508/717
f 708/512/714 713/513/719 717/515/723
f 711/508/717 708/512/714 717/515/723
f 717/515/723 716/507/722 711/508/717
f 718/516/724 719/517/725 720/518/726
f 720/518/726 719/517/725 721/519/727
f 721/520/727 719/521/725 722/522/728
f 722/522/728 719/521/725 723/523/729
f 722/522/728 723/523/729 724/524/730
f 724/524/730 723/523/729 725/525/731
f 725/525/731 718/516/724 724/524/730
f 724/524/730 718/516/724 720/518/726
f 718/526/724 726/527/732 719/528/725
f 719/528/725 726/527/732 727/529/733
f 719/530/725 727/531/733 723/532/729
f 723/532/729 727/531/733 728/533/734
f 728/533/734 729/534/735 723/532/729
f 723/532/729 729/534/735 725/535/731
f 729/534/735 726/527/732 725/535/731
f 725/535/731 726/527/732 718/526/724
f 722/536/728 724/537/730 721/538/727
f 720/539/726 721/538/727 724/537/730
f 726/527/732 730/540/736 727/529/733
f 727/529/733 730/540/736 731/541/737
f 732/542/738 728/533/734 731/543/737
f 731/543/737 728/533/734 727/531/733
f 732/542/738 733/544/739 728/533/734
f 728/533/734 733/544/739 729/534/735
f 733/544/739 730/540/736 729/534/735
f 729/534/735 730/540/736 726/527/732
f 732/542/738 731/543/737 734/545/740
f 735/546/741 733/544/739 732/542/738
f 730/540/736 733/544/739 735/546/741
f 735/546/741 732/542/738 734/545/740
f 734/547/740 730/540/736 735/546/741
f 734/547/740 731/541/737 730/540/736
f 736/519/742 737/517/743 738/518/744
f 738/518/744 737/517/743 739/516/745
f 736/520/742 740/522/746 737/521/743
f 737/521/743 740/522/746 741/523/747
f 740/522/746 742/524/748 741/523/747
f 741/523/747 742/524/748 743/525/749
f 738/518/744 739/516/745 742/524/748
f 742/524/748 739/516/745 743/525/749
f 739/526/745 737/528/743 744/527/750
f 744/527/750 737/528/743 745/529/751
f 737/530/743 741/532/747 745/531/751
f 745/531/751 741/532/747 746/533/752
f 743/535/749 747/534/753 741/532/747
f 741/532/747 747/534/753 746/533/752
f 739/526/745 744/527/750 743/535/749
f 743/535/749 744/527/750 747/534/753
f 740/536/746 736/538/742 742/537/748
f 738/539/744 742/537/748 736/538/742
f 744/527/750 745/529/751 748/540/754
f 748/540/754 745/529/751 749/541/755
f 745/531/751 746/533/752 749/543/755
f 749/543/755 746/533/752 750/542/756
f 750/542/756 746/533/752 751/544/757
f 751/544/757 746/533/752 747/534/753
f 744/527/750 748/540/754 747/534/753
f 747/534/753 748/540/754 751/544/757
f 750/542/756 752/545/758 749/543/755
f 753/546/759 750/542/756 751/544/757
f 748/540/754 753/546/759 751/544/757
f 753/546/759 752/545/758 750/542/756
f 752/547/758 753/546/759 748/540/754
f 752/547/758 748/540/754 749/541/755
f 754/548/760 755/549/761 756/550/762
f 756/550/762 755/549/761 757/551/763
f 758/552/764 755/553/761 759/554/765
f 759/554/765 755/553/761 754/555/760
f 754/555/760 756/556/762 759/554/765
f 759/554/765 756/556/762 758/552/764
f 757/557/763 758/552/764 756/556/762
f 755/553/761 758/552/764 757/557/763
f 760/558/766 761/559/767 762/560/768
f 762/560/768 761/559/767 763/561/769
f 762/560/768 763/561/769 764/562/770
f 765/563/771 761/564/767 760/558/766
f 765/563/771 766/565/772 761/566/767
f 761/566/767 766/565/772 763/567/769
f 763/567/769 766/565/772 764/562/770
f 765/563/771 760/558/766 766/565/772
f 766/565/772 760/558/766 762/560/768
f 766/565/772 762/560/768 764/562/770
f 767/568/773 768/569/774 769/570/775
f 769/570/775 768/569/774 770/571/776
f 771/572/777 767/568/773 769/573/775
f 768/569/774 767/568/773 772/574/778
f 772/574/778 767/568/773 771/572/777
f 770/575/776 768/569/774 772/574/778
f 773/551/779 774/549/780 775/550/781
f 775/550/781 774/549/780 776/548/782
f 777/552/783 778/554/784 774/553/780
f 774/553/780 778/554/784 776/555/782
f 777/552/783 775/556/781 778/554/784
f 778/554/784 775/556/781 776/555/782
f 773/557/779 775/556/781 777/552/783
f 774/553/780 773/557/779 777/552/783
f 779/558/785 780/560/786 781/559/787
f 781/559/787 780/560/786 782/561/788
f 780/560/786 783/562/789 782/561/788
f 784/563/790 779/558/785 781/564/787
f 782/567/788 785/565/791 781/566/787
f 781/566/787 785/565/791 784/563/790
f 782/567/788 783/562/789 785/565/791
f 784/563/790 785/565/791 779/558/785
f 779/558/785 785/565/791 780/560/786
f 785/565/791 783/562/789 780/560/786
f 770/571/776 786/569/792 769/570/775
f 769/570/775 786/569/792 787/568/793
f 771/572/777 769/573/775 787/568/793
f 771/572/777 787/568/793 772/574/778
f 772/574/778 787/568/793 786/569/792
f 770/575/776 772/574/778 786/569/792
f 788/576/794 789/577/795 790/578/796
f 789/577/795 791/579/797 790/578/796
f 789/577/795 792/580/798 791/579/797
f 790/578/796 791/579/797 793/581/799
f 792/580/798 794/582/800 791/579/797
f 793/581/799 791/579/797 795/583/801
f 794/582/800 796/584/802 797/585/803
f 791/579/797 794/582/800 797/585/803
f 791/579/797 797/585/803 795/583/801
f 793/581/799 795/583/801 798/586/804
f 796/584/802 799/587/805 797/585/803
f 793/581/799 798/586/804 800/588/806
f 795/583/801 801/589/807 798/586/804
f 796/584/802 802/590/808 799/587/805
f 797/585/803 799/587/805 803/591/809
f 797/585/803 803/591/809 795/583/801
f 800/588/806 798/586/804 804/592/810
f 801/589/807 805/593/811 798/586/804
f 796/584/802 806/594/812 802/590/808
f 799/587/805 807/595/813 803/591/809
f 795/583/801 808/596/814 801/589/807
f 803/591/809 807/595/813 808/596/814
f 803/591/809 808/596/814 795/583/801
f 804/592/810 809/597/815 810/598/816
f 798/586/804 805/593/811 809/597/815
f 798/586/804 809/597/815 804/592/810
f 806/594/812 811/599/817 802/590/808
f 799/587/805 802/590/808 812/600/818
f 799/587/805 812/600/818 807/595/813
f 801/589/807 808/596/814 813/601/819
f 801/589/807 813/601/819 805/593/811
f 810/598/816 814/602/820 789/603/795
f 809/597/815 805/593/811 815/604/821
f 814/602/820 810/598/816 809/597/815
f 814/602/820 815/604/821 789/603/795
f 814/602/820 809/597/815 815/604/821
f 805/593/811 813/601/819 815/604/821
f 811/599/817 816/605/822 802/590/808
f 802/590/808 816/605/822 812/600/818
f 807/595/813 817/606/823 818/607/824
f 807/595/813 818/607/824 808/596/814
f 808/596/814 818/607/824 813/601/819
f 807/595/813 812/600/818 817/606/823
f 810/598/816 789/603/795 788/608/794
f 815/604/821 792/609/798 789/603/795
f 811/599/817 819/610/825 816/605/822
f 818/607/824 820/611/826 821/612/827
f 818/607/824 821/612/827 813/601/819
f 818/607/824 817/606/823 820/611/826
f 812/600/818 816/605/822 822/613/828
f 816/605/822 819/610/825 822/613/828
f 812/600/818 822/613/828 817/606/823
f 815/604/821 813/601/819 823/614/829
f 815/604/821 823/614/829 792/609/798
f 811/599/817 824/615/830 819/610/825
f 821/612/827 820/611/826 825/616/831
f 822/613/828 826/617/832 827/618/833
f 817/606/823 827/618/833 820/611/826
f 817/606/823 822/613/828 827/618/833
f 813/601/819 821/612/827 828/619/834
f 813/601/819 828/619/834 823/614/829
f 792/609/798 823/614/829 794/620/800
f 823/614/829 828/619/834 794/620/800
f 819/610/825 829/621/835 822/613/828
f 822/613/828 829/621/835 826/617/832
f 825/616/831 830/622/836 831/623/837
f 827/618/833 830/622/836 820/611/826
f 820/611/826 830/622/836 825/616/831
f 827/618/833 826/617/832 830/622/836
f 821/612/827 825/616/831 832/624/838
f 825/616/831 831/623/837 832/624/838
f 821/612/827 832/624/838 828/619/834
f 794/620/800 828/619/834 796/625/802
f 819/610/825 833/626/839 829/621/835
f 826/617/832 834/627/840 835/628/841
f 826/617/832 835/628/841 830/622/836
f 830/622/836 835/628/841 831/623/837
f 826/617/832 829/621/835 834/627/840
f 832/624/838 836/629/842 837/630/843
f 828/619/834 832/624/838 837/630/843
f 828/619/834 837/630/843 796/625/802
f 833/626/839 838/631/844 829/621/835
f 829/621/835 838/631/844 834/627/840
f 835/628/841 834/627/840 839/632/845
f 831/623/837 835/628/841 840/633/846
f 835/628/841 839/632/845 840/633/846
f 836/629/842 832/624/838 841/634/847
f 831/623/837 840/633/846 841/634/847
f 831/623/837 841/634/847 832/624/838
f 837/630/843 836/629/842 811/635/817
f 796/625/802 837/630/843 806/636/812
f 806/636/812 837/630/843 811/635/817
f 839/632/845 842/637/848 840/633/846
f 841/634/847 843/638/849 844/639/850
f 843/638/849 840/633/846 842/637/848
f 841/634/847 844/639/850 836/629/842
f 836/629/842 844/639/850 811/635/817
f 841/634/847 840/633/846 843/638/849
f 844/639/850 824/640/830 811/635/817
f 845/576/851 846/578/852 847/577/853
f 846/578/852 848/579/854 847/577/853
f 846/578/852 849/581/855 848/579/854
f 847/577/853 848/579/854 850/580/856
f 849/581/855 851/583/857 848/579/854
f 850/580/856 848/579/854 852/582/858
f 849/581/855 853/586/859 851/583/857
f 848/579/854 854/585/860 852/582/858
f 848/579/854 851/583/857 854/585/860
f 849/581/855 855/588/861 853/586/859
f 852/582/858 854/585/860 856/584/862
f 851/583/857 853/586/859 857/589/863
f 855/588/861 858/592/864 853/586/859
f 854/585/860 859/587/865 856/584/862
f 851/583/857 860/596/866 861/591/867
f 851/583/857 857/589/863 860/596/866
f 854/585/860 861/591/867 859/587/865
f 854/585/860 851/583/857 861/591/867
f 858/592/864 862/598/868 863/597/869
f 858/592/864 863/597/869 853/586/859
f 856/584/862 864/590/870 865/594/871
f 856/584/862 859/587/865 864/590/870
f 857/589/863 853/586/859 866/593/872
f 853/586/859 863/597/869 866/593/872
f 860/596/866 867/601/873 868/607/874
f 857/589/863 866/593/872 867/601/873
f 857/589/863 867/601/873 860/596/866
f 861/591/867 860/596/866 869/595/875
f 860/596/866 868/607/874 869/595/875
f 861/591/867 869/595/875 859/587/865
f 862/598/868 845/608/851 847/603/853
f 865/594/871 864/590/870 870/599/876
f 863/597/869 871/602/877 872/604/878
f 871/602/877 862/598/868 847/603/853
f 871/602/877 863/597/869 862/598/868
f 866/593/872 863/597/869 872/604/878
f 866/593/872 872/604/878 867/601/873
f 871/602/877 847/603/853 872/604/878
f 868/607/874 873/612/879 874/611/880
f 869/595/875 868/607/874 875/606/881
f 868/607/874 867/601/873 873/612/879
f 868/607/874 874/611/880 875/606/881
f 859/587/865 876/600/882 864/590/870
f 869/595/875 875/606/881 876/600/882
f 869/595/875 876/600/882 859/587/865
f 870/599/876 864/590/870 877/605/883
f 864/590/870 876/600/882 877/605/883
f 847/603/853 850/609/856 872/604/878
f 867/601/873 878/619/884 873/612/879
f 874/611/880 879/622/885 880/618/886
f 875/606/881 874/611/880 880/618/886
f 870/599/876 877/605/883 881/610/887
f 876/600/882 882/613/888 877/605/883
f 875/606/881 880/618/886 882/613/888
f 875/606/881 882/613/888 876/600/882
f 877/605/883 882/613/888 881/610/887
f 850/609/856 852/620/858 883/614/889
f 883/614/889 867/601/873 872/604/878
f 883/614/889 852/620/858 878/619/884
f 883/614/889 872/604/878 850/609/856
f 883/614/889 878/619/884 867/601/873
f 873/612/879 884/616/890 874/611/880
f 874/611/880 884/616/890 879/622/885
f 870/599/876 881/610/887 885/615/891
f 880/618/886 879/622/885 886/617/892
f 880/618/886 886/617/892 882/613/888
f 852/620/858 856/625/862 878/619/884
f 873/612/879 887/624/893 884/616/890
f 873/612/879 878/619/884 887/624/893
f 881/610/887 882/613/888 888/621/894
f 882/613/888 886/617/892 888/621/894
f 879/622/885 889/628/895 886/617/892
f 856/625/862 865/636/871 890/630/896
f 878/619/884 890/630/896 887/624/893
f 878/619/884 856/625/862 890/630/896
f 884/616/890 891/623/897 879/622/885
f 879/622/885 891/623/897 889/628/895
f 884/616/890 887/624/893 891/623/897
f 881/610/887 888/621/894 892/626/898
f 886/617/892 889/628/895 893/627/899
f 886/617/892 893/627/899 888/621/894
f 865/636/871 870/635/876 890/630/896
f 887/624/893 894/634/900 891/623/897
f 892/626/898 888/621/894 895/631/901
f 895/631/901 888/621/894 893/627/899
f 889/628/895 891/623/897 896/633/902
f 891/623/897 894/634/900 896/633/902
f 870/635/876 897/629/903 890/630/896
f 887/624/893 890/630/896 897/629/903
f 887/624/893 897/629/903 894/634/900
f 893/627/899 889/628/895 898/632/904
f 889/628/895 896/633/902 898/632/904
f 870/635/876 885/640/891 899/639/905
f 897/629/903 870/635/876 899/639/905
f 897/629/903 899/639/905 894/634/900
f 896/633/902 894/634/900 900/638/906
f 894/634/900 899/639/905 900/638/906
f 898/632/904 896/633/902 901/637/907
f 901/637/907 896/633/902 900/638/906
f 898/641/904 901/642/907 902/643/908
f 901/642/907 903/644/909 902/643/908
f 901/642/907 900/645/906 903/644/909
f 902/643/908 903/644/909 904/646/910
f 900/645/906 905/647/911 906/648/912
f 903/644/909 907/649/913 908/650/914
f 903/644/909 908/650/914 904/646/910
f 903/644/909 900/645/906 907/649/913
f 905/647/911 909/651/915 906/648/912
f 908/650/914 907/649/913 910/652/916
f 908/650/914 910/652/916 904/646/910
f 900/645/906 899/653/905 905/647/911
f 900/645/906 906/648/912 907/649/913
f 909/651/915 905/647/911 911/654/917
f 910/652/916 912/655/918 904/646/910
f 899/653/905 913/656/919 905/647/911
f 905/647/911 913/656/919 911/654/917
f 906/648/912 914/657/920 915/658/921
f 907/649/913 916/659/922 917/660/923
f 910/652/916 917/660/923 912/655/918
f 910/652/916 907/649/913 917/660/923
f 909/651/915 918/661/924 919/662/925
f 909/651/915 911/654/917 918/661/924
f 909/651/915 914/657/920 906/648/912
f 909/651/915 919/662/925 914/657/920
f 899/653/905 885/663/891 920/664/926
f 899/653/905 920/664/926 913/656/919
f 915/658/921 921/648/927 922/665/928
f 915/658/921 922/665/928 906/648/912
f 907/649/913 922/665/928 916/659/922
f 907/649/913 906/648/912 922/665/928
f 915/658/921 914/657/920 921/648/927
f 917/660/923 916/659/922 923/666/929
f 911/654/917 924/667/930 918/661/924
f 911/654/917 913/656/919 924/667/930
f 919/662/925 925/668/931 926/661/932
f 885/663/891 881/669/887 920/664/926
f 922/665/928 921/648/927 927/649/933
f 922/665/928 927/649/933 916/659/922
f 914/657/920 919/662/925 928/651/934
f 919/662/925 918/661/924 925/668/931
f 919/662/925 926/661/932 928/651/934
f 914/657/920 928/651/934 921/648/927
f 923/666/929 916/659/922 929/660/935
f 916/659/922 927/649/933 929/660/935
f 913/656/919 930/670/936 924/667/930
f 913/656/919 920/664/926 930/670/936
f 881/669/887 892/671/898 931/672/937
f 918/661/924 924/667/930 932/673/938
f 918/661/924 932/673/938 925/668/931
f 926/661/932 925/668/931 933/673/939
f 928/651/934 934/654/940 935/647/941
f 928/651/934 935/647/941 921/648/927
f 928/651/934 926/661/932 934/654/940
f 927/649/933 936/644/942 937/650/943
f 929/660/935 938/652/944 939/655/945
f 929/660/935 927/649/933 938/652/944
f 920/664/926 881/669/887 940/674/946
f 881/669/887 931/672/937 940/674/946
f 930/670/936 941/675/947 924/667/930
f 924/667/930 941/675/947 932/673/938
f 892/671/898 895/676/901 942/677/948
f 925/668/931 943/678/949 933/673/939
f 925/668/931 932/673/938 943/678/949
f 935/647/941 934/654/940 944/656/950
f 921/648/927 935/647/941 843/645/849
f 927/649/933 843/645/849 936/644/942
f 927/649/933 937/650/943 938/652/944
f 927/649/933 921/648/927 843/645/849
f 926/661/932 933/673/939 945/667/951
f 934/654/940 926/661/932 945/667/951
f 934/654/940 945/667/951 944/656/950
f 939/655/945 938/652/944 946/646/952
f 937/650/943 936/644/942 946/646/952
f 937/650/943 946/646/952 938/652/944
f 920/664/926 947/679/953 930/670/936
f 930/670/936 947/679/953 941/675/947
f 931/672/937 892/671/898 948/680/954
f 948/680/954 892/671/898 942/677/948
f 940/674/946 949/681/955 920/664/926
f 920/664/926 949/681/955 947/679/953
f 940/674/946 931/672/937 949/681/955
f 895/676/901 893/682/899 950/683/956
f 932/673/938 951/684/957 943/678/949
f 932/673/938 941/675/947 951/684/957
f 935/647/941 844/653/850 843/645/849
f 935/647/941 944/656/950 844/653/850
f 933/673/939 943/678/949 952/684/958
f 945/667/951 953/670/959 944/656/950
f 936/644/942 842/642/848 954/643/960
f 936/644/942 954/643/960 946/646/952
f 936/644/942 843/645/849 842/642/848
f 942/677/948 895/676/901 955/685/961
f 947/679/953 956/686/962 941/675/947
f 947/679/953 949/681/955 956/686/962
f 893/682/899 898/687/904 950/683/956
f 951/684/957 957/688/963 943/678/949
f 943/678/949 957/688/963 952/684/958
f 844/653/850 958/664/964 824/663/830
f 944/656/950 953/670/959 958/664/964
f 944/656/950 958/664/964 844/653/850
f 933/673/939 952/684/958 959/675/965
f 945/667/951 959/675/965 953/670/959
f 945/667/951 933/673/939 959/675/965
f 954/643/960 842/642/848 839/641/845
f 895/676/901 960/689/966 955/685/961
f 895/676/901 950/683/956 960/689/966
f 941/675/947 961/690/967 951/684/957
f 941/675/947 956/686/962 961/690/967
f 898/687/904 902/691/908 950/683/956
f 957/688/963 962/692/968 952/684/958
f 824/663/830 958/664/964 819/669/825
f 953/670/959 963/679/969 958/664/964
f 953/670/959 959/675/965 963/679/969
f 955/685/961 960/689/966 964/693/970
f 951/684/957 965/692/971 957/688/963
f 951/684/957 961/690/967 965/692/971
f 902/691/908 904/694/910 950/683/956
f 960/689/966 950/683/956 904/694/910
f 960/689/966 904/694/910 964/693/970
f 962/692/968 957/688/963 966/695/972
f 966/695/972 957/688/963 965/692/971
f 952/684/958 962/692/968 967/690/973
f 952/684/958 967/690/973 959/675/965
f 819/669/825 968/672/974 833/671/839
f 958/664/964 969/674/975 819/669/825
f 819/669/825 969/674/975 968/672/974
f 963/679/969 959/675/965 970/686/976
f 959/675/965 967/690/973 970/686/976
f 904/694/910 912/696/918 964/693/970
f 833/671/839 971/677/977 838/676/844
f 958/664/964 972/681/978 969/674/975
f 972/681/978 968/672/974 969/674/975
f 972/681/978 963/679/969 970/686/976
f 963/679/969 972/681/978 958/664/964
f 833/671/839 973/680/979 971/677/977
f 973/680/979 833/671/839 968/672/974
f 838/676/844 974/683/980 834/682/840
f 971/677/977 975/685/981 838/676/844
f 974/683/980 839/687/845 834/682/840
f 975/685/981 976/689/982 838/676/844
f 838/676/844 976/689/982 974/683/980
f 839/687/845 974/683/980 954/691/960
f 975/685/981 977/693/983 976/689/982
f 974/683/980 976/689/982 946/694/952
f 976/689/982 977/693/983 946/694/952
f 974/683/980 946/694/952 954/691/960
f 977/693/983 939/696/945 946/694/952
f 978/697/984 979/698/985 980/699/986
f 979/698/985 966/700/972 981/701/987
f 979/698/985 981/701/987 980/699/986
f 966/700/972 982/698/988 981/701/987
f 981/701/987 982/698/988 980/699/986
f 982/698/988 983/697/989 980/699/986
f 955/702/961 984/703/990 942/704/948
f 984/703/990 985/705/991 948/706/954
f 984/703/990 948/706/954 942/704/948
f 985/705/991 986/707/992 948/706/954
f 985/705/991 987/708/993 986/707/992
f 948/706/954 986/707/992 988/709/994
f 987/708/993 989/710/995 990/711/996
f 987/708/993 990/711/996 986/707/992
f 948/706/954 988/709/994 931/712/937
f 989/710/995 991/711/997 992/713/998
f 990/711/996 989/710/995 993/713/999
f 986/707/992 990/711/996 994/714/1000
f 990/711/996 993/713/999 994/714/1000
f 988/709/994 995/715/1001 931/712/937
f 991/711/997 996/714/1002 992/713/998
f 989/710/995 992/713/998 997/716/1003
f 986/707/992 998/717/1004 988/709/994
f 988/709/994 998/717/1004 995/715/1001
f 986/707/992 994/714/1000 998/717/1004
f 993/713/999 999/718/1005 1000/719/1006
f 993/713/999 989/710/995 997/716/1003
f 993/713/999 1000/719/1006 994/714/1000
f 993/713/999 997/716/1003 999/718/1005
f 931/712/937 995/715/1001 949/720/955
f 991/711/997 1001/707/1007 996/714/1002
f 992/713/998 996/714/1002 1002/719/1008
f 998/717/1004 994/714/1000 1003/721/1009
f 994/714/1000 1000/719/1006 1003/721/1009
f 989/710/995 1004/708/1010 991/711/997
f 991/711/997 1004/708/1010 1001/707/1007
f 997/716/1003 992/713/998 1005/718/1011
f 992/713/998 1002/719/1008 1005/718/1011
f 999/718/1005 1006/722/1012 1000/719/1006
f 995/715/1001 1007/723/1013 949/720/955
f 998/717/1004 1007/723/1013 995/715/1001
f 998/717/1004 1003/721/1009 1007/723/1013
f 996/714/1002 1008/717/1014 1009/721/1015
f 996/714/1002 1001/707/1007 1008/717/1014
f 996/714/1002 1009/721/1015 1002/719/1008
f 1004/708/1010 1010/705/1016 1001/707/1007
f 997/716/1003 1005/718/1011 1011/724/1017
f 999/718/1005 1011/724/1017 1006/722/1012
f 999/718/1005 997/716/1003 1011/724/1017
f 1000/719/1006 1006/722/1012 1012/725/1018
f 1000/719/1006 1012/725/1018 1003/721/1009
f 949/720/955 1007/723/1013 1013/726/1019
f 1008/717/1014 1014/723/1020 1009/721/1015
f 1002/719/1008 1015/722/1021 1005/718/1011
f 1005/718/1011 1015/722/1021 1011/724/1017
f 1010/705/1016 973/706/979 1001/707/1007
f 1006/722/1012 1016/727/1022 1017/728/1023
f 1012/725/1018 1018/729/1024 1003/721/1009
f 949/720/955 1013/726/1019 956/730/962
f 1007/723/1013 1003/721/1009 1019/731/1025
f 1003/721/1009 1018/729/1024 1019/731/1025
f 1007/723/1013 1019/731/1025 1013/726/1019
f 1008/717/1014 1020/715/1026 1014/723/1020
f 1009/721/1015 1021/725/1027 1002/719/1008
f 1002/719/1008 1021/725/1027 1015/722/1021
f 1011/724/1017 1015/722/1021 1022/732/1028
f 1022/732/1028 1016/727/1022 1006/722/1012
f 1006/722/1012 1017/728/1023 1012/725/1018
f 1022/732/1028 1006/722/1012 1011/724/1017
f 1022/732/1028 1015/722/1021 1016/727/1022
f 1010/705/1016 1023/703/1029 973/706/979
f 1001/707/1007 1024/709/1030 1008/717/1014
f 1008/717/1014 1024/709/1030 1020/715/1026
f 1001/707/1007 973/706/979 1024/709/1030
f 956/730/962 1013/726/1019 1025/733/1031
f 1013/726/1019 1019/731/1025 1025/733/1031
f 1018/729/1024 1012/725/1018 1026/734/1032
f 1019/731/1025 1026/734/1032 1025/733/1031
f 1019/731/1025 1018/729/1024 1026/734/1032
f 1012/725/1018 1017/728/1023 1026/734/1032
f 1014/723/1020 1027/731/1033 1009/721/1015
f 1021/725/1027 1009/721/1015 1028/729/1034
f 1009/721/1015 1027/731/1033 1028/729/1034
f 1015/722/1021 1029/728/1035 1016/727/1022
f 1015/722/1021 1021/725/1027 1029/728/1035
f 1023/703/1029 975/702/981 971/704/977
f 971/704/977 973/706/979 1023/703/1029
f 1020/715/1026 1024/709/1030 968/712/974
f 1024/709/1030 973/706/979 968/712/974
f 956/730/962 1025/733/1031 961/735/967
f 1017/728/1023 1030/736/1036 1031/737/1037
f 1017/728/1023 1031/737/1037 1026/734/1032
f 1016/727/1022 1029/728/1035 1030/736/1036
f 1016/727/1022 1030/736/1036 1017/728/1023
f 1014/723/1020 1032/726/1038 1027/731/1033
f 1028/729/1034 1033/734/1039 1021/725/1027
f 1021/725/1027 1033/734/1039 1029/728/1035
f 1028/729/1034 1027/731/1033 1033/734/1039
f 1020/715/1026 968/712/974 972/720/978
f 1014/723/1020 972/720/978 1032/726/1038
f 1014/723/1020 1020/715/1026 972/720/978
f 1025/733/1031 1026/734/1032 1034/738/1040
f 961/735/967 1025/733/1031 1035/739/1041
f 1025/733/1031 1034/738/1040 1035/739/1041
f 1031/737/1037 1036/740/1042 1037/741/1043
f 1030/736/1036 1029/728/1035 1038/737/1044
f 1030/736/1036 1036/740/1042 1031/737/1037
f 1030/736/1036 1038/737/1044 1036/740/1042
f 1029/728/1035 1033/734/1039 1038/737/1044
f 1027/731/1033 1039/733/1045 1033/734/1039
f 1027/731/1033 1032/726/1038 1039/733/1045
f 972/720/978 970/730/976 1032/726/1038
f 1032/726/1038 970/730/976 1039/733/1045
f 1026/734/1032 1031/737/1037 1040/742/1046
f 1026/734/1032 1040/742/1046 1034/738/1040
f 961/735/967 1035/739/1041 965/743/971
f 1037/741/1043 1041/744/1047 1031/737/1037
f 1031/737/1037 1041/744/1047 1040/742/1046
f 1036/740/1042 1038/737/1044 1042/741/1048
f 1033/734/1039 1043/742/1049 1038/737/1044
f 970/730/976 967/735/973 1039/733/1045
f 1034/738/1040 1040/742/1046 1044/745/1050
f 1040/742/1046 1041/744/1047 1044/745/1050
f 1034/738/1040 1044/745/1050 1035/739/1041
f 965/743/971 1035/739/1041 1045/746/1051
f 1037/741/1043 1046/747/1052 1041/744/1047
f 1036/740/1042 1042/741/1048 1047/748/1053
f 1037/741/1043 1047/748/1053 1046/747/1052
f 1037/741/1043 1036/740/1042 1047/748/1053
f 1033/734/1039 1039/733/1045 1048/738/1054
f 1033/734/1039 1048/738/1054 1043/742/1049
f 1038/737/1044 1049/744/1055 1042/741/1048
f 1038/737/1044 1043/742/1049 1049/744/1055
f 967/735/973 1050/739/1056 1039/733/1045
f 1039/733/1045 1050/739/1056 1048/738/1054
f 1044/745/1050 1051/749/1057 1052/750/1058
f 1041/744/1047 1046/747/1052 1051/749/1057
f 1041/744/1047 1051/749/1057 1044/745/1050
f 965/743/971 1045/746/1051 966/751/972
f 1035/739/1041 1044/745/1050 1053/752/1059
f 1044/745/1050 1052/750/1058 1053/752/1059
f 1035/739/1041 1053/752/1059 1045/746/1051
f 1047/748/1053 1042/741/1048 1054/747/1060
f 1042/741/1048 1049/744/1055 1054/747/1060
f 1043/742/1049 1048/738/1054 1055/745/1061
f 1048/738/1054 1050/739/1056 1055/745/1061
f 1043/742/1049 1055/745/1061 1049/744/1055
f 967/735/973 962/743/968 1050/739/1056
f 1046/747/1052 1056/753/1062 1051/749/1057
f 966/751/972 1057/746/1063 962/743/968
f 962/743/968 1057/746/1063 1050/739/1056
f 1052/750/1058 1051/749/1057 1058/754/1064
f 1051/749/1057 1056/753/1062 1058/754/1064
f 1053/752/1059 1052/750/1058 1059/755/1065
f 1045/746/1051 1053/752/1059 1060/756/1066
f 1053/752/1059 1059/755/1065 1060/756/1066
f 1047/748/1053 1054/747/1060 1061/757/1067
f 1046/747/1052 1061/757/1067 1056/753/1062
f 1046/747/1052 1047/748/1053 1061/757/1067
f 1055/745/1061 1062/750/1068 1063/749/1069
f 1049/744/1055 1063/749/1069 1054/747/1060
f 1049/744/1055 1055/745/1061 1063/749/1069
f 966/751/972 979/758/985 1057/746/1063
f 1050/739/1056 1064/752/1070 1055/745/1061
f 1055/745/1061 1064/752/1070 1062/750/1068
f 1050/739/1056 1057/746/1063 1064/752/1070
f 1058/754/1064 1065/759/1071 1052/750/1058
f 1052/750/1058 1065/759/1071 1059/755/1065
f 1045/746/1051 982/758/988 966/751/972
f 1045/746/1051 1060/756/1066 982/758/988
f 1061/757/1067 1054/747/1060 1066/753/1072
f 1054/747/1060 1063/749/1069 1066/753/1072
f 979/758/985 1067/756/1073 1057/746/1063
f 1057/746/1063 1067/756/1073 1064/752/1070
f 1062/750/1068 1068/759/1074 1069/754/1075
f 1069/754/1075 1066/753/1072 1063/749/1069
f 1063/749/1069 1062/750/1068 1069/754/1075
f 1065/759/1071 1070/760/1076 1059/755/1065
f 1060/756/1066 1059/755/1065 983/761/989
f 983/761/989 982/758/988 1060/756/1066
f 983/761/989 1059/755/1065 1070/760/1076
f 979/758/985 978/761/984 1067/756/1073
f 1064/752/1070 1071/755/1077 1062/750/1068
f 1067/756/1073 978/761/984 1071/755/1077
f 1067/756/1073 1071/755/1077 1064/752/1070
f 1062/750/1068 1071/755/1077 1068/759/1074
f 978/761/984 1072/760/1078 1071/755/1077
f 1071/755/1077 1072/760/1078 1068/759/1074
f 989/762/995 1073/763/1079 1004/764/1010
f 989/762/995 987/764/993 1073/763/1079
f 1004/764/1010 1073/763/1079 1074/765/1080
f 987/764/993 1075/765/1081 1073/763/1079
f 1004/764/1010 1074/765/1080 1010/766/1016
f 987/764/993 985/766/991 1075/765/1081
f 1073/763/1079 709/767/715 1074/765/1080
f 1010/766/1016 1074/765/1080 1023/768/1029
f 985/766/991 984/768/990 1075/765/1081
f 1073/763/1079 710/769/716 709/767/715
f 1074/765/1080 709/767/715 715/770/721
f 1074/765/1080 715/770/721 1023/768/1029
f 984/768/990 955/771/961 717/770/723
f 984/768/990 717/770/723 1075/765/1081
f 1073/763/1079 1075/765/1081 713/767/719
f 713/767/719 710/769/716 1073/763/1079
f 713/767/719 1075/765/1081 717/770/723
f 715/770/721 703/772/709 977/773/983
f 1023/768/1029 715/770/721 975/771/981
f 975/771/981 715/770/721 977/773/983
f 955/771/961 964/773/970 717/770/723
f 703/772/709 705/774/711 939/775/945
f 703/772/709 939/775/945 977/773/983
f 964/773/970 716/772/722 717/770/723
f 705/774/711 1076/776/1082 939/775/945
f 964/773/970 912/775/918 716/772/722
f 1076/776/1082 929/777/935 939/775/945
f 912/775/918 917/777/923 1077/776/1083
f 716/772/722 912/775/918 714/774/720
f 714/774/720 912/775/918 1077/776/1083
f 1076/776/1082 1078/778/1084 929/777/935
f 1077/776/1083 917/777/923 1078/778/1084
f 929/777/935 1078/778/1084 923/779/929
f 923/779/929 1078/778/1084 917/777/923
f 1079/780/1085 1080/781/1086 1081/782/1087
f 1079/780/1085 1082/783/1088 1080/781/1086
f 1079/780/1085 1081/782/1087 1083/784/1089
f 1079/780/1085 1084/785/1090 1082/783/1088
f 1079/780/1085 1083/784/1089 1085/786/1091
f 1079/780/1085 1086/787/1092 1084/785/1090
f 1079/780/1085 1085/786/1091 1087/788/1093
f 1079/780/1085 1088/789/1094 1086/787/1092
f 1079/780/1085 1087/788/1093 1088/789/1094
f 1080/781/1086 1089/790/1095 1081/782/1087
f 1080/781/1086 1082/783/1088 1090/791/1096
f 1080/781/1086 1091/792/1097 1089/790/1095
f 1080/781/1086 1090/791/1096 1092/793/1098
f 1080/781/1086 1092/793/1098 1091/792/1097
f 1083/784/1089 1093/794/1099 1085/786/1091
f 1083/784/1089 1081/782/1087 1094/795/1100
f 1083/784/1089 1095/796/1101 1093/794/1099
f 1083/784/1089 1094/795/1100 1095/796/1101
f 1087/788/1093 1096/797/1102 1088/789/1094
f 1087/788/1093 1085/786/1091 1096/797/1102
f 1096/797/1102 1085/786/1091 1093/794/1099
f 1089/790/1095 1091/792/1097 1097/798/1103
f 1089/790/1095 1098/799/1104 1081/782/1087
f 1089/790/1095 1097/798/1103 1099/800/1105
f 1089/790/1095 1100/801/1106 1098/799/1104
f 1089/790/1095 1099/800/1105 1101/802/1107
f 1089/790/1095 1101/802/1107 1100/801/1106
f 1098/799/1104 1094/795/1100 1081/782/1087
f 1090/791/1096 1102/803/1108 1092/793/1098
f 1091/792/1097 1103/804/1109 1097/798/1103
f 1091/792/1097 1092/793/1098 1103/804/1109
f 1099/800/1105 1097/798/1103 1104/805/1110
f 1097/798/1103 1103/804/1109 1104/805/1110
f 1102/803/1108 1105/806/1111 1092/793/1098
f 1103/804/1109 1106/807/1112 1104/805/1110
f 1103/804/1109 1092/793/1098 1107/808/1113
f 1103/804/1109 1108/809/1114 1106/807/1112
f 1103/804/1109 1107/808/1113 1108/809/1114
f 1107/808/1113 1092/793/1098 1105/806/1111
f 1104/805/1110 1106/807/1112 1109/810/1115
f 1108/809/1114 1110/811/1116 1106/807/1112
f 1109/810/1115 1106/807/1112 1111/812/1117
f 1109/810/1115 1111/812/1117 1112/813/1118
f 1109/810/1115 1112/813/1118 1113/814/1119
f 1106/807/1112 1110/811/1116 1111/812/1117
f 1112/813/1118 1114/815/1120 1113/814/1119
f 1112/813/1118 1111/812/1117 1115/816/1121
f 1112/813/1118 1115/816/1121 1114/815/1120
f 1111/812/1117 1110/811/1116 1115/816/1121
f 1113/814/1119 1114/815/1120 1116/817/1122
f 1113/814/1119 1116/817/1122 1117/818/1123
f 1115/816/1121 1118/819/1124 1114/815/1120
f 1116/817/1122 1119/820/1125 1117/818/1123
f 1119/820/1125 1120/821/1126 1117/818/1123
f 1119/820/1125 1121/822/1127 1120/821/1126
f 1121/822/1127 1122/823/1128 1120/821/1126
f 1121/822/1127 1123/824/1129 1122/823/1128
f 1121/822/1127 1124/825/1130 1123/824/1129
f 1121/822/1127 1125/826/1131 1124/825/1130
f 1121/822/1127 1126/827/1132 1125/826/1131
f 1122/823/1128 1123/824/1129 1101/828/1107
f 1124/825/1130 1125/826/1131 1082/829/1088
f 1124/825/1130 1100/830/1106 1123/824/1129
f 1124/825/1130 1082/829/1088 1098/831/1104
f 1124/825/1130 1098/831/1104 1100/830/1106
f 1100/830/1106 1101/828/1107 1123/824/1129
f 1126/827/1132 1127/832/1133 1125/826/1131
f 1082/829/1088 1094/833/1100 1098/831/1104
f 1082/829/1088 1125/826/1131 1090/834/1096
f 1082/829/1088 1084/835/1090 1094/833/1100
f 1125/826/1131 1127/832/1133 1090/834/1096
f 1084/835/1090 1086/836/1092 1094/833/1100
f 1127/832/1133 1102/837/1108 1090/834/1096
f 1086/836/1092 1095/838/1101 1094/833/1100
f 1086/836/1092 1088/839/1094 1095/838/1101
f 1088/839/1094 1093/840/1099 1095/838/1101
f 1088/839/1094 1096/841/1102 1093/840/1099
f 1128/780/1134 1129/782/1135 1130/781/1136
f 1128/780/1134 1131/784/1137 1129/782/1135
f 1128/780/1134 1130/781/1136 1132/783/1138
f 1128/780/1134 1133/786/1139 1131/784/1137
f 1128/780/1134 1132/783/1138 1134/785/1140
f 1128/780/1134 1135/788/1141 1133/786/1139
f 1128/780/1134 1134/785/1140 1136/787/1142
f 1128/780/1134 1137/789/1143 1135/788/1141
f 1128/780/1134 1136/787/1142 1137/789/1143
f 1129/782/1135 1138/790/1144 1130/781/1136
f 1129/782/1135 1131/784/1137 1139/795/1145
f 1129/782/1135 1140/799/1146 1138/790/1144
f 1129/782/1135 1139/795/1145 1140/799/1146
f 1132/783/1138 1130/781/1136 1141/791/1147
f 1133/786/1139 1135/788/1141 1142/797/1148
f 1133/786/1139 1143/794/1149 1131/784/1137
f 1133/786/1139 1142/797/1148 1143/794/1149
f 1142/797/1148 1135/788/1141 1137/789/1143
f 1138/790/1144 1140/799/1146 1144/801/1150
f 1138/790/1144 1145/792/1151 1130/781/1136
f 1138/790/1144 1144/801/1150 1146/802/1152
f 1138/790/1144 1147/798/1153 1145/792/1151
f 1138/790/1144 1146/802/1152 1148/800/1154
f 1138/790/1144 1148/800/1154 1147/798/1153
f 1139/795/1145 1131/784/1137 1149/796/1155
f 1149/796/1155 1131/784/1137 1143/794/1149
f 1141/791/1147 1130/781/1136 1150/793/1156
f 1141/791/1147 1150/793/1156 1151/803/1157
f 1130/781/1136 1145/792/1151 1150/793/1156
f 1148/800/1154 1152/805/1158 1147/798/1153
f 1151/803/1157 1150/793/1156 1153/806/1159
f 1145/792/1151 1147/798/1153 1154/804/1160
f 1145/792/1151 1154/804/1160 1150/793/1156
f 1147/798/1153 1152/805/1158 1154/804/1160
f 1153/806/1159 1150/793/1156 1155/808/1161
f 1150/793/1156 1154/804/1160 1155/808/1161
f 1152/805/1158 1156/807/1162 1154/804/1160
f 1152/805/1158 1157/810/1163 1156/807/1162
f 1155/808/1161 1154/804/1160 1158/809/1164
f 1154/804/1160 1156/807/1162 1158/809/1164
f 1157/810/1163 1159/812/1165 1156/807/1162
f 1157/810/1163 1160/813/1166 1159/812/1165
f 1157/810/1163 1161/814/1167 1160/813/1166
f 1158/809/1164 1156/807/1162 1162/811/1168
f 1156/807/1162 1159/812/1165 1162/811/1168
f 1161/814/1167 1163/815/1169 1160/813/1166
f 1161/814/1167 1164/817/1170 1163/815/1169
f 1161/814/1167 1165/818/1171 1164/817/1170
f 1159/812/1165 1166/816/1172 1162/811/1168
f 1159/812/1165 1160/813/1166 1166/816/1172
f 1160/813/1166 1163/815/1169 1166/816/1172
f 1165/818/1171 1167/820/1173 1164/817/1170
f 1165/818/1171 1168/821/1174 1167/820/1173
f 1163/815/1169 1169/819/1175 1166/816/1172
f 1168/821/1174 1170/822/1176 1167/820/1173
f 1168/821/1174 1171/823/1177 1170/822/1176
f 1171/823/1177 1172/824/1178 1170/822/1176
f 1171/823/1177 1146/828/1152 1172/824/1178
f 1170/822/1176 1172/824/1178 1173/825/1179
f 1170/822/1176 1173/825/1179 1174/826/1180
f 1170/822/1176 1174/826/1180 1175/827/1181
f 1146/828/1152 1144/830/1150 1172/824/1178
f 1172/824/1178 1144/830/1150 1173/825/1179
f 1174/826/1180 1176/832/1182 1175/827/1181
f 1174/826/1180 1173/825/1179 1132/829/1138
f 1174/826/1180 1141/834/1147 1176/832/1182
f 1174/826/1180 1132/829/1138 1141/834/1147
f 1144/830/1150 1140/831/1146 1173/825/1179
f 1173/825/1179 1140/831/1146 1132/829/1138
f 1176/832/1182 1141/834/1147 1151/837/1157
f 1140/831/1146 1139/833/1145 1132/829/1138
f 1139/833/1145 1134/835/1140 1132/829/1138
f 1139/833/1145 1136/836/1142 1134/835/1140
f 1139/833/1145 1149/838/1155 1136/836/1142
f 1149/838/1155 1137/839/1143 1136/836/1142
f 1149/838/1155 1143/840/1149 1137/839/1143
f 1143/840/1149 1142/841/1148 1137/839/1143
f 1177/842/1183 1168/843/1174 1165/844/1171
f 1177/842/1183 1178/845/1184 1168/843/1174
f 1177/842/1183 1165/844/1171 1161/846/1167
f 1177/842/1183 1179/847/1185 1178/845/1184
f 1177/842/1183 1161/846/1167 1180/848/1186
f 1177/842/1183 1181/849/1187 1179/847/1185
f 1177/842/1183 1180/848/1186 1181/849/1187
f 1168/843/1174 1178/845/1184 1171/850/1177
f 1161/846/1167 1157/851/1163 1180/848/1186
f 1179/847/1185 1181/849/1187 1182/852/1188
f 1179/847/1185 1182/852/1188 1183/853/1189
f 1157/851/1163 1184/854/1190 1180/848/1186
f 1157/851/1163 1152/855/1158 1184/854/1190
f 1181/849/1187 1185/856/1191 1182/852/1188
f 1181/849/1187 1180/848/1186 1186/857/1192
f 1181/849/1187 1186/857/1192 1185/856/1191
f 1180/848/1186 1184/854/1190 1186/857/1192
f 1183/853/1189 1182/852/1188 1187/858/1193
f 1183/853/1189 1187/858/1193 1188/859/1194
f 1152/855/1158 1189/860/1195 1184/854/1190
f 1152/855/1158 1148/861/1154 1189/860/1195
f 1185/856/1191 1186/857/1192 1190/862/1196
f 1185/856/1191 1191/863/1197 1182/852/1188
f 1185/856/1191 1190/862/1196 1192/864/1198
f 1185/856/1191 1192/864/1198 1191/863/1197
f 1182/852/1188 1191/863/1197 1187/858/1193
f 1188/859/1194 1187/858/1193 810/598/816
f 1188/859/1194 810/598/816 788/608/794
f 1184/854/1190 1189/860/1195 1193/865/1199
f 1184/854/1190 1193/865/1199 1186/857/1192
f 1186/857/1192 1193/865/1199 1190/862/1196
f 1148/861/1154 1194/866/1200 1189/860/1195
f 1148/861/1154 1146/867/1152 1194/866/1200
f 1192/864/1198 800/588/806 1191/863/1197
f 1192/864/1198 1190/862/1196 1195/868/1201
f 1192/864/1198 1196/869/1202 800/588/806
f 1192/864/1198 1195/868/1201 1196/869/1202
f 1187/858/1193 804/592/810 810/598/816
f 1187/858/1193 1191/863/1197 804/592/810
f 804/592/810 1191/863/1197 800/588/806
f 1193/865/1199 1189/860/1195 1197/870/1203
f 1193/865/1199 1197/870/1203 1190/862/1196
f 1190/862/1196 1197/870/1203 1195/868/1201
f 1189/860/1195 1194/866/1200 1197/870/1203
f 1146/867/1152 1198/871/1204 1194/866/1200
f 1146/867/1152 1171/872/1177 1198/871/1204
f 1196/869/1202 793/581/799 800/588/806
f 1196/869/1202 1195/868/1201 1199/873/1205
f 1196/869/1202 1200/874/1206 793/581/799
f 1196/869/1202 1199/873/1205 1200/874/1206
f 1197/870/1203 1194/866/1200 1201/875/1207
f 1197/870/1203 1201/875/1207 1195/868/1201
f 1195/868/1201 1201/875/1207 1199/873/1205
f 1194/866/1200 1198/871/1204 1201/875/1207
f 1171/872/1177 1178/876/1184 1198/871/1204
f 793/581/799 1200/874/1206 790/578/796
f 1199/873/1205 1201/875/1207 1179/877/1185
f 1199/873/1205 1183/878/1189 1200/874/1206
f 1199/873/1205 1179/877/1185 1183/878/1189
f 1179/877/1185 1198/871/1204 1178/876/1184
f 1179/877/1185 1201/875/1207 1198/871/1204
f 790/578/796 1200/874/1206 1188/879/1194
f 790/578/796 1188/879/1194 788/576/794
f 1188/879/1194 1200/874/1206 1183/878/1189
f 1202/842/1208 1117/844/1123 1120/843/1126
f 1202/842/1208 1113/846/1119 1117/844/1123
f 1202/842/1208 1120/843/1126 1203/845/1209
f 1202/842/1208 1204/848/1210 1113/846/1119
f 1202/842/1208 1203/845/1209 1205/847/1211
f 1202/842/1208 1206/849/1212 1204/848/1210
f 1202/842/1208 1205/847/1211 1206/849/1212
f 1120/843/1126 1122/850/1128 1203/845/1209
f 1113/846/1119 1204/848/1210 1109/851/1115
f 1205/847/1211 1207/852/1213 1206/849/1212
f 1205/847/1211 1208/853/1214 1207/852/1213
f 1204/848/1210 1209/854/1215 1109/851/1115
f 1204/848/1210 1206/849/1212 1210/857/1216
f 1204/848/1210 1210/857/1216 1209/854/1215
f 1208/853/1214 1211/858/1217 1207/852/1213
f 1208/853/1214 1212/859/1218 1211/858/1217
f 1109/851/1115 1209/854/1215 1104/855/1110
f 1206/849/1212 1213/856/1219 1210/857/1216
f 1206/849/1212 1207/852/1213 1213/856/1219
f 1212/859/1218 862/598/868 1211/858/1217
f 1212/859/1218 845/608/851 862/598/868
f 1209/854/1215 1214/860/1220 1104/855/1110
f 1209/854/1215 1210/857/1216 1215/865/1221
f 1209/854/1215 1215/865/1221 1214/860/1220
f 1207/852/1213 1216/863/1222 1213/856/1219
f 1207/852/1213 1211/858/1217 1216/863/1222
f 862/598/868 858/592/864 1211/858/1217
f 1211/858/1217 858/592/864 1216/863/1222
f 1104/855/1110 1214/860/1220 1099/861/1105
f 1210/857/1216 1217/862/1223 1215/865/1221
f 1210/857/1216 1213/856/1219 1217/862/1223
f 858/592/864 855/588/861 1216/863/1222
f 1214/860/1220 1218/866/1224 1099/861/1105
f 1214/860/1220 1215/865/1221 1219/870/1225
f 1214/860/1220 1219/870/1225 1218/866/1224
f 1215/865/1221 1217/862/1223 1219/870/1225
f 1213/856/1219 1216/863/1222 1220/864/1226
f 1213/856/1219 1220/864/1226 1217/862/1223
f 1216/863/1222 855/588/861 1220/864/1226
f 1099/861/1105 1218/866/1224 1101/867/1107
f 1219/870/1225 1217/862/1223 1221/868/1227
f 1219/870/1225 1222/875/1228 1218/866/1224
f 1219/870/1225 1221/868/1227 1222/875/1228
f 1217/862/1223 1220/864/1226 1221/868/1227
f 855/588/861 1223/869/1229 1220/864/1226
f 855/588/861 849/581/855 1223/869/1229
f 1220/864/1226 1223/869/1229 1221/868/1227
f 1101/867/1107 1218/866/1224 1224/871/1230
f 1101/867/1107 1224/871/1230 1122/872/1128
f 1218/866/1224 1222/875/1228 1224/871/1230
f 849/581/855 1225/874/1231 1223/869/1229
f 849/581/855 846/578/852 1225/874/1231
f 1221/868/1227 1226/873/1232 1222/875/1228
f 1221/868/1227 1223/869/1229 1226/873/1232
f 1223/869/1229 1225/874/1231 1226/873/1232
f 1122/872/1128 1224/871/1230 1203/876/1209
f 846/578/852 1212/879/1218 1225/874/1231
f 846/578/852 845/576/851 1212/879/1218
f 1222/875/1228 1226/873/1232 1205/877/1211
f 1222/875/1228 1205/877/1211 1224/871/1230
f 1224/871/1230 1205/877/1211 1203/876/1209
f 1225/874/1231 1212/879/1218 1208/878/1214
f 1225/874/1231 1208/878/1214 1226/873/1232
f 1226/873/1232 1208/878/1214 1205/877/1211
f 1227/880/1233 1228/881/1234 1229/882/1235
f 1227/880/1233 1230/883/1236 1228/881/1234
f 1227/880/1233 1229/882/1235 1231/884/1237
f 1227/880/1233 1232/885/1238 1230/883/1236
f 1227/880/1233 1231/884/1237 1233/886/1239
f 1227/880/1233 1234/887/1240 1232/885/1238
f 1227/880/1233 1233/886/1239 1235/888/1241
f 1227/880/1233 1235/888/1241 1234/887/1240
f 1228/881/1234 1236/889/1242 1229/882/1235
f 1228/881/1234 1230/883/1236 1237/890/1243
f 1228/881/1234 1237/890/1243 1236/889/1242
f 1231/884/1237 1238/891/1244 1233/886/1239
f 1231/884/1237 1229/882/1235 1239/892/1245
f 1231/884/1237 1240/893/1246 1238/891/1244
f 1231/884/1237 1239/892/1245 1241/894/1247
f 1231/884/1237 1241/894/1247 1240/893/1246
f 1235/888/1241 1233/886/1239 1242/895/1248
f 1242/895/1248 1233/886/1239 1238/891/1244
f 1237/890/1243 1243/896/1249 1236/889/1242
f 1229/882/1235 1244/897/1250 1239/892/1245
f 1229/882/1235 1236/889/1242 1245/898/1251
f 1229/882/1235 1245/898/1251 1244/897/1250
f 1241/894/1247 1239/892/1245 1246/899/1252
f 1243/896/1249 1247/900/1253 1236/889/1242
f 1243/896/1249 1248/901/1254 1247/900/1253
f 1243/896/1249 1249/902/1255 1248/901/1254
f 1243/896/1249 1237/903/1243 1249/902/1255
f 1236/889/1242 1247/900/1253 1245/898/1251
f 1244/897/1250 1250/904/1256 1239/892/1245
f 1244/897/1250 1245/898/1251 1251/905/1257
f 1244/897/1250 1252/906/1258 1250/904/1256
f 1244/897/1250 1251/905/1257 1252/906/1258
f 1246/899/1252 1239/892/1245 1253/907/1259
f 1239/892/1245 1250/904/1256 1253/907/1259
f 1248/901/1254 1249/902/1255 1254/908/1260
f 1248/901/1254 1255/909/1261 1247/900/1253
f 1248/901/1254 1254/908/1260 1238/910/1244
f 1248/901/1254 1240/911/1246 1255/909/1261
f 1248/901/1254 1238/910/1244 1240/911/1246
f 1237/903/1243 1230/912/1236 1249/902/1255
f 1249/902/1255 1230/912/1236 1254/908/1260
f 1245/898/1251 1256/913/1262 1251/905/1257
f 1245/898/1251 1247/900/1253 1257/914/1263
f 1245/898/1251 1257/914/1263 1256/913/1262
f 1247/900/1253 1255/909/1261 1257/914/1263
f 1252/906/1258 1110/811/1116 1250/904/1256
f 1252/906/1258 1251/905/1257 1258/915/1264
f 1252/906/1258 1115/816/1121 1110/811/1116
f 1252/906/1258 1258/915/1264 1115/816/1121
f 1253/907/1259 1250/904/1256 1259/916/1265
f 1238/910/1244 1254/908/1260 1242/917/1248
f 1240/911/1246 1241/918/1247 1255/909/1261
f 1230/912/1236 1232/919/1238 1254/908/1260
f 1256/913/1262 1257/914/1263 1260/920/1266
f 1256/913/1262 1261/921/1267 1251/905/1257
f 1256/913/1262 1260/920/1266 1262/922/1268
f 1256/913/1262 1262/922/1268 1261/921/1267
f 1255/909/1261 1241/918/1247 1260/920/1266
f 1255/909/1261 1260/920/1266 1257/914/1263
f 1251/905/1257 1261/921/1267 1258/915/1264
f 1110/811/1116 1263/923/1269 1250/904/1256
f 1110/811/1116 1108/809/1114 1263/923/1269
f 1250/904/1256 1263/923/1269 1259/916/1265
f 1115/816/1121 1258/915/1264 1118/819/1124
f 1242/917/1248 1254/908/1260 1234/924/1240
f 1242/917/1248 1234/924/1240 1235/925/1241
f 1234/924/1240 1254/908/1260 1232/919/1238
f 1262/922/1268 1260/920/1266 1246/926/1252
f 1262/922/1268 1264/927/1270 1261/921/1267
f 1262/922/1268 1246/926/1252 1253/928/1259
f 1262/922/1268 1253/928/1259 1264/927/1270
f 1246/926/1252 1260/920/1266 1241/918/1247
f 1108/809/1114 1265/929/1271 1263/923/1269
f 1108/809/1114 1107/808/1113 1265/929/1271
f 1259/916/1265 1263/923/1269 1266/930/1272
f 1259/916/1265 1266/930/1272 1267/931/1273
f 1258/915/1264 1268/932/1274 1118/819/1124
f 1258/915/1264 1261/921/1267 1268/932/1274
f 1261/921/1267 1264/927/1270 1268/932/1274
f 1253/928/1259 1269/933/1275 1264/927/1270
f 1253/928/1259 1126/827/1132 1269/933/1275
f 1253/928/1259 1259/934/1265 1126/827/1132
f 1264/927/1270 1269/933/1275 1268/932/1274
f 1107/808/1113 1270/935/1276 1265/929/1271
f 1107/808/1113 1271/936/1277 1270/935/1276
f 1107/808/1113 1105/806/1111 1271/936/1277
f 1263/923/1269 1272/937/1278 1266/930/1272
f 1263/923/1269 1265/929/1271 1272/937/1278
f 1267/931/1273 1266/930/1272 1273/938/1279
f 1118/819/1124 1268/932/1274 1274/939/1280
f 1118/819/1124 1274/939/1280 1114/815/1120
f 1268/932/1274 1269/933/1275 1274/939/1280
f 1259/934/1265 1275/940/1281 1126/827/1132
f 1259/934/1265 1276/941/1282 1275/940/1281
f 1259/934/1265 1267/942/1273 1276/941/1282
f 1270/935/1276 1271/936/1277 1277/943/1283
f 1270/935/1276 1275/944/1281 1265/929/1271
f 1270/935/1276 1277/943/1283 1278/945/1284
f 1270/935/1276 1279/946/1285 1275/944/1281
f 1270/935/1276 1278/945/1284 1279/946/1285
f 1105/806/1111 1280/947/1286 1271/936/1277
f 1105/806/1111 1102/803/1108 1280/947/1286
f 1271/936/1277 1280/947/1286 1277/943/1283
f 1272/937/1278 1281/948/1287 1266/930/1272
f 1272/937/1278 1265/929/1271 1276/949/1282
f 1272/937/1278 1282/950/1288 1281/948/1287
f 1272/937/1278 1276/949/1282 1282/950/1288
f 1276/949/1282 1265/929/1271 1275/944/1281
f 1273/938/1279 1266/930/1272 1283/951/1289
f 1273/938/1279 1283/951/1289 1284/952/1290
f 1266/930/1272 1281/948/1287 1283/951/1289
f 1114/815/1120 1274/939/1280 1116/817/1122
f 1274/939/1280 1269/933/1275 1116/817/1122
f 1126/827/1132 1275/940/1281 1279/953/1285
f 1126/827/1132 1121/822/1127 1269/933/1275
f 1126/827/1132 1279/953/1285 1127/832/1133
f 1267/942/1273 1282/954/1288 1276/941/1282
f 1267/942/1273 1273/955/1279 1282/954/1288
f 1278/945/1284 1285/956/1291 1279/946/1285
f 1278/945/1284 1277/943/1283 1286/957/1292
f 1278/945/1284 1287/958/1293 1285/956/1291
f 1278/945/1284 1286/957/1292 1288/959/1294
f 1278/945/1284 1288/959/1294 1287/958/1293
f 1280/947/1286 1289/960/1295 1277/943/1283
f 1282/950/1288 1290/961/1296 1281/948/1287
f 1284/952/1290 1283/951/1289 1291/962/1297
f 1116/817/1122 1269/933/1275 1119/820/1125
f 1119/820/1125 1269/933/1275 1121/822/1127
f 1279/953/1285 1102/837/1108 1127/832/1133
f 1279/953/1285 1280/963/1286 1102/837/1108
f 1279/953/1285 1289/964/1295 1280/963/1286
f 1279/953/1285 1285/965/1291 1289/964/1295
f 1273/955/1279 1290/966/1296 1282/954/1288
f 1273/955/1279 1284/967/1290 1290/966/1296
f 1286/957/1292 1292/968/1298 1288/959/1294
f 1286/957/1292 1277/943/1283 1293/969/1299
f 1286/957/1292 1294/970/1300 1292/968/1298
f 1286/957/1292 1293/969/1299 1295/971/1301
f 1286/957/1292 1295/971/1301 1294/970/1300
f 1293/969/1299 1277/943/1283 1289/960/1295
f 1287/958/1293 1288/959/1294 1296/972/1302
f 1290/961/1296 1297/973/1303 1281/948/1287
f 1283/951/1289 1298/974/1304 1291/962/1297
f 1283/951/1289 1281/948/1287 1299/975/1305
f 1283/951/1289 1299/975/1305 1298/974/1304
f 1281/948/1287 1297/973/1303 1299/975/1305
f 1285/965/1291 1293/976/1299 1289/964/1295
f 1285/965/1291 1287/977/1293 1293/976/1299
f 1284/967/1290 1297/978/1303 1290/966/1296
f 1284/967/1290 1291/979/1297 1297/978/1303
f 1292/968/1298 1294/970/1300 1300/980/1306
f 1292/968/1298 1301/981/1307 1288/959/1294
f 1292/968/1298 1300/980/1306 1302/982/1308
f 1292/968/1298 1302/982/1308 1301/981/1307
f 1296/972/1302 1288/959/1294 1303/983/1309
f 1288/959/1294 1301/981/1307 1303/983/1309
f 1291/962/1297 1298/974/1304 1304/984/1310
f 1297/973/1303 1305/985/1311 1299/975/1305
f 1287/977/1293 1295/986/1301 1293/976/1299
f 1287/977/1293 1296/987/1302 1295/986/1301
f 1291/979/1297 1304/988/1310 1297/978/1303
f 1302/982/1308 1306/989/1312 1301/981/1307
f 1303/983/1309 1301/981/1307 1307/990/1313
f 1307/990/1313 1301/981/1307 1306/989/1312
f 1298/974/1304 1308/991/1314 1304/984/1310
f 1298/974/1304 1299/975/1305 1309/992/1315
f 1298/974/1304 1309/992/1315 1308/991/1314
f 1309/992/1315 1299/975/1305 1305/985/1311
f 1296/987/1302 1294/993/1300 1295/986/1301
f 1296/987/1302 1303/994/1309 1294/993/1300
f 1304/988/1310 1305/995/1311 1297/978/1303
f 1304/988/1310 1308/996/1314 1305/995/1311
f 1303/994/1309 1300/997/1306 1294/993/1300
f 1303/994/1309 1307/998/1313 1300/997/1306
f 1308/996/1314 1309/999/1315 1305/995/1311
f 1307/998/1313 1302/1000/1308 1300/997/1306
f 1307/998/1313 1306/1001/1312 1302/1000/1308
f 1310/880/1316 1311/885/1317 1312/887/1318
f 1310/880/1316 1313/883/1319 1311/885/1317
f 1310/880/1316 1312/887/1318 1314/888/1320
f 1310/880/1316 1315/881/1321 1313/883/1319
f 1310/880/1316 1314/888/1320 1316/886/1322
f 1310/880/1316 1317/882/1323 1315/881/1321
f 1310/880/1316 1316/886/1322 1318/884/1324
f 1310/880/1316 1318/884/1324 1317/882/1323
f 1313/883/1319 1315/881/1321 1319/890/1325
f 1314/888/1320 1320/895/1326 1316/886/1322
f 1318/884/1324 1321/892/1327 1317/882/1323
f 1318/884/1324 1316/886/1322 1322/891/1328
f 1318/884/1324 1323/894/1329 1321/892/1327
f 1318/884/1324 1322/891/1328 1324/893/1330
f 1318/884/1324 1324/893/1330 1323/894/1329
f 1322/891/1328 1316/886/1322 1320/895/1326
f 1315/881/1321 1325/889/1331 1319/890/1325
f 1315/881/1321 1317/882/1323 1325/889/1331
f 1321/892/1327 1323/894/1329 1326/899/1332
f 1321/892/1327 1327/897/1333 1317/882/1323
f 1321/892/1327 1326/899/1332 1328/907/1334
f 1321/892/1327 1329/904/1335 1327/897/1333
f 1321/892/1327 1328/907/1334 1329/904/1335
f 1319/890/1325 1325/889/1331 1330/896/1336
f 1317/882/1323 1327/897/1333 1331/898/1337
f 1317/882/1323 1331/898/1337 1325/889/1331
f 1328/907/1334 1332/916/1338 1329/904/1335
f 1330/896/1336 1325/889/1331 1333/900/1339
f 1330/896/1336 1333/900/1339 1334/901/1340
f 1330/896/1336 1334/901/1340 1335/902/1341
f 1330/896/1336 1335/902/1341 1319/903/1325
f 1325/889/1331 1331/898/1337 1333/900/1339
f 1327/897/1333 1329/904/1335 1336/906/1342
f 1327/897/1333 1337/905/1343 1331/898/1337
f 1327/897/1333 1336/906/1342 1337/905/1343
f 1332/916/1338 1338/923/1344 1329/904/1335
f 1332/916/1338 1339/930/1345 1338/923/1344
f 1332/916/1338 1340/931/1346 1339/930/1345
f 1334/901/1340 1341/908/1347 1335/902/1341
f 1334/901/1340 1333/900/1339 1342/909/1348
f 1334/901/1340 1322/910/1328 1341/908/1347
f 1334/901/1340 1342/909/1348 1324/911/1330
f 1334/901/1340 1324/911/1330 1322/910/1328
f 1319/903/1325 1335/902/1341 1313/912/1319
f 1335/902/1341 1341/908/1347 1313/912/1319
f 1331/898/1337 1337/905/1343 1343/913/1349
f 1331/898/1337 1344/914/1350 1333/900/1339
f 1331/898/1337 1343/913/1349 1344/914/1350
f 1333/900/1339 1344/914/1350 1342/909/1348
f 1336/906/1342 1329/904/1335 1162/811/1168
f 1336/906/1342 1345/915/1351 1337/905/1343
f 1336/906/1342 1162/811/1168 1166/816/1172
f 1336/906/1342 1166/816/1172 1345/915/1351
f 1329/904/1335 1338/923/1344 1162/811/1168
f 1340/931/1346 1346/938/1352 1339/930/1345
f 1324/911/1330 1342/909/1348 1323/918/1329
f 1322/910/1328 1320/917/1326 1341/908/1347
f 1313/912/1319 1341/908/1347 1311/919/1317
f 1343/913/1349 1347/920/1353 1344/914/1350
f 1343/913/1349 1337/905/1343 1348/921/1354
f 1343/913/1349 1349/922/1355 1347/920/1353
f 1343/913/1349 1348/921/1354 1349/922/1355
f 1342/909/1348 1347/920/1353 1323/918/1329
f 1342/909/1348 1344/914/1350 1347/920/1353
f 1337/905/1343 1345/915/1351 1348/921/1354
f 1166/816/1172 1169/819/1175 1345/915/1351
f 1338/923/1344 1158/809/1164 1162/811/1168
f 1338/923/1344 1339/930/1345 1350/937/1356
f 1338/923/1344 1351/929/1357 1158/809/1164
f 1338/923/1344 1350/937/1356 1351/929/1357
f 1346/938/1352 1352/951/1358 1339/930/1345
f 1346/938/1352 1353/952/1359 1352/951/1358
f 1320/917/1326 1312/924/1318 1341/908/1347
f 1320/917/1326 1314/925/1320 1312/924/1318
f 1312/924/1318 1311/919/1317 1341/908/1347
f 1349/922/1355 1326/926/1332 1347/920/1353
f 1349/922/1355 1348/921/1354 1354/927/1360
f 1349/922/1355 1328/928/1334 1326/926/1332
f 1349/922/1355 1354/927/1360 1328/928/1334
f 1326/926/1332 1323/918/1329 1347/920/1353
f 1169/819/1175 1355/932/1361 1345/915/1351
f 1169/819/1175 1356/939/1362 1355/932/1361
f 1169/819/1175 1163/815/1169 1356/939/1362
f 1348/921/1354 1355/932/1361 1354/927/1360
f 1348/921/1354 1345/915/1351 1355/932/1361
f 1158/809/1164 1351/929/1357 1155/808/1161
f 1350/937/1356 1339/930/1345 1357/948/1363
f 1350/937/1356 1358/949/1364 1351/929/1357
f 1350/937/1356 1357/948/1363 1359/950/1365
f 1350/937/1356 1359/950/1365 1358/949/1364
f 1339/930/1345 1352/951/1358 1357/948/1363
f 1353/952/1359 1360/962/1366 1352/951/1358
f 1328/928/1334 1354/927/1360 1361/933/1367
f 1328/928/1334 1361/933/1367 1175/827/1181
f 1328/928/1334 1175/827/1181 1332/934/1338
f 1355/932/1361 1356/939/1362 1361/933/1367
f 1355/932/1361 1361/933/1367 1354/927/1360
f 1163/815/1169 1164/817/1170 1356/939/1362
f 1356/939/1362 1164/817/1170 1361/933/1367
f 1155/808/1161 1351/929/1357 1362/935/1368
f 1155/808/1161 1362/935/1368 1363/936/1369
f 1155/808/1161 1363/936/1369 1153/806/1159
f 1359/950/1365 1357/948/1363 1364/961/1370
f 1358/949/1364 1365/944/1371 1351/929/1357
f 1351/929/1357 1365/944/1371 1362/935/1368
f 1360/962/1366 1366/974/1372 1352/951/1358
f 1360/962/1366 1367/984/1373 1366/974/1372
f 1175/827/1181 1365/940/1371 1332/934/1338
f 1175/827/1181 1361/933/1367 1170/822/1176
f 1175/827/1181 1368/953/1374 1365/940/1371
f 1175/827/1181 1176/832/1182 1368/953/1374
f 1164/817/1170 1167/820/1173 1361/933/1367
f 1361/933/1367 1167/820/1173 1170/822/1176
f 1363/936/1369 1369/947/1375 1153/806/1159
f 1363/936/1369 1362/935/1368 1370/943/1376
f 1363/936/1369 1370/943/1376 1369/947/1375
f 1357/948/1363 1371/973/1377 1364/961/1370
f 1357/948/1363 1352/951/1358 1372/975/1378
f 1357/948/1363 1372/975/1378 1371/973/1377
f 1352/951/1358 1366/974/1372 1372/975/1378
f 1365/944/1371 1368/946/1374 1362/935/1368
f 1367/984/1373 1373/991/1379 1366/974/1372
f 1332/934/1338 1365/940/1371 1358/941/1364
f 1332/934/1338 1358/941/1364 1340/942/1346
f 1176/832/1182 1151/837/1157 1368/953/1374
f 1153/806/1159 1369/947/1375 1151/803/1157
f 1370/943/1376 1362/935/1368 1374/945/1380
f 1370/943/1376 1375/960/1381 1369/947/1375
f 1370/943/1376 1374/945/1380 1376/957/1382
f 1370/943/1376 1377/969/1383 1375/960/1381
f 1370/943/1376 1376/957/1382 1377/969/1383
f 1362/935/1368 1368/946/1374 1374/945/1380
f 1371/973/1377 1372/975/1378 1378/985/1384
f 1373/991/1379 1379/992/1385 1366/974/1372
f 1379/992/1385 1372/975/1378 1366/974/1372
f 1379/992/1385 1378/985/1384 1372/975/1378
f 1358/941/1364 1359/954/1365 1340/942/1346
f 1151/837/1157 1369/963/1375 1368/953/1374
f 1376/957/1382 1380/971/1386 1377/969/1383
f 1376/957/1382 1374/945/1380 1381/959/1387
f 1376/957/1382 1382/970/1388 1380/971/1386
f 1376/957/1382 1381/959/1387 1383/968/1389
f 1376/957/1382 1383/968/1389 1382/970/1388
f 1368/946/1374 1384/956/1390 1374/945/1380
f 1359/954/1365 1346/955/1352 1340/942/1346
f 1359/954/1365 1364/966/1370 1346/955/1352
f 1369/963/1375 1375/964/1381 1368/953/1374
f 1381/959/1387 1385/981/1391 1383/968/1389
f 1381/959/1387 1374/945/1380 1386/958/1392
f 1381/959/1387 1387/983/1393 1385/981/1391
f 1381/959/1387 1386/958/1392 1388/972/1394
f 1381/959/1387 1388/972/1394 1387/983/1393
f 1386/958/1392 1374/945/1380 1384/956/1390
f 1382/970/1388 1383/968/1389 1389/980/1395
f 1364/966/1370 1353/967/1359 1346/955/1352
f 1364/966/1370 1371/978/1377 1353/967/1359
f 1375/964/1381 1384/965/1390 1368/953/1374
f 1375/964/1381 1377/976/1383 1384/965/1390
f 1385/981/1391 1387/983/1393 1390/990/1396
f 1385/981/1391 1391/982/1397 1383/968/1389
f 1385/981/1391 1390/990/1396 1392/989/1398
f 1385/981/1391 1392/989/1398 1391/982/1397
f 1391/982/1397 1389/980/1395 1383/968/1389
f 1371/978/1377 1360/979/1366 1353/967/1359
f 1371/978/1377 1367/988/1373 1360/979/1366
f 1371/978/1377 1378/995/1384 1367/988/1373
f 1377/976/1383 1386/977/1392 1384/965/1390
f 1377/976/1383 1380/986/1386 1386/977/1392
f 1378/995/1384 1373/996/1379 1367/988/1373
f 1378/995/1384 1379/999/1385 1373/996/1379
f 1380/986/1386 1388/987/1394 1386/977/1392
f 1380/986/1386 1382/993/1388 1388/987/1394
f 1382/993/1388 1387/994/1393 1388/987/1394
f 1382/993/1388 1389/997/1395 1387/994/1393
f 1389/997/1395 1390/998/1396 1387/994/1393
f 1389/997/1395 1391/1000/1397 1390/998/1396
f 1391/1000/1397 1392/1001/1398 1390/998/1396
f 1393/1002/1399 1394/1003/1400 1395/1004/1401
f 1393/1002/1399 1396/1005/1402 1394/1003/1400
f 1393/1002/1399 1395/1004/1401 1397/1006/1403
f 1393/1002/1399 1398/1007/1404 1396/1005/1402
f 1393/1002/1399 1397/1006/1403 1399/1008/1405
f 1393/1002/1399 1400/1009/1406 1398/1007/1404
f 1393/1002/1399 1399/1008/1405 1401/1010/1407
f 1393/1002/1399 1401/1010/1407 1400/1009/1406
f 1394/1003/1400 1402/1011/1408 1395/1004/1401
f 1394/1003/1400 1396/1005/1402 1403/1012/1409
f 1394/1003/1400 1403/1012/1409 1402/1011/1408
f 1397/1006/1403 1404/1013/1410 1399/1008/1405
f 1397/1006/1403 1395/1004/1401 1405/1014/1411
f 1397/1006/1403 1405/1014/1411 1404/1013/1410
f 1395/1004/1401 1402/1011/1408 1405/1014/1411
f 1398/1007/1404 1400/1009/1406 1406/1015/1412
f 1398/1007/1404 1407/1016/1413 1396/1005/1402
f 1398/1007/1404 1406/1015/1412 1407/1016/1413
f 1396/1005/1402 1407/1016/1413 1403/1012/1409
f 1401/1010/1407 1399/1008/1405 1408/1017/1414
f 1401/1010/1407 1409/1018/1415 1400/1009/1406
f 1401/1010/1407 1408/1017/1414 1409/1018/1415
f 1400/1009/1406 1409/1018/1415 1406/1015/1412
f 1399/1008/1405 1404/1013/1410 1408/1017/1414
f 1402/1011/1408 1410/1019/1416 1405/1014/1411
f 1402/1011/1408 1403/1012/1409 1411/1020/1417
f 1402/1011/1408 1411/1020/1417 1410/1019/1416
f 1407/1016/1413 1406/1015/1412 1412/1021/1418
f 1407/1016/1413 1413/1022/1419 1403/1012/1409
f 1407/1016/1413 1412/1021/1418 1413/1022/1419
f 1403/1012/1409 1413/1022/1419 1411/1020/1417
f 1409/1018/1415 1408/1017/1414 1414/1023/1420
f 1409/1018/1415 1415/1024/1421 1406/1015/1412
f 1409/1018/1415 1414/1023/1420 1415/1024/1421
f 1406/1015/1412 1415/1024/1421 1412/1021/1418
f 1404/1013/1410 1405/1014/1411 1416/1025/1422
f 1404/1013/1410 1417/1026/1423 1408/1017/1414
f 1404/1013/1410 1416/1025/1422 1417/1026/1423
f 1408/1017/1414 1417/1026/1423 1414/1023/1420
f 1405/1014/1411 1410/1019/1416 1416/1025/1422
f 1413/1022/1419 1418/1027/1424 1411/1020/1417
f 1413/1022/1419 1412/1021/1418 1419/1028/1425
f 1413/1022/1419 1419/1028/1425 1418/1027/1424
f 1415/1024/1421 1414/1023/1420 1420/1029/1426
f 1415/1024/1421 1421/1030/1427 1412/1021/1418
f 1415/1024/1421 1420/1029/1426 1421/1030/1427
f 1421/1030/1427 1419/1028/1425 1412/1021/1418
f 1417/1026/1423 1416/1025/1422 1422/1031/1428
f 1417/1026/1423 1423/1032/1429 1414/1023/1420
f 1417/1026/1423 1422/1031/1428 1423/1032/1429
f 1423/1032/1429 1420/1029/1426 1414/1023/1420
f 1410/1019/1416 1411/1020/1417 1424/1033/1430
f 1410/1019/1416 1425/1034/1431 1416/1025/1422
f 1410/1019/1416 1424/1033/1430 1425/1034/1431
f 1425/1034/1431 1422/1031/1428 1416/1025/1422
f 1424/1033/1430 1411/1020/1417 1418/1027/1424
f 1426/1035/1432 1427/1036/1433 1428/1037/1434
f 1426/1035/1432 1429/1038/1435 1427/1036/1433
f 1426/1035/1432 1428/1037/1434 1430/1039/1436
f 1426/1035/1432 1431/1040/1437 1429/1038/1435
f 1426/1035/1432 1430/1039/1436 1432/1041/1438
f 1426/1035/1432 1433/1042/1439 1431/1040/1437
f 1426/1035/1432 1432/1041/1438 1434/1043/1440
f 1426/1035/1432 1434/1043/1440 1433/1042/1439
f 1430/1039/1436 1435/1044/1441 1432/1041/1438
f 1430/1039/1436 1436/1045/1442 1435/1044/1441
f 1431/1040/1437 1433/1042/1439 1437/1046/1443
f 1431/1040/1437 1437/1046/1443 1438/1047/1444
f 1434/1043/1440 1432/1041/1438 1439/1048/1445
f 1434/1043/1440 1439/1048/1445 1433/1042/1439
f 1436/1045/1442 1440/1049/1446 1435/1044/1441
f 1436/1045/1442 1441/1050/1447 1440/1049/1446
f 1437/1046/1443 1442/1051/1448 1438/1047/1444
f 1437/1046/1443 1433/1042/1439 1443/1052/1449
f 1437/1046/1443 1443/1052/1449 1442/1051/1448
f 1433/1042/1439 1439/1048/1445 1443/1052/1449
f 1432/1041/1438 1435/1044/1441 1444/1053/1450
f 1432/1041/1438 1444/1053/1450 1439/1048/1445
f 1435/1044/1441 1440/1049/1446 1444/1053/1450
f 1441/1050/1447 1445/1054/1451 1440/1049/1446
f 1441/1050/1447 1446/1055/1452 1445/1054/1451
f 1438/1047/1444 1442/1051/1448 1447/1056/1453
f 1443/1052/1449 1439/1048/1445 1448/1057/1454
f 1443/1052/1449 1448/1057/1454 1442/1051/1448
f 1440/1049/1446 1448/1057/1454 1444/1053/1450
f 1440/1049/1446 1445/1054/1451 1448/1057/1454
f 1444/1053/1450 1448/1057/1454 1439/1048/1445
f 1446/1055/1452 1449/1058/1455 1445/1054/1451
f 1445/1054/1451 1449/1058/1455 1448/1057/1454
f 1447/1056/1453 1442/1051/1448 1450/1059/1456
f 1447/1056/1453 1450/1059/1456 1451/1060/1457
f 1450/1059/1456 1448/1057/1454 1449/1058/1455
f 1450/1059/1456 1442/1051/1448 1448/1057/1454
f 1450/1059/1456 1449/1058/1455 1451/1060/1457
f 1452/1061/1458 1436/1062/1442 1430/1063/1436
f 1452/1061/1458 1449/1064/1455 1436/1062/1442
f 1452/1061/1458 1430/1063/1436 1428/1065/1434
f 1452/1061/1458 1438/1066/1444 1449/1064/1455
f 1452/1061/1458 1428/1065/1434 1427/1067/1433
f 1452/1061/1458 1431/1068/1437 1438/1066/1444
f 1452/1061/1458 1427/1067/1433 1429/1069/1435
f 1452/1061/1458 1429/1069/1435 1431/1068/1437
f 1436/1062/1442 1449/1064/1455 1441/1070/1447
f 1438/1066/1444 1447/1071/1453 1449/1064/1455
f 1441/1070/1447 1449/1064/1455 1446/1072/1452
f 1447/1071/1453 1451/1073/1457 1449/1064/1455
f 1453/1074/1459 1454/1075/1460 1455/1076/1461
f 1453/1074/1462 1456/1077/1463 1454/1075/1464
f 1453/1074/1459 1455/1076/1461 1457/1078/1465
f 1453/1074/1462 1458/1079/1466 1456/1077/1463
f 1453/1074/1459 1457/1078/1465 1459/1080/1467
f 1453/1074/1462 1460/1081/1468 1458/1079/1466
f 1453/1074/1462 1459/1080/1469 1460/1081/1468
f 1454/1075/1460 1461/1082/1470 1455/1076/1461
f 1454/1075/1464 1456/1077/1463 1462/1083/1471
f 1454/1075/1460 1462/1083/1472 1461/1082/1470
f 1457/1078/1465 1463/1084/1473 1459/1080/1467
f 1457/1078/1465 1455/1076/1461 1464/1085/1474
f 1457/1078/1465 1465/1086/1475 1463/1084/1473
f 1457/1078/1465 1464/1085/1474 1466/1087/1476
f 1457/1078/1465 1466/1087/1476 1465/1086/1475
f 1455/1076/1461 1461/1082/1470 1464/1085/1474
f 1460/1081/1468 1459/1080/1469 1467/1088/1477
f 1460/1081/1468 1467/1088/1477 1468/1089/1478
f 1459/1080/1467 1463/1084/1473 1467/1088/1479
f 1456/1077/1463 1469/1090/1480 1462/1083/1471
f 1465/1086/1475 1470/1091/1481 1463/1084/1473
f 1461/1082/1470 1471/1092/1482 1464/1085/1474
f 1461/1082/1483 1462/1083/1484 1471/1092/1485
f 1471/1092/1485 1462/1083/1484 1469/1090/1486
f 1468/1089/1478 1467/1088/1477 1472/1093/1487
f 1468/1089/1478 1472/1093/1487 1473/1094/1488
f 1470/1091/1481 1474/1095/1489 1463/1084/1473
f 1470/1091/1481 1475/1096/1490 1474/1095/1489
f 1470/1091/1481 1476/1097/1491 1475/1096/1490
f 1474/1095/1489 1467/1088/1479 1463/1084/1473
f 1474/1095/1489 1472/1093/1492 1467/1088/1479
f 1474/1095/1489 1475/1096/1490 1472/1093/1492
f 1473/1094/1488 1472/1093/1487 1477/1098/1493
f 1476/1097/1491 1478/1099/1494 1475/1096/1490
f 1472/1093/1487 1479/1100/1495 1477/1098/1493
f 1472/1093/1492 1475/1096/1490 1479/1100/1496
f 1478/1099/1494 1480/1101/1497 1475/1096/1490
f 1475/1096/1490 1480/1101/1497 1479/1100/1496
f 1481/1102/1498 1482/1103/1499 1483/1104/1500
f 1481/1102/1501 1484/1105/1502 1482/1103/1503
f 1481/1102/1498 1483/1104/1500 1485/1106/1504
f 1481/1102/1501 1486/1107/1505 1484/1105/1502
f 1481/1102/1498 1485/1106/1504 1487/1108/1506
f 1481/1102/1501 1488/1109/1507 1486/1107/1505
f 1481/1102/1501 1487/1108/1508 1488/1109/1507
f 1482/1103/1499 1480/1110/1497 1483/1104/1500
f 1482/1103/1503 1484/1105/1502 1479/1111/1495
f 1482/1103/1499 1479/1111/1496 1480/1110/1497
f 1485/1106/1504 1489/1112/1509 1487/1108/1506
f 1485/1106/1504 1483/1104/1500 1490/1113/1510
f 1485/1106/1504 1491/1114/1511 1489/1112/1509
f 1485/1106/1504 1490/1113/1510 1492/1115/1512
f 1485/1106/1504 1492/1115/1512 1491/1114/1511
f 1483/1104/1500 1480/1110/1497 1490/1113/1510
f 1484/1105/1502 1477/1116/1493 1479/1111/1495
f 1480/1110/1497 1478/1117/1494 1490/1113/1510
f 1493/1118/1513 1494/1119/1514 1495/1120/1515
f 1493/1118/1516 1496/1121/1517 1494/1119/1518
f 1493/1118/1513 1495/1120/1515 1497/1122/1519
f 1493/1118/1516 1498/1123/1520 1496/1121/1517
f 1493/1118/1513 1497/1122/1519 1499/1124/1521
f 1493/1118/1516 1500/1125/1522 1498/1123/1520
f 1493/1118/1516 1499/1124/1523 1500/1125/1522
f 1494/1119/1514 1489/1126/1509 1495/1120/1515
f 1494/1119/1518 1496/1121/1517 1487/1127/1508
f 1494/1119/1514 1487/1127/1506 1489/1126/1509
f 1497/1122/1519 1501/1128/1524 1499/1124/1521
f 1497/1122/1519 1495/1120/1515 1502/1129/1525
f 1497/1122/1519 1503/1130/1526 1501/1128/1524
f 1497/1122/1519 1502/1129/1525 1504/1131/1527
f 1497/1122/1519 1504/1131/1527 1503/1130/1526
f 1495/1120/1515 1489/1126/1509 1502/1129/1525
f 1496/1121/1517 1488/1132/1507 1487/1127/1508
f 1489/1126/1509 1491/1133/1511 1502/1129/1525
f 1505/1134/1528 1506/1135/1529 1507/1136/1530
f 1505/1134/1528 1508/1137/1531 1506/1135/1529
f 1505/1134/1528 1507/1136/1530 1509/1138/1532
f 1505/1134/1528 1510/1139/1533 1508/1137/1531
f 1505/1134/1528 1509/1138/1532 1511/1140/1534
f 1505/1134/1528 1512/1141/1535 1510/1139/1533
f 1505/1134/1528 1511/1140/1534 1512/1141/1535
f 1506/1135/1529 1513/1142/1536 1507/1136/1530
f 1506/1135/1529 1508/1137/1531 1513/1142/1536
f 1508/1137/1531 1510/1139/1533 1513/1142/1536
f 1511/1140/1534 1514/1143/1537 1512/1141/1535
f 1510/1139/1533 1515/1144/1538 1513/1142/1536
f 1510/1139/1533 1512/1141/1535 1516/1145/1539
f 1510/1139/1533 1517/1146/1540 1515/1144/1538
f 1510/1139/1533 1516/1145/1539 1517/1146/1540
f 1512/1141/1535 1514/1143/1537 1516/1145/1539
f 1515/1144/1538 1517/1146/1540 1518/1147/1541
f 1514/1143/1537 1519/1148/1542 1516/1145/1539
f 1514/1143/1537 1520/1149/1543 1519/1148/1542
f 1517/1146/1540 1520/1149/1543 1518/1147/1541
f 1517/1146/1540 1516/1145/1539 1519/1148/1542
f 1517/1146/1540 1519/1148/1542 1520/1149/1543
f 1521/1150/1544 1522/1151/1545 1523/1152/1546
f 1521/1150/1544 1524/1153/1547 1522/1151/1545
f 1521/1150/1548 1523/1152/1549 1525/1154/1550
f 1521/1150/1544 1526/1155/1551 1524/1153/1547
f 1521/1150/1548 1525/1154/1550 1527/1156/1552
f 1521/1150/1548 1527/1156/1552 1526/1155/1553
f 1524/1153/1547 1526/1155/1551 1528/1157/1554
f 1525/1154/1550 1529/1158/1555 1527/1156/1552
f 1526/1155/1551 1530/1159/1556 1528/1157/1554
f 1526/1155/1553 1527/1156/1552 1531/1160/1557
f 1526/1155/1553 1531/1160/1557 1530/1159/1558
f 1529/1158/1555 1532/1161/1559 1527/1156/1552
f 1527/1156/1552 1532/1161/1559 1531/1160/1557
f 1528/1157/1554 1530/1159/1556 1533/1162/1560
f 1532/1161/1559 1534/1163/1561 1531/1160/1557
f 1530/1159/1562 1531/1160/1557 1535/1164/1563
f 1531/1160/1557 1534/1163/1561 1535/1164/1563
f 1534/1163/1561 1536/1165/1564 1535/1164/1563
f 1501/1166/1524 1523/1167/1549 1499/1168/1521
f 1501/1166/1524 1525/1169/1550 1523/1167/1549
f 1501/1166/1524 1529/1170/1555 1525/1169/1550
f 1501/1166/1524 1503/1171/1526 1529/1170/1555
f 1499/1168/1523 1523/1167/1546 1522/1172/1545
f 1499/1168/1523 1522/1172/1545 1500/1173/1522
f 1456/1174/1565 1471/1175/1566 1469/1176/1567
f 1456/1174/1565 1464/1177/1568 1471/1175/1566
f 1456/1174/1565 1458/1178/1569 1464/1177/1568
f 1458/1178/1569 1466/1179/1570 1464/1177/1568
f 1458/1178/1569 1460/1180/1571 1466/1179/1570
f 1460/1180/1571 1465/1181/1572 1466/1179/1570
f 1460/1180/1571 1468/1182/1573 1465/1181/1572
f 1468/1182/1573 1470/1183/1574 1465/1181/1572
f 1468/1182/1573 1473/1184/1575 1470/1183/1574
f 1473/1184/1575 1476/1185/1576 1470/1183/1574
f 1473/1184/1575 1477/1186/1577 1476/1185/1576
f 1477/1186/1577 1478/1187/1578 1476/1185/1576
f 1484/1188/1579 1478/1189/1578 1477/1190/1577
f 1484/1188/1579 1490/1191/1580 1478/1189/1578
f 1484/1188/1579 1486/1192/1581 1490/1191/1580
f 1486/1192/1581 1492/1193/1582 1490/1191/1580
f 1486/1192/1581 1488/1194/1583 1492/1193/1582
f 1488/1194/1583 1491/1195/1584 1492/1193/1582
f 1496/1196/1585 1491/1187/1584 1488/1186/1583
f 1496/1196/1585 1502/1197/1586 1491/1187/1584
f 1496/1196/1587 1498/1198/1588 1502/1197/1589
f 1498/1198/1588 1504/1199/1590 1502/1197/1589
f 1498/1198/1588 1500/1200/1591 1504/1199/1590
f 1500/1200/1591 1503/1201/1592 1504/1199/1590
f 1532/1202/1593 1529/1203/1594 1524/1204/1595
f 1532/1202/1593 1524/1204/1595 1528/1205/1596
f 1532/1202/1593 1528/1205/1596 1534/1206/1597
f 1529/1203/1594 1522/1207/1598 1524/1204/1595
f 1528/1205/1596 1533/1208/1599 1534/1206/1597
f 1533/1208/1599 1536/1209/1600 1534/1206/1597
f 1522/1210/1598 1503/1211/1592 1500/1212/1591
f 1522/1210/1598 1529/1213/1594 1503/1211/1592
f 1537/1214/1601 1538/1215/1602 1539/1216/1603
f 1537/1214/1601 1539/1216/1603 1540/1217/1604
f 2346/1930/2410 2347/1931/2411 2348/1932/2412
f 2346/1930/2410 2349/1933/2413 2347/1931/2411
f 2346/1930/2410 2348/1932/2412 2350/1934/2414
f 2346/1930/2410 2351/1935/2415 2349/1933/2413
f 2346/1930/2410 2350/1934/2414 2352/1936/2416
f 2346/1930/2410 2353/1937/2417 2351/1935/2415
f 2346/1930/2410 2352/1936/2416 2354/1938/2418
f 2346/1930/2410 2354/1938/2418 2353/1937/2417
f 2347/1931/2411 2349/1933/2413 2355/1939/2419
f 2351/1935/2415 2356/1940/2420 2349/1933/2413
f 2355/1939/2419 2349/1933/2413 2357/1941/2421
f 2355/1939/2419 2357/1941/2421 2358/1942/2422
f 2355/1939/2419 2358/1942/2422 2359/1943/2423
f 2349/1933/2413 2356/1940/2420 2357/1941/2421
f 2358/1942/2422 2360/1944/2424 2359/1943/2423
f 2358/1942/2422 2357/1941/2421 2361/1945/2425
f 2358/1942/2422 2362/1946/2426 2360/1944/2424
f 2358/1942/2422 2361/1945/2425 2362/1946/2426
f 2361/1945/2425 2357/1941/2421 2356/1940/2420
f 2359/1943/2423 2360/1944/2424 2363/1947/2427
f 2362/1946/2426 2364/1948/2428 2360/1944/2424
f 2363/1947/2427 2360/1944/2424 2365/1949/2429
f 2363/1947/2427 2365/1949/2429 2366/1950/2430
f 2364/1948/2428 2367/1951/2431 2360/1944/2424
f 2360/1944/2424 2367/1951/2431 2365/1949/2429
f 2366/1950/2430 2365/1949/2429 2368/1952/2432
f 2366/1950/2430 2368/1952/2432 2369/1953/2433
f 2365/1949/2429 2367/1951/2431 2368/1952/2432
f 2369/1953/2433 2368/1952/2432 2370/1954/2434
f 2369/1953/2433 2370/1954/2434 2371/1952/2435
f 2369/1953/2433 2371/1952/2435 2372/1950/2436
f 2367/1951/2431 2373/1955/2437 2368/1952/2432
f 2368/1952/2432 2373/1955/2437 2370/1954/2434
f 2371/1952/2435 2374/1949/2438 2372/1950/2436
f 2371/1952/2435 2370/1954/2434 2375/1955/2439
f 2371/1952/2435 2376/1951/2440 2374/1949/2438
f 2371/1952/2435 2375/1955/2439 2376/1951/2440
f 2373/1955/2437 2377/1956/2441 2370/1954/2434
f 2370/1954/2434 2377/1956/2441 2375/1955/2439
f 2372/1950/2436 2374/1949/2438 2378/1947/2442
f 2376/1951/2440 2379/1944/2443 2374/1949/2438
f 2376/1951/2440 2380/1948/2444 2379/1944/2443
f 2374/1949/2438 2379/1944/2443 2378/1947/2442
f 2380/1948/2444 2381/1946/2445 2379/1944/2443
f 2378/1947/2442 2379/1944/2443 2382/1943/2446
f 2381/1946/2445 2383/1942/2447 2379/1944/2443
f 2381/1946/2445 2384/1945/2448 2383/1942/2447
f 2379/1944/2443 2383/1942/2447 2382/1943/2446
f 2384/1945/2448 2385/1941/2449 2383/1942/2447
f 2384/1945/2448 2386/1940/2450 2385/1941/2449
f 2382/1943/2446 2383/1942/2447 2387/1939/2451
f 2383/1942/2447 2385/1941/2449 2387/1939/2451
f 2386/1940/2450 2352/1933/2416 2385/1941/2449
f 2386/1940/2450 2354/1935/2418 2352/1933/2416
f 2385/1941/2449 2352/1933/2416 2387/1939/2451
f 2352/1933/2416 2350/1931/2414 2387/1939/2451
f 2388/1957/2452 2389/1958/2453 2351/1935/2454
f 2388/1957/2452 2390/1959/2455 2389/1958/2453
f 2388/1957/2452 2351/1935/2454 2353/1937/2456
f 2388/1957/2452 2391/1960/2457 2390/1959/2455
f 2388/1957/2452 2353/1937/2456 2354/1938/2458
f 2388/1957/2452 2392/1961/2459 2391/1960/2457
f 2388/1957/2452 2354/1938/2458 2393/1962/2460
f 2388/1957/2452 2393/1962/2460 2392/1961/2459
f 2389/1958/2453 2356/1940/2461 2351/1935/2454
f 2389/1958/2453 2390/1959/2455 2394/1963/2462
f 2389/1958/2453 2394/1963/2462 2356/1940/2461
f 2391/1960/2457 2392/1961/2459 2395/1964/2463
f 2391/1960/2457 2396/1965/2464 2390/1959/2455
f 2394/1963/2462 2361/1945/2465 2356/1940/2461
f 2394/1963/2462 2390/1959/2455 2397/1966/2466
f 2394/1963/2462 2398/1967/2467 2361/1945/2465
f 2394/1963/2462 2397/1966/2466 2398/1967/2467
f 2390/1959/2455 2396/1965/2464 2397/1966/2466
f 2361/1945/2465 2398/1967/2467 2362/1946/2468
f 2396/1965/2464 2399/1968/2469 2397/1966/2466
f 2398/1967/2467 2400/1969/2470 2362/1946/2468
f 2398/1967/2467 2397/1966/2466 2401/1970/2471
f 2398/1967/2467 2401/1970/2471 2400/1969/2470
f 2397/1966/2466 2399/1968/2469 2401/1970/2471
f 2362/1946/2468 2400/1969/2470 2364/1948/2472
f 2399/1968/2469 2402/1971/2473 2401/1970/2471
f 2400/1969/2470 2403/1972/2474 2364/1948/2472
f 2400/1969/2470 2401/1970/2471 2404/1973/2475
f 2400/1969/2470 2404/1973/2475 2403/1972/2474
f 2402/1971/2473 2405/1974/2476 2401/1970/2471
f 2401/1970/2471 2405/1974/2476 2404/1973/2475
f 2364/1948/2472 2403/1972/2474 2367/1951/2477
f 2405/1974/2476 2406/1975/2478 2404/1973/2475
f 2403/1972/2474 2407/1976/2479 2367/1951/2477
f 2403/1972/2474 2404/1973/2475 2408/1977/2480
f 2403/1972/2474 2408/1977/2480 2407/1976/2479
f 2404/1973/2475 2406/1975/2478 2408/1977/2480
f 2367/1951/2477 2407/1976/2479 2373/1955/2481
f 2406/1975/2478 2409/1978/2482 2408/1977/2480
f 2407/1976/2479 2377/1956/2483 2373/1955/2481
f 2407/1976/2479 2408/1977/2480 2410/1979/2484
f 2407/1976/2479 2411/1980/2485 2377/1956/2483
f 2407/1976/2479 2410/1979/2484 2411/1980/2485
f 2408/1977/2480 2409/1978/2482 2410/1979/2484
f 2377/1956/2483 2411/1980/2485 2412/1976/2486
f 2377/1956/2483 2412/1976/2486 2375/1955/2487
f 2411/1980/2485 2410/1979/2484 2412/1976/2486
f 2409/1978/2482 2413/1977/2488 2410/1979/2484
f 2409/1978/2482 2414/1975/2489 2413/1977/2488
f 2410/1979/2484 2413/1977/2488 2412/1976/2486
f 2375/1955/2487 2412/1976/2486 2376/1951/2490
f 2414/1975/2489 2415/1973/2491 2413/1977/2488
f 2414/1975/2489 2416/1974/2492 2415/1973/2491
f 2412/1976/2486 2417/1972/2493 2376/1951/2490
f 2412/1976/2486 2413/1977/2488 2417/1972/2493
f 2413/1977/2488 2415/1973/2491 2417/1972/2493
f 2416/1974/2492 2418/1970/2494 2415/1973/2491
f 2416/1974/2492 2419/1971/2495 2418/1970/2494
f 2376/1951/2490 2417/1972/2493 2380/1948/2496
f 2415/1973/2491 2418/1970/2494 2420/1969/2497
f 2415/1973/2491 2420/1969/2497 2417/1972/2493
f 2417/1972/2493 2420/1969/2497 2380/1948/2496
f 2419/1971/2495 2421/1968/2498 2418/1970/2494
f 2420/1969/2497 2381/1946/2499 2380/1948/2496
f 2420/1969/2497 2418/1970/2494 2422/1967/2500
f 2420/1969/2497 2422/1967/2500 2381/1946/2499
f 2421/1968/2498 2423/1966/2501 2418/1970/2494
f 2421/1968/2498 2395/1965/2463 2423/1966/2501
f 2418/1970/2494 2423/1966/2501 2422/1967/2500
f 2381/1946/2499 2422/1967/2500 2384/1945/2502
f 2395/1965/2463 2392/1959/2459 2423/1966/2501
f 2422/1967/2500 2424/1963/2503 2384/1945/2502
f 2422/1967/2500 2423/1966/2501 2424/1963/2503
f 2423/1966/2501 2392/1959/2459 2424/1963/2503
f 2384/1945/2502 2424/1963/2503 2386/1940/2504
f 2392/1959/2459 2393/1958/2460 2424/1963/2503
f 2424/1963/2503 2393/1958/2460 2386/1940/2504
f 2393/1958/2460 2354/1935/2458 2386/1940/2504
f 2425/1981/2505 2426/1982/2506 2427/1983/2507
f 2425/1981/2505 2428/1984/2508 2426/1982/2506
f 2425/1981/2505 2427/1983/2507 2429/1985/2509
f 2425/1981/2505 2429/1985/2509 2430/1986/2510
f 2428/1984/2508 2431/1987/2511 2426/1982/2506
f 2428/1984/2508 2432/1988/2512 2431/1987/2511
f 2429/1985/2509 2433/1989/2513 2430/1986/2510
f 2429/1985/2509 2434/1990/2514 2433/1989/2513
f 2432/1988/2512 2435/1991/2515 2431/1987/2511
f 2432/1988/2512 2436/1992/2516 2435/1991/2515
f 2437/1993/2517 2438/1994/2518 2439/1995/2519
f 2438/1994/2518 2395/1996/2520 2439/1995/2519
f 2438/1994/2518 2391/1997/2521 2395/1996/2520
f 2439/1995/2519 2395/1996/2520 2421/1998/2522
f 2438/1994/2518 2440/1999/2523 2391/1997/2521
f 2440/1999/2523 2396/2000/2524 2391/1997/2521
f 2437/2001/2517 2439/2002/2519 2441/2003/2525
f 2439/2002/2519 2421/2004/2522 2442/2005/2526
f 2439/2002/2519 2442/2005/2526 2441/2003/2525
f 2421/2004/2522 2443/2006/2527 2442/2005/2526
f 2441/2003/2525 2442/2005/2526 2444/2007/2528
f 2442/2005/2526 2443/2006/2527 2444/2007/2528
f 2421/2004/2522 2419/2008/2529 2443/2006/2527
f 2444/2007/2528 2443/2006/2527 2445/2009/2530
f 2419/2008/2529 2446/2010/2531 2447/2011/2532
f 2443/2006/2527 2447/2011/2532 2445/2009/2530
f 2443/2006/2527 2419/2008/2529 2447/2011/2532
f 2444/2007/2528 2445/2009/2530 2448/2012/2533
f 2446/2010/2531 2416/2013/2534 2449/2014/2535
f 2419/2008/2529 2416/2013/2534 2446/2010/2531
f 2447/2011/2532 2450/2015/2536 2451/2016/2537
f 2447/2011/2532 2451/2016/2537 2445/2009/2530
f 2445/2009/2530 2451/2016/2537 2448/2012/2533
f 2447/2011/2532 2446/2010/2531 2450/2015/2536
f 2449/2014/2535 2414/2017/2538 2452/2018/2539
f 2416/2013/2534 2414/2017/2538 2449/2014/2535
f 2451/2016/2537 2453/2019/2540 2448/2012/2533
f 2451/2016/2537 2450/2015/2536 2453/2019/2540
f 2446/2010/2531 2454/2020/2541 2450/2015/2536
f 2446/2010/2531 2449/2014/2535 2454/2020/2541
f 2452/2018/2539 2414/2017/2538 2409/2021/2542
f 2448/2012/2533 2453/2019/2540 2455/2022/2543
f 2450/2015/2536 2456/2023/2544 2453/2019/2540
f 2449/2014/2535 2457/2024/2545 2454/2020/2541
f 2452/2018/2539 2409/2021/2542 2458/2025/2546
f 2455/2022/2543 2453/2019/2540 2459/2026/2547
f 2453/2019/2540 2456/2023/2544 2459/2026/2547
f 2450/2015/2536 2460/2027/2548 2456/2023/2544
f 2454/2020/2541 2457/2024/2545 2460/2027/2548
f 2454/2020/2541 2460/2027/2548 2450/2015/2536
f 2449/2014/2535 2452/2018/2539 2461/2028/2549
f 2449/2014/2535 2461/2028/2549 2457/2024/2545
f 2409/2021/2542 2406/2017/2550 2462/2018/2551
f 2409/2021/2542 2462/2018/2551 2458/2025/2546
f 2455/2022/2543 2459/2026/2547 2463/2029/2552
f 2456/2023/2544 2464/2030/2553 2465/2031/2554
f 2456/2023/2544 2460/2027/2548 2464/2030/2553
f 2456/2023/2544 2465/2031/2554 2459/2026/2547
f 2452/2018/2539 2466/2032/2555 2461/2028/2549
f 2452/2018/2539 2458/2025/2546 2466/2032/2555
f 2457/2024/2545 2467/2033/2556 2460/2027/2548
f 2460/2027/2548 2467/2033/2556 2464/2030/2553
f 2406/2017/2550 2468/2014/2557 2462/2018/2551
f 2463/2029/2552 2459/2026/2547 2469/2034/2558
f 2459/2026/2547 2465/2031/2554 2469/2034/2558
f 2461/2028/2549 2470/2035/2559 2471/2036/2560
f 2461/2028/2549 2466/2032/2555 2470/2035/2559
f 2457/2024/2545 2471/2036/2560 2467/2033/2556
f 2457/2024/2545 2461/2028/2549 2471/2036/2560
f 2458/2025/2546 2462/2018/2551 2472/2032/2561
f 2464/2030/2553 2473/2037/2562 2474/2038/2563
f 2406/2017/2550 2405/2013/2564 2468/2014/2557
f 2463/2029/2552 2469/2034/2558 2475/2039/2565
f 2465/2031/2554 2464/2030/2553 2476/2040/2566
f 2464/2030/2553 2467/2033/2556 2473/2037/2562
f 2464/2030/2553 2474/2038/2563 2476/2040/2566
f 2465/2031/2554 2476/2040/2566 2469/2034/2558
f 2466/2032/2555 2477/2041/2567 2470/2035/2559
f 2471/2036/2560 2470/2035/2559 2478/2042/2568
f 2458/2025/2546 2479/2043/2569 2466/2032/2555
f 2479/2043/2569 2472/2032/2561 2477/2041/2567
f 2479/2043/2569 2458/2025/2546 2472/2032/2561
f 2479/2043/2569 2477/2041/2567 2466/2032/2555
f 2462/2018/2551 2480/2028/2570 2472/2032/2561
f 2462/2018/2551 2468/2014/2557 2480/2028/2570
f 2405/2013/2564 2481/2010/2571 2468/2014/2557
f 2475/2039/2565 2469/2034/2558 2482/2044/2572
f 2469/2034/2558 2476/2040/2566 2482/2044/2572
f 2467/2033/2556 2483/2045/2573 2473/2037/2562
f 2471/2036/2560 2478/2042/2568 2483/2045/2573
f 2471/2036/2560 2483/2045/2573 2467/2033/2556
f 2474/2038/2563 2484/2046/2574 2485/2047/2575
f 2474/2038/2563 2485/2047/2575 2476/2040/2566
f 2473/2037/2562 2483/2045/2573 2484/2046/2574
f 2473/2037/2562 2484/2046/2574 2474/2038/2563
f 2470/2035/2559 2486/2048/2576 2478/2042/2568
f 2470/2035/2559 2477/2041/2567 2486/2048/2576
f 2472/2032/2561 2480/2028/2570 2487/2035/2577
f 2477/2041/2567 2487/2035/2577 2486/2048/2576
f 2477/2041/2567 2472/2032/2561 2487/2035/2577
f 2405/2013/2564 2402/2008/2578 2481/2010/2571
f 2468/2014/2557 2481/2010/2571 2488/2020/2579
f 2482/2044/2572 2476/2040/2566 2489/2049/2580
f 2489/2049/2580 2476/2040/2566 2485/2047/2575
f 2483/2045/2573 2490/2050/2581 2491/2051/2582
f 2483/2045/2573 2491/2051/2582 2484/2046/2574
f 2478/2042/2568 2486/2048/2576 2490/2050/2581
f 2478/2042/2568 2490/2050/2581 2483/2045/2573
f 2480/2028/2570 2492/2036/2583 2487/2035/2577
f 2402/2008/2578 2493/2011/2584 2481/2010/2571
f 2468/2014/2557 2488/2020/2579 2494/2024/2585
f 2480/2028/2570 2494/2024/2585 2492/2036/2583
f 2480/2028/2570 2468/2014/2557 2494/2024/2585
f 2485/2047/2575 2484/2046/2574 2495/2052/2586
f 2484/2046/2574 2491/2051/2582 2495/2052/2586
f 2486/2048/2576 2496/2053/2587 2490/2050/2581
f 2487/2035/2577 2492/2036/2583 2497/2042/2588
f 2487/2035/2577 2497/2042/2588 2486/2048/2576
f 2402/2008/2578 2399/2004/2589 2498/2006/2590
f 2402/2008/2578 2498/2006/2590 2493/2011/2584
f 2481/2010/2571 2499/2015/2591 2488/2020/2579
f 2481/2010/2571 2493/2011/2584 2499/2015/2591
f 2494/2024/2585 2500/2027/2592 2501/2033/2593
f 2494/2024/2585 2501/2033/2593 2492/2036/2583
f 2488/2020/2579 2500/2027/2592 2494/2024/2585
f 2488/2020/2579 2499/2015/2591 2500/2027/2592
f 2491/2051/2582 2490/2050/2581 2502/2054/2594
f 2491/2051/2582 2502/2054/2594 2495/2052/2586
f 2496/2053/2587 2503/2055/2595 2490/2050/2581
f 2497/2042/2588 2504/2056/2596 2505/2050/2597
f 2497/2042/2588 2505/2050/2597 2486/2048/2576
f 2496/2053/2587 2486/2048/2576 2505/2050/2597
f 2492/2036/2583 2501/2033/2593 2504/2056/2596
f 2492/2036/2583 2504/2056/2596 2497/2042/2588
f 2496/2053/2587 2505/2050/2597 2503/2055/2595
f 2399/2004/2589 2506/2002/2598 2507/2005/2599
f 2498/2006/2590 2508/2009/2600 2493/2011/2584
f 2499/2015/2591 2493/2011/2584 2509/2016/2601
f 2493/2011/2584 2508/2009/2600 2509/2016/2601
f 2500/2027/2592 2510/2030/2602 2501/2033/2593
f 2502/2054/2594 2490/2050/2581 2511/2057/2603
f 2511/2057/2603 2490/2050/2581 2503/2055/2595
f 2504/2056/2596 2512/2058/2604 2505/2050/2597
f 2399/2004/2589 2507/2005/2599 2498/2006/2590
f 2506/2002/2598 2513/2003/2605 2507/2005/2599
f 2499/2015/2591 2514/2019/2606 2515/2023/2607
f 2499/2015/2591 2509/2016/2601 2514/2019/2606
f 2500/2027/2592 2515/2023/2607 2510/2030/2602
f 2500/2027/2592 2499/2015/2591 2515/2023/2607
f 2508/2009/2600 2516/2007/2608 2517/2059/2609
f 2516/2007/2608 2498/2006/2590 2507/2005/2599
f 2516/2007/2608 2507/2005/2599 2513/2003/2605
f 2508/2009/2600 2517/2059/2609 2509/2016/2601
f 2509/2016/2601 2517/2059/2609 2514/2019/2606
f 2508/2009/2600 2498/2006/2590 2516/2007/2608
f 2501/2033/2593 2510/2030/2602 2518/2037/2610
f 2501/2033/2593 2518/2037/2610 2504/2056/2596
f 2503/2055/2595 2505/2050/2597 2519/2057/2611
f 2512/2058/2604 2520/2054/2612 2505/2050/2597
f 2505/2050/2597 2520/2054/2612 2519/2057/2611
f 2399/2004/2589 2396/2060/2524 2506/2061/2598
f 2506/2002/2598 2521/2001/2613 2513/2003/2605
f 2515/2023/2607 2522/2031/2614 2510/2030/2602
f 2517/2059/2609 2523/2022/2615 2514/2019/2606
f 2518/2037/2610 2524/2046/2616 2504/2056/2596
f 2504/2056/2596 2524/2046/2616 2512/2058/2604
f 2520/2054/2612 2512/2058/2604 2525/2052/2617
f 2512/2058/2604 2524/2046/2616 2525/2052/2617
f 2396/2060/2524 2440/2062/2523 2506/2061/2598
f 2440/2062/2523 2521/2001/2613 2506/2002/2598
f 2515/2023/2607 2526/2026/2618 2522/2031/2614
f 2514/2019/2606 2523/2022/2615 2526/2026/2618
f 2514/2019/2606 2526/2026/2618 2515/2023/2607
f 2510/2030/2602 2522/2031/2614 2527/2040/2619
f 2518/2037/2610 2528/2038/2620 2524/2046/2616
f 2510/2030/2602 2528/2038/2620 2518/2037/2610
f 2510/2030/2602 2527/2040/2619 2528/2038/2620
f 2525/2052/2617 2524/2046/2616 2529/2047/2621
f 2528/2038/2620 2527/2040/2619 2529/2047/2621
f 2528/2038/2620 2529/2047/2621 2524/2046/2616
f 2523/2022/2615 2530/2029/2622 2526/2026/2618
f 2522/2031/2614 2531/2034/2623 2527/2040/2619
f 2526/2026/2618 2530/2029/2622 2531/2034/2623
f 2526/2026/2618 2531/2034/2623 2522/2031/2614
f 2529/2047/2621 2527/2040/2619 2532/2049/2624
f 2530/2029/2622 2533/2039/2625 2531/2034/2623
f 2527/2040/2619 2534/2044/2626 2532/2049/2624
f 2534/2044/2626 2531/2034/2623 2533/2039/2625
f 2531/2034/2623 2534/2044/2626 2527/2040/2619
f 2535/2063/2627 2536/2064/2628 2537/2065/2629
f 2536/2064/2628 2538/2066/2630 2525/2067/2617
f 2537/2065/2629 2536/2064/2628 2539/2068/2631
f 2536/2064/2628 2525/2067/2617 2539/2068/2631
f 2538/2066/2630 2519/2069/2611 2520/2070/2612
f 2520/2070/2612 2525/2067/2617 2538/2066/2630
f 2537/2065/2629 2539/2068/2631 2540/2071/2632
f 2519/2069/2611 2538/2066/2630 2541/2072/2633
f 2525/2067/2617 2529/2073/2621 2539/2068/2631
f 2540/2071/2632 2539/2068/2631 2542/2074/2634
f 2539/2068/2631 2529/2073/2621 2542/2074/2634
f 2519/2069/2611 2543/2075/2635 2503/2076/2595
f 2519/2069/2611 2541/2072/2633 2543/2075/2635
f 2540/2071/2632 2542/2074/2634 2544/2077/2636
f 2529/2073/2621 2532/2078/2624 2542/2074/2634
f 2542/2074/2634 2532/2078/2624 2544/2077/2636
f 2503/2076/2595 2543/2075/2635 2511/2079/2603
f 2541/2072/2633 2545/2080/2637 2543/2075/2635
f 2532/2078/2624 2546/2081/2638 2544/2077/2636
f 2511/2079/2603 2547/2082/2639 2548/2083/2640
f 2545/2080/2637 2549/2084/2641 2543/2075/2635
f 2532/2078/2624 2534/2085/2626 2546/2081/2638
f 2511/2079/2603 2548/2083/2640 2502/2086/2594
f 2511/2079/2603 2543/2075/2635 2547/2082/2639
f 2545/2080/2637 2550/2087/2642 2549/2084/2641
f 2548/2083/2640 2551/2088/2643 2502/2086/2594
f 2543/2075/2635 2552/2089/2644 2547/2082/2639
f 2549/2084/2641 2550/2087/2642 2552/2089/2644
f 2549/2084/2641 2552/2089/2644 2543/2075/2635
f 2545/2080/2637 2553/2090/2645 2550/2087/2642
f 2551/2088/2643 2495/2091/2586 2502/2086/2594
f 2552/2089/2644 2550/2087/2642 2554/2092/2646
f 2553/2090/2645 2555/2093/2647 2556/2094/2648
f 2551/2088/2643 2557/2095/2649 2558/2096/2650
f 2495/2091/2586 2551/2088/2643 2558/2096/2650
f 2550/2087/2642 2559/2097/2651 2554/2092/2646
f 2550/2087/2642 2553/2090/2645 2556/2094/2648
f 2550/2087/2642 2556/2094/2648 2559/2097/2651
f 2555/2093/2647 2553/2090/2645 2560/2098/2652
f 2557/2095/2649 2561/2099/2653 2562/2100/2654
f 2551/2088/2643 2561/2099/2653 2557/2095/2649
f 2495/2091/2586 2558/2096/2650 2485/2101/2575
f 2554/2092/2646 2563/2102/2655 2564/2103/2656
f 2554/2092/2646 2559/2097/2651 2563/2102/2655
f 2556/2094/2648 2565/2104/2657 2566/2105/2658
f 2556/2094/2648 2555/2093/2647 2565/2104/2657
f 2559/2097/2651 2566/2105/2658 2563/2102/2655
f 2559/2097/2651 2556/2094/2648 2566/2105/2658
f 2560/2098/2652 2567/2106/2659 2568/2107/2660
f 2555/2093/2647 2560/2098/2652 2568/2107/2660
f 2555/2093/2647 2568/2107/2660 2565/2104/2657
f 2562/2100/2654 2561/2099/2653 2569/2108/2661
f 2557/2095/2649 2562/2100/2654 2570/2109/2662
f 2558/2096/2650 2557/2095/2649 2571/2110/2663
f 2557/2095/2649 2570/2109/2662 2571/2110/2663
f 2485/2101/2575 2572/2111/2664 2489/2112/2580
f 2558/2096/2650 2571/2110/2663 2572/2111/2664
f 2558/2096/2650 2572/2111/2664 2485/2101/2575
f 2566/2105/2658 2565/2104/2657 2573/2113/2665
f 2568/2107/2660 2574/2114/2666 2575/2115/2667
f 2565/2104/2657 2575/2115/2667 2573/2113/2665
f 2565/2104/2657 2568/2107/2660 2575/2115/2667
f 2570/2109/2662 2576/2116/2668 2571/2110/2663
f 2571/2110/2663 2576/2116/2668 2572/2111/2664
f 2489/2112/2580 2577/2117/2669 2482/2118/2572
f 2489/2112/2580 2572/2111/2664 2577/2117/2669
f 2574/2114/2666 2578/2119/2670 2579/2120/2671
f 2574/2114/2666 2579/2120/2671 2575/2115/2667
f 2573/2113/2665 2580/2121/2672 2581/2122/2673
f 2575/2115/2667 2579/2120/2671 2580/2121/2672
f 2575/2115/2667 2580/2121/2672 2573/2113/2665
f 2576/2116/2668 2582/2123/2674 2572/2111/2664
f 2572/2111/2664 2582/2123/2674 2577/2117/2669
f 2578/2119/2670 2583/2124/2675 2579/2120/2671
f 2580/2121/2672 2579/2120/2671 2584/2125/2676
f 2578/2119/2670 2585/2126/2677 2583/2124/2675
f 2579/2120/2671 2586/2127/2678 2584/2125/2676
f 2579/2120/2671 2583/2124/2675 2586/2127/2678
f 2584/2125/2676 2586/2127/2678 2587/2128/2679
f 2583/2124/2675 2588/2129/2680 2589/2130/2681
f 2586/2127/2678 2589/2130/2681 2587/2128/2679
f 2586/2127/2678 2583/2124/2675 2589/2130/2681
f 2588/2129/2680 2590/2131/2682 2591/2132/2683
f 2588/2129/2680 2591/2132/2683 2589/2130/2681
f 2587/2128/2679 2589/2130/2681 2592/2133/2684
f 2590/2131/2682 2593/2134/2685 2591/2132/2683
f 2589/2130/2681 2594/2135/2686 2592/2133/2684
f 2594/2135/2686 2589/2130/2681 2591/2132/2683
f 2593/2134/2685 2595/2136/2687 2591/2132/2683
usemtl Material_#50
f 1541/1218/1605 1542/1219/1606 1543/1220/1607
f 1543/1220/1607 1542/1219/1606 1544/1221/1608
f 1545/1218/1609 1546/1220/1610 1547/1219/1611
f 1547/1219/1611 1546/1220/1610 1548/1221/1612
f 1549/1222/1613 1550/1223/1614 1551/1224/1615
f 1551/1224/1615 1550/1223/1614 1552/1225/1616
f 1550/1223/1614 1546/1220/1610 1552/1225/1616
f 1552/1225/1616 1546/1220/1610 1545/1218/1609
f 1541/1218/1605 1553/1220/1617 1542/1219/1606
f 1542/1219/1606 1553/1220/1617 1554/1221/1618
f 1545/1218/1609 1547/1219/1611 1555/1220/1619
f 1555/1220/1619 1547/1219/1611 1556/1221/1620
f 1552/1225/1616 1557/1223/1621 1551/1224/1615
f 1551/1224/1615 1557/1223/1621 1558/1222/1622
f 1545/1218/1609 1555/1220/1619 1552/1225/1616
f 1552/1225/1616 1555/1220/1619 1557/1223/1621
f 1559/1223/1623 1553/1220/1617 1560/1225/1624
f 1560/1225/1624 1553/1220/1617 1541/1218/1605
f 1561/1226/1625 1562/1227/1626 1563/1222/1627
f 1564/1228/1628 1565/1229/1629 1551/1224/1615
f 1551/1224/1615 1565/1229/1629 1549/1222/1613
f 1566/1229/1630 1564/1228/1628 1558/1222/1622
f 1558/1222/1622 1564/1228/1628 1551/1224/1615
f 1541/1218/1605 1543/1220/1607 1560/1225/1624
f 1560/1225/1624 1543/1220/1607 1567/1223/1631
f 1564/1228/1628 1568/1224/1632 1565/1229/1629
f 1565/1229/1629 1568/1224/1632 1569/1222/1633
f 1563/1222/1627 1562/1227/1626 1568/1224/1632
f 1568/1224/1632 1564/1228/1628 1563/1222/1627
f 1563/1222/1627 1564/1228/1628 1566/1229/1630
f 1561/1226/1625 1559/1223/1623 1570/1230/1634
f 1570/1230/1634 1559/1223/1623 1560/1225/1624
f 1569/1222/1633 1570/1230/1634 1567/1223/1631
f 1562/1227/1626 1561/1226/1625 1570/1230/1634
f 1570/1230/1634 1568/1224/1632 1562/1227/1626
f 1567/1223/1631 1570/1230/1634 1560/1225/1624
f 1570/1230/1634 1569/1222/1633 1568/1224/1632
f 1571/1220/1635 1572/1218/1636 1573/1221/1637
f 1573/1221/1637 1572/1218/1636 1574/1219/1638
f 1575/1224/1639 1576/1225/1640 1577/1222/1641
f 1577/1222/1641 1576/1225/1640 1578/1223/1642
f 1579/1228/1643 1575/1224/1639 1580/1229/1644
f 1580/1229/1644 1575/1224/1639 1577/1222/1641
f 1576/1225/1640 1572/1218/1636 1578/1223/1642
f 1578/1223/1642 1572/1218/1636 1571/1220/1635
f 1581/1220/1645 1582/1221/1646 1583/1218/1647
f 1583/1218/1647 1582/1221/1646 1584/1219/1648
f 1585/1223/1649 1586/1225/1650 1587/1222/1651
f 1587/1222/1651 1586/1225/1650 1588/1224/1652
f 1587/1222/1651 1588/1224/1652 1580/1229/1644
f 1580/1229/1644 1588/1224/1652 1579/1228/1643
f 1581/1220/1645 1583/1218/1647 1585/1223/1649
f 1585/1223/1649 1583/1218/1647 1586/1225/1650
f 1589/1220/1653 1590/1221/1654 1572/1218/1636
f 1572/1218/1636 1590/1221/1654 1574/1219/1638
f 1591/1223/1655 1576/1225/1640 1592/1222/1656
f 1592/1222/1656 1576/1225/1640 1575/1224/1639
f 1592/1222/1656 1575/1224/1639 1593/1229/1657
f 1593/1229/1657 1575/1224/1639 1579/1228/1643
f 1589/1220/1653 1572/1218/1636 1591/1223/1655
f 1591/1223/1655 1572/1218/1636 1576/1225/1640
f 1594/1220/1658 1583/1218/1647 1595/1221/1659
f 1595/1221/1659 1583/1218/1647 1584/1219/1648
f 1588/1224/1652 1586/1225/1650 1596/1222/1660
f 1596/1222/1660 1586/1225/1650 1597/1223/1661
f 1579/1228/1643 1588/1224/1652 1593/1229/1657
f 1593/1229/1657 1588/1224/1652 1596/1222/1660
f 1586/1225/1650 1583/1218/1647 1597/1223/1661
f 1597/1223/1661 1583/1218/1647 1594/1220/1658
f 1598/1231/1662 1599/1232/1663 1600/1231/1664
f 1598/1231/1662 1601/1233/1665 1599/1232/1663
f 1598/1231/1662 1600/1231/1664 1602/1234/1666
f 1598/1231/1662 1603/1235/1667 1601/1233/1665
f 1598/1231/1662 1602/1234/1666 1604/1234/1668
f 1598/1231/1662 1605/1236/1669 1603/1235/1667
f 1598/1231/1662 1604/1234/1668 1606/1237/1670
f 1598/1231/1662 1606/1237/1670 1605/1236/1669
f 1601/1233/1665 1603/1235/1667 1607/1238/1671
f 1601/1233/1665 1607/1238/1671 1608/1239/1672
f 1602/1234/1666 1609/1240/1673 1604/1234/1668
f 1606/1237/1670 1610/1241/1674 1605/1236/1669
f 1606/1237/1670 1604/1234/1668 1611/1242/1675
f 1606/1237/1670 1612/1243/1676 1610/1241/1674
f 1606/1237/1670 1611/1242/1675 1612/1243/1676
f 1603/1235/1667 1613/1244/1677 1607/1238/1671
f 1603/1235/1667 1605/1236/1669 1613/1244/1677
f 1605/1236/1669 1610/1241/1674 1613/1244/1677
f 1608/1239/1672 1607/1238/1671 1614/1245/1678
f 1608/1239/1672 1614/1245/1678 1615/1246/1679
f 1609/1240/1673 1616/1240/1680 1604/1234/1668
f 1609/1240/1673 1611/1242/1675 1616/1240/1680
f 1609/1240/1673 1617/1247/1681 1611/1242/1675
f 1611/1242/1675 1617/1247/1681 1612/1243/1676
f 1611/1242/1675 1604/1234/1668 1616/1240/1680
f 1610/1241/1674 1618/1248/1682 1613/1244/1677
f 1610/1241/1674 1612/1243/1676 1619/1247/1683
f 1610/1241/1674 1619/1247/1683 1618/1248/1682
f 1612/1243/1676 1617/1247/1681 1619/1247/1683
f 1607/1238/1671 1620/1249/1684 1614/1245/1678
f 1607/1238/1671 1613/1244/1677 1620/1249/1684
f 1613/1244/1677 1618/1248/1682 1620/1249/1684
f 1615/1246/1679 1614/1245/1678 1621/1239/1685
f 1617/1247/1681 1622/1243/1686 1619/1247/1683
f 1617/1247/1681 1623/1242/1687 1622/1243/1686
f 1617/1247/1681 1624/1240/1688 1623/1242/1687
f 1618/1248/1682 1625/1244/1689 1620/1249/1684
f 1618/1248/1682 1619/1247/1683 1626/1241/1690
f 1618/1248/1682 1626/1241/1690 1625/1244/1689
f 1619/1247/1683 1622/1243/1686 1626/1241/1690
f 1614/1245/1678 1627/1238/1691 1621/1239/1685
f 1614/1245/1678 1620/1249/1684 1627/1238/1691
f 1620/1249/1684 1625/1244/1689 1627/1238/1691
f 1624/1240/1688 1628/1240/1692 1623/1242/1687
f 1624/1240/1688 1629/1234/1693 1628/1240/1692
f 1624/1240/1688 1630/1234/1694 1629/1234/1693
f 1628/1240/1692 1629/1234/1693 1623/1242/1687
f 1622/1243/1686 1631/1237/1695 1626/1241/1690
f 1622/1243/1686 1623/1242/1687 1631/1237/1695
f 1623/1242/1687 1629/1234/1693 1631/1237/1695
f 1621/1239/1685 1627/1238/1691 1632/1233/1696
f 1625/1244/1689 1626/1241/1690 1633/1236/1697
f 1625/1244/1689 1634/1235/1698 1627/1238/1691
f 1625/1244/1689 1633/1236/1697 1634/1235/1698
f 1627/1238/1691 1634/1235/1698 1632/1233/1696
f 1626/1241/1690 1631/1237/1695 1633/1236/1697
f 1630/1234/1694 1635/1231/1699 1629/1234/1693
f 1630/1234/1694 1636/1231/1700 1635/1231/1699
f 1633/1236/1697 1635/1231/1699 1634/1235/1698
f 1633/1236/1697 1631/1237/1695 1635/1231/1699
f 1631/1237/1695 1629/1234/1693 1635/1231/1699
f 1634/1235/1698 1635/1231/1699 1632/1233/1696
f 1636/1231/1700 1637/1232/1701 1635/1231/1699
f 1635/1231/1699 1637/1232/1701 1632/1233/1696
f 1638/1250/1702 1639/1251/1703 1640/1252/1704
f 1638/1250/1702 1641/1253/1705 1639/1251/1703
f 1638/1250/1702 1640/1252/1704 1642/1251/1706
f 1638/1250/1702 1602/1254/1666 1641/1253/1705
f 1638/1250/1702 1642/1251/1706 1643/1253/1707
f 1638/1250/1702 1617/1255/1681 1602/1254/1666
f 1638/1250/1702 1643/1253/1707 1630/1254/1694
f 1638/1250/1702 1630/1254/1694 1617/1255/1681
f 1639/1251/1703 1644/1256/1708 1640/1252/1704
f 1639/1251/1703 1641/1253/1705 1645/1257/1709
f 1639/1251/1703 1645/1257/1709 1644/1256/1708
f 1642/1251/1706 1646/1257/1710 1643/1253/1707
f 1642/1251/1706 1640/1252/1704 1647/1256/1711
f 1642/1251/1706 1647/1256/1711 1646/1257/1710
f 1602/1254/1666 1617/1255/1681 1609/1258/1673
f 1602/1254/1666 1600/1259/1664 1641/1253/1705
f 1630/1254/1694 1643/1253/1707 1636/1259/1700
f 1630/1254/1694 1624/1258/1688 1617/1255/1681
f 1645/1257/1709 1641/1253/1705 1599/1260/1663
f 1599/1260/1663 1641/1253/1705 1600/1259/1664
f 1644/1256/1708 1648/1261/1712 1640/1252/1704
f 1640/1252/1704 1648/1261/1712 1647/1256/1711
f 1646/1257/1710 1637/1260/1701 1643/1253/1707
f 1643/1253/1707 1637/1260/1701 1636/1259/1700
f 1615/1262/1679 1621/1263/1685 1649/1264/1713
f 1649/1264/1713 1621/1263/1685 1650/1265/1714
f 1621/1263/1685 1632/1266/1696 1650/1265/1714
f 1649/1264/1713 1650/1265/1714 1651/1267/1715
f 1650/1265/1714 1632/1266/1696 1652/1268/1716
f 1650/1265/1714 1653/1269/1717 1651/1267/1715
f 1650/1265/1714 1652/1268/1716 1654/1270/1718
f 1650/1265/1714 1654/1270/1718 1653/1269/1717
f 1653/1269/1717 1655/1271/1719 1651/1267/1715
f 1653/1269/1717 1654/1270/1718 1655/1271/1719
f 1652/1268/1716 1632/1266/1696 1656/1272/1720
f 1632/1266/1696 1637/1273/1701 1656/1272/1720
f 1652/1268/1716 1657/1274/1721 1654/1270/1718
f 1652/1268/1716 1656/1272/1720 1657/1274/1721
f 1656/1272/1720 1637/1273/1701 1658/1275/1722
f 1656/1272/1720 1658/1275/1722 1657/1274/1721
f 1654/1270/1718 1659/1276/1723 1655/1271/1719
f 1654/1270/1718 1657/1274/1721 1659/1276/1723
f 1657/1274/1721 1658/1275/1722 1660/1277/1724
f 1657/1274/1721 1660/1277/1724 1659/1276/1723
f 1659/1276/1723 1661/1278/1725 1655/1271/1719
f 1659/1276/1723 1660/1277/1724 1662/1279/1726
f 1659/1276/1723 1662/1279/1726 1661/1278/1725
f 1660/1277/1724 1658/1275/1722 1663/1280/1727
f 1660/1277/1724 1664/1281/1728 1662/1279/1726
f 1660/1277/1724 1663/1280/1727 1664/1281/1728
f 1662/1279/1726 1665/1282/1729 1661/1278/1725
f 1662/1279/1726 1664/1281/1728 1666/1283/1730
f 1662/1279/1726 1666/1283/1730 1665/1282/1729
f 1663/1280/1727 1658/1275/1722 1667/1284/1731
f 1663/1280/1727 1668/1285/1732 1664/1281/1728
f 1663/1280/1727 1667/1284/1731 1668/1285/1732
f 1661/1278/1725 1669/1286/1733 1655/1271/1719
f 1661/1278/1725 1665/1282/1729 1670/1287/1734
f 1661/1278/1725 1670/1287/1734 1669/1286/1733
f 1658/1275/1722 1637/1273/1701 1671/1288/1735
f 1658/1275/1722 1672/1289/1736 1667/1284/1731
f 1658/1275/1722 1671/1288/1735 1672/1289/1736
f 1664/1281/1728 1673/1290/1737 1666/1283/1730
f 1664/1281/1728 1668/1285/1732 1674/1291/1738
f 1664/1281/1728 1674/1291/1738 1673/1290/1737
f 1655/1271/1719 1675/1292/1739 1651/1267/1715
f 1655/1271/1719 1669/1286/1733 1676/1293/1740
f 1655/1271/1719 1676/1293/1740 1675/1292/1739
f 1675/1292/1739 1677/1271/1741 1651/1267/1715
f 1675/1292/1739 1676/1293/1740 1677/1271/1741
f 1651/1267/1715 1677/1271/1741 1678/1269/1742
f 1678/1269/1742 1677/1271/1741 1679/1270/1743
f 1669/1286/1733 1670/1287/1734 1680/1294/1744
f 1669/1286/1733 1680/1294/1744 1676/1293/1740
f 1676/1293/1740 1681/1286/1745 1677/1271/1741
f 1676/1293/1740 1680/1294/1744 1681/1286/1745
f 1670/1287/1734 1665/1282/1729 1682/1295/1746
f 1670/1287/1734 1682/1295/1746 1680/1294/1744
f 1665/1282/1729 1666/1283/1730 1683/1296/1747
f 1665/1282/1729 1683/1296/1747 1682/1295/1746
f 1666/1283/1730 1673/1290/1737 1684/1297/1748
f 1666/1283/1730 1684/1297/1748 1683/1296/1747
f 1683/1296/1747 1685/1298/1749 1682/1295/1746
f 1683/1296/1747 1684/1297/1748 1685/1298/1749
f 1682/1295/1746 1686/1299/1750 1680/1294/1744
f 1682/1295/1746 1685/1298/1749 1686/1299/1750
f 1671/1288/1735 1637/1273/1701 1687/1300/1751
f 1637/1273/1701 1646/1301/1710 1687/1300/1751
f 1671/1288/1735 1688/1302/1752 1672/1289/1736
f 1671/1288/1735 1687/1300/1751 1688/1302/1752
f 1672/1289/1736 1689/1303/1753 1667/1284/1731
f 1672/1289/1736 1688/1302/1752 1689/1303/1753
f 1668/1285/1732 1690/1304/1754 1674/1291/1738
f 1668/1285/1732 1667/1284/1731 1691/1305/1755
f 1668/1285/1732 1691/1305/1755 1690/1304/1754
f 1667/1284/1731 1689/1303/1753 1692/1306/1756
f 1667/1284/1731 1692/1306/1756 1691/1305/1755
f 1689/1303/1753 1688/1302/1752 1693/1307/1757
f 1689/1303/1753 1693/1307/1757 1692/1306/1756
f 1688/1302/1752 1687/1300/1751 1694/1308/1758
f 1688/1302/1752 1694/1308/1758 1693/1307/1757
f 1687/1300/1751 1646/1301/1710 1695/1309/1759
f 1687/1300/1751 1695/1309/1759 1694/1308/1758
f 1646/1301/1710 1647/1310/1711 1695/1309/1759
f 1677/1271/1741 1696/1276/1760 1679/1270/1743
f 1679/1270/1743 1696/1276/1760 1697/1274/1761
f 1677/1271/1741 1681/1286/1745 1698/1278/1762
f 1677/1271/1741 1698/1278/1762 1696/1276/1760
f 1681/1286/1745 1680/1294/1744 1699/1287/1763
f 1681/1286/1745 1699/1287/1763 1698/1278/1762
f 1680/1294/1744 1686/1299/1750 1700/1295/1764
f 1680/1294/1744 1700/1295/1764 1699/1287/1763
f 1699/1287/1763 1701/1282/1765 1698/1278/1762
f 1699/1287/1763 1700/1295/1764 1701/1282/1765
f 1698/1278/1762 1702/1279/1766 1696/1276/1760
f 1698/1278/1762 1701/1282/1765 1702/1279/1766
f 1696/1276/1760 1703/1277/1767 1697/1274/1761
f 1696/1276/1760 1702/1279/1766 1703/1277/1767
f 1691/1305/1755 1704/1311/1768 1690/1304/1754
f 1704/1311/1768 1691/1305/1755 1705/1312/1769
f 1691/1305/1755 1692/1306/1756 1705/1312/1769
f 1705/1312/1769 1692/1306/1756 1706/1313/1770
f 1692/1306/1756 1693/1307/1757 1707/1314/1771
f 1692/1306/1756 1707/1314/1771 1706/1313/1770
f 1706/1313/1770 1707/1314/1771 1708/1315/1772
f 1704/1311/1768 1709/1316/1773 1690/1304/1754
f 1694/1308/1758 1695/1309/1759 1710/1317/1774
f 1695/1309/1759 1647/1310/1711 1711/1318/1775
f 1695/1309/1759 1711/1318/1775 1710/1317/1774
f 1647/1310/1711 1648/1319/1712 1711/1318/1775
f 1648/1319/1712 1644/1310/1708 1711/1318/1775
f 1711/1318/1775 1712/1309/1776 1710/1317/1774
f 1711/1318/1775 1644/1310/1708 1712/1309/1776
f 1644/1310/1708 1645/1301/1709 1712/1309/1776
f 1694/1308/1758 1713/1320/1777 1693/1307/1757
f 1694/1308/1758 1710/1317/1774 1713/1320/1777
f 1710/1317/1774 1712/1309/1776 1714/1308/1778
f 1710/1317/1774 1714/1308/1778 1713/1320/1777
f 1712/1309/1776 1645/1301/1709 1715/1300/1779
f 1712/1309/1776 1715/1300/1779 1714/1308/1778
f 1645/1301/1709 1599/1273/1663 1715/1300/1779
f 1701/1282/1765 1700/1295/1764 1716/1296/1780
f 1701/1282/1765 1717/1283/1781 1702/1279/1766
f 1701/1282/1765 1716/1296/1780 1717/1283/1781
f 1702/1279/1766 1718/1281/1782 1703/1277/1767
f 1702/1279/1766 1717/1283/1781 1718/1281/1782
f 1707/1314/1771 1693/1307/1757 1719/1321/1783
f 1693/1307/1757 1713/1320/1777 1720/1322/1784
f 1693/1307/1757 1720/1322/1784 1719/1321/1783
f 1720/1322/1784 1713/1320/1777 1721/1307/1785
f 1713/1320/1777 1714/1308/1778 1721/1307/1785
f 1720/1322/1784 1721/1307/1785 1719/1321/1783
f 1714/1308/1778 1715/1300/1779 1722/1302/1786
f 1714/1308/1778 1722/1302/1786 1721/1307/1785
f 1715/1300/1779 1599/1273/1663 1723/1288/1787
f 1715/1300/1779 1723/1288/1787 1722/1302/1786
f 1707/1314/1771 1724/1323/1788 1708/1315/1772
f 1707/1314/1771 1719/1321/1783 1724/1323/1788
f 1724/1323/1788 1725/1314/1789 1708/1315/1772
f 1719/1321/1783 1721/1307/1785 1725/1314/1789
f 1719/1321/1783 1725/1314/1789 1724/1323/1788
f 1708/1315/1772 1725/1314/1789 1726/1313/1790
f 1725/1314/1789 1721/1307/1785 1727/1306/1791
f 1725/1314/1789 1727/1306/1791 1726/1313/1790
f 1726/1313/1790 1727/1306/1791 1728/1312/1792
f 1721/1307/1785 1722/1302/1786 1729/1303/1793
f 1721/1307/1785 1729/1303/1793 1727/1306/1791
f 1722/1302/1786 1723/1288/1787 1730/1289/1794
f 1722/1302/1786 1730/1289/1794 1729/1303/1793
f 1729/1303/1793 1731/1284/1795 1727/1306/1791
f 1729/1303/1793 1730/1289/1794 1731/1284/1795
f 1730/1289/1794 1723/1288/1787 1732/1275/1796
f 1723/1288/1787 1599/1273/1663 1732/1275/1796
f 1730/1289/1794 1732/1275/1796 1731/1284/1795
f 1599/1273/1663 1733/1272/1797 1732/1275/1796
f 1732/1275/1796 1697/1274/1761 1703/1277/1767
f 1697/1274/1761 1732/1275/1796 1733/1272/1797
f 1732/1275/1796 1734/1280/1798 1731/1284/1795
f 1703/1277/1767 1718/1281/1782 1734/1280/1798
f 1703/1277/1767 1734/1280/1798 1732/1275/1796
f 1734/1280/1798 1735/1285/1799 1731/1284/1795
f 1734/1280/1798 1718/1281/1782 1735/1285/1799
f 1731/1284/1795 1736/1305/1800 1727/1306/1791
f 1727/1306/1791 1736/1305/1800 1728/1312/1792
f 1731/1284/1795 1735/1285/1799 1736/1305/1800
f 1728/1312/1792 1736/1305/1800 1737/1311/1801
f 1736/1305/1800 1735/1285/1799 1738/1304/1802
f 1736/1305/1800 1738/1304/1802 1737/1311/1801
f 1737/1311/1801 1738/1304/1802 1739/1316/1803
f 1735/1285/1799 1718/1281/1782 1740/1291/1804
f 1735/1285/1799 1740/1291/1804 1738/1304/1802
f 1738/1304/1802 1741/1324/1805 1739/1316/1803
f 1738/1304/1802 1740/1291/1804 1741/1324/1805
f 1739/1316/1803 1741/1324/1805 1742/1325/1806
f 1740/1291/1804 1718/1281/1782 1743/1290/1807
f 1718/1281/1782 1717/1283/1781 1743/1290/1807
f 1740/1291/1804 1744/1326/1808 1741/1324/1805
f 1740/1291/1804 1743/1290/1807 1744/1326/1808
f 1741/1324/1805 1745/1327/1809 1742/1325/1806
f 1741/1324/1805 1744/1326/1808 1745/1327/1809
f 1742/1325/1806 1745/1327/1809 1746/1328/1810
f 1743/1290/1807 1717/1283/1781 1747/1297/1811
f 1717/1283/1781 1716/1296/1780 1747/1297/1811
f 1743/1290/1807 1748/1329/1812 1744/1326/1808
f 1743/1290/1807 1747/1297/1811 1748/1329/1812
f 1744/1326/1808 1749/1330/1813 1745/1327/1809
f 1744/1326/1808 1748/1329/1812 1749/1330/1813
f 1745/1327/1809 1750/1331/1814 1746/1328/1810
f 1745/1327/1809 1749/1330/1813 1750/1331/1814
f 1746/1328/1810 1750/1331/1814 1751/1332/1815
f 1747/1297/1811 1716/1296/1780 1752/1298/1816
f 1716/1296/1780 1700/1295/1764 1752/1298/1816
f 1700/1295/1764 1686/1299/1750 1752/1298/1816
f 1747/1297/1811 1753/1333/1817 1748/1329/1812
f 1747/1297/1811 1752/1298/1816 1753/1333/1817
f 1748/1329/1812 1754/1334/1818 1749/1330/1813
f 1748/1329/1812 1753/1333/1817 1754/1334/1818
f 1753/1333/1817 1752/1298/1816 1755/1335/1819
f 1753/1333/1817 1755/1335/1819 1754/1334/1818
f 1749/1330/1813 1756/1336/1820 1750/1331/1814
f 1749/1330/1813 1754/1334/1818 1756/1336/1820
f 1750/1331/1814 1757/1337/1821 1751/1332/1815
f 1750/1331/1814 1756/1336/1820 1757/1337/1821
f 1756/1336/1820 1754/1334/1818 1758/1338/1822
f 1756/1336/1820 1758/1338/1822 1757/1337/1821
f 1754/1334/1818 1755/1335/1819 1759/1339/1823
f 1754/1334/1818 1759/1339/1823 1758/1338/1822
f 1752/1298/1816 1686/1299/1750 1760/1340/1824
f 1686/1299/1750 1685/1298/1749 1760/1340/1824
f 1752/1298/1816 1761/1341/1825 1755/1335/1819
f 1752/1298/1816 1760/1340/1824 1761/1341/1825
f 1755/1335/1819 1762/1342/1826 1759/1339/1823
f 1755/1335/1819 1761/1341/1825 1762/1342/1826
f 1759/1339/1823 1763/1343/1827 1758/1338/1822
f 1759/1339/1823 1762/1342/1826 1763/1343/1827
f 1760/1340/1824 1685/1298/1749 1764/1341/1828
f 1760/1340/1824 1765/1344/1829 1761/1341/1825
f 1760/1340/1824 1764/1341/1828 1765/1344/1829
f 1758/1338/1822 1766/1345/1830 1757/1337/1821
f 1758/1338/1822 1763/1343/1827 1767/1346/1831
f 1758/1338/1822 1767/1346/1831 1766/1345/1830
f 1761/1341/1825 1768/1347/1832 1762/1342/1826
f 1761/1341/1825 1765/1344/1829 1769/1348/1833
f 1761/1341/1825 1769/1348/1833 1768/1347/1832
f 1757/1337/1821 1770/1349/1834 1751/1332/1815
f 1751/1332/1815 1770/1349/1834 1771/1350/1835
f 1771/1350/1835 1770/1349/1834 1772/1351/1836
f 1772/1351/1836 1770/1349/1834 1773/1352/1837
f 1773/1352/1837 1770/1349/1834 1774/1353/1838
f 1757/1337/1821 1766/1345/1830 1774/1353/1838
f 1757/1337/1821 1774/1353/1838 1770/1349/1834
f 1766/1345/1830 1767/1346/1831 1775/1354/1839
f 1766/1345/1830 1775/1354/1839 1774/1353/1838
f 1774/1353/1838 1775/1354/1839 1776/1355/1840
f 1775/1354/1839 1767/1346/1831 1777/1356/1841
f 1767/1346/1831 1763/1343/1827 1777/1356/1841
f 1777/1356/1841 1763/1343/1827 1778/1357/1842
f 1763/1343/1827 1762/1342/1826 1779/1358/1843
f 1763/1343/1827 1779/1358/1843 1778/1357/1842
f 1778/1357/1842 1779/1358/1843 1780/1359/1844
f 1762/1342/1826 1768/1347/1832 1781/1360/1845
f 1762/1342/1826 1781/1360/1845 1779/1358/1843
f 1779/1358/1843 1782/1361/1846 1780/1359/1844
f 1779/1358/1843 1781/1360/1845 1782/1361/1846
f 1765/1344/1829 1764/1341/1828 1783/1348/1847
f 1765/1344/1829 1784/1362/1848 1769/1348/1833
f 1765/1344/1829 1783/1348/1847 1784/1362/1848
f 1768/1347/1832 1769/1348/1833 714/1363/720
f 714/1363/720 1077/1364/1083 1768/1347/1832
f 1768/1347/1832 1077/1364/1083 1781/1360/1845
f 1781/1360/1845 1078/1365/1084 1782/1361/1846
f 1781/1360/1845 1077/1364/1083 1078/1365/1084
f 714/1363/720 1769/1348/1833 712/1366/718
f 1769/1348/1833 1784/1362/1848 712/1366/718
f 712/1366/718 1784/1362/1848 706/1367/712
f 706/1367/712 1784/1362/1848 707/1366/713
f 1784/1362/1848 1783/1348/1847 707/1366/713
f 707/1366/713 1783/1348/1847 705/1363/711
f 1783/1348/1847 1764/1341/1828 1785/1347/1849
f 1783/1348/1847 1785/1347/1849 705/1363/711
f 705/1363/711 1785/1347/1849 1076/1364/1082
f 1076/1364/1082 1786/1360/1850 1078/1365/1084
f 1078/1365/1084 1786/1360/1850 1782/1361/1846
f 1076/1364/1082 1785/1347/1849 1786/1360/1850
f 1785/1347/1849 1764/1341/1828 1787/1342/1851
f 1785/1347/1849 1787/1342/1851 1786/1360/1850
f 1786/1360/1850 1788/1358/1852 1782/1361/1846
f 1782/1361/1846 1788/1358/1852 1780/1359/1844
f 1786/1360/1850 1787/1342/1851 1788/1358/1852
f 1780/1359/1844 1788/1358/1852 1789/1357/1853
f 1788/1358/1852 1787/1342/1851 1790/1343/1854
f 1788/1358/1852 1790/1343/1854 1789/1357/1853
f 1789/1357/1853 1790/1343/1854 1791/1356/1855
f 1787/1342/1851 1764/1341/1828 1792/1335/1856
f 1764/1341/1828 1685/1298/1749 1792/1335/1856
f 1787/1342/1851 1793/1339/1857 1790/1343/1854
f 1787/1342/1851 1792/1335/1856 1793/1339/1857
f 1790/1343/1854 1794/1346/1858 1791/1356/1855
f 1791/1356/1855 1794/1346/1858 1795/1354/1859
f 1790/1343/1854 1793/1339/1857 1796/1338/1860
f 1790/1343/1854 1796/1338/1860 1794/1346/1858
f 1794/1346/1858 1797/1345/1861 1795/1354/1859
f 1794/1346/1858 1796/1338/1860 1797/1345/1861
f 1793/1339/1857 1792/1335/1856 1798/1368/1862
f 1793/1339/1857 1798/1368/1862 1796/1338/1860
f 1792/1335/1856 1685/1298/1749 1799/1333/1863
f 1792/1335/1856 1799/1333/1863 1798/1368/1862
f 1685/1298/1749 1684/1297/1748 1799/1333/1863
f 1799/1333/1863 1800/1329/1864 1798/1368/1862
f 1799/1333/1863 1684/1297/1748 1800/1329/1864
f 1684/1297/1748 1673/1290/1737 1800/1329/1864
f 1797/1345/1861 1801/1353/1865 1795/1354/1859
f 1795/1354/1859 1801/1353/1865 1802/1355/1866
f 1797/1345/1861 1796/1338/1860 1803/1337/1867
f 1797/1345/1861 1803/1337/1867 1801/1353/1865
f 1796/1338/1860 1798/1368/1862 1804/1369/1868
f 1796/1338/1860 1804/1369/1868 1803/1337/1867
f 1798/1368/1862 1800/1329/1864 1805/1330/1869
f 1798/1368/1862 1805/1330/1869 1804/1369/1868
f 1804/1369/1868 1806/1331/1870 1803/1337/1867
f 1804/1369/1868 1805/1330/1869 1806/1331/1870
f 1800/1329/1864 1673/1290/1737 1807/1326/1871
f 1800/1329/1864 1807/1326/1871 1805/1330/1869
f 1805/1330/1869 1808/1327/1872 1806/1331/1870
f 1805/1330/1869 1807/1326/1871 1808/1327/1872
f 1673/1290/1737 1674/1291/1738 1807/1326/1871
f 1807/1326/1871 1809/1324/1873 1808/1327/1872
f 1807/1326/1871 1674/1291/1738 1809/1324/1873
f 1674/1291/1738 1690/1304/1754 1809/1324/1873
f 1690/1304/1754 1709/1316/1773 1809/1324/1873
f 1809/1324/1873 1810/1325/1874 1808/1327/1872
f 1809/1324/1873 1709/1316/1773 1810/1325/1874
f 1810/1325/1874 1811/1328/1875 1808/1327/1872
f 1808/1327/1872 1811/1328/1875 1806/1331/1870
f 1806/1331/1870 1812/1332/1876 1803/1337/1867
f 1806/1331/1870 1811/1328/1875 1812/1332/1876
f 1803/1337/1867 1813/1349/1877 1801/1353/1865
f 1803/1337/1867 1812/1332/1876 1813/1349/1877
f 1812/1332/1876 1814/1350/1878 1813/1349/1877
f 1814/1350/1878 1815/1351/1879 1813/1349/1877
f 1813/1349/1877 1816/1352/1880 1801/1353/1865
f 1816/1352/1880 1813/1349/1877 1815/1351/1879
f 1615/1370/1679 1649/1371/1713 1608/1372/1672
f 1608/1372/1672 1649/1371/1713 1817/1373/1881
f 1649/1371/1713 1651/1374/1715 1817/1373/1881
f 1651/1374/1715 1678/1375/1742 1817/1373/1881
f 1678/1375/1742 1679/1376/1743 1817/1373/1881
f 1608/1372/1672 1817/1373/1881 1601/1377/1665
f 1817/1373/1881 1679/1376/1743 1818/1378/1882
f 1817/1373/1881 1818/1378/1882 1601/1377/1665
f 1679/1376/1743 1697/1379/1761 1818/1378/1882
f 1818/1378/1882 1733/1380/1797 1601/1377/1665
f 1818/1378/1882 1697/1379/1761 1733/1380/1797
f 1733/1380/1797 1599/1381/1663 1601/1377/1665
f 1819/1382/1883 1820/1383/1884 1821/1384/1885
f 1821/1384/1885 1820/1383/1884 1822/1385/1886
f 1822/1385/1886 1820/1383/1884 1823/1386/1887
f 1823/1386/1887 1820/1383/1884 1824/1387/1888
f 1820/1383/1884 1825/1388/1889 1824/1387/1888
f 1823/1386/1887 1824/1387/1888 1814/1389/1878
f 1814/1389/1878 1824/1387/1888 1815/1390/1879
f 1824/1387/1888 1825/1388/1889 1815/1390/1879
f 1815/1390/1879 1825/1388/1889 1816/1391/1880
f 1816/1391/1880 1825/1388/1889 1826/1392/1890
f 1801/1393/1865 1816/1394/1880 1827/1395/1891
f 1827/1395/1891 1816/1394/1880 1828/1396/1892
f 1828/1396/1892 1816/1394/1880 1829/1397/1893
f 1829/1397/1893 1816/1394/1880 1830/1398/1894
f 1816/1394/1880 1826/1399/1890 1830/1398/1894
f 1830/1398/1894 1826/1399/1890 1831/1400/1895
f 1826/1399/1890 1832/1401/1896 1831/1400/1895
f 1831/1400/1895 1832/1401/1896 1833/1402/1897
f 1801/1403/1865 1827/1404/1891 1802/1405/1866
f 1827/1404/1891 1828/1406/1892 1802/1405/1866
f 1828/1406/1892 1834/1407/1898 1802/1405/1866
f 1828/1406/1892 1829/1408/1893 1834/1407/1898
f 1834/1407/1898 1835/1409/1899 1802/1405/1866
f 1834/1407/1898 1829/1408/1893 1835/1409/1899
f 1829/1408/1893 1830/1410/1894 1835/1409/1899
f 1835/1409/1899 1836/1411/1900 1802/1405/1866
f 1835/1409/1899 1830/1410/1894 1836/1411/1900
f 1830/1410/1894 1831/1412/1895 1836/1411/1900
f 1836/1411/1900 1837/1413/1901 1802/1405/1866
f 1836/1411/1900 1831/1412/1895 1837/1413/1901
f 1831/1412/1895 1833/1414/1897 1837/1413/1901
f 1833/1414/1897 1832/1415/1896 1837/1413/1901
f 1837/1413/1901 1838/1416/1902 1802/1405/1866
f 1837/1413/1901 1832/1415/1896 1838/1416/1902
f 1832/1415/1896 1826/1417/1890 1838/1416/1902
f 1838/1416/1902 1839/1418/1903 1802/1405/1866
f 1839/1418/1903 1838/1416/1902 1826/1417/1890
f 1840/1419/1904 1841/1420/1905 1842/1421/1906
f 1841/1420/1905 1843/1422/1907 1842/1421/1906
f 1842/1421/1906 1843/1422/1907 1844/1423/1908
f 1843/1422/1907 1845/1424/1909 1844/1423/1908
f 1844/1423/1908 1845/1424/1909 1846/1425/1910
f 1844/1423/1908 1846/1425/1910 1847/1426/1911
f 1846/1425/1910 1845/1424/1909 1848/1427/1912
f 1846/1425/1910 1848/1427/1912 1847/1426/1911
f 1847/1426/1911 1848/1427/1912 1849/1428/1913
f 1845/1424/1909 1850/1429/1914 1848/1427/1912
f 1848/1427/1912 1851/1430/1915 1849/1428/1913
f 1848/1427/1912 1850/1429/1914 1851/1430/1915
f 1850/1429/1914 1852/1431/1916 1851/1430/1915
f 1849/1428/1913 1851/1430/1915 1853/1432/1917
f 1851/1430/1915 1852/1431/1916 1854/1433/1918
f 1851/1430/1915 1854/1433/1918 1853/1432/1917
f 1852/1431/1916 1855/1434/1919 1854/1433/1918
f 1855/1434/1919 1856/1435/1920 1854/1433/1918
f 1854/1433/1918 1857/1436/1921 1853/1432/1917
f 1854/1433/1918 1856/1435/1920 1857/1436/1921
f 1856/1435/1920 1858/1437/1922 1857/1436/1921
f 1853/1432/1917 1857/1436/1921 1859/1438/1923
f 1857/1436/1921 1858/1437/1922 1860/1439/1924
f 1857/1436/1921 1860/1439/1924 1859/1438/1923
f 1859/1438/1923 1860/1439/1924 1861/1440/1925
f 1858/1437/1922 1862/1441/1926 1860/1439/1924
f 1860/1439/1924 1863/1442/1927 1861/1440/1925
f 1860/1439/1924 1862/1441/1926 1863/1442/1927
f 1863/1442/1927 1864/1443/1928 1861/1440/1925
f 1863/1442/1927 1862/1441/1926 1864/1443/1928
f 1862/1441/1926 1865/1444/1929 1864/1443/1928
f 1864/1443/1928 1865/1444/1929 1866/1445/1930
f 1865/1444/1929 1867/1446/1931 1866/1445/1930
f 1866/1445/1930 1867/1446/1931 1868/1447/1932
f 1869/1382/1933 1870/1384/1934 1871/1383/1935
f 1870/1384/1934 1872/1385/1936 1871/1383/1935
f 1872/1385/1936 1873/1386/1937 1871/1383/1935
f 1871/1383/1935 1873/1386/1937 1874/1387/1938
f 1873/1386/1937 1771/1389/1835 1874/1387/1938
f 1771/1389/1835 1772/1390/1836 1874/1387/1938
f 1874/1387/1938 1875/1388/1939 1871/1383/1935
f 1874/1387/1938 1772/1390/1836 1875/1388/1939
f 1772/1390/1836 1773/1391/1837 1875/1388/1939
f 1875/1388/1939 1773/1391/1837 1876/1392/1940
f 1774/1393/1838 1877/1395/1941 1773/1394/1837
f 1877/1395/1941 1878/1396/1942 1773/1394/1837
f 1878/1396/1942 1879/1397/1943 1773/1394/1837
f 1879/1397/1943 1880/1398/1944 1773/1394/1837
f 1773/1394/1837 1880/1398/1944 1876/1399/1940
f 1880/1398/1944 1881/1400/1945 1876/1399/1940
f 1876/1399/1940 1881/1400/1945 1882/1401/1946
f 1882/1401/1946 1881/1400/1945 1883/1402/1947
f 1774/1403/1838 1776/1405/1840 1877/1404/1941
f 1877/1404/1941 1776/1405/1840 1878/1406/1942
f 1878/1406/1942 1776/1405/1840 1884/1407/1948
f 1878/1406/1942 1884/1407/1948 1879/1408/1943
f 1884/1407/1948 1776/1405/1840 1885/1409/1949
f 1884/1407/1948 1885/1409/1949 1879/1408/1943
f 1879/1408/1943 1885/1409/1949 1880/1410/1944
f 1885/1409/1949 1776/1405/1840 1886/1411/1950
f 1885/1409/1949 1886/1411/1950 1880/1410/1944
f 1880/1410/1944 1886/1411/1950 1881/1412/1945
f 1886/1411/1950 1776/1405/1840 1887/1413/1951
f 1886/1411/1950 1887/1413/1951 1881/1412/1945
f 1881/1412/1945 1887/1413/1951 1883/1414/1947
f 1883/1414/1947 1887/1413/1951 1882/1415/1946
f 1887/1413/1951 1776/1405/1840 1888/1416/1952
f 1887/1413/1951 1888/1416/1952 1882/1415/1946
f 1882/1415/1946 1888/1416/1952 1876/1417/1940
f 1876/1417/1940 1888/1416/1952 1889/1418/1953
f 1889/1418/1953 1888/1416/1952 1776/1405/1840
usemtl Material_#51
f 1705/1448/1769 1890/1449/1954 1704/1450/1768
f 1705/1448/1769 1706/1451/1770 1890/1449/1954
f 1704/1450/1768 1890/1449/1954 1891/1452/1955
f 1706/1451/1770 1708/1453/1772 1892/1454/1956
f 1706/1451/1770 1892/1454/1956 1890/1449/1954
f 1704/1450/1768 1891/1452/1955 1709/1455/1773
f 1708/1453/1772 1893/1456/1957 1892/1454/1956
f 1890/1449/1954 1894/1457/1958 1891/1452/1955
f 1890/1449/1954 1892/1454/1956 1894/1457/1958
f 1709/1455/1773 1895/1458/1959 1810/1459/1874
f 1709/1455/1773 1891/1452/1955 1895/1458/1959
f 1708/1453/1772 1896/1460/1960 1893/1456/1957
f 1892/1454/1956 1893/1456/1957 1897/1461/1961
f 1892/1454/1956 1897/1461/1961 1894/1457/1958
f 1810/1459/1874 1895/1458/1959 1898/1462/1962
f 1891/1452/1955 1894/1457/1958 1899/1463/1963
f 1891/1452/1955 1899/1463/1963 1895/1458/1959
f 1708/1453/1772 1726/1464/1790 1896/1460/1960
f 1893/1456/1957 1900/1465/1964 1897/1461/1961
f 1810/1459/1874 1898/1462/1962 1811/1466/1875
f 1894/1457/1958 1901/1467/1965 1899/1463/1963
f 1894/1457/1958 1897/1461/1961 1901/1467/1965
f 1895/1458/1959 1902/1468/1966 1898/1462/1962
f 1895/1458/1959 1899/1463/1963 1902/1468/1966
f 1726/1464/1790 1903/1469/1967 1896/1460/1960
f 1893/1456/1957 1896/1460/1960 1904/1470/1968
f 1893/1456/1957 1904/1470/1968 1900/1465/1964
f 1811/1466/1875 1898/1462/1962 1905/1471/1969
f 1897/1461/1961 1906/1472/1970 1901/1467/1965
f 1897/1461/1961 1900/1465/1964 1906/1472/1970
f 1899/1463/1963 1901/1467/1965 1907/1473/1971
f 1899/1463/1963 1907/1473/1971 1902/1468/1966
f 1726/1464/1790 1728/1474/1792 1903/1469/1967
f 1896/1460/1960 1903/1469/1967 1908/1475/1972
f 1896/1460/1960 1908/1475/1972 1904/1470/1968
f 1811/1466/1875 1905/1471/1969 1812/1476/1876
f 1898/1462/1962 1902/1468/1966 1909/1477/1973
f 1898/1462/1962 1909/1477/1973 1905/1471/1969
f 1900/1465/1964 1910/1478/1974 1906/1472/1970
f 1901/1467/1965 1911/1479/1975 1912/1480/1976
f 1907/1473/1971 1901/1467/1965 1912/1480/1976
f 1728/1474/1792 1737/1481/1801 1903/1469/1967
f 1908/1475/1972 1913/1482/1977 1914/1483/1978
f 1903/1469/1967 1737/1481/1801 1913/1482/1977
f 1903/1469/1967 1913/1482/1977 1908/1475/1972
f 1904/1470/1968 1908/1475/1972 1915/1484/1979
f 1908/1475/1972 1914/1483/1978 1915/1484/1979
f 1812/1476/1876 1905/1471/1969 1814/1485/1878
f 1902/1468/1966 1916/1486/1980 1909/1477/1973
f 1902/1468/1966 1907/1473/1971 1916/1486/1980
f 1900/1465/1964 1904/1470/1968 1917/1487/1981
f 1904/1470/1968 1915/1484/1979 1917/1487/1981
f 1900/1465/1964 1917/1487/1981 1910/1478/1974
f 1906/1472/1970 1910/1478/1974 1918/1488/1982
f 1901/1467/1965 1918/1488/1982 1911/1479/1975
f 1901/1467/1965 1906/1472/1970 1918/1488/1982
f 1912/1480/1976 1919/1489/1983 1907/1473/1971
f 1907/1473/1971 1919/1489/1983 1916/1486/1980
f 1737/1481/1801 1739/1490/1803 1913/1482/1977
f 1914/1483/1978 1920/1491/1984 1915/1484/1979
f 1905/1471/1969 1909/1477/1973 1921/1492/1985
f 1905/1471/1969 1921/1492/1985 1814/1485/1878
f 1917/1487/1981 1922/1493/1986 1910/1478/1974
f 1917/1487/1981 1915/1484/1979 1922/1493/1986
f 1911/1479/1975 1918/1488/1982 1923/1494/1987
f 1912/1480/1976 1911/1479/1975 1924/1495/1988
f 1911/1479/1975 1923/1494/1987 1924/1495/1988
f 1919/1489/1983 1925/1496/1989 1926/1497/1990
f 1909/1477/1973 1916/1486/1980 1926/1497/1990
f 1916/1486/1980 1919/1489/1983 1926/1497/1990
f 1909/1477/1973 1926/1497/1990 1921/1492/1985
f 1739/1490/1803 1742/1498/1806 1927/1499/1991
f 1913/1482/1977 1739/1490/1803 1927/1499/1991
f 1913/1482/1977 1927/1499/1991 1914/1483/1978
f 1920/1491/1984 1928/1500/1992 1915/1484/1979
f 1814/1485/1878 1921/1492/1985 1823/1501/1887
f 1910/1478/1974 1929/1502/1993 1918/1488/1982
f 1910/1478/1974 1922/1493/1986 1929/1502/1993
f 1912/1480/1976 1930/1503/1994 1919/1489/1983
f 1912/1480/1976 1924/1495/1988 1930/1503/1994
f 1923/1494/1987 1845/1504/1909 1924/1495/1988
f 1925/1496/1989 1931/1505/1995 1926/1497/1990
f 1742/1498/1806 1932/1506/1996 1927/1499/1991
f 1914/1483/1978 1927/1499/1991 1933/1507/1997
f 1927/1499/1991 1932/1506/1996 1933/1507/1997
f 1914/1483/1978 1933/1507/1997 1920/1491/1984
f 1928/1500/1992 1934/1508/1998 1915/1484/1979
f 1915/1484/1979 1934/1508/1998 1922/1493/1986
f 1921/1492/1985 1926/1497/1990 1935/1509/1999
f 1926/1497/1990 1931/1505/1995 1935/1509/1999
f 1921/1492/1985 1935/1509/1999 1823/1501/1887
f 1918/1488/1982 1929/1502/1993 1936/1510/2000
f 1918/1488/1982 1936/1510/2000 1923/1494/1987
f 1919/1489/1983 1930/1503/1994 1937/1511/2001
f 1919/1489/1983 1937/1511/2001 1925/1496/1989
f 1845/1504/1909 1923/1494/1987 1850/1512/1914
f 1923/1494/1987 1936/1510/2000 1850/1512/1914
f 1924/1495/1988 1843/1513/1907 1930/1503/1994
f 1924/1495/1988 1845/1504/1909 1843/1513/1907
f 1742/1498/1806 1746/1514/1810 1932/1506/1996
f 1933/1507/1997 1932/1506/1996 1938/1515/2002
f 1920/1491/1984 1939/1516/2003 1940/1517/2004
f 1920/1491/1984 1940/1517/2004 1928/1500/1992
f 1933/1507/1997 1938/1515/2002 1939/1516/2003
f 1933/1507/1997 1939/1516/2003 1920/1491/1984
f 1934/1508/1998 1941/1518/2005 1922/1493/1986
f 1931/1505/1995 1821/1519/1885 1822/1520/1886
f 1822/1520/1886 1823/1501/1887 1935/1509/1999
f 1935/1509/1999 1931/1505/1995 1822/1520/1886
f 1929/1502/1993 1942/1521/2006 1936/1510/2000
f 1937/1511/2001 1930/1503/1994 1841/1522/1905
f 1930/1503/1994 1843/1513/1907 1841/1522/1905
f 1925/1496/1989 1943/1523/2007 1931/1505/1995
f 1937/1511/2001 1841/1522/1905 1943/1523/2007
f 1937/1511/2001 1943/1523/2007 1925/1496/1989
f 1850/1512/1914 1936/1510/2000 1852/1524/1916
f 1936/1510/2000 1942/1521/2006 1852/1524/1916
f 1746/1514/1810 1944/1525/2008 1932/1506/1996
f 1932/1506/1996 1944/1525/2008 1938/1515/2002
f 1940/1517/2004 1945/1526/2009 1946/1527/2010
f 1939/1516/2003 1945/1526/2009 1940/1517/2004
f 1939/1516/2003 1938/1515/2002 1945/1526/2009
f 1928/1500/1992 1947/1528/2011 1934/1508/1998
f 1934/1508/1998 1947/1528/2011 1941/1518/2005
f 1922/1493/1986 1948/1529/2012 1929/1502/1993
f 1929/1502/1993 1948/1529/2012 1942/1521/2006
f 1922/1493/1986 1941/1518/2005 1948/1529/2012
f 1821/1519/1885 1931/1505/1995 1819/1530/1883
f 1931/1505/1995 1943/1523/2007 1819/1530/1883
f 1841/1522/1905 1840/1531/1904 1943/1523/2007
f 1943/1523/2007 1840/1531/1904 1819/1530/1883
f 1852/1524/1916 1942/1521/2006 1855/1532/1919
f 1746/1514/1810 1751/1533/1815 1944/1525/2008
f 1946/1527/2010 1945/1526/2009 1949/1534/2013
f 1940/1517/2004 1950/1535/2014 1928/1500/1992
f 1928/1500/1992 1950/1535/2014 1947/1528/2011
f 1938/1515/2002 1944/1525/2008 1951/1536/2015
f 1938/1515/2002 1951/1536/2015 1945/1526/2009
f 1941/1518/2005 1947/1528/2011 1862/1537/1926
f 1948/1529/2012 1856/1538/1920 1942/1521/2006
f 1942/1521/2006 1856/1538/1920 1855/1532/1919
f 1751/1533/1815 1771/1539/1835 1944/1525/2008
f 1944/1525/2008 1771/1539/1835 1951/1536/2015
f 1946/1527/2010 1952/1540/2016 1940/1517/2004
f 1940/1517/2004 1952/1540/2016 1950/1535/2014
f 1949/1534/2013 1945/1526/2009 1953/1541/2017
f 1945/1526/2009 1951/1536/2015 1953/1541/2017
f 1941/1518/2005 1862/1537/1926 1858/1542/1922
f 1858/1542/1922 1856/1538/1920 1948/1529/2012
f 1948/1529/2012 1941/1518/2005 1858/1542/1922
f 1947/1528/2011 1950/1535/2014 1865/1543/1929
f 1947/1528/2011 1865/1543/1929 1862/1537/1926
f 1771/1539/1835 1873/1544/1937 1951/1536/2015
f 1951/1536/2015 1873/1544/1937 1953/1541/2017
f 1946/1527/2010 1954/1545/2018 1952/1540/2016
f 1946/1527/2010 1949/1534/2013 1954/1545/2018
f 1950/1535/2014 1952/1540/2016 1867/1546/1931
f 1952/1540/2016 1954/1545/2018 1867/1546/1931
f 1950/1535/2014 1867/1546/1931 1865/1543/1929
f 1873/1544/1937 1872/1547/1936 1953/1541/2017
f 1953/1541/2017 1872/1547/1936 1949/1534/2013
f 1954/1545/2018 1868/1548/1932 1867/1546/1931
f 1872/1547/1936 1870/1549/1934 1949/1534/2013
f 1954/1545/2018 1869/1550/1933 1868/1548/1932
f 1869/1550/1933 1949/1534/2013 1870/1549/1934
f 1949/1534/2013 1869/1550/1933 1954/1545/2018
usemtl Material_#52
f 1955/1551/2019 1956/1552/2020 1957/1553/2021
f 1958/1554/2022 1955/1551/2019 1959/1555/2023
f 1959/1555/2023 1955/1551/2019 1957/1553/2021
f 1960/1556/2024 1958/1554/2022 1961/1557/2025
f 1961/1557/2025 1958/1554/2022 1959/1555/2023
f 1962/1558/2026 1960/1556/2024 1963/1559/2027
f 1963/1559/2027 1960/1556/2024 1961/1557/2025
f 1964/1560/2028 1962/1561/2026 1965/1562/2029
f 1965/1562/2029 1962/1561/2026 1963/1563/2027
f 1966/1564/2030 1964/1560/2028 1967/1565/2031
f 1967/1565/2031 1964/1560/2028 1965/1562/2029
f 1968/1566/2032 1966/1564/2030 1969/1567/2033
f 1969/1567/2033 1966/1564/2030 1967/1565/2031
f 1970/1568/2034 1968/1566/2032 1971/1569/2035
f 1971/1569/2035 1968/1566/2032 1969/1567/2033
f 1956/1570/2020 1970/1568/2034 1971/1569/2035
f 1956/1570/2020 1971/1569/2035 1957/1571/2021
f 1957/1571/2021 1971/1569/2035 1959/1572/2023
f 1959/1572/2023 1971/1569/2035 1969/1567/2033
f 1959/1572/2023 1969/1567/2033 1961/1573/2025
f 1961/1573/2025 1969/1567/2033 1967/1565/2031
f 1961/1573/2025 1967/1565/2031 1963/1574/2027
f 1963/1574/2027 1967/1565/2031 1965/1562/2029
f 1956/1570/2020 1955/1575/2019 1970/1568/2034
f 1955/1575/2019 1958/1576/2022 1970/1568/2034
f 1970/1568/2034 1958/1576/2022 1968/1566/2032
f 1958/1576/2022 1960/1577/2024 1968/1566/2032
f 1968/1566/2032 1960/1577/2024 1966/1564/2030
f 1960/1577/2024 1962/1578/2026 1966/1564/2030
f 1966/1564/2030 1962/1578/2026 1964/1560/2028
f 1972/1551/2036 1973/1552/2037 1974/1553/2038
f 1975/1554/2039 1972/1551/2036 1976/1555/2040
f 1976/1555/2040 1972/1551/2036 1974/1553/2038
f 1977/1556/2041 1975/1554/2039 1978/1557/2042
f 1978/1557/2042 1975/1554/2039 1976/1555/2040
f 1979/1558/2043 1977/1556/2041 1980/1559/2044
f 1980/1559/2044 1977/1556/2041 1978/1557/2042
f 1981/1560/2045 1979/1561/2043 1982/1562/2046
f 1982/1562/2046 1979/1561/2043 1980/1563/2044
f 1983/1564/2047 1981/1560/2045 1984/1565/2048
f 1984/1565/2048 1981/1560/2045 1982/1562/2046
f 1985/1566/2049 1983/1564/2047 1986/1567/2050
f 1986/1567/2050 1983/1564/2047 1984/1565/2048
f 1987/1568/2051 1985/1566/2049 1988/1569/2052
f 1988/1569/2052 1985/1566/2049 1986/1567/2050
f 1973/1570/2037 1987/1568/2051 1988/1569/2052
f 1973/1570/2037 1988/1569/2052 1974/1571/2038
f 1974/1571/2038 1988/1569/2052 1976/1572/2040
f 1976/1572/2040 1988/1569/2052 1986/1567/2050
f 1976/1572/2040 1986/1567/2050 1978/1573/2042
f 1978/1573/2042 1986/1567/2050 1984/1565/2048
f 1978/1573/2042 1984/1565/2048 1980/1574/2044
f 1980/1574/2044 1984/1565/2048 1982/1562/2046
f 1973/1570/2037 1972/1575/2036 1987/1568/2051
f 1972/1575/2036 1975/1576/2039 1987/1568/2051
f 1987/1568/2051 1975/1576/2039 1985/1566/2049
f 1975/1576/2039 1977/1577/2041 1985/1566/2049
f 1985/1566/2049 1977/1577/2041 1983/1564/2047
f 1977/1577/2041 1979/1578/2043 1983/1564/2047
f 1983/1564/2047 1979/1578/2043 1981/1560/2045
f 1989/1551/2053 1990/1552/2054 1991/1553/2055
f 1992/1554/2056 1989/1551/2053 1993/1555/2057
f 1993/1555/2057 1989/1551/2053 1991/1553/2055
f 1994/1556/2058 1992/1554/2056 1995/1557/2059
f 1995/1557/2059 1992/1554/2056 1993/1555/2057
f 1996/1558/2060 1994/1556/2058 1997/1559/2061
f 1997/1559/2061 1994/1556/2058 1995/1557/2059
f 1998/1560/2062 1996/1561/2060 1999/1562/2063
f 1999/1562/2063 1996/1561/2060 1997/1563/2061
f 2000/1564/2064 1998/1560/2062 2001/1565/2065
f 2001/1565/2065 1998/1560/2062 1999/1562/2063
f 2002/1566/2066 2000/1564/2064 2003/1567/2067
f 2003/1567/2067 2000/1564/2064 2001/1565/2065
f 2004/1568/2068 2002/1566/2066 2005/1569/2069
f 2005/1569/2069 2002/1566/2066 2003/1567/2067
f 1990/1570/2054 2004/1568/2068 2005/1569/2069
f 1990/1570/2054 2005/1569/2069 1991/1571/2055
f 1991/1571/2055 2005/1569/2069 1993/1572/2057
f 1993/1572/2057 2005/1569/2069 2003/1567/2067
f 1993/1572/2057 2003/1567/2067 1995/1573/2059
f 1995/1573/2059 2003/1567/2067 2001/1565/2065
f 1995/1573/2059 2001/1565/2065 1997/1574/2061
f 1997/1574/2061 2001/1565/2065 1999/1562/2063
f 1990/1570/2054 1989/1575/2053 2004/1568/2068
f 1989/1575/2053 1992/1576/2056 2004/1568/2068
f 2004/1568/2068 1992/1576/2056 2002/1566/2066
f 1992/1576/2056 1994/1577/2058 2002/1566/2066
f 2002/1566/2066 1994/1577/2058 2000/1564/2064
f 1994/1577/2058 1996/1578/2060 2000/1564/2064
f 2000/1564/2064 1996/1578/2060 1998/1560/2062
f 2006/1579/2070 2007/1580/2071 2008/1581/2072
f 2007/1580/2071 2009/1582/2073 2008/1581/2072
f 2008/1581/2072 2010/1583/2074 2006/1584/2070
f 2008/1581/2072 2011/1585/2075 2010/1583/2074
f 2006/1584/2070 2010/1583/2074 2007/1586/2071
f 2010/1583/2074 2011/1585/2075 2007/1586/2071
f 2008/1581/2072 2009/1587/2073 2011/1585/2075
f 2011/1585/2075 2009/1587/2073 2007/1586/2071
f 2012/1579/2076 2013/1581/2077 2014/1580/2078
f 2013/1581/2077 2012/1584/2076 2015/1583/2079
f 2014/1580/2078 2013/1581/2077 2016/1582/2080
f 2012/1584/2076 2014/1586/2078 2015/1583/2079
f 2013/1581/2077 2015/1583/2079 2017/1585/2081
f 2015/1583/2079 2014/1586/2078 2017/1585/2081
f 2013/1581/2077 2017/1585/2081 2016/1587/2080
f 2016/1587/2080 2017/1585/2081 2014/1586/2078
f 2018/1588/2082 2019/1589/2083 2020/1590/2084
f 2019/1589/2083 2021/1591/2085 2022/1592/2086
f 2019/1589/2083 2022/1592/2086 2020/1590/2084
f 2021/1591/2085 2023/1593/2087 2022/1592/2086
f 2020/1590/2084 2022/1592/2086 2024/1594/2088
f 2021/1591/2085 2025/1595/2089 2023/1593/2087
f 2022/1592/2086 2023/1593/2087 2026/1596/2090
f 2022/1592/2086 2026/1596/2090 2024/1594/2088
f 2025/1595/2089 2027/1597/2091 2028/1598/2092
f 2023/1593/2087 2029/1599/2093 2026/1596/2090
f 2025/1595/2089 2030/1600/2094 2031/1601/2095
f 2025/1595/2089 2028/1598/2092 2030/1600/2094
f 2025/1595/2089 2031/1601/2095 2023/1593/2087
f 2027/1597/2091 2032/1602/2096 2033/1603/2097
f 2027/1597/2091 2033/1603/2097 2028/1598/2092
f 2029/1599/2093 2023/1593/2087 2034/1604/2098
f 2023/1593/2087 2031/1601/2095 2034/1604/2098
f 2030/1600/2094 2028/1598/2092 2035/1605/2099
f 2032/1602/2096 2036/1606/2100 2033/1603/2097
f 2031/1601/2095 2030/1600/2094 2037/1607/2101
f 2031/1601/2095 2037/1607/2101 2034/1604/2098
f 2035/1605/2099 2038/1608/2102 2030/1600/2094
f 2037/1607/2101 2030/1600/2094 2039/1609/2103
f 2039/1609/2103 2030/1600/2094 2038/1608/2102
f 2040/1610/2104 2041/1611/2105 2042/1612/2106
f 2041/1611/2105 2043/1613/2107 2044/1614/2108
f 2041/1611/2105 2044/1614/2108 2042/1612/2106
f 2043/1613/2107 2045/1615/2109 2044/1614/2108
f 2042/1612/2106 2044/1614/2108 2046/1616/2110
f 2045/1615/2109 2047/1617/2111 2044/1614/2108
f 2044/1614/2108 2047/1617/2111 2046/1616/2110
f 2045/1615/2109 2048/1618/2112 2047/1617/2111
f 2046/1616/2110 2047/1617/2111 2049/1619/2113
f 2048/1618/2112 2050/1620/2114 2051/1621/2115
f 2051/1621/2115 2047/1617/2111 2048/1618/2112
f 2047/1617/2111 2051/1621/2115 2049/1619/2113
f 2052/1622/2116 2053/1623/2117 2054/1624/2118
f 2053/1623/2117 2055/1625/2119 2056/1626/2120
f 2053/1623/2117 2056/1626/2120 2054/1624/2118
f 2055/1625/2119 2057/1627/2121 2056/1626/2120
f 2054/1624/2118 2056/1626/2120 2058/1628/2122
f 2057/1627/2121 2059/1629/2123 2056/1626/2120
f 2056/1626/2120 2059/1629/2123 2058/1628/2122
f 2057/1627/2121 2060/1630/2124 2059/1629/2123
f 2058/1628/2122 2059/1629/2123 2061/1631/2125
f 2060/1630/2124 2049/1632/2113 2062/1633/2126
f 2062/1633/2126 2059/1629/2123 2060/1630/2124
f 2059/1629/2123 2062/1633/2126 2061/1631/2125
f 2063/1634/2127 2064/1635/2128 2065/1636/2129
f 2064/1635/2128 2066/1637/2130 2067/1638/2131
f 2065/1636/2129 2064/1635/2128 2068/1639/2132
f 2066/1637/2130 2064/1635/2128 2069/1640/2133
f 2064/1635/2128 2067/1638/2131 2068/1639/2132
f 2066/1637/2130 2070/1641/2134 2071/1642/2135
f 2069/1640/2133 2072/1643/2136 2066/1637/2130
f 2066/1637/2130 2071/1642/2135 2067/1638/2131
f 2066/1637/2130 2072/1643/2136 2070/1641/2134
f 2068/1639/2132 2067/1638/2131 2073/1644/2137
f 2073/1644/2137 2067/1638/2131 2071/1642/2135
f 2069/1640/2133 2074/1645/2138 2072/1643/2136
f 2070/1641/2134 2072/1643/2136 2071/1646/2135
f 2069/1640/2133 2075/1647/2139 2074/1645/2138
f 2072/1643/2136 2076/1648/2140 2071/1646/2135
f 2072/1643/2136 2074/1645/2138 2076/1648/2140
f 2075/1647/2139 2077/1649/2141 2074/1645/2138
f 2071/1646/2135 2076/1648/2140 2073/1650/2137
f 2075/1647/2139 2078/1651/2142 2077/1649/2141
f 2074/1645/2138 2079/1652/2143 2076/1648/2140
f 2074/1645/2138 2077/1649/2141 2079/1652/2143
f 2073/1650/2137 2076/1648/2140 2080/1653/2144
f 2076/1648/2140 2079/1652/2143 2080/1653/2144
f 2078/1651/2142 2081/1654/2145 2077/1649/2141
f 2073/1650/2137 2080/1653/2144 2068/1655/2132
f 2079/1652/2143 2082/1656/2146 2080/1653/2144
f 2078/1651/2142 2083/1657/2147 2084/1658/2148
f 2078/1651/2142 2084/1658/2148 2081/1654/2145
f 2077/1649/2141 2085/1659/2149 2079/1652/2143
f 2079/1652/2143 2085/1659/2149 2082/1656/2146
f 2077/1649/2141 2081/1654/2145 2085/1659/2149
f 2068/1655/2132 2080/1653/2144 2065/1660/2129
f 2080/1653/2144 2082/1656/2146 2065/1660/2129
f 2084/1658/2148 2086/1661/2150 2081/1654/2145
f 2085/1659/2149 2087/1662/2151 2082/1656/2146
f 2082/1656/2146 2087/1662/2151 2065/1660/2129
f 2085/1659/2149 2081/1654/2145 2087/1662/2151
f 2086/1661/2150 2088/1663/2152 2081/1654/2145
f 2081/1654/2145 2088/1663/2152 2087/1662/2151
f 2065/1660/2129 2087/1662/2151 2063/1664/2127
f 2063/1664/2127 2087/1662/2151 2088/1663/2152
f 2063/1665/2127 2089/1666/2153 2090/1667/2154
f 2089/1666/2153 2091/1668/2155 2092/1669/2156
f 2089/1666/2153 2092/1669/2156 2090/1667/2154
f 2091/1668/2155 2093/1670/2157 2092/1669/2156
f 2090/1667/2154 2092/1669/2156 2094/1671/2158
f 2093/1670/2157 2095/1672/2159 2092/1669/2156
f 2092/1669/2156 2095/1672/2159 2094/1671/2158
f 2090/1667/2154 2094/1671/2158 2096/1673/2160
f 2095/1672/2159 2093/1674/2157 2097/1675/2161
f 2094/1671/2158 2095/1672/2159 2098/1676/2162
f 2095/1672/2159 2097/1675/2161 2098/1676/2162
f 2094/1671/2158 2098/1676/2162 2096/1673/2160
f 2093/1674/2157 2091/1677/2155 2097/1675/2161
f 2098/1676/2162 2097/1675/2161 2099/1678/2163
f 2096/1673/2160 2098/1676/2162 2100/1679/2164
f 2098/1676/2162 2099/1678/2163 2100/1679/2164
f 2091/1677/2155 2101/1680/2165 2097/1675/2161
f 2097/1675/2161 2101/1680/2165 2099/1678/2163
f 2096/1673/2160 2100/1679/2164 2102/1681/2166
f 2091/1677/2155 2089/1682/2153 2101/1680/2165
f 2099/1678/2163 2103/1683/2167 2100/1679/2164
f 2102/1681/2166 2100/1679/2164 2104/1684/2168
f 2100/1679/2164 2103/1683/2167 2104/1684/2168
f 2089/1682/2153 2063/1685/2127 2101/1680/2165
f 2099/1678/2163 2101/1680/2165 2105/1686/2169
f 2101/1680/2165 2063/1685/2127 2105/1686/2169
f 2102/1681/2166 2104/1684/2168 2106/1687/2170
f 2103/1683/2167 2107/1688/2171 2104/1684/2168
f 2104/1684/2168 2107/1688/2171 2106/1687/2170
f 2099/1678/2163 2105/1686/2169 2088/1689/2152
f 2105/1686/2169 2063/1685/2127 2088/1689/2152
f 2099/1678/2163 2088/1689/2152 2103/1683/2167
f 2107/1688/2171 2103/1683/2167 2086/1690/2150
f 2086/1690/2150 2103/1683/2167 2088/1689/2152
f 2108/1634/2172 2109/1636/2173 2110/1635/2174
f 2109/1636/2173 2111/1639/2175 2110/1635/2174
f 2111/1639/2175 2112/1638/2176 2110/1635/2174
f 2111/1639/2175 2113/1644/2177 2112/1638/2176
f 2110/1635/2174 2114/1637/2178 2115/1640/2179
f 2110/1635/2174 2112/1638/2176 2114/1637/2178
f 2113/1644/2177 2116/1642/2180 2112/1638/2176
f 2112/1638/2176 2116/1642/2180 2114/1637/2178
f 2115/1640/2179 2114/1637/2178 2117/1643/2181
f 2116/1642/2180 2118/1641/2182 2114/1637/2178
f 2114/1637/2178 2118/1641/2182 2117/1643/2181
f 2115/1640/2179 2117/1643/2181 2119/1645/2183
f 2118/1641/2182 2116/1646/2180 2117/1643/2181
f 2115/1640/2179 2119/1645/2183 2120/1647/2184
f 2116/1646/2180 2121/1648/2185 2117/1643/2181
f 2117/1643/2181 2121/1648/2185 2119/1645/2183
f 2120/1647/2184 2119/1645/2183 2122/1649/2186
f 2116/1646/2180 2113/1650/2177 2121/1648/2185
f 2120/1647/2184 2122/1649/2186 2123/1651/2187
f 2119/1645/2183 2121/1648/2185 2124/1652/2188
f 2119/1645/2183 2124/1652/2188 2122/1649/2186
f 2113/1650/2177 2125/1653/2189 2121/1648/2185
f 2121/1648/2185 2125/1653/2189 2124/1652/2188
f 2123/1651/2187 2122/1649/2186 2126/1654/2190
f 2113/1650/2177 2111/1655/2175 2125/1653/2189
f 2124/1652/2188 2125/1653/2189 2127/1656/2191
f 2123/1651/2187 2126/1654/2190 2128/1658/2192
f 2122/1649/2186 2124/1652/2188 2129/1659/2193
f 2124/1652/2188 2127/1656/2191 2129/1659/2193
f 2122/1649/2186 2129/1659/2193 2126/1654/2190
f 2111/1655/2175 2109/1660/2173 2125/1653/2189
f 2125/1653/2189 2109/1660/2173 2127/1656/2191
f 2123/1651/2187 2128/1658/2192 2130/1657/2194
f 2129/1659/2193 2127/1656/2191 2131/1662/2195
f 2127/1656/2191 2109/1660/2173 2131/1662/2195
f 2129/1659/2193 2131/1662/2195 2126/1654/2190
f 2128/1658/2192 2126/1654/2190 2132/1661/2196
f 2109/1660/2173 2108/1664/2172 2131/1662/2195
f 2126/1654/2190 2131/1662/2195 2133/1663/2197
f 2133/1663/2197 2132/1661/2196 2126/1654/2190
f 2133/1663/2197 2131/1662/2195 2108/1664/2172
f 2108/1665/2172 2134/1667/2198 2135/1666/2199
f 2134/1667/2198 2136/1673/2200 2137/1671/2201
f 2135/1666/2199 2138/1669/2202 2139/1668/2203
f 2134/1667/2198 2137/1671/2201 2138/1669/2202
f 2134/1667/2198 2138/1669/2202 2135/1666/2199
f 2136/1673/2200 2140/1679/2204 2141/1676/2205
f 2139/1668/2203 2138/1669/2202 2142/1670/2206
f 2137/1671/2201 2143/1672/2207 2138/1669/2202
f 2137/1671/2201 2136/1673/2200 2141/1676/2205
f 2137/1671/2201 2141/1676/2205 2143/1672/2207
f 2138/1669/2202 2143/1672/2207 2142/1670/2206
f 2140/1679/2204 2144/1683/2208 2145/1678/2209
f 2136/1673/2200 2146/1681/2210 2140/1679/2204
f 2141/1676/2205 2147/1675/2211 2143/1672/2207
f 2141/1676/2205 2140/1679/2204 2145/1678/2209
f 2141/1676/2205 2145/1678/2209 2147/1675/2211
f 2144/1683/2208 2148/1684/2212 2149/1688/2213
f 2140/1679/2204 2146/1681/2210 2148/1684/2212
f 2140/1679/2204 2148/1684/2212 2144/1683/2208
f 2143/1672/2207 2147/1675/2211 2142/1674/2206
f 2145/1678/2209 2150/1680/2214 2147/1675/2211
f 2149/1688/2213 2148/1684/2212 2151/1687/2215
f 2151/1687/2215 2148/1684/2212 2146/1681/2210
f 2144/1683/2208 2149/1688/2213 2132/1690/2196
f 2142/1674/2206 2147/1675/2211 2139/1677/2203
f 2147/1675/2211 2150/1680/2214 2139/1677/2203
f 2145/1678/2209 2152/1686/2216 2150/1680/2214
f 2144/1683/2208 2132/1690/2196 2133/1689/2197
f 2145/1678/2209 2133/1689/2197 2152/1686/2216
f 2145/1678/2209 2144/1683/2208 2133/1689/2197
f 2139/1677/2203 2150/1680/2214 2135/1682/2199
f 2152/1686/2216 2108/1685/2172 2150/1680/2214
f 2108/1685/2172 2152/1686/2216 2133/1689/2197
f 2108/1685/2172 2135/1682/2199 2150/1680/2214
f 2153/1691/2217 2154/1692/2218 2155/1693/2219
f 2154/1692/2218 2156/1694/2220 2157/1695/2221
f 2154/1692/2218 2157/1695/2221 2155/1693/2219
f 2156/1694/2220 2158/1696/2222 2157/1695/2221
f 2155/1693/2219 2157/1695/2221 2159/1697/2223
f 2158/1696/2222 2160/1698/2224 2157/1695/2221
f 2157/1695/2221 2160/1698/2224 2159/1697/2223
f 2158/1696/2222 2161/1699/2225 2160/1698/2224
f 2159/1697/2223 2160/1698/2224 2162/1700/2226
f 2161/1699/2225 2163/1701/2227 2160/1698/2224
f 2162/1700/2226 2164/1702/2228 2165/1703/2229
f 2163/1701/2227 2166/1704/2230 2160/1698/2224
f 2160/1698/2224 2166/1704/2230 2162/1700/2226
f 2164/1702/2228 2167/1705/2231 2165/1703/2229
f 2163/1701/2227 2168/1706/2232 2166/1704/2230
f 2162/1700/2226 2166/1704/2230 2169/1707/2233
f 2166/1704/2230 2168/1706/2232 2169/1707/2233
f 2162/1700/2226 2169/1707/2233 2164/1702/2228
f 2167/1705/2231 2170/1708/2234 2171/1709/2235
f 2171/1709/2235 2165/1703/2229 2167/1705/2231
f 2168/1706/2232 2172/1710/2236 2169/1707/2233
f 2164/1702/2228 2169/1707/2233 2173/1711/2237
f 2172/1710/2236 2174/1712/2238 2169/1707/2233
f 2169/1707/2233 2174/1712/2238 2173/1711/2237
f 1789/1713/1853 2175/1714/2239 1780/1715/1844
f 1789/1713/1853 1791/1716/1855 2175/1714/2239
f 1780/1715/1844 2175/1714/2239 2176/1717/2240
f 1791/1716/1855 2177/1718/2241 2175/1714/2239
f 1780/1715/1844 2176/1717/2240 2178/1714/2242
f 1791/1716/1855 2179/1719/2243 2177/1718/2241
f 2175/1714/2239 2180/1720/2244 2181/1721/2245
f 2175/1714/2239 2181/1721/2245 2176/1717/2240
f 2175/1714/2239 2177/1718/2241 2180/1720/2244
f 1780/1715/1844 2178/1714/2242 1778/1713/1842
f 1791/1716/1855 1795/1722/1859 2179/1719/2243
f 2181/1721/2245 2182/1723/2246 2183/1724/2247
f 2176/1717/2240 2181/1721/2245 2184/1725/2248
f 2181/1721/2245 2180/1720/2244 2182/1723/2246
f 2181/1721/2245 2183/1724/2247 2184/1725/2248
f 2177/1718/2241 2185/1726/2249 2180/1720/2244
f 2177/1718/2241 2179/1719/2243 2185/1726/2249
f 2178/1714/2242 2186/1721/2250 2187/1720/2251
f 2176/1717/2240 2186/1721/2250 2178/1714/2242
f 2176/1717/2240 2184/1725/2248 2186/1721/2250
f 1778/1713/1842 2178/1714/2242 1777/1716/1841
f 1795/1722/1859 1802/1727/1866 2179/1719/2243
f 2182/1723/2246 2188/1728/2252 2183/1724/2247
f 2180/1720/2244 2189/1729/2253 2182/1723/2246
f 2180/1720/2244 2185/1726/2249 2189/1729/2253
f 2187/1720/2251 2190/1723/2254 2191/1729/2255
f 2184/1725/2248 2183/1724/2247 2192/1730/2256
f 2186/1721/2250 2193/1724/2257 2190/1723/2254
f 2186/1721/2250 2190/1723/2254 2187/1720/2251
f 2184/1725/2248 2193/1724/2257 2186/1721/2250
f 2184/1725/2248 2192/1730/2256 2193/1724/2257
f 2178/1714/2242 2187/1720/2251 2194/1718/2258
f 2178/1714/2242 2194/1718/2258 1777/1716/1841
f 1802/1727/1866 2195/1731/2259 2179/1719/2243
f 2188/1728/2252 2196/1732/2260 2183/1724/2247
f 2192/1730/2256 2183/1724/2247 2196/1732/2260
f 2192/1730/2256 2196/1732/2260 2193/1724/2257
f 2182/1723/2246 2197/1733/2261 2188/1728/2252
f 2182/1723/2246 2189/1729/2253 2197/1733/2261
f 2185/1726/2249 2198/1734/2262 2199/1735/2263
f 2185/1726/2249 2179/1719/2243 2198/1734/2262
f 2189/1729/2253 2199/1735/2263 2197/1733/2261
f 2189/1729/2253 2185/1726/2249 2199/1735/2263
f 2179/1719/2243 2195/1731/2259 2198/1734/2262
f 2191/1729/2255 2190/1723/2254 2200/1733/2264
f 2187/1720/2251 2191/1729/2255 2201/1726/2265
f 2187/1720/2251 2201/1726/2265 2194/1718/2258
f 1777/1716/1841 2194/1718/2258 2202/1719/2266
f 2194/1718/2258 2201/1726/2265 2202/1719/2266
f 1802/1727/1866 1839/1736/1903 2195/1731/2259
f 2196/1732/2260 2188/1728/2252 2203/1737/2267
f 2193/1724/2257 2196/1732/2260 2204/1728/2268
f 2190/1723/2254 2204/1728/2268 2200/1733/2264
f 2190/1723/2254 2193/1724/2257 2204/1728/2268
f 2196/1732/2260 2203/1737/2267 2204/1728/2268
f 2197/1733/2261 2205/1738/2269 2188/1728/2252
f 2199/1735/2263 2206/1739/2270 2197/1733/2261
f 2197/1733/2261 2206/1739/2270 2205/1738/2269
f 2199/1735/2263 2198/1734/2262 2206/1739/2270
f 2191/1729/2255 2200/1733/2264 2207/1735/2271
f 2191/1729/2255 2207/1735/2271 2201/1726/2265
f 1777/1716/1841 2202/1719/2266 1775/1722/1839
f 1839/1736/1903 1826/1740/1890 2208/1741/2272
f 2195/1731/2259 2209/1742/2273 2210/1743/2274
f 2195/1731/2259 2210/1743/2274 2198/1734/2262
f 1839/1736/1903 2209/1742/2273 2195/1731/2259
f 1839/1736/1903 2208/1741/2272 2209/1742/2273
f 2198/1734/2262 2210/1743/2274 2206/1739/2270
f 2203/1737/2267 2188/1728/2252 2211/1744/2275
f 2188/1728/2252 2205/1738/2269 2211/1744/2275
f 2204/1728/2268 2203/1737/2267 2212/1744/2276
f 2200/1733/2264 2204/1728/2268 2213/1738/2277
f 2204/1728/2268 2212/1744/2276 2213/1738/2277
f 2207/1735/2271 2200/1733/2264 2214/1739/2278
f 2200/1733/2264 2213/1738/2277 2214/1739/2278
f 2201/1726/2265 2207/1735/2271 2215/1734/2279
f 2207/1735/2271 2214/1739/2278 2215/1734/2279
f 2201/1726/2265 2215/1734/2279 2202/1719/2266
f 1775/1722/1839 2202/1719/2266 1776/1727/1840
f 1826/1740/1890 1825/1745/1889 2216/1746/2280
f 1826/1740/1890 2216/1746/2280 2208/1741/2272
f 2209/1742/2273 2064/1747/2128 2210/1743/2274
f 2210/1743/2274 2064/1747/2128 2206/1739/2270
f 2205/1738/2269 2096/1748/2160 2211/1744/2275
f 2203/1737/2267 2217/1749/2281 2218/1750/2282
f 2211/1744/2275 2096/1748/2160 2217/1749/2281
f 2211/1744/2275 2217/1749/2281 2203/1737/2267
f 2212/1744/2276 2203/1737/2267 2219/1749/2283
f 2203/1737/2267 2218/1750/2282 2219/1749/2283
f 2213/1738/2277 2212/1744/2276 2136/1748/2200
f 2212/1744/2276 2219/1749/2283 2136/1748/2200
f 2214/1739/2278 2220/1743/2284 2215/1734/2279
f 2202/1719/2266 2221/1731/2285 1776/1727/1840
f 2215/1734/2279 2220/1743/2284 2221/1731/2285
f 2215/1734/2279 2221/1731/2285 2202/1719/2266
f 1825/1745/1889 1820/1751/1884 2216/1746/2280
f 2208/1741/2272 2216/1746/2280 2222/1752/2286
f 2209/1742/2273 2069/1753/2133 2064/1747/2128
f 2209/1742/2273 2208/1741/2272 2069/1753/2133
f 2206/1739/2270 2063/1754/2127 2090/1755/2154
f 2090/1755/2154 2096/1748/2160 2205/1738/2269
f 2206/1739/2270 2064/1747/2128 2063/1754/2127
f 2206/1739/2270 2090/1755/2154 2205/1738/2269
f 2217/1749/2281 2223/1756/2287 2218/1750/2282
f 2213/1738/2277 2136/1748/2200 2134/1755/2198
f 2213/1738/2277 2134/1755/2198 2214/1739/2278
f 2219/1749/2283 2218/1750/2282 2224/1756/2288
f 1776/1727/1840 2221/1731/2285 1889/1736/1953
f 2220/1743/2284 2214/1739/2278 2110/1747/2174
f 1820/1751/1884 2225/1757/2289 2216/1746/2280
f 2216/1746/2280 2225/1757/2289 2222/1752/2286
f 2208/1741/2272 2172/1758/2236 2075/1759/2139
f 2208/1741/2272 2075/1759/2139 2069/1753/2133
f 2096/1748/2160 2102/1760/2166 2217/1749/2281
f 2217/1749/2281 2102/1760/2166 2223/1756/2287
f 2136/1748/2200 2219/1749/2283 2146/1760/2210
f 2219/1749/2283 2224/1756/2288 2146/1760/2210
f 2134/1755/2198 2108/1754/2172 2214/1739/2278
f 2214/1739/2278 2108/1754/2172 2110/1747/2174
f 2218/1750/2282 2223/1756/2287 2226/1761/2290
f 2218/1750/2282 2226/1761/2290 2224/1756/2288
f 2221/1731/2285 2220/1743/2284 2227/1742/2291
f 2220/1743/2284 2110/1747/2174 2227/1742/2291
f 2221/1731/2285 2227/1742/2291 1889/1736/1953
f 2172/1758/2236 2083/1762/2147 2078/1763/2142
f 2078/1763/2142 2075/1759/2139 2172/1758/2236
f 2102/1760/2166 2106/1764/2170 2223/1756/2287
f 2146/1760/2210 2224/1756/2288 2151/1764/2215
f 2226/1761/2290 2223/1756/2287 2228/1765/2292
f 2223/1756/2287 2106/1764/2170 2228/1765/2292
f 2110/1747/2174 2115/1753/2179 2227/1742/2291
f 1889/1736/1953 2229/1741/2293 1876/1740/1940
f 2227/1742/2291 2115/1753/2179 2229/1741/2293
f 2227/1742/2291 2229/1741/2293 1889/1736/1953
f 2083/1762/2147 2230/1766/2294 2231/1767/2295
f 2172/1758/2236 2232/1768/2296 2083/1762/2147
f 2224/1756/2288 2226/1761/2290 2233/1765/2297
f 2224/1756/2288 2233/1765/2297 2151/1764/2215
f 2106/1764/2170 2234/1769/2298 2228/1765/2292
f 1876/1740/1940 2235/1746/2299 1875/1745/1939
f 1876/1740/1940 2229/1741/2293 2235/1746/2299
f 2115/1753/2179 2120/1759/2184 2229/1741/2293
f 2230/1766/2294 2236/1770/2300 2237/1771/2301
f 2232/1768/2296 2236/1770/2300 2230/1766/2294
f 2232/1768/2296 2230/1766/2294 2083/1762/2147
f 2231/1767/2295 2084/1772/2148 2083/1762/2147
f 2226/1761/2290 2228/1765/2292 2238/1773/2302
f 2226/1761/2290 2238/1773/2302 2233/1765/2297
f 2151/1764/2215 2239/1769/2303 2240/1774/2304
f 2106/1764/2170 2241/1774/2305 2234/1769/2298
f 1875/1745/1939 2235/1746/2299 1871/1751/1935
f 2120/1759/2184 2123/1763/2187 2039/1758/2103
f 2120/1759/2184 2039/1758/2103 2229/1741/2293
f 2237/1771/2301 2242/1775/2306 2243/1776/2307
f 2236/1770/2300 2242/1775/2306 2237/1771/2301
f 2230/1766/2294 2237/1771/2301 2244/1777/2308
f 2230/1766/2294 2244/1777/2308 2231/1767/2295
f 2084/1772/2148 2231/1767/2295 2086/1778/2150
f 2228/1765/2292 2234/1769/2298 2245/1779/2309
f 2233/1765/2297 2238/1773/2302 2245/1779/2309
f 2233/1765/2297 2239/1769/2303 2151/1764/2215
f 2233/1765/2297 2245/1779/2309 2239/1769/2303
f 2238/1773/2302 2228/1765/2292 2245/1779/2309
f 2240/1774/2304 2239/1769/2303 2246/1780/2310
f 2239/1769/2303 2245/1779/2309 2246/1780/2310
f 2106/1764/2170 2107/1781/2171 2241/1774/2305
f 2235/1746/2299 2247/1752/2311 2248/1757/2312
f 2235/1746/2299 2248/1757/2312 1871/1751/1935
f 2235/1746/2299 2229/1741/2293 2247/1752/2311
f 2123/1763/2187 2130/1762/2194 2039/1758/2103
f 2243/1776/2307 2249/1782/2313 2250/1783/2314
f 2242/1775/2306 2249/1782/2313 2243/1776/2307
f 2237/1771/2301 2243/1776/2307 2251/1784/2315
f 2237/1771/2301 2251/1784/2315 2244/1777/2308
f 2231/1767/2295 2252/1785/2316 2086/1778/2150
f 2252/1785/2316 2241/1774/2305 2107/1781/2171
f 2252/1785/2316 2244/1777/2308 2241/1774/2305
f 2252/1785/2316 2231/1767/2295 2244/1777/2308
f 2252/1785/2316 2107/1781/2171 2086/1778/2150
f 2234/1769/2298 2253/1780/2317 2245/1779/2309
f 2244/1777/2308 2251/1784/2315 2253/1780/2317
f 2241/1774/2305 2253/1780/2317 2234/1769/2298
f 2241/1774/2305 2244/1777/2308 2253/1780/2317
f 2151/1764/2215 2240/1774/2304 2149/1781/2213
f 2246/1780/2310 2254/1786/2318 2255/1784/2319
f 2253/1780/2317 2254/1786/2318 2245/1779/2309
f 2245/1779/2309 2254/1786/2318 2246/1780/2310
f 2253/1780/2317 2251/1784/2315 2254/1786/2318
f 2130/1762/2194 2128/1772/2192 2256/1767/2320
f 2039/1758/2103 2130/1762/2194 2257/1768/2321
f 2250/1783/2314 2249/1782/2313 2258/1787/2322
f 2243/1776/2307 2250/1783/2314 2259/1788/2323
f 2254/1786/2318 2259/1788/2323 2255/1784/2319
f 2251/1784/2315 2243/1776/2307 2259/1788/2323
f 2251/1784/2315 2259/1788/2323 2254/1786/2318
f 2240/1774/2304 2260/1785/2324 2149/1781/2213
f 2246/1780/2310 2261/1777/2325 2240/1774/2304
f 2240/1774/2304 2261/1777/2325 2260/1785/2324
f 2246/1780/2310 2255/1784/2319 2261/1777/2325
f 2128/1772/2192 2132/1778/2196 2256/1767/2320
f 2260/1785/2324 2132/1778/2196 2149/1781/2213
f 2260/1785/2324 2261/1777/2325 2256/1767/2320
f 2260/1785/2324 2256/1767/2320 2132/1778/2196
f 2130/1762/2194 2256/1767/2320 2262/1766/2326
f 2256/1767/2320 2261/1777/2325 2262/1766/2326
f 2130/1762/2194 2262/1766/2326 2257/1768/2321
f 2258/1787/2322 2263/1782/2327 2250/1783/2314
f 2259/1788/2323 2264/1776/2328 2255/1784/2319
f 2250/1783/2314 2263/1782/2327 2264/1776/2328
f 2250/1783/2314 2264/1776/2328 2259/1788/2323
f 2261/1777/2325 2255/1784/2319 2265/1771/2329
f 2255/1784/2319 2264/1776/2328 2265/1771/2329
f 2261/1777/2325 2265/1771/2329 2262/1766/2326
f 2257/1768/2321 2262/1766/2326 2266/1770/2330
f 2262/1766/2326 2265/1771/2329 2266/1770/2330
f 2263/1782/2327 2267/1775/2331 2264/1776/2328
f 2267/1775/2331 2265/1771/2329 2264/1776/2328
f 2265/1771/2329 2267/1775/2331 2266/1770/2330
f 2026/1789/2090 2268/1790/2332 2024/1791/2088
f 2026/1789/2090 2029/1792/2093 2268/1790/2332
f 2024/1791/2088 2269/1793/2333 2020/1794/2084
f 2024/1791/2088 2268/1790/2332 2269/1793/2333
f 2029/1792/2093 2270/1795/2334 2268/1790/2332
f 2268/1790/2332 2270/1795/2334 2269/1793/2333
f 2020/1794/2084 2271/1796/2335 2018/1797/2082
f 2020/1794/2084 2269/1793/2333 2271/1796/2335
f 2029/1792/2093 2034/1798/2098 2270/1795/2334
f 2018/1797/2082 2271/1796/2335 2019/1799/2083
f 2269/1793/2333 2270/1795/2334 2272/1800/2336
f 2034/1798/2098 2273/1801/2337 2270/1795/2334
f 2270/1795/2334 2273/1801/2337 2272/1800/2336
f 2271/1796/2335 2269/1793/2333 2274/1802/2338
f 2269/1793/2333 2272/1800/2336 2274/1802/2338
f 2271/1796/2335 2274/1802/2338 2019/1799/2083
f 2034/1798/2098 2037/1803/2101 2273/1801/2337
f 2272/1800/2336 2273/1801/2337 2275/1804/2339
f 2274/1802/2338 2021/1805/2085 2019/1799/2083
f 2037/1803/2101 2276/1806/2340 2273/1801/2337
f 2273/1801/2337 2276/1806/2340 2275/1804/2339
f 2272/1800/2336 2275/1804/2339 2277/1807/2341
f 2272/1800/2336 2277/1807/2341 2274/1802/2338
f 2021/1805/2085 2274/1802/2338 2025/1808/2089
f 2274/1802/2338 2277/1807/2341 2025/1808/2089
f 2037/1803/2101 2278/1809/2342 2276/1806/2340
f 2275/1804/2339 2276/1806/2340 2279/1810/2343
f 2276/1806/2340 2278/1809/2342 2279/1810/2343
f 2277/1807/2341 2280/1811/2344 2025/1808/2089
f 2037/1803/2101 2039/1812/2103 2278/1809/2342
f 2275/1804/2339 2281/1813/2345 2277/1807/2341
f 2275/1804/2339 2279/1810/2343 2281/1813/2345
f 2280/1811/2344 2282/1814/2346 2032/1815/2096
f 2025/1808/2089 2280/1811/2344 2027/1816/2091
f 2027/1816/2091 2280/1811/2344 2032/1815/2096
f 2039/1812/2103 2257/1817/2321 2278/1809/2342
f 2277/1807/2341 2283/1818/2347 2280/1811/2344
f 2280/1811/2344 2283/1818/2347 2282/1814/2346
f 2279/1810/2343 2278/1809/2342 2284/1819/2348
f 2281/1813/2345 2285/1820/2349 2277/1807/2341
f 2277/1807/2341 2285/1820/2349 2283/1818/2347
f 2032/1815/2096 2282/1814/2346 2036/1821/2100
f 2257/1817/2321 2286/1822/2350 2287/1823/2351
f 2278/1809/2342 2287/1823/2351 2284/1819/2348
f 2278/1809/2342 2257/1817/2321 2287/1823/2351
f 2279/1810/2343 2288/1824/2352 2281/1813/2345
f 2284/1819/2348 2287/1823/2351 2288/1824/2352
f 2284/1819/2348 2288/1824/2352 2279/1810/2343
f 2285/1820/2349 2028/1825/2092 2283/1818/2347
f 2283/1818/2347 2028/1825/2092 2282/1814/2346
f 2036/1821/2100 2282/1814/2346 2033/1826/2097
f 2033/1826/2097 2282/1814/2346 2028/1825/2092
f 2286/1822/2350 2266/1827/2330 2267/1828/2331
f 2266/1827/2330 2286/1822/2350 2257/1817/2321
f 2281/1813/2345 2289/1829/2353 2285/1820/2349
f 2281/1813/2345 2288/1824/2352 2289/1829/2353
f 2287/1823/2351 2061/1830/2125 2288/1824/2352
f 2028/1825/2092 2285/1820/2349 2035/1831/2099
f 2267/1828/2331 2263/1832/2327 2290/1833/2354
f 2267/1828/2331 2290/1833/2354 2286/1822/2350
f 2289/1829/2353 2288/1824/2352 2291/1834/2355
f 2288/1824/2352 2061/1830/2125 2291/1834/2355
f 2287/1823/2351 2286/1822/2350 2292/1835/2356
f 2286/1822/2350 2290/1833/2354 2292/1835/2356
f 2287/1823/2351 2292/1835/2356 2061/1830/2125
f 2285/1820/2349 2038/1836/2102 2035/1831/2099
f 2038/1836/2102 2289/1829/2353 2291/1834/2355
f 2289/1829/2353 2038/1836/2102 2285/1820/2349
f 2263/1832/2327 2293/1837/2357 2290/1833/2354
f 2292/1835/2356 2294/1838/2358 2295/1839/2359
f 2263/1832/2327 2258/1840/2322 2293/1837/2357
f 2290/1833/2354 2296/1841/2360 2292/1835/2356
f 2290/1833/2354 2293/1837/2357 2296/1841/2360
f 2294/1838/2358 2297/1842/2361 2298/1843/2362
f 2295/1839/2359 2298/1843/2362 2299/1844/2363
f 2258/1840/2322 2300/1845/2364 2301/1846/2365
f 2292/1835/2356 2296/1841/2360 2294/1838/2358
f 2293/1837/2357 2302/1847/2366 2296/1841/2360
f 2293/1837/2357 2258/1840/2322 2301/1846/2365
f 2293/1837/2357 2301/1846/2365 2302/1847/2366
f 2297/1842/2361 2303/1848/2367 2298/1843/2362
f 2295/1839/2359 2294/1838/2358 2298/1843/2362
f 2299/1844/2363 2298/1843/2362 2304/1849/2368
f 2298/1843/2362 2303/1848/2367 2304/1849/2368
f 2300/1845/2364 2258/1840/2322 2249/1850/2313
f 2292/1835/2356 2295/1839/2359 2061/1851/2125
f 2295/1839/2359 2299/1844/2363 2061/1851/2125
f 2296/1841/2360 2305/1852/2369 2294/1838/2358
f 2294/1838/2358 2305/1852/2369 2297/1842/2361
f 2296/1841/2360 2302/1847/2366 2305/1852/2369
f 2301/1846/2365 2306/1853/2370 2302/1847/2366
f 2301/1846/2365 2300/1845/2364 2306/1853/2370
f 2303/1848/2367 2055/1854/2119 2304/1849/2368
f 2249/1850/2313 2242/1855/2306 2307/1856/2371
f 2300/1845/2364 2307/1856/2371 2306/1853/2370
f 2300/1845/2364 2249/1850/2313 2307/1856/2371
f 2299/1844/2363 2304/1849/2368 2308/1857/2372
f 2061/1851/2125 2299/1844/2363 2058/1858/2122
f 2299/1844/2363 2308/1857/2372 2058/1858/2122
f 2297/1842/2361 2060/1859/2124 2303/1848/2367
f 2305/1852/2369 2309/1860/2373 2049/1861/2113
f 2297/1842/2361 2049/1861/2113 2060/1859/2124
f 2297/1842/2361 2305/1852/2369 2049/1861/2113
f 2302/1847/2366 2310/1862/2374 2305/1852/2369
f 2302/1847/2366 2306/1853/2370 2310/1862/2374
f 2055/1854/2119 2053/1863/2117 2304/1849/2368
f 2304/1849/2368 2053/1863/2117 2308/1857/2372
f 2242/1855/2306 2236/1864/2300 2311/1865/2375
f 2242/1855/2306 2311/1865/2375 2307/1856/2371
f 2058/1858/2122 2308/1857/2372 2054/1866/2118
f 2303/1848/2367 2057/1867/2121 2055/1854/2119
f 2057/1867/2121 2303/1848/2367 2060/1859/2124
f 2309/1860/2373 2312/1868/2376 2313/1869/2377
f 2305/1852/2369 2312/1868/2376 2309/1860/2373
f 2305/1852/2369 2310/1862/2374 2312/1868/2376
f 2049/1861/2113 2309/1860/2373 2046/1870/2110
f 2306/1853/2370 2314/1871/2378 2310/1862/2374
f 2306/1853/2370 2307/1856/2371 2314/1871/2378
f 2053/1863/2117 2052/1872/2116 2308/1857/2372
f 2308/1857/2372 2052/1872/2116 2054/1866/2118
f 2236/1864/2300 2315/1873/2379 2311/1865/2375
f 2313/1869/2377 2043/1874/2107 2041/1875/2105
f 2312/1868/2376 2316/1876/2380 2317/1877/2381
f 2312/1868/2376 2310/1862/2374 2316/1876/2380
f 2312/1868/2376 2317/1877/2381 2313/1869/2377
f 2309/1860/2373 2313/1869/2377 2318/1878/2382
f 2313/1869/2377 2317/1877/2381 2043/1874/2107
f 2313/1869/2377 2041/1875/2105 2318/1878/2382
f 2309/1860/2373 2318/1878/2382 2046/1870/2110
f 2307/1856/2371 2319/1879/2383 2314/1871/2378
f 2307/1856/2371 2311/1865/2375 2319/1879/2383
f 2236/1864/2300 2232/1880/2296 2315/1873/2379
f 2310/1862/2374 2320/1881/2384 2316/1876/2380
f 2314/1871/2378 2319/1879/2383 2320/1881/2384
f 2314/1871/2378 2320/1881/2384 2310/1862/2374
f 2317/1877/2381 2045/1882/2109 2043/1874/2107
f 2041/1875/2105 2040/1883/2104 2318/1878/2382
f 2046/1870/2110 2318/1878/2382 2042/1884/2106
f 2042/1884/2106 2318/1878/2382 2040/1883/2104
f 2311/1865/2375 2321/1885/2385 2319/1879/2383
f 2311/1865/2375 2315/1873/2379 2321/1885/2385
f 2232/1880/2296 2322/1886/2386 2315/1873/2379
f 2316/1876/2380 2048/1887/2112 2317/1877/2381
f 2317/1877/2381 2048/1887/2112 2045/1882/2109
f 2320/1881/2384 2050/1888/2114 2316/1876/2380
f 2316/1876/2380 2050/1888/2114 2048/1887/2112
f 2319/1879/2383 2323/1889/2387 2320/1881/2384
f 2320/1881/2384 2323/1889/2387 2050/1888/2114
f 2319/1879/2383 2321/1885/2385 2323/1889/2387
f 2232/1880/2296 2172/1890/2236 2322/1886/2386
f 2315/1873/2379 2324/1891/2388 2325/1892/2389
f 2315/1873/2379 2325/1892/2389 2321/1885/2385
f 2315/1873/2379 2322/1886/2386 2324/1891/2388
f 2050/1888/2114 2323/1889/2387 2326/1893/2390
f 2172/1890/2236 2168/1894/2232 2322/1886/2386
f 2325/1892/2389 2324/1891/2388 2327/1895/2391
f 2321/1885/2385 2325/1892/2389 2328/1896/2392
f 2323/1889/2387 2328/1896/2392 2326/1893/2390
f 2323/1889/2387 2321/1885/2385 2328/1896/2392
f 2168/1894/2232 2329/1897/2393 2322/1886/2386
f 2324/1891/2388 2330/1898/2394 2327/1895/2391
f 2322/1886/2386 2329/1897/2393 2330/1898/2394
f 2322/1886/2386 2330/1898/2394 2324/1891/2388
f 2325/1892/2389 2331/1899/2395 2328/1896/2392
f 2325/1892/2389 2327/1895/2391 2331/1899/2395
f 2326/1893/2390 2328/1896/2392 2332/1900/2396
f 2328/1896/2392 2331/1899/2395 2332/1900/2396
f 2168/1894/2232 2333/1901/2397 2329/1897/2393
f 2330/1898/2394 2334/1902/2398 2327/1895/2391
f 2331/1899/2395 2174/1903/2238 2332/1900/2396
f 2168/1894/2232 2163/1904/2227 2333/1901/2397
f 2329/1897/2393 2335/1905/2399 2330/1898/2394
f 2330/1898/2394 2335/1905/2399 2334/1902/2398
f 2329/1897/2393 2333/1901/2397 2335/1905/2399
f 2327/1895/2391 2336/1906/2400 2331/1899/2395
f 2331/1899/2395 2336/1906/2400 2174/1903/2238
f 2327/1895/2391 2334/1902/2398 2336/1906/2400
f 2163/1904/2227 2337/1907/2401 2333/1901/2397
f 2335/1905/2399 2333/1901/2397 2338/1908/2402
f 2333/1901/2397 2337/1907/2401 2338/1908/2402
f 2335/1905/2399 2338/1908/2402 2334/1902/2398
f 2174/1903/2238 2336/1906/2400 2173/1909/2237
f 2163/1904/2227 2161/1910/2225 2337/1907/2401
f 2338/1908/2402 2337/1907/2401 2339/1911/2403
f 2334/1902/2398 2340/1912/2404 2336/1906/2400
f 2173/1909/2237 2336/1906/2400 2164/1913/2228
f 2336/1906/2400 2340/1912/2404 2164/1913/2228
f 2161/1910/2225 2341/1914/2405 2337/1907/2401
f 2337/1907/2401 2341/1914/2405 2339/1911/2403
f 2338/1908/2402 2339/1911/2403 2342/1915/2406
f 2338/1908/2402 2342/1915/2406 2334/1902/2398
f 2340/1912/2404 2343/1916/2407 2164/1913/2228
f 2161/1910/2225 2158/1917/2222 2341/1914/2405
f 2339/1911/2403 2156/1918/2220 2154/1919/2218
f 2156/1918/2220 2341/1914/2405 2158/1917/2222
f 2341/1914/2405 2156/1918/2220 2339/1911/2403
f 2342/1915/2406 2339/1911/2403 2344/1920/2408
f 2339/1911/2403 2154/1919/2218 2344/1920/2408
f 2334/1902/2398 2345/1921/2409 2340/1912/2404
f 2340/1912/2404 2345/1921/2409 2343/1916/2407
f 2164/1913/2228 2343/1916/2407 2167/1922/2231
f 2342/1915/2406 2344/1920/2408 2155/1923/2219
f 2154/1919/2218 2153/1924/2217 2344/1920/2408
f 2344/1920/2408 2153/1924/2217 2155/1923/2219
f 2334/1902/2398 2162/1925/2226 2345/1921/2409
f 2334/1902/2398 2342/1915/2406 2162/1925/2226
f 2343/1916/2407 2170/1926/2234 2167/1922/2231
f 2155/1923/2219 2159/1927/2223 2342/1915/2406
f 2342/1915/2406 2159/1927/2223 2162/1925/2226
f 2345/1921/2409 2171/1928/2235 2343/1916/2407
f 2343/1916/2407 2171/1928/2235 2170/1926/2234
f 2162/1925/2226 2165/1929/2229 2345/1921/2409
f 2345/1921/2409 2165/1929/2229 2171/1928/2235
