# Blender 5.2.0 LTS
# www.blender.org
mtllib zinnia-pose.mtl
o Zinnia
v -0.121864 2.448053 -0.273487
v -0.031256 2.481908 -0.189371
v -0.145070 2.478784 -0.145474
v -0.060121 2.416205 -0.339351
v -0.232013 2.399795 -0.264402
v -0.166518 2.384134 -0.386594
v -0.236970 2.392235 -0.287672
v -0.191195 2.379083 -0.387766
v -0.209276 2.379348 -0.370552
v 0.025876 2.444681 -0.302079
v 0.027618 2.478133 -0.189735
v -0.261251 2.439493 -0.154730
v -0.213436 2.462510 -0.058027
v 0.004974 2.403900 -0.418255
v 0.086565 2.475773 -0.189371
v -0.334465 2.370313 -0.233094
v -0.336387 2.379457 -0.078043
v -0.281460 2.409328 0.017659
v -0.167671 2.440311 0.035095
v 0.023633 2.401614 -0.429855
v 0.108450 2.407427 -0.339351
v 0.173167 2.432690 -0.273487
v 0.199439 2.460845 -0.145474
v -0.354391 2.363997 -0.217638
v -0.364524 2.316466 0.014584
v -0.356124 2.366608 -0.191072
v -0.243349 2.348221 0.111444
v -0.146171 2.395323 0.146693
v -0.015593 2.416128 0.092521
v 0.042429 2.401949 -0.418255
v 0.277709 2.373254 -0.264402
v 0.210941 2.364480 -0.386594
v 0.281854 2.365220 -0.287672
v 0.234960 2.356893 -0.387765
v 0.252971 2.355278 -0.370552
v -0.364002 2.305980 0.036880
v -0.213818 2.310282 0.199604
v -0.264515 2.335922 0.111479
v -0.049008 2.375682 0.156805
v 0.310912 2.409700 -0.154730
v 0.265745 2.437559 -0.058026
v -0.346099 2.308995 0.053545
v -0.201403 2.301939 0.219304
v -0.100771 2.343845 0.199853
v 0.376544 2.333291 -0.233094
v 0.379406 2.342185 -0.078043
v 0.327878 2.377600 0.017659
v 0.217922 2.420234 0.035095
v -0.177421 2.305864 0.223795
v 0.395707 2.324939 -0.217638
v 0.400849 2.276613 0.014584
v 0.397702 2.327356 -0.191072
v 0.283627 2.320782 0.111444
v 0.191866 2.377721 0.146693
v 0.064156 2.411975 0.092521
v 0.399240 2.266238 0.036880
v 0.250316 2.286115 0.199604
v 0.303401 2.306351 0.111479
v 0.093189 2.368278 0.156805
v 0.381748 2.271096 0.053545
v 0.237101 2.279106 0.219304
v 0.141366 2.331237 0.199853
v 0.213657 2.285501 0.223795
v -0.018271 2.428524 0.100823
v -0.052249 2.390689 0.166853
v -0.150037 2.413226 0.158681
v -0.173035 2.451614 0.043006
v -0.249840 2.361902 0.121020
v -0.292995 2.425817 0.026276
v -0.220747 2.474921 -0.056261
v -0.103546 2.358334 0.209574
v -0.271372 2.349024 0.120146
v -0.216366 2.322654 0.208024
v -0.345237 2.394481 -0.075906
v -0.270349 2.459076 -0.157251
v -0.149902 2.491769 -0.150680
v -0.179969 2.318236 0.232215
v -0.354055 2.320367 0.059488
v -0.203700 2.313031 0.226848
v -0.361628 2.378132 -0.192550
v -0.372480 2.327837 0.020526
v -0.239626 2.416109 -0.264371
v -0.139760 2.463435 -0.280843
v -0.035286 2.494270 -0.197286
v -0.370682 2.315527 0.041869
v -0.359658 2.375337 -0.219098
v -0.242432 2.407109 -0.289827
v -0.339971 2.381801 -0.234073
v -0.064059 2.433813 -0.342218
v 0.027111 2.468405 -0.306007
v 0.028330 2.491810 -0.199247
v -0.212546 2.393266 -0.374409
v 0.005880 2.420260 -0.420965
v -0.169776 2.398282 -0.389850
v 0.091858 2.487650 -0.197286
v -0.193936 2.390866 -0.390752
v 0.024349 2.415354 -0.432130
v 0.114195 2.424532 -0.342218
v 0.192564 2.446131 -0.280843
v 0.205594 2.473258 -0.150680
v 0.043228 2.418315 -0.420965
v 0.286975 2.388688 -0.264371
v 0.321994 2.428233 -0.157251
v 0.274306 2.449144 -0.056261
v 0.288831 2.379447 -0.289827
v 0.215651 2.378212 -0.389850
v 0.257669 2.368782 -0.374409
v 0.238910 2.368327 -0.390752
v 0.389768 2.356210 -0.075906
v 0.341064 2.392802 0.026276
v 0.224431 2.430918 0.043006
v 0.383214 2.344144 -0.234073
v 0.409943 2.287096 0.020526
v 0.404373 2.338246 -0.192550
v 0.291504 2.333715 0.121020
v 0.197571 2.395126 0.158681
v 0.068106 2.424026 0.100823
v 0.402123 2.335671 -0.219098
v 0.406876 2.275040 0.041869
v 0.254134 2.298155 0.208024
v 0.311582 2.318670 0.120146
v 0.097971 2.382867 0.166853
v 0.390842 2.281580 0.059488
v 0.240538 2.289900 0.226848
v 0.145630 2.345360 0.209574
v 0.217475 2.297541 0.232215
v -0.012099 0.246736 -0.593270
v 0.008404 0.327626 -0.561305
v -0.006659 0.362786 -0.610511
v 0.039062 0.280984 -0.545925
v -0.013339 0.245882 -0.665277
v 0.037412 0.247578 -0.549521
v -0.042735 0.182830 -0.636144
v 0.031431 0.187453 -0.550684
v -0.015961 0.189862 -0.583785
v 0.015139 0.316562 -0.704155
v 0.025057 0.411269 -0.657438
v 0.104028 0.244243 -0.538815
v 0.082015 0.323173 -0.525824
v -0.024244 0.120203 -0.583650
v -0.036988 0.163643 -0.686217
v -0.051782 0.117811 -0.616873
v -0.053886 0.110251 -0.651677
v 0.090265 0.183025 -0.530661
v 0.023470 0.120771 -0.546077
v 0.075782 0.114682 -0.524296
v 0.045526 0.379276 -0.738494
v 0.073771 0.445977 -0.670568
v 0.127722 0.354725 -0.547192
v 0.001746 0.230061 -0.721074
v 0.128382 0.170390 -0.547722
v 0.115257 0.105502 -0.525888
v 0.095865 0.425872 -0.748352
v 0.147413 0.434505 -0.733030
v 0.113039 0.456872 -0.661394
v 0.147592 0.240861 -0.586599
v 0.185330 0.311752 -0.622678
v 0.153518 0.403920 -0.595525
v 0.026862 0.283780 -0.752110
v 0.138785 0.092272 -0.549231
v 0.168995 0.403262 -0.781645
v 0.114378 0.395136 -0.800216
v 0.190147 0.422368 -0.703604
v 0.147048 0.442424 -0.633900
v 0.203492 0.372479 -0.660791
v 0.174875 0.220378 -0.634144
v 0.209935 0.285081 -0.669324
v 0.057789 0.349738 -0.790177
v 0.159211 0.151526 -0.586798
v 0.212494 0.387792 -0.749481
v 0.227682 0.338715 -0.703668
v 0.014156 0.385268 -0.478579
v 0.126850 0.362887 -0.513216
v 0.118060 0.411042 -0.466601
v 0.033292 0.335073 -0.523162
v 0.110771 0.417979 -0.479202
v -0.032675 0.370918 -0.593950
v 0.019365 0.394714 -0.488945
v -0.063009 0.417550 -0.556635
v -0.044499 0.423881 -0.556841
v 0.156433 0.475288 -0.534979
v 0.038009 0.344690 -0.532108
v 0.162084 0.426338 -0.570394
v 0.120606 0.370100 -0.524310
v -0.029592 0.480077 -0.624648
v -0.015844 0.377327 -0.593776
v -0.005989 0.432205 -0.652470
v 0.157322 0.471415 -0.624368
v 0.143851 0.427245 -0.579609
v 0.137142 0.459612 -0.619838
v 0.015522 0.431724 -0.642277
v 0.034593 0.524018 -0.653125
v 0.058223 0.474019 -0.671778
v 0.136827 0.475793 -0.544429
v -0.011196 0.479604 -0.615781
v 0.106684 0.484721 -0.662365
v 0.152019 0.521794 -0.597563
v 0.096180 0.535848 -0.640921
v 0.062047 0.459981 -0.653920
v 0.130328 0.509811 -0.591675
v 0.038640 0.510068 -0.633130
v 0.099310 0.469685 -0.648378
v 0.088005 0.520665 -0.624800
v 0.012098 0.061729 -0.532286
v -0.034592 0.083043 -0.578857
v 0.061364 0.057875 -0.506679
v -0.036132 0.047977 -0.594240
v 0.069622 0.021974 -0.525234
v 0.016927 0.023450 -0.550527
v -0.051348 0.076209 -0.623561
v 0.107938 0.041365 -0.523046
v 0.127394 0.153270 0.198499
v 0.143069 0.206533 0.096339
v 0.106714 0.212194 0.147286
v 0.155491 0.098768 0.160719
v 0.066890 0.194682 0.180858
v 0.163962 0.088505 0.234957
v 0.065561 0.175497 0.205475
v 0.120531 0.126209 0.249097
v 0.064255 0.138890 0.253542
v 0.152443 0.106602 0.075586
v 0.137057 0.203000 0.021237
v -0.000074 0.166362 0.192358
v 0.025159 0.219205 0.147539
v 0.119705 0.085221 0.306021
v 0.175189 0.037633 0.221013
v 0.157205 0.064973 0.298841
v 0.171308 0.034563 0.286624
v 0.002138 0.137869 0.248811
v 0.061811 0.103035 0.310459
v 0.004826 0.103797 0.310072
v 0.144977 0.112508 -0.001517
v 0.160694 0.043536 0.138057
v 0.155747 0.047579 0.071431
v -0.005257 0.218382 0.095824
v -0.027995 0.108553 0.237140
v -0.031952 0.087960 0.303621
v 0.101126 0.209520 -0.028484
v 0.149576 0.052555 -0.010380
v -0.022552 0.118366 0.155160
v -0.035135 0.126334 0.068387
v -0.005217 0.215533 0.021376
v -0.046392 0.056860 0.293729
v 0.108038 0.122380 -0.059314
v 0.055954 0.127531 -0.074389
v 0.062792 0.216086 -0.043920
v 0.106817 0.060132 -0.069358
v -0.030189 0.130950 -0.005264
v 0.019533 0.218057 -0.027990
v -0.043908 0.060464 0.220788
v -0.032219 0.063703 0.136642
v 0.004168 0.132501 -0.062859
v 0.050632 0.066720 -0.083276
v -0.003287 0.071523 -0.067923
v -0.043424 0.069139 0.056031
v -0.040367 0.072314 -0.009936
v 0.076935 0.294475 0.169193
v -0.016273 0.244281 0.114273
v 0.070519 0.232868 0.159076
v -0.020566 0.306977 0.124870
v 0.161772 0.225925 0.110722
v -0.008396 0.306273 0.114240
v 0.180688 0.286204 0.121320
v 0.077017 0.295263 0.154161
v 0.164379 0.288466 0.110690
v 0.070596 0.233607 0.144975
v -0.023433 0.312753 0.021454
v -0.005566 0.243700 0.104187
v -0.020247 0.249632 0.021030
v 0.182058 0.291350 0.021454
v 0.146919 0.228006 0.100637
v 0.165934 0.230242 0.021030
v 0.009369 0.249977 -0.043713
v 0.000097 0.247534 0.020640
v 0.024944 0.247400 -0.025681
v 0.142252 0.232729 0.020640
v 0.138287 0.299635 -0.048911
v 0.118681 0.238526 -0.042480
v -0.001775 0.310497 0.021454
v 0.161737 0.293467 0.021454
v 0.071716 0.244364 -0.060346
v 0.009049 0.313161 -0.050144
v 0.078238 0.306986 -0.069616
v 0.106909 0.238691 -0.022435
v 0.025547 0.310418 -0.030788
v 0.125578 0.299828 -0.027542
v 0.078109 0.305742 -0.045858
v 0.071596 0.243209 -0.038299
v 0.059970 0.079588 0.367488
v 0.122938 0.068261 0.340847
v 0.125913 0.035388 0.360318
v 0.057780 0.041131 0.385863
v -0.000322 0.047299 0.383659
v 0.004615 0.085305 0.368409
v 0.154311 0.034171 0.327450
v -0.034016 0.052199 0.357399
v 0.118426 0.370520 -0.569665
v 0.061141 0.446285 -0.399747
v 0.110724 0.481436 -0.426257
v 0.139719 0.546170 -0.503090
v 0.091708 0.421740 -0.633717
v 0.020659 0.375135 -0.618335
v 0.131569 0.584670 -0.560200
v 0.078838 0.598607 -0.603249
v -0.065192 0.449263 -0.460665
v -0.045752 0.550278 -0.592158
v -0.085293 0.485811 -0.520437
v 0.012801 0.586597 -0.616258
v 0.013538 0.216073 0.073579
v -0.021707 0.387126 0.117718
v 0.010380 0.380717 0.175637
v -0.012881 0.391744 0.013166
v 0.068015 0.213984 0.005888
v 0.122292 0.204767 0.073171
v 0.020046 0.391562 -0.048155
v 0.086219 0.385756 -0.068667
v 0.150691 0.377905 -0.047213
v 0.191825 0.370439 0.012878
v 0.194660 0.364610 0.117361
v 0.149927 0.366209 0.175154
v 0.222123 0.361767 -0.782470
v 0.181248 0.372943 -0.810033
v 0.235642 0.308216 -0.733878
v 0.128399 0.364852 -0.827822
v 0.073408 0.317939 -0.815852
v 0.218010 0.257335 -0.701662
v 0.043947 0.255484 -0.779888
v 0.186109 0.195642 -0.667418
v 0.168285 0.128348 -0.622295
v 0.022782 0.207403 -0.751507
v 0.145122 0.070815 -0.587345
v -0.014706 0.139916 -0.715233
v 0.117282 0.023910 -0.562951
v -0.031223 0.084948 -0.679271
v 0.083678 0.002284 -0.561212
v -0.028833 0.053951 -0.653633
v -0.016450 0.026576 -0.626288
v 0.032307 0.001996 -0.584504
v -0.002870 0.028422 -0.068583
v 0.046392 0.023841 -0.078961
v -0.039999 0.028926 -0.005080
v 0.100663 0.017461 -0.065218
v -0.042031 0.025820 0.057561
v -0.033015 0.020817 0.134308
v 0.141046 0.010041 -0.004536
v -0.041696 0.017356 0.216739
v 0.147081 0.005309 0.072944
v 0.150074 0.001845 0.132477
v -0.040474 0.013464 0.287813
v 0.162764 -0.003933 0.216628
v -0.029707 0.009239 0.346434
v 0.157807 -0.006991 0.284109
v -0.002088 0.004847 0.375031
v 0.053833 -0.001201 0.379259
v 0.142246 -0.007338 0.321278
v 0.117295 -0.006437 0.353326
v -0.256585 1.530283 -0.007222
v -0.215513 1.549977 -0.110673
v -0.207518 1.500502 0.102437
v -0.099757 1.488019 0.122546
v -0.119424 1.556539 -0.164034
v -0.007502 1.491588 0.088003
v -0.025224 1.543154 -0.145201
v 0.013983 1.515431 -0.032024
v 0.307400 1.524849 0.031933
v 0.258041 1.537044 0.145321
v 0.266380 1.508263 -0.072590
v 0.150053 1.535863 0.168008
v 0.170242 1.498744 -0.125675
v 0.057709 1.526980 0.131434
v 0.075808 1.498071 -0.106959
v 0.036352 1.510878 0.012240
v 0.037489 1.529799 0.009336
v 0.074177 1.519904 -0.118940
v 0.025518 1.534170 0.002658
v 0.025882 1.556089 -0.120836
v 0.013413 1.530530 -0.007748
v 0.181037 1.538906 -0.126973
v -0.022879 1.564236 -0.147626
v 0.026331 1.583105 -0.146385
v 0.255014 1.628694 -0.101688
v 0.266064 1.559188 -0.088140
v 0.089236 1.561548 -0.139153
v 0.294089 1.687850 0.015921
v 0.305354 1.636917 0.017743
v 0.308399 1.581693 0.023682
v -0.128971 1.591423 -0.150039
v 0.027245 1.638042 -0.160655
v 0.239694 1.689724 -0.098314
v 0.188697 1.625118 -0.142677
v 0.238468 1.677188 0.125059
v 0.247914 1.632871 0.126577
v -0.036707 1.596612 -0.150737
v 0.255103 1.589689 0.134680
v 0.155901 1.689248 -0.143961
v 0.098774 1.627188 -0.158442
v 0.278766 1.739792 0.016514
v -0.255703 1.586503 0.007328
v -0.213549 1.598125 -0.105497
v -0.200387 1.655621 -0.099671
v -0.134125 1.655837 -0.140772
v -0.044312 1.647161 -0.157379
v 0.154890 1.619336 0.146064
v 0.028234 1.697505 -0.158440
v 0.142846 1.748849 -0.126598
v 0.227922 1.744964 -0.082677
v -0.202743 1.558331 0.114441
v -0.250809 1.642483 0.018450
v -0.099484 1.702714 -0.139396
v 0.152968 1.581760 0.157103
v 0.158084 1.676061 0.142896
v 0.226886 1.731836 0.127145
v 0.029987 1.749545 -0.142685
v 0.252038 1.799222 0.022364
v -0.193919 1.613431 0.122972
v -0.237835 1.694272 0.022005
v -0.183265 1.702937 -0.093898
v 0.050574 1.551256 0.138121
v 0.098974 1.579342 0.149591
v 0.157029 1.730672 0.146415
v 0.129764 1.807680 -0.113468
v 0.211408 1.803762 -0.065374
v -0.082875 1.749582 -0.126598
v -0.101034 1.540667 0.132691
v -0.182750 1.672739 0.127970
v -0.218865 1.740295 0.021100
v -0.167974 1.746249 -0.082677
v 0.026763 1.609058 0.155230
v 0.026071 1.567434 0.142070
v 0.210124 1.792966 0.127561
v 0.030450 1.805323 -0.125090
v 0.000583 1.524380 0.115226
v -0.101499 1.590661 0.137861
v -0.167023 1.733114 0.127145
v -0.190947 1.791752 0.022364
v -0.150493 1.797659 -0.065374
v -0.068864 1.802997 -0.113468
v 0.027747 1.668247 0.167418
v 0.118384 1.791103 0.155956
v -0.046914 1.550609 0.132686
v -0.102473 1.667385 0.145435
v -0.149218 1.789316 0.127561
v -0.057096 1.788143 0.155956
v 0.025690 1.544555 0.124246
v -0.097175 1.731497 0.146415
v 0.029922 1.729603 0.170523
v 0.030644 1.789623 0.169464
v -0.081585 1.733997 0.153136
v -0.083451 1.754990 0.165059
v -0.166002 1.734271 0.129104
v -0.172133 1.755277 0.134225
v -0.160255 1.768661 0.125898
v -0.224167 1.754443 0.021060
v -0.221840 1.733536 0.020472
v -0.079481 1.768939 0.153377
v -0.174250 1.755284 -0.088315
v -0.171995 1.735609 -0.086502
v -0.207135 1.767967 0.019628
v -0.088190 1.755005 -0.136470
v -0.087326 1.734767 -0.131753
v -0.163101 1.768651 -0.076036
v 0.029384 1.733607 -0.148925
v -0.078934 1.768941 -0.122578
v 0.030003 1.754621 -0.157003
v 0.148197 1.754238 -0.136470
v 0.030051 1.769303 -0.142079
v 0.146095 1.732447 -0.131753
v 0.139659 1.769696 -0.122578
v 0.230763 1.731606 -0.086502
v 0.223826 1.769987 -0.076036
v 0.234256 1.753958 -0.088315
v 0.281697 1.732975 0.016185
v 0.284159 1.753927 0.015844
v 0.267852 1.770195 0.016695
v 0.225872 1.732999 0.129104
v 0.220980 1.769977 0.125898
v 0.232140 1.753966 0.134225
v 0.140207 1.769698 0.153377
v 0.143457 1.754253 0.165059
v 0.141455 1.733273 0.153136
v 0.150613 1.738639 0.144957
v 0.152837 1.720917 0.171111
v 0.029953 1.739031 0.150410
v 0.029895 1.721316 0.176700
v 0.155176 1.738624 0.197266
v -0.093047 1.721715 0.171111
v -0.090708 1.739422 0.144957
v 0.029953 1.739031 0.202989
v -0.095271 1.739437 0.197266
v 0.155291 1.774049 0.197266
v -0.095156 1.774862 0.197266
v 0.030068 1.774455 0.202989
v 0.153184 1.792603 0.171111
v 0.030284 1.792178 0.176700
v 0.150728 1.774064 0.144957
v 0.030068 1.774455 0.150410
v -0.092617 1.791754 0.171111
v -0.090593 1.774847 0.144957
v 0.125539 2.311591 0.198324
v 0.142193 2.312856 0.202123
v 0.110630 2.327743 0.191372
v 0.131274 2.350068 0.183716
v 0.120413 2.329914 0.161900
v 0.135910 2.301198 0.189502
v 0.158370 2.345831 0.165008
v 0.165477 2.333914 0.158691
v 0.151837 2.333708 0.151885
v 0.152143 2.299333 0.183144
v 0.160835 2.308273 0.183818
v 0.158426 2.310991 0.195765
v -0.216712 1.219121 -0.097937
v -0.237312 1.384530 -0.041854
v -0.195529 1.407785 -0.151170
v -0.202137 1.357887 0.037332
v -0.181977 1.245650 -0.188832
v -0.187135 1.195624 -0.020798
v -0.172552 1.151523 -0.217821
v -0.174104 1.098992 -0.051374
v -0.196804 1.092394 -0.131797
v -0.203526 1.556403 -0.107805
v -0.200709 1.508767 0.086901
v -0.246948 1.532800 -0.000867
v -0.114863 1.251266 -0.211408
v -0.117182 1.404607 -0.186849
v -0.111047 1.188977 -0.002751
v -0.110954 1.339690 0.063606
v -0.170249 1.121063 -0.227375
v -0.170969 1.069181 -0.064436
v -0.115655 1.561760 -0.152189
v -0.108930 1.493875 0.117188
v -0.059697 1.151643 -0.224519
v -0.040882 1.389828 -0.178136
v -0.050166 1.247487 -0.202344
v -0.059063 1.095061 -0.042555
v -0.023768 1.334795 0.038642
v -0.041482 1.191636 -0.015547
v -0.030930 1.550695 -0.140798
v -0.013655 1.500767 0.089497
v -0.008223 1.221449 -0.117370
v -0.018242 1.126737 -0.143316
v 0.009864 1.523242 -0.030061
v 0.005071 1.351317 -0.074910
v -0.066980 0.989588 -0.085997
v -0.087262 0.907928 -0.104101
v -0.035136 0.946999 -0.191455
v -0.168828 0.917255 -0.127394
v -0.029581 1.018914 -0.166271
v -0.166107 0.997555 -0.096366
v -0.073988 0.842863 -0.176017
v -0.151018 0.855351 -0.211337
v -0.187719 0.976037 -0.187777
v -0.003981 0.893288 -0.233721
v -0.174495 0.921148 -0.242624
v -0.124869 1.004057 -0.284406
v -0.161700 1.052567 -0.249301
v -0.021651 0.732963 -0.262422
v -0.125633 0.739698 -0.305617
v -0.096367 0.933822 -0.369362
v -0.151683 0.813055 -0.358561
v -0.042356 1.005851 -0.257948
v -0.063545 1.061353 -0.244956
v 0.035707 0.792341 -0.300560
v -0.126979 0.754720 -0.402045
v 0.003915 0.944896 -0.328103
v -0.073849 0.844605 -0.435079
v 0.037132 0.849054 -0.391332
v 0.047101 0.718848 -0.356233
v -0.063774 0.624102 -0.394032
v -0.002035 0.618454 -0.360932
v -0.028429 0.733089 -0.480027
v 0.052271 0.733777 -0.447876
v 0.048608 0.672042 -0.389574
v -0.079694 0.681196 -0.448565
v -0.034698 0.546361 -0.446274
v -0.036614 0.580692 -0.512648
v 0.072238 0.579898 -0.457963
v -0.000858 0.433788 -0.517963
v 0.018730 0.612009 -0.543597
v 0.000644 0.474134 -0.576083
v 0.075949 0.611155 -0.516266
v 0.021941 0.541995 -0.415127
v 0.047884 0.507254 -0.602911
v 0.017846 0.352502 -0.569137
v 0.065096 0.444522 -0.654610
v 0.018872 0.394568 -0.627775
v 0.098423 0.471591 -0.528123
v 0.053682 0.431244 -0.489821
v 0.101273 0.506660 -0.578004
v 0.126982 0.442853 -0.625087
v 0.019773 0.253558 -0.588554
v 0.081931 0.349414 -0.537266
v 0.126285 0.389316 -0.574283
v 0.084488 0.250751 -0.551473
v 0.257118 1.210225 0.093474
v 0.222587 1.195933 -0.000205
v 0.241538 1.358386 -0.042365
v 0.209981 1.098875 0.014283
v 0.283310 1.380982 0.067253
v 0.232970 1.082014 0.117587
v 0.247850 1.390498 0.150254
v 0.208112 1.124961 0.187679
v 0.227369 1.223336 0.172974
v 0.162887 1.343250 -0.074142
v 0.155523 1.193357 -0.023471
v 0.251411 1.539565 0.127751
v 0.254624 1.515703 -0.072224
v 0.297887 1.529765 0.036970
v 0.204266 1.092432 0.188839
v 0.206998 1.067202 0.018786
v 0.156317 1.387652 0.181110
v 0.151240 1.227553 0.191573
v 0.086216 1.335798 -0.060616
v 0.097142 1.099656 0.007379
v 0.090806 1.195915 -0.014130
v 0.166713 1.507946 -0.116390
v 0.159378 1.539188 0.160958
v 0.092407 1.128368 0.194291
v 0.039772 1.344759 0.049143
v 0.081780 1.506500 -0.105246
v 0.040733 1.518782 0.011360
v 0.048673 1.210514 0.073446
v 0.055505 1.113629 0.091068
v 0.064116 1.533033 0.127683
v 0.081704 1.226617 0.178386
v 0.068850 1.375655 0.159757
v 0.093003 1.015273 0.199016
v 0.065443 0.924703 0.108724
v 0.099111 0.937331 0.215557
v 0.061067 1.005628 0.112829
v 0.185828 0.936664 0.207306
v 0.193871 1.016173 0.192652
v 0.091167 0.844371 0.178251
v 0.053406 0.845407 0.081574
v 0.218625 0.957924 0.128950
v 0.176659 0.845532 0.173056
v 0.064214 0.699391 0.155075
v 0.031677 0.720177 0.072737
v 0.216966 0.884155 0.117117
v 0.191502 0.925898 0.024071
v 0.198732 0.995295 0.029051
v 0.176912 0.695028 0.157012
v 0.034613 0.627473 0.067449
v 0.193512 0.817022 -0.008657
v 0.228201 0.730245 0.086358
v 0.104730 0.932506 0.015714
v 0.099571 1.006653 0.022484
v 0.071485 0.548282 0.137339
v 0.040988 0.570343 0.067768
v 0.215836 0.654992 0.076963
v 0.086753 0.835549 -0.020526
v 0.188371 0.704364 -0.016853
v 0.070150 0.717364 -0.027111
v 0.141361 0.542988 0.131994
v 0.035529 0.453658 0.058780
v 0.152081 0.581586 -0.005547
v 0.126286 0.446321 0.125158
v 0.182264 0.562550 0.065427
v 0.156421 0.438745 0.057170
v 0.061972 0.452280 0.130195
v 0.049524 0.316882 0.122365
v 0.026804 0.322481 0.054765
v 0.065730 0.589117 -0.011346
v 0.120202 0.440501 -0.003548
v 0.110591 0.310684 0.119943
v 0.135144 0.311105 0.053415
v 0.032445 0.232092 0.121136
v 0.010196 0.224711 0.054284
v 0.105078 0.316844 -0.002489
v 0.103716 0.224667 0.121184
v 0.103035 0.218671 -0.014251
v 0.129688 0.212266 0.054264
v 0.023651 0.161164 0.185793
v 0.057140 0.447206 -0.003520
v 0.034833 0.225868 -0.016020
v 0.046485 0.322992 -0.003152
v 0.097404 0.149746 0.184001
v -0.200895 1.021355 -0.160038
v -0.190916 1.021189 -0.159605
v -0.208482 1.092588 -0.131797
v 0.233521 1.007040 0.125385
v 0.223451 1.007296 0.125385
v 0.244648 1.081820 0.117587
v 0.004288 2.630122 -0.208340
v -0.020093 2.619280 -0.193860
v -0.000771 2.663182 -0.206866
v -0.036465 2.647293 -0.185667
v -0.016924 2.605607 -0.166932
v -0.031830 2.627307 -0.146240
v 0.010623 2.602801 -0.154482
v 0.008503 2.623185 -0.128013
v 0.035004 2.613643 -0.168962
v 0.044197 2.639074 -0.149213
v 0.031835 2.627316 -0.195890
v 0.039562 2.659060 -0.188640
v -0.002886 2.683541 -0.180399
v -0.027268 2.672699 -0.165919
v -0.024103 2.659051 -0.138989
v 0.003444 2.656245 -0.126540
v 0.027825 2.667087 -0.141020
v 0.024660 2.680735 -0.167949
v 0.009121 2.604063 -0.187895
v -0.001385 2.682279 -0.146986
v -0.041149 2.495593 0.022361
v -0.020348 2.498009 0.025452
v -0.024550 2.519519 -0.015117
v 0.030452 2.500009 0.040553
v -0.006102 2.509744 0.021318
v 0.025888 2.444916 0.067634
v -0.021309 2.416585 0.085322
v 0.023763 2.404106 0.095458
v 0.077388 2.492920 0.025452
v 0.066301 2.510431 0.020475
v 0.069888 2.411837 0.085322
v 0.083807 2.517206 -0.015747
v -0.046275 2.452184 0.059575
v 0.097826 2.488357 0.022361
v 0.098416 2.444650 0.059575
v -0.187911 1.639784 0.179988
v -0.172506 1.640959 0.199307
v -0.212352 1.595289 0.205274
v -0.195385 1.596939 0.223199
v -0.210502 1.611597 0.236173
v -0.187741 1.656911 0.210495
v -0.227470 1.609950 0.218249
v -0.203147 1.655734 0.191176
v -0.153264 1.701571 0.163443
v -0.137891 1.697207 0.182320
v -0.153240 1.709137 0.197604
v -0.168613 1.713504 0.178727
v -0.106972 1.757027 0.157816
v -0.097558 1.745173 0.177372
v -0.107400 1.762135 0.192427
v -0.116815 1.773992 0.172870
v -0.069775 1.753855 0.177582
v -0.069655 1.783433 0.172449
v 0.251393 1.592497 0.223199
v 0.229393 1.636963 0.199307
v 0.268324 1.590510 0.205274
v 0.244772 1.635482 0.179988
v 0.266798 1.606852 0.236173
v 0.244943 1.652609 0.210495
v 0.283730 1.604868 0.218249
v 0.260322 1.651126 0.191176
v 0.212923 1.700382 0.163443
v 0.197522 1.696118 0.182320
v 0.212947 1.707948 0.197604
v 0.228349 1.712215 0.178727
v 0.167779 1.757976 0.157816
v 0.158447 1.746057 0.177372
v 0.168172 1.763087 0.192427
v 0.177504 1.775008 0.172870
v 0.130605 1.754546 0.177582
v 0.130281 1.784123 0.172450
v 0.023738 2.006180 -0.073530
v -0.048408 2.038848 -0.063553
v -0.050162 1.984719 -0.062991
v -0.074235 2.013168 -0.059764
v -0.048798 2.011548 -0.079999
v 0.010659 2.007852 -0.083174
v -0.081058 1.968837 -0.062189
v -0.074948 1.952832 -0.062554
v -0.037581 1.985396 -0.069758
v -0.030969 1.969634 -0.070712
v 0.002176 2.002968 -0.077708
v -0.082281 1.959575 -0.078966
v -0.037443 1.977346 -0.085008
v -0.007128 2.020200 -0.082826
v -0.006063 1.994385 -0.081732
v 0.005209 2.016121 -0.067960
v 0.005993 1.997127 -0.067960
v 0.004942 2.022600 -0.089897
v 0.006182 1.992547 -0.087050
v 0.084627 2.019721 -0.059764
v 0.056773 2.043186 -0.063553
v 0.062978 1.989385 -0.062991
v -0.012438 2.004688 -0.073530
v 0.059410 2.016011 -0.079999
v 0.000459 2.007432 -0.083174
v 0.097897 1.980790 -0.062189
v 0.051138 1.989811 -0.069758
v 0.093970 1.964115 -0.062554
v 0.046123 1.973470 -0.070712
v 0.009316 2.003262 -0.077708
v 0.100342 1.971774 -0.078966
v 0.051800 1.981787 -0.085008
v 0.018234 1.995387 -0.081732
v 0.017169 2.021202 -0.082826
v -0.419230 2.180304 0.150668
v -0.400133 2.118927 0.106543
v -0.422341 2.206432 0.085398
v -0.379923 2.139966 0.120579
v -0.376748 2.111166 0.069564
v -0.472312 2.177178 0.050900
v -0.278404 2.193091 0.036936
v -0.414688 2.174182 0.121691
v -0.212925 2.251837 0.017120
v -0.286112 2.225213 0.096298
v -0.473662 2.129955 0.079467
v -0.223201 2.282571 0.074288
v -0.518282 2.139103 0.086106
v -0.444333 2.180620 0.076376
v -0.167689 2.337290 0.046132
v -0.324620 2.267785 0.102589
v -0.504762 2.110517 0.136157
v -0.446920 2.160005 0.034185
v -0.155633 2.313277 -0.003682
v -0.265649 2.329362 0.080833
v -0.355424 2.277354 0.045139
v -0.473988 2.110325 0.083985
v -0.463434 2.132688 0.169259
v -0.138717 2.344971 -0.014521
v -0.183533 2.356512 0.060941
v -0.354286 2.252172 -0.012617
v -0.434401 2.103165 0.098818
v -0.410401 2.121880 0.027448
v -0.141491 2.371469 0.038845
v -0.217553 2.381691 0.056595
v -0.296212 2.339830 0.019030
v -0.135091 2.383769 0.033684
v -0.247134 2.385970 -0.002922
v -0.294065 2.317506 -0.038470
v -0.153754 2.394532 0.055146
v -0.316395 2.208939 -0.022658
v -0.139955 2.359416 -0.016035
v -0.242901 2.370812 -0.055130
v -0.175463 2.459560 0.027246
v -0.193779 2.421663 0.040470
v -0.251861 2.269370 -0.049593
v -0.143623 2.414015 0.050771
v -0.218373 2.434755 -0.019548
v -0.216472 2.423172 -0.067862
v -0.197672 2.337814 -0.071444
v -0.125315 2.417183 0.050837
v -0.150610 2.476356 0.019947
v -0.190886 2.470028 -0.028110
v -0.147492 2.363043 -0.065588
v -0.181297 2.326252 -0.055177
v -0.126160 2.454047 0.037318
v -0.158064 2.489983 -0.032949
v -0.187769 2.462233 -0.075729
v -0.164179 2.384209 -0.090306
v -0.153257 2.482790 -0.079215
v -0.124989 2.408295 -0.107581
v -0.142821 2.364517 -0.071676
v 0.336759 2.097398 0.165390
v 0.383789 2.092144 0.217478
v 0.365458 2.079331 0.146517
v 0.369236 2.109281 0.179195
v 0.422560 2.037742 0.208523
v 0.344714 2.070146 0.136232
v 0.411703 2.128927 0.165361
v 0.265939 2.164936 0.092788
v 0.439642 2.055536 0.129593
v 0.294831 2.208130 0.136544
v 0.402954 1.991207 0.161061
v 0.216372 2.233798 0.062251
v 0.429359 2.112307 0.113183
v 0.371638 2.005599 0.112924
v 0.246815 2.274275 0.104121
v 0.362959 2.217864 0.063033
v 0.343935 2.235610 0.123565
v 0.336343 2.050726 0.116518
v 0.413386 2.042315 0.089671
v 0.203675 2.333873 0.065968
v 0.175000 2.302116 0.028920
v 0.414754 2.081037 0.076040
v 0.342471 2.179220 0.017667
v 0.318920 2.286248 0.024622
v 0.300821 2.304335 0.089495
v 0.167696 2.334501 0.008049
v 0.371843 2.054338 0.096269
v 0.368099 2.056901 0.085528
v 0.298326 2.250581 -0.021345
v 0.280807 2.337754 -0.005609
v 0.264826 2.360449 0.054931
v 0.226997 2.350172 0.071473
v 0.186680 2.370529 0.050468
v 0.243187 2.217937 -0.010574
v 0.263125 2.394572 -0.026109
v 0.248138 2.400626 0.032801
v 0.179985 2.368424 0.034125
v 0.206816 2.391576 0.058001
v 0.292952 2.149880 0.027293
v 0.261367 2.310727 -0.048794
v 0.181116 2.343648 -0.013894
v 0.231580 2.438072 0.021006
v 0.207720 2.293270 -0.047713
v 0.194420 2.401490 0.050552
v 0.242885 2.438285 -0.034533
v 0.192695 2.292488 -0.026943
v 0.251402 2.374520 -0.069533
v 0.176416 2.405704 0.050044
v 0.207100 2.457173 0.015773
v 0.187069 2.343203 -0.077909
v 0.178857 2.438615 0.036511
v 0.234342 2.425594 -0.080047
v 0.170867 2.335320 -0.046694
v 0.213607 2.465914 -0.037336
v 0.184276 2.346984 -0.070510
v 0.169829 2.389973 -0.106725
v 0.205851 2.456669 -0.082644
v 0.179055 2.480543 -0.033944
v 0.170661 2.474516 -0.081313
v 0.150301 2.485781 -0.029244
v 0.158578 2.354251 -0.104832
v 0.091957 2.398179 -0.117856
v 0.093179 2.457513 -0.103454
v 0.142586 2.482744 -0.077108
v 0.091540 2.360016 -0.119013
v 0.111157 2.499492 -0.073551
v 0.151773 2.312881 -0.097974
v 0.103219 2.506162 -0.021133
v 0.178394 2.307374 -0.068503
v 0.021713 2.364735 -0.126857
v 0.023657 2.402064 -0.124786
v 0.028140 2.488165 -0.105094
v 0.077071 2.517395 -0.067461
v 0.091319 2.293066 -0.111251
v 0.018269 2.298589 -0.121267
v 0.179092 2.309948 -0.011769
v -0.044678 2.405294 -0.117856
v 0.025511 2.437674 -0.119292
v 0.029010 2.521198 -0.084817
v 0.147059 2.281626 -0.088673
v 0.015540 2.246187 -0.111068
v -0.054960 2.300683 -0.111251
v -0.039730 2.464433 -0.103454
v -0.048227 2.367294 -0.119013
v -0.018807 2.518457 -0.066718
v 0.173383 2.277294 -0.064420
v 0.171519 2.336804 0.061753
v 0.088515 2.242972 -0.101257
v -0.057374 2.250568 -0.101257
v -0.113029 2.326669 -0.097974
v -0.116686 2.369651 -0.105849
v -0.115193 2.491231 -0.080201
v -0.086250 2.494660 -0.077108
v -0.053251 2.508052 -0.073551
v -0.044663 2.513862 -0.021133
v 0.173288 2.322245 0.029837
v 0.165976 2.237041 -0.057545
v 0.148611 2.407710 0.064546
v 0.011855 2.175411 -0.092478
v -0.140078 2.323957 -0.068503
v -0.111586 2.295094 -0.088673
v -0.093607 2.498482 -0.029244
v 0.174835 2.277532 -0.009656
v 0.158536 2.374108 0.073947
v 0.173027 2.277743 0.026821
v 0.180141 2.467043 0.014634
v 0.084508 2.170695 -0.080863
v -0.060895 2.178266 -0.080863
v -0.138218 2.293520 -0.064420
v -0.122430 2.497361 -0.032620
v 0.134695 2.444676 0.046983
v 0.169244 2.224734 -0.001713
v 0.005743 2.081108 -0.072830
v -0.140504 2.326589 -0.011769
v -0.135031 2.252715 -0.057545
v 0.149647 2.471651 0.015197
v 0.147985 2.161199 -0.046538
v -0.062345 2.082232 -0.063310
v -0.139637 2.293906 -0.009656
v 0.123139 2.480791 0.016657
v 0.073794 2.078600 -0.063310
v 0.005644 2.005576 -0.062281
v -0.125015 2.175414 -0.046538
v -0.130183 2.352514 0.061753
v -0.133455 2.338217 0.029837
v -0.139560 2.240813 -0.001713
v -0.100035 2.420657 0.064546
v -0.137817 2.293929 0.026821
v -0.113396 2.388268 0.073947
v -0.124516 2.483091 0.015867
v -0.082355 2.455978 0.046983
v -0.094425 2.484360 0.015197
v -0.067111 2.490698 0.016657
v -0.069327 1.799040 -0.109189
v -0.024705 1.910517 -0.079199
v 0.030546 1.801265 -0.115639
v 0.018981 1.912065 -0.083358
v 0.062549 1.915632 -0.079199
v 0.130412 1.803749 -0.109189
v 0.136147 2.411688 0.065284
v 0.127722 2.374848 0.093583
v 0.139216 2.335241 0.151678
v 0.086716 2.349020 0.150592
v 0.169185 2.333955 0.116847
v 0.020590 2.343170 0.166661
v 0.086632 2.339563 0.160334
v -0.045469 2.346442 0.160334
v -0.046525 2.308090 0.200440
v 0.083699 2.301310 0.200440
v 0.143785 2.297189 0.189544
v 0.184946 2.285197 0.076134
v -0.106714 2.310233 0.189544
v 0.018512 2.303267 0.196957
v 0.180017 2.292835 0.141376
v 0.077529 2.254903 0.221992
v 0.144958 2.250738 0.207290
v -0.098217 2.347604 0.151678
v -0.112704 2.264155 0.207290
v 0.184665 2.247572 0.151905
v -0.044570 2.355857 0.150592
v -0.045208 2.261294 0.221992
v 0.072117 2.202233 0.202206
v 0.188069 2.239314 0.091082
v -0.143202 2.309665 0.141376
v -0.152526 2.265130 0.151905
v -0.082672 2.385803 0.093583
v 0.016215 2.259138 0.214500
v 0.138026 2.199086 0.187704
v 0.166088 2.224438 0.030090
v -0.156769 2.257270 0.091082
v -0.045295 2.208346 0.202206
v 0.011412 2.166906 0.165348
v 0.068807 2.158266 0.156832
v 0.167893 2.201183 0.154071
v 0.178700 2.204468 0.104114
v -0.148897 2.302581 0.076134
v -0.111175 2.212062 0.187704
v 0.013592 2.208775 0.195657
v -0.087226 2.423319 0.065284
v -0.128158 2.349437 0.116847
v 0.159859 2.161893 0.036954
v 0.132891 2.155581 0.132172
v -0.151070 2.221640 0.104114
v -0.140662 2.217249 0.154071
v -0.046570 2.164274 0.156832
v 0.005993 2.090483 0.163252
v 0.074272 2.087404 0.152680
v -0.136452 2.240191 0.030090
v -0.110586 2.168258 0.132172
v 0.145235 2.086294 0.045857
v 0.137562 2.082842 -0.031765
v 0.006000 1.996958 0.162351
v 0.076150 2.000322 0.147392
v -0.062353 2.091048 0.152680
v -0.136753 2.177338 0.036954
v 0.126461 2.086042 0.131486
v 0.124079 2.004098 0.129743
v -0.064190 1.994534 0.147392
v -0.114540 2.092471 0.131486
v 0.147816 2.007539 0.051094
v 0.074170 2.009306 -0.052084
v 0.096055 1.901587 0.150798
v 0.019002 1.893734 0.166889
v -0.133274 2.093724 0.045857
v -0.112266 1.994349 0.129743
v -0.125796 2.089867 -0.031765
v 0.152618 1.909385 0.126952
v 0.192269 1.916725 0.049674
v 0.137744 2.010948 -0.017724
v -0.058380 1.890449 0.150798
v -0.136206 1.995824 0.051094
v 0.121032 1.787397 0.149281
v -0.062956 2.003650 -0.052084
v 0.198104 1.790479 0.123684
v 0.170237 1.921988 -0.028948
v 0.099554 1.918659 -0.073561
v 0.030715 1.785430 0.163209
v -0.155770 1.891626 0.049674
v -0.115476 1.890051 0.126952
v -0.126449 2.000051 -0.017724
v 0.245174 1.797384 0.028993
v -0.059617 1.784350 0.149281
v -0.061811 1.909199 -0.073561
v -0.183661 1.787274 0.028993
v -0.136749 1.784832 0.123684
v 0.210869 1.801857 -0.055992
v -0.133575 1.902128 -0.028948
v -0.149604 1.793359 -0.055992
v 0.022747 2.384582 0.110108
v -0.039208 2.387726 0.103654
v 0.084693 2.381275 0.103654
v -0.017442 2.534116 -0.050063
v 0.075839 2.534041 -0.050967
v 0.028093 2.544166 -0.075388
v 0.131851 1.998112 0.463306
v 0.125858 1.932325 0.455819
v 0.158725 1.943854 0.436689
v 0.101590 1.953232 0.431756
v 0.159093 2.001050 0.445186
v 0.110791 1.995039 0.442492
v 0.153651 2.049112 0.453106
v 0.111466 2.007221 0.444170
v 0.133342 2.046610 0.467575
v 0.118316 2.038997 0.449819
v 0.159299 1.903038 0.429843
v 0.085172 1.953058 0.450797
v 0.114569 1.898920 0.452848
v 0.092068 1.922509 0.475517
v 0.143742 2.045320 0.432574
v 0.145775 2.001661 0.416227
v 0.144703 2.012467 0.418305
v 0.137677 2.054390 0.451611
v 0.126937 1.879592 0.437729
v 0.147133 1.949284 0.394199
v 0.159093 1.883481 0.416120
v 0.149999 1.917638 0.382334
v 0.145337 1.896039 0.377864
v 0.069716 1.962076 0.460948
v 0.102404 1.879227 0.443840
v 0.135019 1.834622 0.410511
v 0.065877 1.931205 0.488146
v 0.075336 1.854279 0.423901
v 0.046733 1.911840 0.476714
v 0.024551 1.890372 0.452697
v 0.099625 1.815425 0.366497
v 0.004448 1.882496 0.423806
v 0.054147 1.844432 0.395019
v 0.038086 1.845466 0.362932
v 0.081466 1.830029 0.327360
v 0.023903 1.849712 0.336848
v -0.015070 1.881159 0.387383
v 0.040494 1.893251 0.310082
v 0.090095 1.870756 0.313879
v -0.030288 1.879843 0.356060
v 0.059841 1.903868 0.339815
v 0.100334 1.874857 0.326647
v 0.073377 1.904349 0.377850
v 0.122319 1.879932 0.356874
v 0.122168 1.905053 0.368071
v 0.107787 1.922697 0.389352
v 0.074268 1.935107 0.416599
v 0.028120 1.922892 0.401711
v 0.054056 1.942872 0.432214
v -0.848094 2.566255 0.234517
v -0.788027 2.545065 0.216700
v -0.812241 2.511942 0.212208
v -0.822824 2.587217 0.235570
v -0.820216 2.513364 0.253246
v -0.855678 2.618726 0.253738
v -0.843886 2.550135 0.259188
v -0.875000 2.602851 0.252103
v -0.850889 2.559520 0.263005
v -0.867273 2.587420 0.269458
v -0.762103 2.514591 0.202679
v -0.810887 2.579209 0.264025
v -0.768564 2.542034 0.256466
v -0.840543 2.499151 0.243593
v -0.865960 2.611819 0.265219
v -0.845300 2.609625 0.272274
v -0.742862 2.520929 0.249798
v -0.800142 2.474469 0.204719
v -0.730623 2.490557 0.241327
v -0.777038 2.466155 0.202481
v -0.748088 2.485276 0.201645
v -0.818392 2.586390 0.267814
v -0.839266 2.478452 0.210277
v -0.860319 2.496431 0.248569
v -0.743773 2.426660 0.200778
v -0.866650 2.467961 0.219297
v -0.791553 2.451156 0.210536
v -0.860309 2.441677 0.231177
v -0.781133 2.416149 0.230995
v -0.725782 2.390879 0.245256
v -0.846014 2.412620 0.253110
v -0.768398 2.397225 0.260318
v -0.755726 2.390239 0.293169
v -0.711189 2.395934 0.289290
v -0.833596 2.395920 0.282568
v -0.747648 2.386592 0.321822
v -0.740494 2.432803 0.348293
v -0.707825 2.439169 0.309592
v -0.818746 2.385216 0.319639
v -0.755196 2.451181 0.319707
v -0.712589 2.448132 0.296092
v -0.805030 2.376822 0.350556
v -0.774068 2.457508 0.284579
v -0.723866 2.463805 0.263680
v -0.741026 2.490177 0.265744
v -0.772109 2.494171 0.265691
v -0.814650 2.480279 0.267760
v -0.824253 2.443623 0.300388
v -0.840229 2.473379 0.271035
v -0.699454 2.421955 0.292630
v -0.704982 2.449008 0.258739
v -0.616549 2.393473 0.226745
v -0.708681 2.394299 0.278638
v -0.633071 2.351343 0.256786
v -0.538111 2.264761 0.229878
v -0.500821 2.311188 0.187499
v -0.723076 2.383973 0.237615
v -0.583864 2.243270 0.195981
v -0.657987 2.327935 0.229617
v -0.485616 2.189667 0.200058
v -0.437009 2.237075 0.165005
v -0.729692 2.415163 0.197746
v -0.596216 2.271942 0.135611
v -0.544841 2.176166 0.164534
v -0.554775 2.201428 0.104674
v -0.663170 2.347742 0.179398
v -0.718322 2.460407 0.208458
v -0.569888 2.312283 0.097876
v -0.516108 2.248826 0.065660
v -0.653403 2.377970 0.152026
v -0.709724 2.464214 0.234342
v -0.517426 2.341831 0.130524
v -0.447918 2.270496 0.102009
v -0.622214 2.410898 0.179481
v 0.097721 1.869897 0.321692
v 0.120853 1.883308 0.358195
v 0.105558 1.840218 0.319536
v 0.173817 1.939675 0.312242
v 0.160261 1.909082 0.264821
v 0.235624 1.981221 0.180625
v 0.260943 2.029238 0.234666
v 0.131658 1.817384 0.344610
v 0.188297 1.872311 0.262239
v 0.293799 2.026369 0.133243
v 0.311619 2.081746 0.186304
v 0.266475 1.925429 0.184867
v 0.158844 1.832584 0.387270
v 0.223940 1.870422 0.304093
v 0.323108 1.960990 0.143592
v 0.306005 1.915911 0.240635
v 0.153905 1.877139 0.399601
v 0.238384 1.889749 0.341270
v 0.364465 1.950948 0.194248
v 0.327651 1.951295 0.289294
v 0.207674 1.936623 0.350734
v 0.384428 1.995890 0.250269
v 0.137317 1.889089 0.382579
v 0.352111 2.071907 0.246009
v 0.295757 2.016140 0.291739
v -0.129430 1.992577 0.453583
v -0.113693 1.980519 0.439685
v -0.104292 1.969020 0.435897
v -0.118599 1.995665 0.439706
v -0.088573 1.975386 0.465562
v -0.125645 2.000686 0.445286
v -0.116883 1.997355 0.476228
v -0.130971 2.005947 0.454601
v -0.121321 2.009553 0.472072
v -0.122648 1.976793 0.416996
v -0.126710 1.990581 0.423247
v -0.080064 2.004430 0.451964
v -0.057464 1.946841 0.450605
v -0.072537 1.999195 0.448221
v -0.047372 1.981282 0.434685
v -0.106517 2.016402 0.465572
v -0.115114 1.997456 0.408027
v -0.074946 1.939851 0.418249
v -0.115537 1.968239 0.409645
v -0.040092 1.976064 0.431017
v -0.108011 1.994406 0.399117
v -0.095836 1.998780 0.423745
v -0.108133 2.002424 0.430383
v -0.021486 1.905636 0.436741
v -0.085224 1.940949 0.388807
v -0.038085 1.901616 0.399951
v -0.005017 1.948785 0.411429
v -0.118875 2.012920 0.440881
v -0.089122 1.993456 0.419610
v -0.079483 1.966827 0.376971
v -0.102283 1.988963 0.394385
v -0.050932 1.901997 0.364266
v -0.002336 1.949490 0.415301
v -0.063427 1.974056 0.405827
v -0.072331 1.961665 0.371834
v -0.056212 1.968865 0.401426
v -0.016551 1.907654 0.443003
v -0.018217 1.945685 0.378902
v 0.006743 1.919771 0.469191
v -0.058359 1.952901 0.460469
v -0.043290 1.978657 0.439865
v -0.037221 1.931904 0.348749
v 0.011876 1.928913 0.362720
v 0.012541 1.923571 0.474728
v 0.041512 1.940194 0.500091
v -0.038012 1.959786 0.487503
v -0.050386 1.983393 0.443790
v -0.011878 1.916946 0.334013
v 0.022849 1.960156 0.446154
v -0.020763 1.987449 0.468167
v 0.003227 1.971783 0.513918
v -0.022485 1.956916 0.488344
v 0.025113 1.961114 0.448928
v 0.048028 1.973344 0.476941
v -0.071711 1.988488 0.502112
v -0.028031 1.992091 0.471907
v -0.089530 1.983874 0.476467
v -0.077352 2.005327 0.459619
v -0.008507 1.984201 0.467279
v -0.033899 2.004659 0.527681
v -0.013699 1.987978 0.470535
v -0.056360 1.991537 0.505519
v 0.013627 1.992808 0.495131
v -0.057464 2.012268 0.485746
v -0.082545 2.008265 0.462812
v -0.064506 2.026270 0.537362
v 0.007668 1.997409 0.497772
v -0.029290 2.026603 0.513988
v -0.024525 2.023211 0.511616
v -0.045494 2.013448 0.487471
v -0.063133 2.014356 0.489272
v -0.116647 2.008636 0.492108
v -0.100661 2.013260 0.514131
v -0.060685 2.042016 0.526265
v -0.081842 2.016478 0.520010
v -0.071709 2.033429 0.537936
v -0.050406 2.016421 0.490161
v -0.110428 2.024330 0.483057
v -0.093578 2.030301 0.504971
v -0.086785 2.024667 0.522679
v -0.075881 2.033172 0.508116
v -0.117726 2.017826 0.493520
v -0.104202 2.022076 0.511879
v -0.979093 2.385418 0.370644
v -0.975656 2.394107 0.378493
v -0.987453 2.394188 0.376591
v -0.965560 2.395294 0.376864
v -0.995824 2.403037 0.360374
v -0.955150 2.387478 0.367698
v -0.989975 2.396990 0.349650
v -0.941671 2.385459 0.360684
v -0.956367 2.400212 0.333591
v -0.956283 2.386381 0.390902
v -0.987025 2.418227 0.360791
v -0.915010 2.400577 0.316392
v -0.957564 2.427601 0.352280
v -0.916566 2.433051 0.338402
v -0.948332 2.428921 0.348952
v -0.942849 2.379113 0.387384
v -0.907525 2.434215 0.335150
v -0.899139 2.384224 0.346092
v -0.861603 2.439335 0.320501
v -0.866572 2.396255 0.293690
v -0.943378 2.399587 0.399414
v -0.929721 2.377780 0.385472
v -0.863114 2.441536 0.316556
v -0.932029 2.402327 0.401103
v -0.944233 2.413312 0.378645
v -0.957153 2.407535 0.381518
v -0.848716 2.383966 0.327998
v -0.885494 2.378642 0.373594
v -0.869113 2.400725 0.287264
v -0.925205 2.404236 0.312210
v -0.916500 2.433785 0.331343
v -0.975335 2.407775 0.383782
v -0.935128 2.414023 0.375977
v -0.887737 2.401793 0.390964
v -0.922993 2.402294 0.399319
v -0.831720 2.377420 0.361289
v -0.925368 2.432386 0.334098
v -0.902151 2.417424 0.364684
v -0.877809 2.402940 0.388892
v -0.892667 2.418577 0.362021
v -0.935917 2.422555 0.284972
v -0.880093 2.423943 0.260475
v -0.968537 2.405596 0.329743
v -0.961696 2.429948 0.345634
v -0.845285 2.429150 0.350040
v -0.828324 2.407052 0.376218
v -0.797149 2.417282 0.369540
v -0.978512 2.420559 0.303800
v -0.927867 2.454958 0.302913
v -0.936655 2.453377 0.305850
v -0.968130 2.428530 0.347178
v -0.809400 2.439914 0.340032
v -0.882545 2.430363 0.254853
v -0.892074 2.460716 0.227468
v -0.972077 2.448015 0.319325
v -0.875630 2.465384 0.285312
v -1.006269 2.405138 0.342750
v -1.004904 2.421069 0.353297
v -0.876755 2.467527 0.282503
v -0.889376 2.491118 0.255211
v -0.937612 2.458796 0.249956
v -0.978554 2.445644 0.320485
v -1.014807 2.418939 0.320421
v -1.012503 2.411139 0.346319
v -0.926670 2.430944 0.275269
v -0.930207 2.481668 0.267990
v -0.983619 2.457565 0.272986
v -0.937535 2.480965 0.271067
v -1.013597 2.436447 0.331212
v -1.019717 2.423069 0.327781
v -0.977324 2.477871 0.288419
v -0.974112 2.433132 0.294907
v -0.983210 2.477092 0.290559
v -1.017618 2.452544 0.290772
v -0.919025 2.460887 0.295970
v -1.010287 2.433938 0.308023
v -0.925931 2.460087 0.297839
v -0.973370 2.455765 0.314342
v -0.967407 2.456958 0.312550
v -1.016197 2.466927 0.304067
v -1.007668 2.450484 0.321254
v -1.025539 2.452919 0.297142
v -1.018926 2.436560 0.312159
v -0.197808 0.684277 -0.251435
v -0.184991 0.693428 -0.248808
v -0.194529 0.699878 -0.252343
v -0.182374 0.681684 -0.248276
v -0.205402 0.697252 -0.256811
v -0.188212 0.671522 -0.251060
v -0.211240 0.687092 -0.259594
v -0.199086 0.668898 -0.255526
v -0.208624 0.675348 -0.259061
v -0.191248 0.709278 -0.256219
v -0.176051 0.699003 -0.250587
v -0.217873 0.688908 -0.267770
v -0.208572 0.705097 -0.263336
v -0.181184 0.664102 -0.254174
v -0.171883 0.680291 -0.249739
v -0.213705 0.670195 -0.266923
v -0.198508 0.659921 -0.261291
v -0.208819 0.708932 -0.269530
v -0.188454 0.713847 -0.261163
v -0.165688 0.679771 -0.253545
v -0.170588 0.701767 -0.254543
v -0.196988 0.655824 -0.267125
v -0.176623 0.660739 -0.258759
v -0.219754 0.689900 -0.274743
v -0.214854 0.667904 -0.273746
v -0.185842 0.715602 -0.266985
v -0.167058 0.702901 -0.260023
v -0.173403 0.659762 -0.264455
v -0.161905 0.679772 -0.258975
v -0.213601 0.667295 -0.280214
v -0.194816 0.654594 -0.273253
v -0.207256 0.710433 -0.275782
v -0.218754 0.690424 -0.281262
v -0.263801 0.703754 -0.346512
v -0.249847 0.702592 -0.355182
v -0.253226 0.683831 -0.355529
v -0.247728 0.721215 -0.351689
v -0.258711 0.681086 -0.345468
v -0.252495 0.723349 -0.341127
v -0.272565 0.685334 -0.323643
v -0.267619 0.718968 -0.320187
v -0.278044 0.703641 -0.325033
v -0.228648 0.668008 -0.306981
v -0.220552 0.660775 -0.331086
v -0.219485 0.721435 -0.304818
v -0.210569 0.728648 -0.324112
v -0.227622 0.693393 -0.297466
v -0.194071 0.641389 -0.286319
v -0.183315 0.631035 -0.317487
v -0.180986 0.730356 -0.277177
v -0.225194 0.709885 -0.295771
v -0.230049 0.676892 -0.299161
v -0.163320 0.641589 -0.274002
v -0.144391 0.632356 -0.301849
v -0.166817 0.743203 -0.305961
v -0.143762 0.677679 -0.264589
v -0.122418 0.677263 -0.291083
v -0.151906 0.719197 -0.266026
v -0.130323 0.728005 -0.292020
v -0.249152 0.701009 -0.340768
v 0.122279 0.441929 -0.544413
v 0.125209 0.474224 -0.601981
v 0.116461 0.526634 -0.566020
v 0.115428 0.468439 -0.595895
v 0.112035 0.497356 -0.499103
v 0.110165 0.443420 -0.549310
v 0.070915 0.405156 -0.494935
v 0.068480 0.413301 -0.504313
v 0.036502 0.522472 -0.614665
v 0.049084 0.478687 -0.641410
v 0.050410 0.468069 -0.444046
v 0.106704 0.520846 -0.559927
v 0.048023 0.476124 -0.453568
v 0.099866 0.498822 -0.503986
v -0.012396 0.414290 -0.516102
v -0.005070 0.422576 -0.521350
v 0.042430 0.471940 -0.633624
v -0.036494 0.483824 -0.470604
v 0.029920 0.515721 -0.606845
v -0.024438 0.484747 -0.583689
v -0.015239 0.484892 -0.577205
v -0.044016 0.475566 -0.465211
v -0.055598 0.553932 -0.542018
v -0.046164 0.554207 -0.535482
v 0.025706 0.553162 -0.603879
v 0.006861 0.629391 -0.572292
v 0.025829 0.558877 -0.615001
v 0.006950 0.634924 -0.583854
v 0.120032 0.546025 -0.460267
v 0.115754 0.577077 -0.561752
v 0.106729 0.652033 -0.529988
v 0.105084 0.572431 -0.555015
v 0.110129 0.613668 -0.411856
v 0.107707 0.547558 -0.465843
v 0.042891 0.504324 -0.394268
v 0.040023 0.512237 -0.404267
v 0.021641 0.570015 -0.339219
v 0.095806 0.647525 -0.522901
v 0.018766 0.578082 -0.349455
v 0.097680 0.615231 -0.417516
v -0.105500 0.607641 -0.523775
v -0.093071 0.510821 -0.425181
v -0.124354 0.577284 -0.374483
v -0.084344 0.518161 -0.431053
v -0.136398 0.679297 -0.481260
v -0.095403 0.607943 -0.517720
v -0.023832 0.696795 -0.572947
v -0.023021 0.692026 -0.561019
v -0.046199 0.775243 -0.539625
v -0.115367 0.584693 -0.380340
v -0.045892 0.770198 -0.527516
v -0.126003 0.679572 -0.475032
v -0.212001 0.717537 -0.277369
v -0.184585 0.724155 -0.266105
v -0.180182 0.724638 -0.277106
v -0.160534 0.707893 -0.257192
v -0.207598 0.718020 -0.288370
v -0.153937 0.678278 -0.255851
v -0.222320 0.692400 -0.295387
v -0.226723 0.691917 -0.284386
v -0.156131 0.708376 -0.268193
v -0.215723 0.662785 -0.294047
v -0.149533 0.678761 -0.266852
v -0.220126 0.662302 -0.283046
v -0.168658 0.652658 -0.262868
v -0.164254 0.653141 -0.273869
v -0.196074 0.646041 -0.274132
v -0.191671 0.646523 -0.285133
v 0.124323 0.668451 -0.359010
v 0.105687 0.715590 -0.492087
v 0.116466 0.721023 -0.499452
v 0.111136 0.669432 -0.364058
v 0.107278 0.798567 -0.459004
v 0.027134 0.620229 -0.277413
v 0.113352 0.739301 -0.307343
v 0.022752 0.626331 -0.289130
v 0.096116 0.792873 -0.451431
v -0.172391 0.640889 -0.294216
v 0.012585 0.692547 -0.227548
v 0.099829 0.740269 -0.312523
v -0.168563 0.638926 -0.306512
v 0.008059 0.698789 -0.239613
v -0.149789 0.725135 -0.283412
v -0.146113 0.723124 -0.296357
v -0.250130 0.698120 -0.311241
v -0.216919 0.672958 -0.294079
v -0.223185 0.691346 -0.283891
v -0.211645 0.708829 -0.290394
v 0.083078 2.642951 0.166758
v 0.081730 2.654779 0.118540
v 0.081811 2.651692 0.168952
v 0.080298 2.664599 0.120780
v -0.045853 2.622998 0.171799
v -0.047120 2.631738 0.173994
v -0.051820 2.634111 0.123762
v -0.053252 2.643930 0.126002
v -0.008830 2.630190 0.206297
v -0.038930 2.629754 0.188175
v -0.006649 2.614794 0.201120
v -0.037395 2.618595 0.183264
v 0.078378 2.651161 0.169087
v 0.076823 2.664061 0.120916
v -0.043687 2.632270 0.173860
v -0.049777 2.644468 0.125866
v -0.036251 2.630306 0.186019
v -0.007175 2.630635 0.203528
v 0.072831 2.647188 0.181753
v 0.077243 2.636337 0.178782
v 0.060174 2.643129 0.191927
v 0.055522 2.615134 0.188116
v 0.046436 2.638932 0.201432
v 0.022634 2.616316 0.206197
v 0.020244 2.633090 0.211470
v 0.019966 2.633881 0.207488
v 0.075708 2.647496 0.183692
v 0.050534 2.623644 0.198884
v 0.048353 2.639040 0.204061
v 0.064429 2.630060 0.189166
v 0.075543 2.627804 0.162489
v 0.075886 2.639404 0.167427
v 0.073861 2.641273 0.113775
v 0.074021 2.653552 0.114696
v 0.046861 2.626323 0.195771
v 0.071008 2.634552 0.179552
v 0.047163 2.616832 0.188230
v 0.070675 2.624102 0.174213
v 0.021715 2.621163 0.201876
v 0.022846 2.611843 0.193928
v -0.034447 2.610781 0.166789
v -0.040629 2.623554 0.118251
v -0.037897 2.621795 0.171876
v -0.044417 2.635222 0.119327
v -0.027809 2.608860 0.178064
v -0.030873 2.618785 0.183535
v -0.002202 2.609192 0.190160
v -0.004206 2.618419 0.197767
v 0.077439 2.628097 0.162415
v 0.075835 2.641578 0.113698
v 0.072411 2.624313 0.174909
v 0.048104 2.616827 0.189970
v 0.022957 2.611668 0.196075
v -0.036343 2.610487 0.166864
v -0.042602 2.623248 0.118329
v -0.002963 2.608923 0.191967
v -0.029470 2.608546 0.178892
v 0.081021 2.627589 0.162445
v 0.080368 2.640550 0.191620
v 0.088108 2.648125 0.175887
v 0.067378 2.633429 0.198763
v 0.083782 2.662746 0.123130
v 0.068178 2.621778 0.179459
v 0.076295 2.640961 0.116016
v 0.066397 2.625737 0.163038
v 0.061533 2.639434 0.121261
v 0.047972 2.618060 0.192000
v 0.046132 2.626005 0.207528
v 0.081752 2.669280 0.097063
v 0.039567 2.638939 0.125851
v 0.058249 2.646933 0.092103
v 0.035446 2.646372 0.093979
v 0.045003 2.625284 0.165646
v 0.022577 2.616051 0.203687
v 0.022347 2.620028 0.213566
v 0.074055 2.649027 0.090665
v 0.011760 2.659441 0.098802
v 0.016605 2.636088 0.130271
v 0.013912 2.644620 0.095155
v 0.020290 2.621791 0.167919
v -0.002520 2.618475 0.209430
v -0.007171 2.639776 0.095646
v -0.029154 2.633406 0.095520
v -0.057855 2.647674 0.102521
v -0.004423 2.617635 0.167579
v -0.006414 2.631823 0.127649
v -0.003055 2.610162 0.193995
v -0.044916 2.630615 0.095317
v -0.042677 2.622548 0.120668
v -0.055824 2.641140 0.128589
v -0.027787 2.625610 0.124753
v -0.025619 2.619037 0.202399
v -0.025089 2.611578 0.166615
v -0.024335 2.607460 0.183076
v -0.039591 2.608923 0.167161
v -0.051499 2.626519 0.181345
v -0.040658 2.621820 0.196353
v 0.014835 2.648955 0.135920
v 0.043475 2.638053 0.204880
v 0.020021 2.634677 0.212046
v 0.066672 2.641916 0.193086
v -0.003833 2.630731 0.206729
v -0.027943 2.627273 0.196786
v 0.046249 2.625582 0.207608
v 0.067632 2.633238 0.198744
v -0.025804 2.618777 0.202397
v -0.002497 2.618038 0.209514
v 0.022462 2.619320 0.213701
v 0.023392 2.612101 0.208902
v -0.001705 2.610869 0.204232
v 0.024488 2.603096 0.201290
v -0.024491 2.612710 0.197280
v 0.000002 2.603100 0.196978
v -0.020510 2.605312 0.191928
v 0.006676 2.579953 0.181371
v -0.040330 2.616744 0.192860
v -0.041069 2.609249 0.186679
v -0.054195 2.616681 0.186600
v -0.025647 2.586916 0.174444
v -0.059982 2.600086 0.170400
v -0.028394 2.565876 0.152633
v -0.066011 2.584014 0.150608
v -0.078122 2.611360 0.170769
v -0.100372 2.604677 0.151193
v -0.029358 2.561092 0.141671
v -0.070588 2.577674 0.136553
v -0.076999 2.634917 0.184183
v -0.099713 2.627928 0.168422
v 0.010960 2.554889 0.160410
v 0.011832 2.549518 0.148051
v -0.041864 2.626226 0.199749
v -0.042813 2.632694 0.202128
v -0.109040 2.596886 0.132831
v -0.122165 2.621276 0.151705
v 0.027361 2.580776 0.186435
v 0.030734 2.553186 0.163473
v 0.046881 2.586176 0.179799
v 0.047427 2.610440 0.195124
v 0.065867 2.618680 0.188551
v 0.031386 2.546029 0.151826
v 0.048777 2.560741 0.158931
v 0.011540 2.549798 0.133434
v -0.031122 2.560255 0.121901
v -0.074010 2.576900 0.115345
v -0.023659 2.564250 0.097840
v 0.030630 2.547857 0.139730
v -0.028107 2.624557 0.205812
v -0.029765 2.631526 0.209014
v -0.045837 2.644267 0.203985
v -0.111790 2.650512 0.169628
v -0.089385 2.658704 0.183783
v -0.055331 2.669971 0.200291
v -0.016629 2.662096 0.228524
v -0.008050 2.630034 0.216638
v -0.004846 2.624424 0.213669
v 0.074968 2.602487 0.170510
v 0.083815 2.628576 0.181796
v 0.082266 2.583003 0.148307
v 0.048627 2.555212 0.146612
v 0.047706 2.555395 0.132020
v 0.083790 2.578604 0.137247
v 0.112384 2.611624 0.143633
v 0.103313 2.625358 0.164015
v -0.099031 2.679153 0.181565
v -0.061236 2.688574 0.194400
v -0.025261 2.703039 0.212808
v -0.022237 2.687068 0.223328
v 0.007049 2.722638 0.228463
v -0.122308 2.677544 0.169178
v 0.021028 2.630843 0.222629
v 0.021708 2.625586 0.219200
v 0.046871 2.632428 0.211647
v 0.018658 2.649921 0.237523
v 0.048449 2.638778 0.214429
v 0.068336 2.639483 0.202041
v 0.084212 2.578105 0.117392
v 0.117575 2.606796 0.129196
v 0.138846 2.641700 0.141839
v 0.014607 2.682348 0.262271
v 0.016947 2.663912 0.249152
v 0.047830 2.672072 0.226004
v 0.068053 2.646664 0.205189
v 0.080444 2.645155 0.194967
v 0.010900 2.701321 0.242582
v 0.045225 2.697509 0.220690
v 0.042476 2.713523 0.210159
v 0.080079 2.690928 0.194996
v 0.079626 2.710374 0.188892
v 0.079097 2.663603 0.199100
v 0.079574 2.651635 0.197343
v 0.110022 2.663862 0.176870
v 0.094040 2.639621 0.180804
v 0.081322 2.635571 0.188104
v 0.117177 2.641585 0.163133
v 0.132515 2.663869 0.159342
v 0.114582 2.690271 0.175808
v 0.117407 2.712651 0.173103
v 0.137267 2.689057 0.159890
v 0.139068 2.717996 0.158958
v 0.154584 2.664107 0.140884
v 0.164669 2.691714 0.139399
v 0.167757 2.724487 0.138183
v 0.148034 2.636673 0.122780
v 0.169692 2.663226 0.118125
v 0.178305 2.693093 0.115006
v 0.180807 2.729808 0.113339
v 0.119444 2.606840 0.107781
v 0.152930 2.635770 0.100669
v 0.175278 2.661504 0.095380
v 0.185900 2.695138 0.091943
v 0.189056 2.734374 0.087706
v 0.074079 2.579377 0.094018
v 0.117322 2.611810 0.080645
v 0.148957 2.639734 0.072355
v 0.105140 2.622952 0.031917
v 0.171763 2.663816 0.067038
v 0.185416 2.695642 0.061328
v 0.160436 2.668794 0.016303
v 0.135797 2.646411 0.024704
v 0.027650 2.558356 0.105083
v 0.052590 2.595845 0.039392
v 0.065494 2.623034 -0.005815
v 0.091845 2.662394 -0.040365
v -0.012375 2.585790 0.041933
v 0.022405 2.579946 0.056385
v 0.176845 2.694008 0.013395
v 0.120325 2.690387 -0.040298
v 0.068522 2.594545 -0.008604
v 0.056007 2.575700 0.033076
v 0.189157 2.736502 0.056690
v 0.188489 2.762176 0.088077
v 0.189918 2.765692 0.055783
v 0.187879 2.766314 0.023401
v 0.179466 2.710179 0.013891
v 0.141222 2.721833 -0.036147
v 0.179014 2.771536 -0.017952
v 0.108385 2.685880 -0.050080
v 0.068639 2.661547 -0.057206
v 0.054365 2.635472 -0.037932
v 0.009787 2.640537 -0.062056
v 0.057915 2.604743 -0.041830
v 0.015777 2.605622 -0.063991
v -0.008259 2.567096 0.035335
v 0.025502 2.563326 0.049509
v -0.028181 2.581599 -0.005205
v -0.022987 2.593913 -0.038986
v -0.034434 2.608613 -0.002105
v -0.029655 2.623347 -0.034813
v -0.054824 2.642439 -0.052379
v -0.075848 2.636441 -0.033808
v -0.099396 2.653722 -0.041956
v -0.071065 2.595681 0.038806
v -0.107830 2.608706 0.034230
v -0.111357 2.654531 -0.031239
v -0.140391 2.678249 -0.025136
v -0.138641 2.622506 0.027997
v -0.162067 2.641556 0.026647
v -0.114686 2.598930 0.082663
v -0.075563 2.581958 0.088187
v -0.115106 2.594287 0.111149
v -0.169401 2.656186 0.027532
v -0.189920 2.714437 -0.003527
v -0.167049 2.641092 0.075110
v -0.144033 2.614941 0.079386
v -0.144514 2.612011 0.107884
v -0.165023 2.640826 0.105665
v -0.137991 2.615607 0.130155
v -0.155429 2.641442 0.128055
v -0.140195 2.644531 0.151319
v -0.153114 2.674827 0.150729
v -0.169017 2.675667 0.127017
v -0.180189 2.677227 0.102144
v -0.183292 2.678859 0.071253
v -0.188013 2.703906 0.102798
v -0.192895 2.706445 0.070751
v -0.193614 2.707271 0.038317
v 0.047257 2.618447 0.202318
v 0.067825 2.626997 0.193671
v -0.229987 2.850376 0.107609
v -0.219580 2.789061 0.084172
v -0.223321 2.831325 0.114074
v -0.210532 2.784081 0.112940
v -0.199526 2.742888 0.108773
v -0.204731 2.744283 0.077091
v -0.199749 2.729676 0.054597
v -0.231707 2.791109 0.041577
v -0.181816 2.652817 0.010882
v -0.196858 2.657864 -0.003222
v -0.240120 2.688973 -0.021942
v -0.269510 2.733151 -0.029861
v -0.280899 2.789507 -0.016961
v -0.259121 2.810903 0.021850
v -0.274276 2.808652 0.004082
v -0.229641 2.696086 -0.028249
v -0.255139 2.732993 -0.041796
v -0.267146 2.791325 -0.024265
v -0.262506 2.810918 -0.002116
v -0.248444 2.813738 0.014623
v -0.234240 2.796436 0.024135
v -0.227501 2.917258 0.135549
v -0.210937 2.923123 0.166857
v -0.214587 2.950475 0.158623
v -0.190600 2.928253 0.189505
v -0.197909 2.980234 0.178548
v -0.161932 2.936456 0.212230
v -0.167844 2.988383 0.204635
v -0.165690 3.043327 0.199313
v -0.139069 2.996687 0.225942
v -0.094396 3.060863 0.228797
v -0.124062 2.945886 0.233166
v -0.087479 3.008072 0.244197
v -0.076845 2.957359 0.250526
v -0.046287 3.069099 0.235746
v -0.037628 3.017303 0.252179
v -0.029274 2.965746 0.261747
v 0.017608 2.971977 0.246833
v 0.011924 3.023456 0.240310
v 0.064617 2.975088 0.225788
v 0.001388 3.075687 0.225051
v 0.062994 3.027960 0.218042
v 0.072184 3.080142 0.190012
v 0.101856 2.977282 0.201916
v 0.091221 3.028477 0.194505
v 0.120262 3.029476 0.166107
v 0.129842 2.977847 0.176976
v 0.143574 3.005907 0.144618
v 0.148990 2.978827 0.152784
v 0.164113 2.977867 0.120237
v 0.184533 2.914530 0.091401
v 0.184442 2.894433 0.098130
v 0.191363 2.852661 0.068104
v 0.186462 2.845523 0.097418
v 0.188118 2.802883 0.093616
v 0.190228 2.805409 0.061648
v 0.188188 2.789716 0.039428
v 0.199021 2.857772 0.024735
v 0.191012 2.710518 -0.003696
v 0.202707 2.719703 -0.018846
v 0.233001 2.762196 -0.040441
v 0.246992 2.813088 -0.050056
v 0.241789 2.870402 -0.037398
v 0.217594 2.884682 0.003210
v 0.231321 2.886901 -0.015687
v 0.220415 2.765740 -0.045846
v 0.232473 2.808459 -0.060862
v 0.227613 2.867898 -0.043611
v 0.218979 2.885436 -0.020943
v 0.206041 2.884077 -0.003148
v 0.198491 2.863408 0.007215
v -0.070382 2.719664 0.196031
v -0.108456 2.711126 0.180731
v -0.030450 2.730465 0.210756
v 0.003471 2.745178 0.226164
v -0.078636 2.749674 0.200330
v -0.133213 2.707273 0.168609
v 0.038972 2.741210 0.208041
v -0.035409 2.760460 0.217667
v -0.162308 2.704749 0.149362
v -0.118032 2.743572 0.185278
v -0.000286 2.770352 0.229721
v -0.089661 2.787914 0.208022
v -0.145094 2.741063 0.169465
v 0.079057 2.742792 0.190188
v 0.035158 2.771381 0.214908
v -0.178076 2.703835 0.128115
v -0.044253 2.794118 0.226057
v -0.130381 2.783841 0.191250
v 0.078170 2.773942 0.194199
v -0.173835 2.739816 0.153587
v -0.005089 2.803499 0.238092
v -0.107669 2.859673 0.228154
v -0.147176 2.850712 0.208468
v 0.116649 2.745965 0.171930
v 0.116303 2.779840 0.176116
v 0.077691 2.813815 0.201478
v -0.159682 2.781429 0.172275
v 0.034043 2.806236 0.222996
v -0.060286 2.867144 0.241537
v -0.176619 2.844623 0.188322
v 0.116338 2.822026 0.181603
v -0.188819 2.741323 0.132039
v 0.028417 2.880872 0.238069
v -0.116105 2.902584 0.234484
v -0.157022 2.893392 0.215170
v -0.202893 2.839010 0.166557
v -0.185876 2.781344 0.159486
v 0.140415 2.749621 0.157910
v 0.113427 2.891045 0.198278
v -0.015285 2.873435 0.254145
v -0.183854 2.886172 0.194116
v -0.214360 2.834485 0.143457
v 0.167357 2.755770 0.136472
v 0.141571 2.785429 0.158257
v 0.074680 2.887894 0.221024
v -0.200261 2.782407 0.138476
v -0.069122 2.911963 0.250616
v -0.208308 2.879381 0.170247
v 0.168049 2.792728 0.140219
v 0.143464 2.828346 0.160422
v 0.141708 2.893890 0.175875
v 0.070227 2.931422 0.227199
v -0.022079 2.919445 0.262497
v -0.220994 2.875335 0.142282
v 0.180998 2.759408 0.114075
v 0.167407 2.836021 0.145673
v 0.166711 2.896212 0.152105
v 0.110413 2.934782 0.204713
v 0.023978 2.926372 0.246976
v 0.177212 2.895087 0.128147
v 0.136485 2.935750 0.181591
v 0.180191 2.798434 0.117610
v 0.159953 2.936376 0.155848
v 0.179154 2.841127 0.123641
v 0.171097 2.936018 0.126951
v 0.034027 2.605289 -0.202336
v 0.008039 2.637772 -0.157678
v 0.049186 2.599215 -0.181030
v 0.048653 2.601559 -0.223931
v 0.072886 2.591870 -0.189866
v 0.079626 2.630228 -0.255670
v 0.119878 2.614109 -0.199091
v 0.120395 2.681568 -0.288771
v 0.177437 2.658706 -0.208597
v 0.128656 2.669639 -0.298043
v 0.185694 2.646803 -0.217870
v 0.092950 2.614817 -0.269542
v 0.133206 2.598673 -0.212965
v 0.050254 2.584133 -0.230040
v 0.074491 2.574418 -0.195975
v 0.024860 2.589654 -0.200269
v 0.040015 2.583605 -0.178961
v -0.007809 2.615462 -0.228133
v 0.004489 2.637827 -0.172700
v 0.018700 2.619565 -0.229169
v -0.017020 2.616158 -0.252807
v 0.025362 2.622717 -0.254464
v -0.038156 2.651606 -0.285732
v 0.032237 2.662500 -0.288485
v -0.063791 2.711363 -0.319866
v 0.035959 2.726800 -0.323766
v -0.063164 2.703452 -0.335136
v 0.036586 2.718890 -0.339036
v -0.037612 2.642326 -0.308563
v 0.032780 2.653220 -0.311315
v -0.015028 2.600732 -0.262913
v 0.027354 2.607291 -0.264570
v -0.004940 2.597761 -0.224817
v 0.021569 2.601864 -0.225854
v -0.026967 2.587429 -0.178052
v 0.002278 2.636880 -0.157453
v -0.016019 2.597543 -0.200379
v -0.047945 2.573170 -0.185141
v -0.030439 2.589319 -0.220839
v -0.100018 2.580077 -0.190493
v -0.070947 2.606925 -0.249783
v -0.168903 2.605105 -0.195055
v -0.127710 2.643170 -0.279070
v -0.173864 2.591156 -0.203811
v -0.132667 2.629196 -0.287825
v -0.109083 2.561175 -0.203492
v -0.080015 2.588048 -0.262779
v -0.044669 2.555977 -0.191316
v -0.027167 2.572151 -0.227013
v -0.013382 2.575341 -0.176873
v -0.002430 2.585431 -0.199202
v -0.001776 2.650660 -0.054873
v 0.035022 2.635796 -0.092414
v 0.045623 2.631946 -0.077052
v 0.063949 2.597236 -0.107496
v 0.038852 2.647691 -0.081722
v 0.057351 2.631804 -0.096008
v 0.018516 2.653588 -0.055626
v -0.025531 2.620934 -0.074269
v -0.017790 2.627623 -0.090349
v -0.024204 2.637932 -0.079256
v -0.034790 2.581954 -0.103636
v -0.038078 2.617035 -0.092277
v 0.359695 2.638466 0.027476
v 0.291070 2.706651 0.047374
v 0.354974 2.671918 -0.019244
v 0.253091 2.767177 0.063312
v 0.300633 2.723676 -0.007179
v 0.262526 2.781963 0.006652
v 0.337982 2.690353 -0.070680
v 0.233922 2.805460 0.069438
v 0.286138 2.731318 -0.056159
v 0.249286 2.760809 0.076162
v 0.183676 2.805491 0.148196
v 0.250556 2.783921 -0.040099
v 0.182534 2.892550 0.084432
v 0.223369 2.842687 0.026841
v 0.282843 2.706142 0.086967
v 0.218766 2.735985 0.142037
v 0.224286 2.850582 -0.023329
v 0.158892 2.895002 0.152411
v 0.254839 2.675803 0.146138
v 0.218113 2.933544 -0.010283
v 0.146230 2.943209 0.164872
v 0.200046 3.056894 0.017008
v 0.086952 2.851819 0.237620
v 0.014409 2.848286 0.261999
v 0.059265 2.918039 0.254484
v -0.062919 2.850043 0.255930
v -0.016457 2.909743 0.269129
v -0.095040 2.900674 0.249152
v 0.037758 2.978699 0.255242
v -0.040357 2.967247 0.269560
v -0.118242 2.955425 0.238589
v 0.015635 3.032165 0.233173
v -0.142414 3.015914 0.219420
v -0.067197 3.034316 0.236341
v 0.271134 2.862397 0.054778
v 0.214583 2.855578 0.147808
v 0.235543 2.948597 0.098249
v 0.138386 2.854961 0.204280
v 0.176671 2.935522 0.176726
v 0.087686 2.922450 0.229561
v 0.208792 3.014566 0.121510
v 0.141298 3.000233 0.197240
v 0.051671 2.979882 0.238469
v 0.169919 3.080722 0.140169
v 0.106837 3.060662 0.187405
v -0.292380 2.995150 -0.175027
v -0.310495 2.908849 -0.120068
v -0.293940 2.918636 -0.189332
v -0.311893 2.819841 -0.060926
v -0.309831 2.826540 -0.134040
v -0.290754 2.835589 -0.195458
v -0.314685 2.898969 -0.052523
v -0.310200 2.730624 -0.067633
v -0.306474 2.747154 -0.134792
v -0.330395 2.824604 -0.067348
v -0.292600 2.762422 -0.196057
v -0.334993 2.902265 -0.059367
v -0.314459 2.952544 -0.042505
v -0.324843 2.831406 -0.133795
v -0.332646 2.960627 -0.048443
v -0.318025 3.011156 -0.030304
v -0.332421 2.911096 -0.124361
v -0.307123 2.840274 -0.195851
v -0.317066 3.031778 -0.096590
v -0.313795 2.919694 -0.187722
v -0.291298 3.068861 -0.004717
v -0.289568 3.089974 -0.069454
v -0.328582 2.976372 -0.112174
v -0.268213 3.107951 -0.121939
v -0.305852 2.994858 -0.174314
v -0.290952 3.050078 -0.160363
v -0.288236 2.932743 -0.201453
v -0.244674 3.009530 -0.219615
v -0.303173 2.881253 -0.244655
v -0.246952 2.936629 -0.245541
v -0.269052 2.899024 -0.287234
v -0.198321 2.966880 -0.286162
v -0.223247 2.912371 -0.321997
v -0.197233 3.029906 -0.261560
v -0.259830 2.957819 -0.255815
v -0.211612 2.975171 -0.294532
v -0.260657 3.016678 -0.232665
v -0.208805 3.034794 -0.271434
v -0.300306 2.940414 -0.207726
v -0.197504 3.089012 -0.234878
v -0.255174 3.071393 -0.204751
v -0.206185 3.094157 -0.240273
v -0.301340 2.999257 -0.184954
v -0.198620 3.145388 -0.185229
v -0.234705 3.127888 -0.160101
v 0.178573 3.068038 -0.193442
v 0.202060 2.995400 -0.208725
v 0.226028 2.991885 -0.141046
v 0.223632 2.915199 -0.215571
v 0.249176 2.913056 -0.155898
v 0.247425 2.846000 -0.217172
v 0.258733 2.908155 -0.083238
v 0.238142 2.984529 -0.074139
v 0.269890 2.836356 -0.157328
v 0.274388 2.918205 -0.090996
v 0.283542 2.822516 -0.090849
v 0.255925 2.993719 -0.082472
v 0.222521 3.035651 -0.063502
v 0.261991 2.922229 -0.156740
v 0.236911 3.048775 -0.070713
v 0.209148 3.092745 -0.050917
v 0.245859 3.000595 -0.146972
v 0.237743 2.924602 -0.217156
v 0.196958 3.111332 -0.116689
v 0.220732 3.002421 -0.208622
v 0.155329 3.158829 -0.086849
v 0.223437 3.061806 -0.133759
v 0.168283 3.139989 -0.022687
v 0.191518 3.071834 -0.193761
v 0.125608 3.168901 -0.137338
v 0.161755 3.120142 -0.178064
v 0.125497 3.066821 -0.234089
v 0.191457 3.006984 -0.220209
v 0.071065 3.071430 -0.272051
v 0.089247 3.011386 -0.297406
v 0.147689 2.997706 -0.260972
v 0.217899 2.961898 -0.265029
v 0.079834 3.079466 -0.282720
v 0.098736 3.023202 -0.306667
v 0.176862 2.968037 -0.304669
v 0.126655 2.966524 -0.335678
v 0.117935 3.129138 -0.219340
v 0.137533 3.078304 -0.248234
v 0.055517 3.128172 -0.244771
v 0.152748 3.021672 -0.271947
v 0.061801 3.135633 -0.250752
v 0.084837 3.177342 -0.172595
v 0.200134 3.017865 -0.227293
v 0.043346 3.182837 -0.194690
v 0.185091 3.074541 -0.203974
v -0.155813 2.558938 0.168869
v -0.170775 2.558885 0.113189
v -0.191897 2.632788 0.126136
v -0.165823 2.558935 0.056184
v -0.190309 2.625440 0.083173
v -0.195779 2.618750 0.021491
v -0.216692 2.697981 0.109212
v -0.211968 2.691636 0.066316
v -0.219971 2.685101 0.006596
v -0.219114 2.753832 0.109912
v -0.246005 2.759848 0.000594
v -0.188854 2.777781 0.169774
v -0.210216 2.699120 0.122562
v -0.234297 2.761820 0.054980
v -0.173354 2.718073 0.187582
v -0.275374 2.857168 0.009013
v -0.221967 2.829947 0.100249
v -0.153322 2.670789 0.221517
v -0.189458 2.651230 0.161648
v -0.293374 2.980529 0.036301
v -0.195055 2.840223 0.166250
v -0.196626 2.890148 0.178226
v -0.061224 2.659759 -0.120784
v 0.002059 2.663798 -0.132061
v -0.120836 2.676555 -0.110305
v 0.064277 2.679182 -0.125691
v -0.214213 2.718199 -0.088852
v -0.104470 2.688402 -0.158062
v -0.064233 2.704420 -0.199674
v -0.135672 2.754979 -0.240681
v -0.082806 2.772665 -0.266596
v -0.008913 2.713161 -0.217286
v -0.208459 2.724849 -0.150290
v 0.047640 2.721734 -0.204049
v 0.093885 2.719101 -0.165818
v -0.112159 2.851739 -0.298449
v -0.177497 2.739164 -0.203627
v 0.097140 2.791010 -0.249784
v 0.144486 2.788996 -0.216217
v -0.022307 2.784513 -0.277403
v 0.039587 2.791607 -0.271382
v 0.116655 2.713310 -0.119591
v -0.269820 2.785000 -0.076222
v -0.036086 2.865111 -0.310791
v -0.184725 2.832844 -0.269618
v -0.270473 2.785948 -0.145349
v -0.236033 2.809062 -0.216297
v 0.118046 2.879703 -0.281457
v 0.182297 2.785326 -0.165569
v 0.194457 2.781448 -0.104831
v -0.052425 2.969506 -0.315461
v 0.041185 2.875472 -0.304444
v -0.208976 2.924467 -0.269636
v -0.273781 2.886322 -0.206946
v 0.178048 2.873148 -0.232487
v -0.273620 2.884012 0.056426
v -0.304096 2.852917 -0.061961
v -0.304915 2.855747 -0.127484
v -0.134649 2.955175 -0.303932
v 0.030917 2.980799 -0.310406
v 0.113435 2.974365 -0.282242
v 0.191314 2.958303 -0.225131
v 0.223164 2.862347 -0.164650
v -0.242227 2.805940 0.066750
v -0.146004 3.047695 -0.281128
v -0.066062 3.063265 -0.293111
v 0.015520 3.072694 -0.287444
v 0.236188 2.939492 -0.148641
v 0.228101 2.862062 -0.095691
v -0.231335 2.871811 0.114707
v -0.151921 3.107273 -0.255666
v 0.005102 3.131575 -0.261806
v -0.228635 2.828915 0.100509
v -0.074289 3.123402 -0.265486
v 0.241261 2.937320 -0.083285
v -0.154730 3.163651 -0.199292
v 0.211941 2.959161 0.037441
v -0.257497 3.119372 0.023259
v -0.250701 3.139991 -0.043725
v -0.284616 3.049613 0.061618
v -0.004947 3.186832 -0.205148
v -0.149886 3.200835 -0.131891
v 0.206461 2.875382 0.049206
v -0.242259 3.104522 0.084586
v -0.208710 3.159841 0.047352
v -0.081265 3.182142 -0.211398
v -0.015634 3.221613 -0.137140
v 0.036760 3.214364 -0.124861
v -0.196553 3.178255 -0.115738
v -0.204303 3.130921 0.097924
v -0.146547 3.193990 0.071041
v -0.206399 3.179543 -0.021526
v -0.083988 3.217484 -0.141143
v -0.014679 3.234746 -0.073412
v 0.179885 2.935455 0.098628
v 0.189184 2.893579 0.084172
v -0.140445 3.168295 0.117103
v -0.074406 3.212447 0.083980
v -0.151340 3.208684 0.001204
v -0.231281 3.157646 -0.078889
v -0.149899 3.213819 -0.068125
v -0.083391 3.233382 -0.062949
v -0.006473 3.231105 -0.004460
v 0.105258 3.195082 -0.057643
v 0.172802 3.120406 0.043732
v -0.069020 3.188495 0.126934
v -0.080000 3.230467 0.012234
v 0.078793 3.205635 -0.091013
v 0.052913 3.219676 -0.031665
v 0.123049 3.178268 0.008379
v 0.004203 3.190682 0.111447
v -0.001267 3.216475 0.065360
v 0.066309 3.202404 0.036599
v 0.117727 3.160237 0.070510
v 0.074706 3.174102 0.087015
v 0.298640 2.735654 -0.056947
v 0.312396 2.730584 -0.003765
v 0.274094 2.793849 -0.041727
v 0.303157 2.710190 0.051850
v 0.284938 2.792839 0.012775
v 0.250832 2.863207 -0.024559
v 0.269723 2.772301 0.070912
v 0.260869 2.861571 0.031766
v 0.251225 2.939973 -0.010174
v 0.243677 2.843865 0.088994
v 0.225332 3.035387 0.013198
v 0.254482 2.932748 0.046946
v 0.261793 2.767139 0.083856
v 0.230883 2.919836 0.110992
v 0.226617 2.738439 0.152858
v 0.199232 2.809542 0.162953
v 0.226402 3.020372 0.066519
v 0.175598 2.893301 0.172591
v 0.128566 3.145842 0.113357
v 0.173714 3.092935 0.094821
v 0.205630 2.989522 0.127698
v 0.158763 2.950530 0.180307
v 0.056388 3.173531 0.130392
v 0.126556 3.017534 0.183319
v 0.116356 3.135393 0.148370
v 0.017564 3.168164 0.171552
v 0.117033 3.063868 0.220844
v 0.176988 3.084702 0.149656
v 0.072023 3.122155 0.208201
v 0.056025 2.984256 0.255061
v 0.152176 3.003156 0.210931
v 0.216281 3.017552 0.131100
v -0.096448 3.158510 0.179873
v -0.045870 3.167223 0.181350
v -0.017100 3.117714 0.236040
v 0.096073 2.924070 0.238810
v 0.188362 2.937139 0.189573
v 0.012703 3.049016 0.266784
v -0.089335 3.104627 0.238985
v -0.162491 3.133375 0.173127
v 0.243929 2.950217 0.107498
v 0.037962 2.982888 0.273392
v -0.068609 3.047534 0.273868
v -0.230186 3.074668 0.140714
v -0.040342 2.970429 0.290200
v -0.015784 2.910574 0.287500
v -0.157263 3.084242 0.219262
v -0.273277 3.023756 0.112299
v -0.119190 2.959280 0.259889
v -0.094545 2.901644 0.263507
v 0.059678 2.919073 0.267019
v -0.205300 3.042827 0.195958
v -0.149585 3.037442 0.237501
v -0.241792 2.989170 0.170644
v -0.311184 2.952352 0.034176
v -0.175811 2.997984 0.223334
v -0.303603 2.938345 0.087243
v -0.269886 2.915928 0.146290
v -0.166246 2.987600 0.203360
v -0.274124 2.841678 0.130738
v -0.198211 2.949006 0.209749
v -0.308771 2.853304 0.011722
v -0.305331 2.846107 0.068835
v -0.209419 2.893410 0.198017
v -0.185453 2.944715 0.192321
v -0.275791 2.753343 -0.000565
v -0.261301 2.767056 0.111739
v -0.284768 2.758149 0.054825
v -0.208879 2.833797 0.187625
v -0.245065 2.676473 0.005426
v -0.255987 2.682780 0.058668
v -0.219411 2.616457 0.074644
v -0.204704 2.775074 0.184734
v -0.207851 2.612346 0.021450
v -0.233666 2.692764 0.117165
v -0.181782 2.717527 0.198178
v -0.203615 2.627876 0.131159
v -0.224700 2.697557 0.129772
v 0.027142 2.469003 0.134323
v 0.134196 2.429540 0.073219
v 0.024306 2.414536 0.100572
v 0.144520 2.476031 0.119928
v -0.083431 2.440872 0.073219
v 0.113455 2.473775 0.204728
v -0.088871 2.488184 0.119928
v 0.026610 2.458774 0.182520
v -0.058208 2.482713 0.204728
v 0.193019 2.454692 0.041863
v 0.220160 2.492236 0.199448
v 0.240058 2.476690 0.085627
v 0.296849 2.479367 0.022933
v 0.225310 2.465188 -0.032963
v 0.317593 2.509288 -0.062205
v 0.318994 2.512501 0.141285
v 0.401939 2.525473 0.032809
v 0.192829 2.466851 -0.085679
v 0.447916 2.561841 -0.089104
v 0.263486 2.533649 -0.149255
v 0.127682 2.471088 -0.110426
v 0.363497 2.600599 -0.222082
v 0.173643 2.557351 -0.242839
v 0.027861 2.482810 -0.122308
v 0.033142 2.584227 -0.277467
v -0.109390 2.572089 -0.242839
v -0.072637 2.481519 -0.110426
v 0.214201 2.615265 -0.339479
v -0.201209 2.557845 -0.149255
v -0.143714 2.633902 -0.339479
v -0.293726 2.634820 -0.222082
v 0.034813 2.616314 -0.387678
v -0.137872 2.484071 -0.085679
v -0.257553 2.539236 -0.062205
v -0.381713 2.605040 -0.089104
v -0.339762 2.564093 0.032809
v -0.170349 2.485790 -0.032963
v -0.240030 2.507322 0.022933
v -0.258613 2.542578 0.141285
v -0.183823 2.498761 0.085627
v -0.162419 2.512157 0.199448
v -0.139324 2.471997 0.041863
v 0.024607 2.420317 0.135305
v 0.149191 2.434340 0.166199
v 0.142849 2.414300 0.116942
v 0.024306 2.414536 0.106678
v -0.093620 2.426612 0.116942
v -0.097846 2.447203 0.166199
v 0.277255 2.447149 0.105228
v -0.088716 2.432492 0.078108
v 0.138583 2.420657 0.078108
v 0.247802 2.421542 0.056405
v 0.342216 2.458490 0.034766
v 0.235808 2.425714 0.029863
v 0.378799 2.486308 -0.074677
v 0.290056 2.447912 -0.061083
v 0.265205 2.436781 -0.060815
v 0.310722 2.521481 -0.195228
v 0.259909 2.458910 -0.141880
v 0.226093 2.449406 -0.115267
v 0.140655 2.460463 -0.184915
v 0.197419 2.546983 -0.313792
v 0.159940 2.465568 -0.229764
v 0.027345 2.472887 -0.201684
v 0.027016 2.466578 -0.266255
v 0.031676 2.556071 -0.359014
v -0.134114 2.564246 -0.313792
v -0.105294 2.479379 -0.229764
v -0.086643 2.472298 -0.184915
v -0.205413 2.483139 -0.141880
v -0.172767 2.470175 -0.115267
v -0.249453 2.550649 -0.195228
v -0.236540 2.475332 -0.061083
v -0.212979 2.461680 -0.060815
v -0.320815 2.522737 -0.074677
v -0.184890 2.447620 0.029863
v -0.287319 2.491270 0.034766
v -0.197253 2.444716 0.056405
v -0.223887 2.473243 0.105228
v 0.168399 2.251081 0.204316
v 0.127026 2.308266 0.198694
v 0.122934 2.254100 0.224424
v 0.161947 2.304535 0.185711
v 0.117967 2.204849 0.226882
v 0.174041 2.201992 0.202326
v 0.123609 2.346484 0.158922
v 0.150288 2.342042 0.148337
v 0.182002 2.155722 0.200577
v 0.108565 2.115381 0.228638
v 0.121802 2.419061 0.071391
v 0.142536 2.409478 0.076370
v -0.100788 2.369745 0.121654
v 0.021997 2.370187 0.140234
v -0.141798 2.412721 0.090541
v 0.098886 2.379755 0.121527
v -0.179182 2.333883 0.093065
v -0.223025 2.352436 0.073273
v -0.269969 2.379714 -0.002553
v -0.305128 2.275315 0.045080
v -0.357178 2.292292 -0.036517
v -0.238932 2.425958 -0.179274
v -0.289532 2.412559 -0.100769
v -0.476380 2.161841 -0.102488
v -0.153414 2.416135 -0.246476
v -0.316964 2.361401 -0.230649
v -0.370010 2.332968 -0.141745
v -0.072833 2.422780 -0.286158
v -0.491939 2.194774 -0.224021
v -0.260552 2.352774 -0.244844
v -0.611570 1.970853 -0.222803
v -0.422249 2.210849 -0.317862
v -0.225418 2.352607 -0.312043
v 0.025136 2.430463 -0.296744
v -0.580717 1.980029 -0.288730
v -0.346717 2.204855 -0.335550
v -0.156725 2.381093 -0.371787
v 0.121777 2.412647 -0.286158
v -0.621067 1.819274 -0.247574
v -0.422871 2.045058 -0.465344
v -0.510845 2.007514 -0.365980
v -0.062923 2.391504 -0.400241
v -0.302701 2.241030 -0.432925
v 0.201232 2.397668 -0.246476
v -0.543102 1.822155 -0.352277
v -0.089680 2.291818 -0.543062
v -0.215010 2.284021 -0.511301
v 0.108672 2.382569 -0.400241
v -0.379278 2.117247 -0.590204
v -0.444822 1.957983 -0.590079
v -0.562225 1.732393 -0.241411
v -0.479897 1.876793 -0.487294
v 0.017760 2.288816 -0.546965
v -0.114794 2.237820 -0.708352
v 0.023056 2.390520 -0.406410
v 0.200885 2.362472 -0.371787
v 0.287308 2.398557 -0.179274
v -0.513416 1.708774 -0.305668
v -0.254550 2.199354 -0.675607
v -0.394167 2.071510 -0.735771
v -0.450101 1.903798 -0.718443
v 0.015336 2.242255 -0.714381
v 0.124931 2.280643 -0.543062
v 0.301210 2.323523 -0.244844
v -0.489188 1.822530 -0.593290
v -0.129604 2.253304 -0.884131
v -0.273666 2.185873 -0.836307
v 0.248773 2.259872 -0.511301
v 0.336243 2.379975 -0.100769
v 0.266248 2.327006 -0.312043
v -0.370134 2.022789 -0.861549
v 0.016419 2.263068 -0.892771
v 0.144301 2.224328 -0.708352
v 0.313374 2.349339 -0.002553
v 0.358213 2.326244 -0.230649
v 0.372746 2.165106 -0.334410
v 0.331526 2.208006 -0.432925
v -0.271116 2.154320 -0.981565
v 0.016213 2.259104 -1.060834
v 0.292320 2.162220 -0.674759
v 0.160639 2.238190 -0.884131
v 0.189323 2.395480 0.090541
v 0.263851 2.327085 0.073273
v 0.391032 2.253333 -0.036517
v 0.408019 2.292456 -0.141745
v 0.498506 1.998494 -0.463028
v -0.147170 2.240156 -1.047161
v 0.321211 2.148589 -0.837207
v 0.218317 2.313185 0.093065
v 0.518065 2.146766 -0.222160
v 0.449346 2.166106 -0.315708
v 0.337500 2.241854 0.045080
v 0.501311 2.113095 -0.100861
v 0.440634 2.069975 -0.588146
v 0.176744 2.223290 -1.047161
v 0.319129 2.118708 -0.983562
v 0.158808 2.350437 0.118350
v 0.619135 1.995457 -0.363244
v 0.737429 2.008336 -0.222898
v 0.479314 2.030274 -0.739488
v 0.464672 1.980798 -0.868530
v 0.703171 2.005991 -0.287650
v 0.631959 1.854715 -0.497603
v 0.567890 1.925363 -0.596770
v 0.585181 1.872660 -0.730317
v 0.821348 1.885394 -0.262153
v 0.757479 1.855060 -0.367457
v 0.652036 1.802218 -0.608628
v 0.832393 1.786810 -0.265896
v 0.773257 1.721412 -0.331059
v 0.367114 1.890207 -1.181377
v 0.363984 1.948981 -1.115661
v 0.500175 1.781711 -0.994963
v 0.285228 2.050838 -1.119525
v 0.535522 1.824523 -0.908184
v 0.618137 1.699736 -0.802405
v 0.179070 2.122666 -1.182533
v 0.637181 1.738726 -0.732688
v 0.014329 2.222927 -1.171992
v 0.740024 1.676399 -0.507409
v 0.112967 2.111259 -1.257137
v 0.760980 1.697102 -0.367622
v -0.152462 2.145810 -1.164526
v -0.238656 2.095750 -1.105176
v 0.010624 2.151778 -1.247093
v 0.008137 2.104009 -1.344884
v -0.321985 2.025225 -1.125817
v -0.097166 2.131983 -1.235899
v 0.085303 2.081010 -1.354248
v -0.115627 2.083573 -1.327482
v 0.088046 2.034682 -1.455977
v 0.006905 2.080342 -1.451348
v -0.430601 1.875447 -1.063457
v -0.445625 1.908322 -0.935951
v -0.099847 2.062079 -1.423310
v 0.108340 2.007432 -1.462277
v -0.331213 1.967426 -1.199830
v -0.394388 1.888040 -1.242782
v -0.183494 2.015012 -1.389797
v -0.207021 2.021300 -1.334189
v 0.003577 2.016428 -1.523269
v -0.083154 2.009434 -1.495590
v 0.150654 1.937732 -1.523875
v 0.077951 1.970513 -1.530577
v -0.278208 1.938435 -1.291435
v -0.487351 1.729996 -0.952940
v -0.495364 1.749563 -0.861070
v -0.496463 1.774299 -0.724283
v -0.092455 1.975175 -1.536682
v 0.035934 1.941216 -1.594475
v 0.000576 1.958808 -1.581573
v -0.540024 1.623562 -0.594317
v -0.504504 1.684586 -0.331778
v 0.070591 1.909092 -1.650252
v -0.000954 1.929409 -1.678432
v -0.086641 1.910263 -1.662757
v -0.202863 1.895586 -1.556254
v -0.534034 1.642134 -0.410119
v 0.055409 1.892491 -1.745796
v -0.032547 1.901739 -1.736569
v 0.136648 1.834623 -1.709822
v -0.001710 1.914898 -1.733752
v -0.043705 1.895701 -1.781069
v 0.028579 1.871438 -1.834204
v -0.003021 1.889728 -1.829449
v 0.066508 1.869937 -1.918233
v -0.003575 1.879085 -1.913506
v -0.087047 1.861602 -1.824934
v 0.039757 1.872381 -1.983454
v -0.025804 1.869889 -1.857980
v -0.036735 1.888760 -2.068331
vn 0.1800 -0.9186 0.3518
vn 0.0409 -0.9484 0.3145
vn 0.2721 -0.9309 0.2436
vn -0.0427 -0.9865 -0.1582
vn -0.0386 -0.9940 0.1024
vn 0.3340 -0.8179 -0.4684
vn -0.4734 -0.8662 0.1603
vn -0.0826 -0.8557 -0.5109
vn -0.4216 -0.8895 -0.1761
vn -0.0489 -0.9385 0.3417
vn -0.0498 -0.9570 0.2857
vn 0.4416 -0.8823 0.1628
vn 0.4298 -0.8955 -0.1155
vn -0.4737 -0.7922 -0.3848
vn -0.1391 -0.9390 0.3145
vn 0.0197 -0.8544 -0.5192
vn -0.0830 -0.9750 -0.2060
vn 0.5200 -0.7670 -0.3760
vn 0.2732 -0.8546 -0.4416
vn -0.0396 -0.7597 -0.6491
vn -0.0600 -0.9856 -0.1582
vn -0.2745 -0.8949 0.3518
vn -0.3673 -0.8976 0.2436
vn -0.3126 -0.9144 -0.2570
vn -0.1590 -0.8436 -0.5129
vn -0.2967 -0.9461 0.1300
vn 0.2219 -0.9567 -0.1884
vn 0.2039 -0.8156 -0.5415
vn 0.6430 -0.7638 -0.0572
vn 0.3888 -0.8371 -0.3848
vn -0.0648 -0.9926 0.1024
vn -0.4172 -0.7788 -0.4684
vn 0.3809 -0.9106 0.1603
vn -0.0067 -0.8596 -0.5109
vn 0.3269 -0.9285 -0.1761
vn -0.1959 -0.9761 -0.0945
vn -0.3959 -0.8966 -0.1982
vn 0.2960 -0.9114 0.2859
vn 0.6365 -0.7713 -0.0066
vn -0.5309 -0.8317 0.1628
vn -0.5205 -0.8460 -0.1155
vn 0.1483 -0.9809 0.1257
vn -0.2314 -0.9639 0.1313
vn 0.5212 -0.8491 0.0857
vn -0.1083 -0.8478 -0.5192
vn -0.0187 -0.9784 -0.2060
vn -0.5968 -0.7088 -0.3760
vn -0.3605 -0.8216 -0.4416
vn 0.3092 -0.9323 0.1877
vn 0.2159 -0.9420 -0.2570
vn 0.0705 -0.8556 -0.5129
vn 0.1969 -0.9718 0.1300
vn -0.3200 -0.9285 -0.1884
vn -0.2875 -0.7900 -0.5415
vn -0.7188 -0.6929 -0.0572
vn 0.0935 -0.9911 -0.0945
vn 0.3007 -0.9329 -0.1982
vn -0.3890 -0.8757 0.2859
vn -0.7131 -0.7010 -0.0066
vn -0.2494 -0.9602 0.1257
vn 0.1301 -0.9828 0.1313
vn -0.6066 -0.7904 0.0857
vn -0.4044 -0.8951 0.1877
vn 0.6714 0.4968 0.5499
vn 0.6073 0.3495 0.7135
vn -0.2008 0.8186 0.5381
vn -0.2497 0.8753 0.4140
vn -0.5815 0.3417 0.7383
vn -0.5179 0.7699 0.3728
vn -0.3957 0.9099 0.1249
vn 0.3757 0.1854 0.9080
vn -0.3141 -0.0143 0.9493
vn -0.8312 0.1700 0.5294
vn -0.9412 0.3379 -0.0042
vn -0.4384 0.8840 -0.1620
vn -0.2472 0.9446 -0.2161
vn 0.0085 0.0314 0.9995
vn -0.6530 -0.0637 0.7547
vn -0.5428 -0.0473 0.8385
vn -0.9798 0.1998 0.0055
vn -0.9954 0.0922 -0.0239
vn -0.6253 0.5887 -0.5124
vn -0.2106 0.9165 -0.3401
vn -0.0602 0.9585 -0.2786
vn -0.9041 -0.1570 0.3975
vn -0.8795 0.1447 -0.4534
vn -0.9494 0.2756 -0.1505
vn -0.5279 0.3042 -0.7930
vn -0.1677 0.6527 -0.7388
vn 0.0491 0.9420 -0.3320
vn 0.0508 0.9754 -0.2144
vn -0.7622 0.3081 -0.5694
vn -0.4687 0.5164 -0.7166
vn 0.0617 0.4208 -0.9051
vn 0.1594 0.9471 -0.2786
vn -0.3640 0.2549 -0.8958
vn 0.0190 0.3639 -0.9313
vn 0.2345 0.6318 -0.7388
vn 0.3047 0.8897 -0.3401
vn 0.3440 0.9138 -0.2161
vn 0.5198 0.4650 -0.7166
vn 0.6830 0.5206 -0.5124
vn 0.5279 0.8337 -0.1620
vn 0.4880 0.8639 0.1249
vn 0.9729 0.1755 -0.1505
vn -0.0176 0.4249 -0.9051
vn 0.7900 0.2272 -0.5694
vn 0.3885 0.2157 -0.8958
vn 0.9712 0.2383 -0.0042
vn 0.5951 0.7120 0.3728
vn 0.3393 0.8447 0.4140
vn 0.5566 0.2478 -0.7930
vn 0.9996 -0.0116 -0.0239
vn 0.9953 0.0970 0.0055
vn 0.6139 0.2795 0.7383
vn 0.2848 0.7933 0.5381
vn -0.6162 0.5639 0.5499
vn 0.8897 0.0526 -0.4534
vn 0.8829 -0.2500 0.3975
vn 0.8443 0.0828 0.5294
vn 0.3109 -0.0468 0.9493
vn -0.5677 0.4107 0.7135
vn 0.6429 -0.1312 0.7547
vn 0.5350 -0.1035 0.8385
vn -0.3544 0.2234 0.9080
vn -0.0052 0.0321 0.9995
vn -0.8861 0.1195 0.4478
vn -0.9241 -0.1826 0.3357
vn -0.9701 -0.0684 -0.2328
vn -0.4308 -0.1393 0.8917
vn -0.9461 0.2600 -0.1931
vn -0.4466 -0.0020 0.8947
vn -0.9615 0.2556 0.1008
vn -0.4666 0.0963 0.8792
vn -0.7468 0.1336 0.6515
vn -0.9121 0.2258 -0.3422
vn -0.7520 0.2608 -0.6054
vn 0.3385 0.0100 0.9409
vn 0.3815 -0.2639 0.8859
vn -0.7079 0.2158 0.6726
vn -0.8911 0.1319 -0.4342
vn -0.9325 0.1395 0.3331
vn -0.9631 -0.0753 -0.2583
vn 0.0757 0.0723 0.9945
vn -0.4830 0.1934 0.8540
vn -0.1022 0.2367 0.9662
vn -0.7855 0.4586 -0.4155
vn -0.3115 0.6206 -0.7196
vn 0.7816 -0.1668 0.6011
vn -0.8617 0.1687 -0.4785
vn 0.6330 0.0998 0.7677
vn 0.4427 0.1377 0.8860
vn -0.3527 0.8144 -0.4609
vn 0.2006 0.9181 -0.3417
vn 0.2934 0.7654 -0.5727
vn 0.8018 -0.0078 0.5976
vn 0.8333 -0.0263 0.5522
vn 0.9242 0.1363 0.3569
vn -0.8717 0.1364 -0.4707
vn 0.8529 -0.1185 0.5084
vn 0.3133 0.7999 -0.5119
vn -0.2471 0.7044 -0.6654
vn 0.6911 0.7227 -0.0033
vn 0.8417 0.5366 -0.0594
vn 0.8765 0.2795 0.3920
vn 0.8908 -0.0856 0.4463
vn 0.8903 -0.1165 0.4403
vn -0.7325 0.3566 -0.5799
vn 0.9016 0.0001 0.4326
vn 0.7859 0.6016 -0.1429
vn 0.9524 0.1706 0.2526
vn -0.4400 -0.0601 0.8960
vn 0.5913 -0.7942 0.1401
vn 0.3344 0.1075 0.9363
vn -0.0970 -0.9892 0.1100
vn -0.2676 0.9152 0.3013
vn -0.5056 -0.7582 -0.4116
vn -0.0242 0.9921 0.1228
vn -0.9416 0.1295 0.3107
vn -0.0292 0.9066 0.4210
vn 0.6111 0.5406 0.5782
vn 0.4317 -0.2256 -0.8733
vn 0.8574 -0.4610 -0.2289
vn 0.2265 -0.4365 -0.8707
vn -0.7808 0.6048 -0.1568
vn 0.5297 -0.4433 -0.7231
vn -0.3393 -0.3787 -0.8611
vn 0.7940 -0.1839 -0.5794
vn 0.2821 -0.7240 -0.6295
vn -0.3684 0.8523 -0.3714
vn 0.0595 -0.1945 -0.9791
vn -0.2619 0.7681 0.5843
vn -0.2622 0.7675 0.5849
vn 0.4057 -0.1027 -0.9082
vn 0.5699 0.8151 0.1044
vn 0.1185 0.9567 -0.2657
vn 0.2821 -0.7239 -0.6295
vn -0.2634 0.7653 0.5873
vn -0.5656 -0.0773 0.8210
vn -0.7977 0.0285 0.6024
vn -0.1586 -0.0896 0.9833
vn -0.8156 -0.5039 0.2845
vn -0.0424 -0.7013 0.7116
vn -0.4939 -0.6709 0.5532
vn -0.9546 -0.2980 0.0035
vn 0.5576 -0.3965 0.7293
vn 0.6532 0.6294 0.4209
vn 0.9813 -0.0367 0.1891
vn 0.7040 0.3442 0.6212
vn 0.9728 0.2318 -0.0016
vn 0.0548 0.7427 0.6674
vn 0.8764 0.4523 0.1657
vn 0.0772 0.8019 0.5924
vn 0.4575 0.7431 0.4884
vn 0.1099 0.8280 0.5499
vn 0.9940 0.0879 -0.0648
vn 0.9406 -0.0691 -0.3324
vn -0.6527 0.6573 0.3767
vn -0.6991 0.4200 0.5787
vn 0.4237 0.8008 0.4233
vn 0.9978 -0.0433 -0.0494
vn 0.7485 0.5490 0.3719
vn 0.9730 -0.0221 0.2299
vn -0.4346 0.7767 0.4558
vn 0.1462 0.8726 0.4660
vn -0.2407 0.8973 0.3701
vn 0.9360 0.1360 -0.3248
vn 0.9919 -0.0606 -0.1114
vn 0.9943 -0.0723 -0.0788
vn -0.9712 0.1408 0.1920
vn -0.8581 0.4961 0.1323
vn -0.7231 0.6519 0.2281
vn 0.6129 0.0174 -0.7900
vn 0.9339 -0.0504 -0.3539
vn -0.9616 0.2658 0.0685
vn -0.9762 0.2103 0.0537
vn -0.9644 0.1575 -0.2126
vn -0.9890 0.1161 0.0914
vn 0.5994 0.2064 -0.7734
vn 0.0525 0.2301 -0.9717
vn 0.0330 0.0980 -0.9946
vn 0.5619 -0.0106 -0.8272
vn -0.9247 0.2518 -0.2857
vn -0.6687 0.1676 -0.7244
vn -0.9910 0.1211 -0.0574
vn -0.9965 0.0810 0.0200
vn -0.5551 0.2545 -0.7919
vn 0.0008 0.0365 -0.9993
vn -0.5960 0.0848 -0.7985
vn -0.9975 0.0574 0.0410
vn -0.9495 0.0791 -0.3036
vn 0.0595 0.5262 0.8483
vn -0.6810 -0.6333 0.3675
vn -0.0670 -0.6926 0.7182
vn -0.6501 0.5721 0.5001
vn 0.5336 -0.7661 0.3583
vn 0.2276 0.9473 -0.2257
vn 0.7674 0.4150 0.4887
vn 0.0827 0.8752 -0.4767
vn -0.0337 0.9749 -0.2202
vn -0.0917 -0.7727 -0.6282
vn -0.7204 0.6826 -0.1224
vn 0.0688 -0.9210 -0.3835
vn -0.7559 -0.6331 -0.1669
vn 0.8398 0.5108 -0.1835
vn -0.2702 -0.8825 -0.3849
vn 0.6066 -0.7608 -0.2307
vn -0.5376 -0.6103 -0.5818
vn -0.1034 -0.9932 -0.0526
vn 0.5690 0.5300 -0.6288
vn 0.3196 -0.7418 -0.5895
vn 0.1034 0.9932 0.0526
vn -0.0337 -0.6791 -0.7333
vn -0.4780 0.6371 -0.6047
vn 0.0934 0.6046 -0.7910
vn 0.2018 0.6995 0.6855
vn 0.5100 0.6528 0.5601
vn 0.5818 0.0889 0.8084
vn 0.1652 0.1152 0.9795
vn -0.3129 0.1132 0.9430
vn -0.2346 0.7216 0.6513
vn 0.8399 0.0358 0.5416
vn -0.8342 0.1781 0.5219
vn -0.8561 0.4456 0.2617
vn -0.7218 0.5081 -0.4699
vn -0.8329 0.4152 -0.3659
vn -0.8342 0.5405 -0.1092
vn -0.9875 0.1368 0.0785
vn -0.2608 0.6947 0.6704
vn -0.4429 0.1788 0.8786
vn 0.3515 0.4223 0.8356
vn -0.8636 -0.0161 0.5039
vn 0.7303 0.4395 0.5230
vn -0.4192 -0.1837 0.8891
vn 0.8193 0.5401 0.1922
vn 0.5296 0.1087 0.8412
vn 0.8124 0.4519 0.3684
vn 0.1126 -0.0512 0.9923
vn 0.7268 0.6672 0.1633
vn 0.9469 0.2479 -0.2047
vn 0.8929 0.2494 -0.3748
vn 0.8991 0.2862 0.3312
vn 0.8195 0.5526 -0.1522
vn 0.0885 0.7543 0.6505
vn 0.0798 0.9968 -0.0079
vn -0.5747 0.8075 0.1327
vn 0.6109 0.3769 0.6962
vn 0.0327 0.3950 0.9181
vn -0.4922 0.4829 0.7243
vn -0.8025 0.4815 0.3525
vn -0.7395 0.6365 -0.2192
vn -0.8415 0.4595 -0.2840
vn -0.7642 0.4329 -0.4781
vn 0.8006 0.5483 -0.2417
vn 0.3361 0.7115 -0.6170
vn 0.9800 0.0626 0.1889
vn -0.2046 0.5957 -0.7767
vn -0.6953 0.2136 -0.6862
vn 0.9055 -0.1762 0.3859
vn -0.8272 0.0499 -0.5597
vn 0.9123 -0.1146 0.3932
vn 0.9439 -0.0958 0.3160
vn -0.8008 0.0691 -0.5949
vn 0.9158 -0.2532 0.3119
vn -0.7991 -0.0024 -0.6012
vn 0.7237 -0.5557 0.4092
vn -0.8494 -0.2452 -0.4674
vn 0.1173 -0.8648 0.4882
vn -0.8421 -0.4707 -0.2634
vn -0.7209 -0.6924 0.0313
vn -0.4078 -0.8440 0.3483
vn 0.9935 0.0088 0.1134
vn 0.8738 0.3001 -0.3827
vn 0.8378 -0.3140 0.4467
vn 0.3807 0.4276 -0.8199
vn 0.6471 -0.4814 0.5912
vn -0.1896 0.2953 -0.9364
vn -0.6590 0.0322 -0.7514
vn -0.8877 -0.3409 -0.3094
vn -0.8586 -0.5110 -0.0405
vn 0.3378 -0.5843 -0.7379
vn -0.5788 -0.0258 -0.8151
vn 0.0087 -0.1024 -0.9947
vn -0.9639 -0.0419 -0.2629
vn 0.5516 -0.1712 -0.8163
vn -0.9983 -0.0238 0.0532
vn -0.9998 0.0182 0.0070
vn 0.9225 -0.2272 -0.3121
vn -0.9976 -0.0356 -0.0595
vn 0.9764 -0.2028 -0.0740
vn 0.9677 -0.2236 -0.1164
vn -0.9891 -0.1293 0.0698
vn 0.9599 -0.2728 -0.0647
vn -0.8856 -0.1990 0.4196
vn 0.9266 -0.3104 0.2125
vn -0.3954 -0.1924 0.8982
vn 0.1422 -0.1655 0.9759
vn 0.8161 -0.2974 0.4956
vn 0.5673 -0.2397 0.7879
vn -0.9581 -0.0651 -0.2790
vn -0.6352 -0.0816 -0.7681
vn -0.9715 -0.1212 0.2039
vn 0.0033 -0.1504 -0.9886
vn -0.8673 -0.1498 0.4746
vn 0.5652 -0.2499 -0.7862
vn 0.8954 -0.3059 -0.3236
vn 0.8982 -0.3315 0.2888
vn 0.7471 -0.3197 0.5827
vn -0.8122 -0.5726 -0.1115
vn -0.6047 -0.5072 -0.6141
vn -0.5428 -0.6949 0.4717
vn -0.0373 -0.8129 0.5811
vn -0.1441 -0.3964 -0.9067
vn 0.5139 -0.8381 0.1832
vn 0.4727 -0.6233 -0.6229
vn 0.7793 -0.5575 -0.2861
vn 0.7928 -0.5997 0.1089
vn 0.5247 -0.4848 0.6998
vn 0.5821 -0.7184 -0.3808
vn -0.0100 -0.5139 0.8578
vn 0.1402 -0.7188 -0.6809
vn -0.5074 -0.7299 0.4581
vn -0.4926 -0.7811 -0.3837
vn -0.7535 -0.6568 0.0300
vn -0.8047 -0.5914 -0.0520
vn -0.4215 -0.5487 -0.7220
vn -0.0111 -0.9992 -0.0376
vn -0.2364 -0.8588 -0.4545
vn 0.7882 -0.6143 -0.0364
vn 0.2705 -0.1728 -0.9471
vn 0.3008 -0.2893 -0.9088
vn 0.0200 -0.3935 -0.9191
vn 0.7317 0.0763 -0.6774
vn 0.7408 -0.1057 -0.6634
vn 0.0262 -0.3481 -0.9371
vn 0.9672 0.2530 0.0240
vn 0.9891 0.1428 0.0357
vn 0.9986 0.0309 0.0439
vn -0.2513 0.1934 -0.9484
vn -0.0036 -0.0978 -0.9952
vn 0.6899 0.2742 -0.6700
vn 0.3603 -0.0345 -0.9322
vn 0.6026 0.1321 0.7870
vn 0.6017 0.1894 0.7759
vn -0.0317 -0.1070 -0.9938
vn 0.6194 0.2112 0.7562
vn 0.2867 0.2288 -0.9303
vn 0.0969 -0.1099 -0.9892
vn 0.9408 0.3389 0.0052
vn -0.9970 0.0424 0.0647
vn -0.7460 0.1610 -0.6462
vn -0.7281 0.2633 -0.6329
vn -0.3549 0.1736 -0.9186
vn -0.1317 -0.0032 -0.9913
vn 0.0947 0.1373 0.9860
vn -0.0010 0.1906 -0.9817
vn 0.3033 0.3067 -0.9022
vn 0.6790 0.3575 -0.6412
vn -0.6173 -0.0722 0.7834
vn -0.9837 0.1562 0.0893
vn -0.2817 0.2874 -0.9155
vn 0.0044 0.2390 0.9710
vn 0.1911 -0.0165 0.9814
vn 0.6320 0.1367 0.7628
vn -0.0002 0.2884 -0.9575
vn 0.6348 0.7718 0.0378
vn -0.5823 -0.0021 0.8130
vn -0.9463 0.3144 0.0749
vn -0.6809 0.3674 -0.6335
vn -0.3164 -0.4907 0.8119
vn -0.1357 0.0561 0.9892
vn 0.2399 -0.0181 0.9706
vn 0.1980 0.7853 -0.5866
vn 0.4728 0.7863 -0.3977
vn -0.2964 0.3318 -0.8956
vn -0.0608 -0.1668 0.9841
vn -0.5839 0.1038 0.8052
vn -0.9081 0.4174 0.0346
vn -0.6599 0.4176 -0.6247
vn 0.0022 -0.2260 0.9741
vn -0.0459 -0.3867 0.9211
vn 0.4544 0.6640 0.5937
vn -0.0167 0.8018 -0.5973
vn 0.4558 -0.6632 0.5936
vn -0.1318 -0.1185 0.9842
vn -0.6232 0.1885 0.7590
vn -0.6271 0.7784 0.0294
vn -0.4647 0.7985 -0.3826
vn -0.2139 0.7867 -0.5791
vn 0.0080 -0.1237 0.9923
vn 0.1471 0.6708 0.7269
vn 0.0095 -0.3391 0.9407
vn -0.1902 -0.0491 0.9805
vn -0.4489 0.6754 0.5852
vn -0.1625 0.6690 0.7253
vn 0.2101 -0.8476 0.4873
vn -0.2356 0.0133 0.9718
vn 0.0014 -0.0264 0.9996
vn -0.0092 0.6628 0.7487
vn -0.2393 -0.4955 0.8350
vn -0.3011 0.1364 0.9438
vn -0.6139 -0.3557 0.7047
vn -0.6741 0.2036 0.7101
vn -0.4401 0.7226 0.5331
vn -0.9411 0.3376 0.0217
vn -0.9933 -0.1141 0.0170
vn -0.2433 0.6625 0.7084
vn -0.6891 0.3367 -0.6418
vn -0.7221 -0.1509 -0.6751
vn -0.6240 0.7813 -0.0148
vn -0.3135 0.2946 -0.9028
vn -0.3092 -0.2283 -0.9232
vn -0.4707 0.7766 -0.4187
vn -0.0033 -0.3446 -0.9388
vn -0.2038 0.7540 -0.6244
vn -0.0003 0.2011 -0.9796
vn 0.3168 0.2661 -0.9104
vn -0.0024 0.7129 -0.7013
vn 0.3012 -0.2294 -0.9256
vn 0.2200 0.7169 -0.6616
vn 0.7064 -0.1726 -0.6864
vn 0.5259 0.7073 -0.4725
vn 0.6980 0.2824 -0.6581
vn 0.9927 -0.1207 0.0085
vn 0.9566 0.2913 -0.0084
vn 0.7073 0.7069 -0.0051
vn 0.6182 -0.3598 0.6988
vn 0.4962 0.6491 0.5766
vn 0.6837 0.1531 0.7135
vn 0.2515 0.6170 0.7457
vn 0.2995 0.0961 0.9493
vn 0.2361 -0.4970 0.8350
vn 0.7748 -0.4908 -0.3985
vn 0.5959 -0.8021 -0.0404
vn -0.0027 -0.8292 -0.5589
vn -0.0032 -0.9999 0.0162
vn 0.6587 -0.3736 0.6531
vn -0.6020 -0.7975 -0.0401
vn -0.7780 -0.4858 -0.3985
vn -0.0015 -0.4641 0.8858
vn -0.6629 -0.3682 0.6520
vn 0.6612 0.3622 0.6570
vn -0.6611 0.3799 0.6470
vn 0.0015 0.4640 0.8858
vn 0.5983 0.8003 -0.0383
vn -0.0005 0.9999 0.0162
vn 0.7792 0.4749 -0.4091
vn -0.0020 0.8291 -0.5590
vn -0.5984 0.8001 -0.0422
vn -0.7742 0.5018 -0.3856
vn -0.5569 -0.4639 0.6889
vn 0.1313 -0.1411 0.9812
vn -0.9165 0.0700 0.3938
vn -0.1717 0.9424 0.2871
vn -0.6784 0.0125 -0.7346
vn -0.3097 -0.9459 0.0968
vn 0.4818 0.8699 -0.1057
vn 0.8892 0.0270 -0.4566
vn 0.0375 0.0557 -0.9977
vn 0.2579 -0.9541 -0.1525
vn 0.9081 -0.4108 -0.0805
vn 0.6853 -0.1700 0.7081
vn -0.9928 -0.1156 -0.0313
vn -0.9964 -0.0838 0.0093
vn -0.7277 0.1207 -0.6752
vn -0.6895 -0.2661 0.6736
vn -0.7085 0.1131 -0.6966
vn -0.6766 -0.3121 0.6669
vn -0.6365 0.1249 -0.7611
vn -0.6049 -0.3639 0.7083
vn -0.6732 0.6941 0.2551
vn -0.7574 0.1400 -0.6378
vn -0.6707 -0.2400 0.7018
vn -0.9966 -0.0746 0.0356
vn -0.0855 0.1720 -0.9814
vn -0.1273 0.1934 -0.9728
vn -0.0329 -0.3740 0.9269
vn -0.0335 -0.3532 0.9349
vn -0.6011 0.1997 -0.7739
vn -0.5812 -0.3422 0.7383
vn -0.1573 0.2258 -0.9614
vn -0.0302 -0.3229 0.9460
vn 0.5163 0.1348 -0.8457
vn 0.6105 0.1260 -0.7819
vn 0.6031 0.1141 -0.7895
vn 0.5225 -0.3744 0.7660
vn 0.6999 -0.2844 0.6551
vn 0.6677 -0.3099 0.6768
vn 0.6326 0.1366 -0.7624
vn 0.7251 -0.2502 0.6415
vn 0.9921 -0.0746 -0.1010
vn 0.9928 -0.0915 -0.0771
vn 0.9964 -0.0338 -0.0774
vn 0.9953 -0.0527 -0.0817
vn 0.5113 -0.3422 0.7883
vn 0.2666 -0.5046 0.8212
vn 0.9491 -0.0089 0.3147
vn -0.6896 -0.4608 0.5587
vn 0.9960 -0.0889 0.0018
vn -0.6010 -0.3527 0.7172
vn 0.2178 -0.5862 0.7804
vn -0.7558 -0.5418 0.3677
vn -0.9905 -0.0725 -0.1169
vn 0.8699 0.0748 0.4875
vn -0.9768 -0.0133 -0.2136
vn -0.3786 0.5501 -0.7444
vn -0.5749 0.1502 -0.8043
vn 0.2636 -0.5611 0.7847
vn -0.7359 -0.5733 0.3602
vn -0.3294 0.5942 -0.7338
vn -0.9366 -0.0120 -0.3501
vn 0.7359 0.6174 -0.2779
vn 0.5379 0.2167 -0.8147
vn 0.9054 -0.0496 0.4217
vn -0.8768 -0.1441 -0.4587
vn 0.7149 0.6292 -0.3049
vn -0.2702 0.4241 -0.8643
vn 0.7928 0.4370 -0.4248
vn 0.9256 -0.1603 0.3429
vn -0.7523 -0.5763 0.3194
vn 0.1663 -0.5877 0.7918
vn -0.1720 0.3541 -0.9193
vn 0.8274 0.3515 -0.4379
vn 0.9062 -0.1619 0.3905
vn -0.8392 -0.1351 -0.5268
vn -0.8017 -0.4927 0.3383
vn -0.8624 -0.0038 -0.5063
vn 0.9087 -0.0495 0.4146
vn -0.8200 -0.4532 0.3495
vn -0.1190 0.4440 -0.8881
vn -0.8770 0.0601 -0.4768
vn 0.8318 0.4042 -0.3805
vn 0.1962 -0.5140 0.8351
vn -0.1606 0.5270 -0.8346
vn -0.8771 -0.2456 0.4128
vn -0.2367 0.5571 -0.7960
vn -0.9441 0.0363 -0.3276
vn 0.8982 -0.0040 0.4396
vn 0.1992 -0.4746 0.8574
vn 0.8160 0.4734 -0.3317
vn 0.8233 0.5142 -0.2404
vn -0.6801 -0.1539 0.7168
vn 0.2259 -0.2711 0.9356
vn 0.8328 -0.0072 0.5535
vn -0.2574 -0.1662 0.9519
vn 0.9877 -0.1520 0.0362
vn 0.7084 -0.2337 -0.6660
vn 0.7260 -0.2235 -0.6504
vn 0.6345 -0.2332 -0.7369
vn 0.9935 -0.1025 0.0497
vn 0.6891 0.7218 -0.0640
vn 0.6867 0.0468 0.7254
vn 0.5778 -0.0388 0.8153
vn 0.6715 -0.0104 0.7409
vn 0.1341 -0.2802 -0.9505
vn 0.0843 -0.2911 -0.9530
vn 0.6815 0.0780 0.7277
vn 0.7434 -0.1893 -0.6414
vn 0.9953 -0.0899 0.0373
vn 0.5574 -0.0102 0.8302
vn 0.6146 -0.1578 -0.7729
vn 0.0202 0.1156 0.9931
vn 0.0258 0.0770 0.9967
vn -0.6078 -0.2331 -0.7591
vn -0.5221 -0.2088 -0.8269
vn -0.6071 -0.2358 -0.7588
vn 0.1701 -0.2381 -0.9562
vn 0.0080 0.1370 0.9905
vn -0.5479 0.0170 0.8363
vn -0.9966 -0.0546 -0.0622
vn -0.6018 -0.2121 -0.7700
vn -0.9955 -0.0392 -0.0858
vn -0.9949 -0.0806 -0.0599
vn -0.9962 -0.0721 -0.0490
vn -0.7612 0.0899 0.6422
vn -0.6685 0.0524 0.7419
vn -0.7060 0.0759 0.7042
vn -0.5747 0.0650 0.8158
vn -0.9992 0.0398 0.0076
vn -0.4846 -0.0678 0.8721
vn -0.9986 -0.0517 0.0068
vn 0.5560 -0.1190 0.8226
vn 0.5549 0.0031 0.8319
vn -0.5654 -0.1262 0.8151
vn -0.9849 0.1732 -0.0087
vn 0.9904 -0.0827 0.1106
vn 0.5275 -0.1920 0.8276
vn -0.5940 -0.0705 0.8013
vn -0.9974 0.0704 0.0123
vn 0.9853 -0.0102 0.1708
vn 0.6737 0.1189 -0.7294
vn 0.6433 -0.1144 -0.7570
vn 0.4850 -0.1811 0.8556
vn -0.9977 -0.0669 0.0070
vn 0.6397 0.1313 -0.7573
vn 0.9931 -0.0784 0.0875
vn -0.4967 0.2137 -0.8412
vn -0.5452 -0.0698 -0.8354
vn -0.5097 -0.0759 0.8570
vn -0.9979 -0.0397 0.0506
vn 0.9654 -0.2546 0.0565
vn -0.4809 0.2472 -0.8412
vn 0.6161 -0.0855 -0.7830
vn -0.5270 0.0257 -0.8495
vn 0.5151 -0.2038 0.8326
vn -0.9978 0.0661 0.0068
vn 0.5391 -0.1863 -0.8214
vn 0.5608 -0.1218 0.8189
vn 0.9572 -0.2892 -0.0132
vn 0.9843 -0.1660 -0.0602
vn -0.5454 0.0007 0.8382
vn -0.5537 0.0544 0.8309
vn -0.9925 0.1223 -0.0038
vn -0.5626 -0.0568 -0.8248
vn 0.4896 -0.0960 -0.8667
vn 0.5813 -0.0790 0.8099
vn 0.9935 -0.0928 -0.0667
vn -0.6270 0.3774 0.6815
vn -0.9795 0.1999 0.0264
vn 0.5177 0.0131 -0.8555
vn 0.6544 0.2381 0.7177
vn 0.5705 0.0562 -0.8194
vn 0.9985 -0.0091 0.0546
vn -0.1284 0.6618 0.7386
vn -0.5837 0.0233 -0.8117
vn -0.5458 0.1705 -0.8204
vn -0.5783 0.1116 -0.8082
vn 0.3311 0.5897 0.7366
vn -0.7494 -0.6329 -0.1946
vn -0.5857 -0.7747 -0.2383
vn -0.7999 0.5514 0.2368
vn 0.7256 -0.6719 0.1487
vn 0.5627 -0.8119 0.1554
vn 0.8259 0.5638 -0.0110
vn -0.0013 -0.2372 -0.9715
vn -0.6077 -0.5068 -0.6114
vn -0.1043 0.4500 -0.8869
vn -0.9073 0.0926 -0.4101
vn -0.5289 -0.8467 0.0585
vn -0.8031 -0.3571 0.4770
vn 0.1562 -0.9165 0.3682
vn 0.1043 -0.4498 0.8870
vn 0.7627 -0.6467 0.0079
vn 0.9074 -0.0924 0.4101
vn 0.6839 -0.3069 -0.6619
vn 0.8031 0.3573 -0.4769
vn -0.1563 0.9166 -0.3679
vn -0.7625 0.6469 -0.0080
vn -0.6839 0.3073 0.6618
vn 0.0013 0.2374 0.9714
vn 0.6076 0.5071 0.6113
vn 0.5288 0.8467 -0.0584
vn 0.1182 -0.8799 -0.4603
vn -0.1182 0.8800 0.4600
vn -0.2363 0.7744 0.5869
vn -0.2388 0.6942 0.6790
vn -0.7624 0.5541 0.3343
vn 0.0435 0.2359 0.9708
vn -0.5879 0.3089 0.7476
vn 0.0283 0.5508 0.8341
vn -0.0442 0.5655 0.8235
vn 0.0304 0.5841 0.8111
vn 0.3333 0.6205 0.7098
vn 0.6600 0.2754 0.6990
vn 0.1027 0.5579 0.8235
vn 0.7705 0.5576 0.3089
vn -0.1477 0.5922 0.7922
vn 0.3231 0.7359 0.5950
vn 0.2084 0.5736 0.7922
vn 0.0262 -0.4054 -0.9138
vn 0.8943 -0.4152 0.1670
vn -0.2783 -0.8396 -0.4664
vn 0.5123 -0.7736 0.3729
vn -0.1929 -0.0816 0.9778
vn -0.0658 0.4079 0.9106
vn -0.9791 -0.1519 0.1350
vn -0.8840 0.3813 -0.2705
vn -0.0063 -0.1725 -0.9850
vn 0.8056 -0.5842 0.0982
vn -0.0407 0.2089 0.9771
vn -0.8103 0.5671 -0.1478
vn 0.0408 0.0105 -0.9991
vn 0.5500 -0.8254 0.1276
vn -0.0216 0.2773 0.9605
vn -0.5107 0.8502 -0.1279
vn 0.8630 -0.4918 0.1157
vn 0.7002 0.7074 -0.0969
vn -0.5276 -0.7633 0.3729
vn -0.9098 -0.3837 0.1583
vn 0.2615 -0.8450 -0.4664
vn -0.0421 -0.4025 -0.9145
vn 0.1912 -0.0854 0.9778
vn 0.0688 0.3968 0.9153
vn 0.9759 -0.1713 0.1350
vn 0.8980 0.3492 -0.2676
vn 0.0076 -0.1650 -0.9863
vn -0.8314 -0.5478 0.0930
vn 0.0505 0.2056 0.9773
vn 0.8338 0.5341 -0.1397
vn -0.0348 0.0171 -0.9992
vn -0.5636 -0.8160 0.1284
vn 0.0301 0.2800 0.9595
vn 0.5184 0.8458 -0.1258
vn -0.8595 -0.4978 0.1157
vn -0.7050 0.7025 -0.0969
vn 0.9882 -0.0866 0.1264
vn -0.1823 0.9529 0.2422
vn -0.2745 -0.9232 0.2689
vn -0.9430 0.0463 0.3296
vn -0.3222 0.0042 -0.9467
vn 0.4259 0.0100 -0.9047
vn -0.6727 0.4998 0.5456
vn -0.1553 -0.8449 0.5118
vn -0.2221 0.8022 0.5542
vn 0.5503 -0.7453 0.3765
vn 0.8278 0.5579 -0.0594
vn -0.6652 -0.2427 -0.7061
vn -0.0202 0.0122 -0.9997
vn -0.8263 0.5494 -0.1239
vn -0.8004 -0.5843 -0.1339
vn -0.0182 0.4401 0.8978
vn 0.0196 -0.4760 0.8792
vn -0.0285 0.6903 -0.7230
vn 0.0310 -0.7519 -0.6585
vn 0.9360 0.1238 0.3296
vn 0.1032 0.9647 0.2422
vn 0.3496 -0.8975 0.2689
vn -0.9777 -0.1677 0.1264
vn 0.3208 0.0307 -0.9467
vn -0.4252 -0.0251 -0.9047
vn 0.5923 0.5997 0.5380
vn 0.1094 0.8224 0.5583
vn 0.2817 -0.8084 0.5169
vn -0.4420 -0.8137 0.3775
vn -0.8823 0.4670 -0.0588
vn 0.6943 -0.1345 -0.7070
vn 0.0118 -0.0065 -0.9999
vn 0.8458 -0.5164 -0.1339
vn 0.7783 0.6156 -0.1239
vn 0.8382 0.0341 0.5443
vn 0.3850 -0.7612 0.5219
vn 0.8101 0.2787 -0.5159
vn 0.1601 -0.4467 0.8802
vn 0.3076 -0.9515 0.0003
vn 0.1263 -0.1656 -0.9781
vn 0.6447 -0.7631 -0.0453
vn -0.5320 0.0291 0.8462
vn 0.6952 -0.7183 -0.0263
vn 0.5085 -0.3065 0.8047
vn -0.6249 -0.3183 -0.7129
vn 0.5536 -0.2824 0.7834
vn -0.6144 -0.5648 -0.5509
vn -0.7786 0.6051 0.1662
vn 0.6968 -0.3715 0.6136
vn -0.2186 0.4511 0.8653
vn -0.3698 -0.9031 0.2183
vn -0.7408 0.1365 -0.6577
vn 0.8057 -0.5917 -0.0284
vn -0.2072 0.4992 0.8414
vn -0.7160 0.6924 0.0891
vn -0.5750 -0.7383 -0.3525
vn 0.2052 -0.6154 0.7611
vn 0.9304 -0.3569 -0.0839
vn 0.3155 -0.0001 0.9489
vn -0.6398 0.2873 -0.7128
vn 0.0981 -0.9889 0.1115
vn -0.1068 -0.7067 -0.6994
vn 0.7664 -0.3367 0.5470
vn -0.3228 0.5445 0.7742
vn -0.6973 0.7139 0.0643
vn -0.2438 -0.2529 0.9363
vn -0.7632 0.6418 0.0743
vn -0.6231 0.3293 -0.7094
vn 0.3205 0.0412 0.9464
vn 0.0614 -0.4987 -0.8646
vn -0.0645 0.9790 -0.1936
vn -0.6621 0.2870 -0.6922
vn -0.4236 0.6219 0.6586
vn -0.4400 0.5123 0.7375
vn 0.1203 -0.4711 -0.8738
vn 0.0243 0.0909 0.9956
vn -0.8207 0.5621 0.1029
vn -0.7232 0.3027 -0.6208
vn 0.0098 -0.3304 -0.9438
vn -0.4056 0.1910 0.8939
vn -0.2468 0.7669 0.5924
vn -0.6603 0.7482 0.0640
vn 0.1319 -0.8466 -0.5157
vn 0.5049 -0.6199 -0.6007
vn -0.1972 0.5037 0.8411
vn -0.3664 0.9295 0.0417
vn -0.5897 0.5214 -0.6168
vn -0.1747 -0.3181 -0.9318
vn -0.3123 0.7137 -0.6269
vn -0.2781 0.0188 -0.9604
vn -0.6355 -0.5291 -0.5624
vn -0.2479 0.9292 -0.2741
vn 0.4117 0.8045 0.4280
vn -0.6520 0.3745 0.6593
vn -0.4158 0.1544 0.8963
vn 0.8793 -0.0259 0.4756
vn -0.4405 -0.8046 0.3982
vn 0.6267 0.4982 0.5992
vn -0.8168 -0.4963 0.2940
vn 0.9707 -0.2085 -0.1195
vn -0.3927 0.1172 0.9122
vn 0.7086 -0.6746 -0.2069
vn -0.8559 -0.4247 0.2950
vn 0.9382 0.3120 -0.1500
vn 0.1080 -0.5558 -0.8243
vn -0.4262 0.1490 0.8923
vn 0.8719 0.4253 -0.2427
vn 0.5046 0.5952 0.6254
vn -0.4355 0.3649 -0.8229
vn 0.4326 -0.5870 -0.6843
vn -0.6303 0.0718 0.7730
vn -0.9357 -0.2546 0.2443
vn 0.6016 -0.1474 -0.7851
vn 0.5160 -0.1391 -0.8452
vn 0.8628 0.4322 -0.2622
vn 0.5133 0.6195 0.5939
vn -0.9954 0.0920 0.0279
vn -0.6342 -0.6846 -0.3593
vn -0.3698 -0.7922 -0.4854
vn 0.5188 -0.1083 -0.8480
vn 0.9033 0.3503 -0.2478
vn 0.6238 0.6010 0.4997
vn -0.0896 0.3683 0.9254
vn -0.7689 0.2632 0.5827
vn -0.4376 -0.6256 -0.6459
vn 0.9423 0.3155 -0.1117
vn 0.7102 0.4967 0.4989
vn 0.1182 0.1023 0.9877
vn -0.1373 0.3642 0.9211
vn -0.3909 -0.6704 -0.6306
vn 0.5153 -0.1194 -0.8487
vn 0.5177 0.8555 -0.0103
vn 0.5891 0.6230 0.5146
vn -0.3017 -0.5288 -0.7933
vn -0.1191 0.1974 0.9731
vn 0.8183 0.5694 -0.0780
vn -0.7795 -0.5411 -0.3155
vn 0.6761 -0.0351 -0.7359
vn 0.3640 0.1722 0.9154
vn 0.3967 0.7600 0.5149
vn -0.3550 -0.4662 -0.8103
vn 0.2614 0.5119 0.8183
vn 0.6811 0.2701 -0.6805
vn -0.9632 0.0563 -0.2627
vn 0.5509 0.8335 -0.0409
vn -0.1558 -0.1471 -0.9768
vn 0.3303 -0.0452 -0.9428
vn 0.4466 0.6005 -0.6633
vn 0.2996 0.9537 0.0259
vn 0.2739 0.7424 -0.6114
vn 0.3036 0.9478 0.0976
vn 0.4687 -0.1835 -0.8641
vn 0.1499 0.1171 -0.9817
vn 0.1825 0.3723 -0.9100
vn 0.2544 0.8285 -0.4989
vn 0.1661 -0.0464 -0.9850
vn 0.3284 0.7930 -0.5131
vn 0.4822 -0.2451 -0.8411
vn 0.5032 0.8450 0.1811
vn 0.9043 -0.2035 -0.3753
vn -0.0009 -0.0169 -0.9999
vn 0.0054 0.1036 -0.9946
vn 0.0155 0.4536 -0.8911
vn 0.4674 0.6388 -0.6112
vn 0.2103 -0.1726 -0.9623
vn -0.0074 -0.1421 -0.9898
vn 0.9934 -0.1003 0.0557
vn -0.1275 0.1305 -0.9832
vn 0.0115 0.2208 -0.9752
vn 0.0040 0.4577 -0.8891
vn 0.4899 -0.2992 -0.8188
vn -0.0116 -0.2226 -0.9748
vn -0.2271 -0.1498 -0.9623
vn -0.1345 0.4001 -0.9066
vn -0.1640 -0.0321 -0.9859
vn -0.3886 0.6887 -0.6121
vn 0.8850 -0.2151 -0.4130
vn 0.9875 0.1145 0.1087
vn 0.2709 -0.2569 -0.9277
vn -0.2961 -0.2274 -0.9277
vn -0.4999 -0.2065 -0.8411
vn -0.4766 -0.1467 -0.8668
vn -0.1450 0.7836 -0.6041
vn -0.1464 0.8534 -0.5002
vn -0.2050 0.8340 -0.5122
vn -0.3649 0.9123 0.1860
vn 0.9889 -0.0810 0.1248
vn 0.8248 -0.2674 -0.4981
vn 0.2855 0.3821 0.8789
vn -0.0116 -0.2339 -0.9722
vn -0.9195 -0.1237 -0.3732
vn -0.5183 -0.2467 -0.8188
vn -0.1845 0.9774 0.1031
vn 0.9919 -0.1267 0.0018
vn 0.6752 0.3976 0.6213
vn 0.9970 -0.0436 -0.0638
vn 0.2208 0.8166 0.5333
vn 0.2977 -0.2409 -0.9238
vn -0.3196 -0.2032 -0.9255
vn -0.9025 -0.1220 -0.4130
vn -0.1292 0.9900 0.0562
vn 0.2627 0.5855 0.7669
vn 0.9874 -0.1565 -0.0241
vn -0.0083 -0.1674 -0.9859
vn -0.9982 -0.0041 0.0597
vn -0.8481 -0.1803 -0.4981
vn 0.2381 0.8136 0.5304
vn 0.7840 -0.2382 -0.5732
vn -0.3028 -0.1484 -0.9414
vn -0.9997 -0.0230 0.0018
vn 0.3380 0.7793 0.5277
vn 0.2887 -0.1788 -0.9406
vn -0.0113 0.0487 -0.9987
vn -0.8045 -0.1395 -0.5773
vn -0.9688 0.2241 0.1056
vn -0.9920 0.0247 0.1239
vn -0.9983 -0.0532 -0.0241
vn -0.2681 0.4043 0.8745
vn -0.9961 0.0602 -0.0638
vn -0.6440 0.4748 0.5998
vn -0.0817 0.8282 0.5545
vn -0.1990 0.6100 0.7670
vn -0.1427 0.8349 0.5315
vn -0.2553 0.8102 0.5277
vn -0.3209 0.2959 -0.8997
vn -0.1221 0.2520 -0.9600
vn -0.0059 0.2854 -0.9584
vn -0.0138 0.2493 -0.9683
vn 0.0949 0.2754 -0.9566
vn 0.3167 0.3409 -0.8852
vn 0.2778 0.4709 0.8373
vn 0.3209 0.6947 0.6437
vn 0.4147 0.7001 0.5812
vn 0.1479 0.7737 0.6160
vn 0.8195 0.4797 0.3135
vn 0.0378 0.7269 0.6857
vn 0.1391 0.7105 0.6898
vn -0.0645 0.7211 0.6898
vn -0.0460 0.5579 0.8286
vn 0.1037 0.5501 0.8286
vn 0.4914 0.4798 0.7269
vn 0.9864 0.1327 -0.0973
vn -0.4389 0.5283 0.7269
vn 0.0262 0.5023 0.8643
vn 0.8944 0.3033 0.3287
vn 0.0523 0.0232 0.9984
vn 0.5227 -0.0204 0.8523
vn -0.3398 0.7394 0.5812
vn -0.5219 0.0340 0.8523
vn 0.9312 -0.0515 0.3609
vn -0.0668 0.7849 0.6160
vn -0.0496 0.0285 0.9984
vn 0.0197 -0.5273 0.8495
vn 0.9865 -0.1317 -0.0973
vn -0.8581 0.3946 0.3287
vn -0.9315 0.0455 0.3609
vn -0.2470 0.7243 0.6437
vn 0.0008 0.0157 0.9999
vn 0.4356 -0.5428 0.7181
vn 0.9876 -0.1366 -0.0768
vn -0.9949 -0.0285 -0.0973
vn -0.0744 -0.5224 0.8495
vn -0.0197 -0.3924 0.9196
vn 0.1782 -0.4203 0.8897
vn 0.7867 -0.4742 0.3953
vn 0.9104 -0.4123 0.0342
vn -0.9672 0.2344 -0.0973
vn -0.4896 -0.4946 0.7181
vn -0.0246 -0.4716 0.8815
vn -0.2274 0.4972 0.8373
vn -0.7653 0.5622 0.3135
vn 0.9740 -0.2267 -0.0023
vn 0.6953 -0.4770 0.5376
vn -0.9483 -0.3156 0.0342
vn -0.8317 -0.3899 0.3953
vn -0.2199 -0.3951 0.8919
vn -0.0042 -0.0207 0.9998
vn 0.2686 -0.0367 0.9625
vn -0.9965 -0.0333 -0.0768
vn -0.7428 -0.3882 0.5455
vn 0.9952 -0.0666 0.0720
vn 0.8063 -0.1621 -0.5689
vn -0.0088 0.0037 1.0000
vn 0.2726 0.0168 0.9620
vn -0.2737 -0.0146 0.9617
vn -0.9946 -0.1037 -0.0016
vn 0.7523 -0.0454 0.6572
vn 0.7037 0.0777 0.7062
vn -0.2785 -0.0159 0.9603
vn -0.7627 0.0131 0.6466
vn 0.9719 0.2087 0.1085
vn 0.3019 0.0690 -0.9508
vn 0.2810 0.0585 0.9579
vn 0.0007 0.0057 1.0000
vn -0.9974 0.0073 0.0711
vn -0.7271 -0.0114 0.6864
vn -0.8230 -0.0855 -0.5616
vn 0.6495 0.2164 0.7289
vn 0.9064 0.3962 0.1467
vn 0.8126 0.1526 -0.5625
vn -0.2847 -0.0077 0.9586
vn -0.9921 0.0727 0.1020
vn 0.2529 0.0574 0.9658
vn -0.3231 0.0357 -0.9457
vn 0.6639 0.2293 0.7118
vn 0.7452 0.3796 -0.5482
vn 0.3081 0.3226 -0.8950
vn 0.0100 -0.0099 0.9999
vn -0.9693 0.1975 0.1465
vn -0.6709 0.0670 0.7385
vn -0.8331 0.0502 -0.5509
vn 0.9260 0.3741 0.0517
vn -0.2477 0.0039 0.9688
vn -0.3407 0.2521 -0.9057
vn -0.9747 0.2204 0.0382
vn -0.6744 0.1082 0.7304
vn 0.7331 0.3756 -0.5670
vn -0.7918 0.2111 -0.5732
vn -0.7558 0.2607 -0.6006
vn 0.0372 0.7136 0.6996
vn -0.1153 0.7073 0.6975
vn 0.1881 0.6915 0.6975
vn -0.7751 0.3857 -0.5004
vn 0.7767 0.4477 -0.4430
vn 0.0063 0.3415 -0.9399
vn -0.0841 -0.0823 0.9931
vn 0.3345 0.0403 0.9415
vn 0.9359 -0.0352 0.3505
vn -0.5240 0.8316 -0.1841
vn 0.9655 0.0180 0.2598
vn -0.9895 0.1444 -0.0048
vn 0.8064 0.5414 0.2377
vn -0.9904 0.1338 -0.0360
vn -0.1627 0.4446 0.8808
vn -0.9113 0.4103 -0.0343
vn 0.8936 -0.1758 0.4131
vn 0.2743 0.9570 0.0942
vn 0.3778 -0.3988 0.8356
vn 0.4013 -0.0355 0.9153
vn 0.1855 0.6043 -0.7749
vn 0.2823 0.2675 -0.9213
vn 0.1976 0.2904 -0.9363
vn -0.1582 0.9869 -0.0315
vn 0.3796 -0.4336 0.8172
vn 0.4277 0.4481 -0.7851
vn 0.9567 -0.1562 0.2456
vn 0.6872 0.2446 -0.6840
vn 0.7280 -0.2273 -0.6468
vn 0.4836 0.8752 0.0094
vn 0.1128 -0.5757 0.8098
vn 0.2643 -0.7292 0.6312
vn 0.4332 -0.0891 0.8969
vn -0.1538 -0.7550 0.6375
vn -0.0466 -0.6497 0.7588
vn -0.2670 -0.7242 0.6358
vn -0.1428 -0.9869 0.0746
vn -0.4422 -0.8023 0.4010
vn -0.3746 -0.8556 0.3572
vn -0.4404 -0.8912 0.1091
vn -0.1507 -0.7589 -0.6335
vn -0.4853 -0.7494 -0.4505
vn -0.5145 -0.8165 0.2619
vn -0.0624 0.3078 -0.9494
vn 0.4103 0.1436 -0.9005
vn -0.6610 -0.6763 -0.3251
vn 0.3916 0.8530 -0.3451
vn 0.6421 0.5425 -0.5416
vn 0.1564 0.8724 -0.4632
vn -0.9021 0.1879 -0.3885
vn 0.0889 0.5261 -0.8458
vn -0.1981 0.7094 -0.6764
vn -0.1285 0.8315 -0.5405
vn 0.3183 0.8789 -0.3554
vn 0.0543 0.8282 -0.5577
vn -0.6704 -0.1337 -0.7298
vn 0.2937 0.6078 -0.7378
vn -0.4722 0.2469 -0.8462
vn 0.3353 0.6621 -0.6702
vn -0.6214 0.1616 0.7666
vn -0.0035 0.9398 -0.3418
vn -0.6023 -0.5638 0.5651
vn -0.9054 0.1997 -0.3747
vn -0.5764 -0.5716 0.5840
vn -0.6768 -0.3148 0.6655
vn 0.3719 0.4356 -0.8197
vn 0.6319 0.4058 0.6603
vn 0.5335 0.6183 0.5771
vn -0.4420 0.8861 0.1395
vn -0.5695 0.6194 0.5405
vn 0.3092 0.5851 0.7497
vn 0.7471 0.5983 0.2896
vn -0.1558 -0.0827 -0.9843
vn 0.8570 0.5152 -0.0100
vn -0.1426 -0.0950 -0.9852
vn 0.3985 0.2923 -0.8694
vn 0.5847 0.3656 0.7242
vn -0.3869 0.1716 -0.9060
vn -0.1629 0.9849 0.0579
vn -0.3485 -0.3801 -0.8568
vn -0.3290 0.1360 -0.9345
vn -0.2613 -0.4085 -0.8746
vn -0.2352 -0.5816 -0.7788
vn -0.2618 -0.7311 -0.6301
vn -0.5309 -0.8469 0.0303
vn -0.2261 -0.7710 -0.5953
vn -0.1668 -0.9305 -0.3260
vn 0.0192 -0.9916 -0.1279
vn 0.5753 -0.7488 0.3291
vn -0.1102 -0.9258 -0.3616
vn 0.3836 -0.8577 0.3422
vn 0.4950 0.2757 0.8240
vn 0.7899 0.3679 0.4907
vn -0.0273 -0.9721 -0.2332
vn 0.0921 0.9389 0.3317
vn 0.5645 0.7809 0.2674
vn 0.2235 -0.9075 0.3558
vn 0.0165 0.7955 0.6057
vn 0.5617 0.6821 0.4683
vn 0.4879 0.4056 0.7729
vn 0.0012 0.3719 0.9283
vn -0.1220 0.5579 0.8209
vn -0.0276 0.8973 0.4405
vn 0.0079 0.7191 0.6949
vn 0.7599 0.0654 0.6467
vn 0.6491 0.6951 0.3091
vn 0.6315 0.5952 0.4969
vn -0.0117 -0.8464 0.5324
vn 0.2265 -0.2005 0.9532
vn 0.1972 -0.1672 0.9660
vn 0.6788 0.5161 0.5223
vn -0.7547 -0.6551 0.0360
vn -0.6455 -0.6413 0.4148
vn -0.5734 -0.7462 0.3383
vn 0.1993 -0.3039 0.9316
vn 0.8080 0.2835 0.5164
vn -0.5511 -0.2850 -0.7842
vn -0.8132 -0.3956 -0.4269
vn -0.6963 -0.5927 0.4049
vn -0.8243 -0.3344 -0.4569
vn -0.7328 -0.5288 -0.4283
vn 0.3828 0.6021 -0.7007
vn -0.3081 0.2828 -0.9084
vn -0.1697 0.2200 -0.9606
vn -0.4002 0.1800 -0.8986
vn 0.6572 0.7521 0.0486
vn 0.4937 0.7943 -0.3540
vn 0.6960 0.5890 -0.4106
vn 0.3988 0.8516 -0.3402
vn 0.1053 0.2364 -0.9659
vn -0.8531 0.1768 0.4908
vn -0.2727 -0.5360 -0.7990
vn -0.6119 0.7799 0.1315
vn -0.7529 0.1934 -0.6291
vn -0.7529 0.1843 -0.6318
vn -0.6436 0.7562 0.1178
vn 0.1135 -0.9679 -0.2242
vn -0.1106 -0.7368 -0.6670
vn -0.6248 0.2073 -0.7528
vn -0.6043 0.7968 -0.0061
vn -0.1372 -0.7095 -0.6912
vn 0.5532 -0.7227 0.4144
vn 0.4816 -0.8737 -0.0689
vn -0.0187 -0.6602 -0.7508
vn 0.4824 -0.8745 -0.0510
vn 0.9643 0.2143 0.1558
vn 0.6703 -0.3979 0.6264
vn 0.5758 -0.8103 -0.1085
vn 0.6595 -0.3232 0.6787
vn 0.0452 0.6061 0.7941
vn 0.7431 -0.2188 0.6324
vn 0.2254 -0.1157 0.9674
vn 0.0798 0.6811 0.7278
vn 0.0209 0.5965 0.8023
vn -0.8827 -0.4695 0.0177
vn -0.8548 -0.5121 -0.0839
vn -0.5657 -0.7515 0.3394
vn -0.9023 0.0578 -0.4273
vn 0.0630 -0.3966 0.9158
vn -0.7629 -0.0338 -0.6456
vn -0.2425 -0.2197 0.9449
vn -0.9273 0.3742 0.0128
vn -0.5020 0.5316 0.6821
vn -0.9019 -0.4077 -0.1428
vn -0.9744 0.2249 0.0044
vn 0.5846 0.7531 0.3018
vn 0.0406 -0.3675 0.9291
vn 0.6479 0.7065 0.2847
vn 0.6515 0.7117 0.2629
vn 0.2283 0.8626 0.4516
vn -0.5224 0.7030 -0.4825
vn -0.5879 -0.7451 0.3151
vn -0.8034 -0.5232 -0.2844
vn 0.6623 0.7005 0.2660
vn -0.2684 0.6268 -0.7314
vn 0.2982 0.8826 -0.3635
vn -0.3877 0.7284 -0.5649
vn -0.5392 -0.4570 0.7074
vn -0.7748 -0.5447 -0.3208
vn -0.5919 -0.7584 0.2730
vn 0.3614 0.9293 0.0767
vn -0.3903 0.7552 -0.5266
vn 0.4144 0.8247 -0.3849
vn -0.2299 0.4676 -0.8535
vn -0.1770 0.5234 -0.8335
vn -0.7532 -0.5460 -0.3667
vn -0.0947 0.8227 -0.5606
vn 0.3861 0.8260 -0.4107
vn -0.2378 0.5014 -0.8319
vn 0.3573 0.8513 -0.3842
vn -0.7183 -0.5340 0.4459
vn 0.3216 0.8698 -0.3742
vn -0.3163 -0.3584 0.8783
vn -0.7426 -0.6482 -0.1683
vn -0.2228 0.4166 -0.8814
vn -0.2462 0.4111 -0.8777
vn 0.3233 0.8909 -0.3189
vn -0.6482 -0.4839 0.5879
vn 0.2203 -0.2046 0.9537
vn 0.0743 -0.3354 0.9391
vn -0.2264 0.3910 -0.8921
vn -0.2415 0.3843 -0.8911
vn 0.2513 0.9596 -0.1268
vn 0.6020 0.7647 0.2301
vn 0.1819 -0.1925 0.9643
vn -0.7174 -0.6949 -0.0504
vn -0.2101 0.7862 -0.5811
vn 0.5181 0.8408 0.1572
vn 0.0567 -0.3775 0.9243
vn 0.6156 0.7510 0.2387
vn -0.7331 -0.6517 -0.1947
vn -0.2102 0.4643 -0.8604
vn -0.2348 0.3927 -0.8892
vn 0.1909 -0.1883 0.9634
vn -0.2311 0.3752 -0.8977
vn -0.7061 -0.7073 -0.0345
vn 0.6106 0.7746 0.1647
vn 0.5537 0.8007 0.2287
vn -0.2772 0.4763 -0.8344
vn 0.0724 -0.1582 0.9847
vn 0.6425 0.7547 0.1330
vn 0.5553 0.8178 0.1514
vn 0.6236 0.7745 0.1062
vn -0.2311 0.3630 -0.9027
vn 0.5343 0.7783 0.3298
vn -0.8860 -0.4625 -0.0328
vn -0.1657 -0.2204 0.9612
vn 0.1405 0.9642 0.2251
vn -0.7711 -0.6355 0.0385
vn -0.3555 0.3910 0.8490
vn -0.3105 0.3642 -0.8780
vn -0.5138 0.6517 -0.5580
vn 0.2058 0.8989 0.3869
vn -0.9875 0.0273 0.1552
vn -0.5500 0.5639 -0.6161
vn -0.9548 0.2848 0.0857
vn -0.4297 0.4524 0.7815
vn -0.2455 -0.9435 0.2225
vn 0.0401 -0.5291 0.8476
vn -0.6984 -0.3530 0.6226
vn -0.2280 -0.5603 0.7963
vn -0.9991 0.0377 -0.0181
vn -0.1406 -0.9539 0.2651
vn -0.6509 -0.3442 -0.6766
vn -0.1463 -0.9425 -0.3006
vn -0.3767 -0.2668 -0.8871
vn -0.6415 -0.4946 0.5864
vn -0.6219 0.7802 -0.0674
vn -0.3957 -0.2665 -0.8789
vn -0.2740 0.9440 -0.1840
vn -0.1908 0.9595 -0.2071
vn -0.2047 0.9529 -0.2237
vn -0.1799 -0.9079 0.3787
vn -0.1902 0.9569 -0.2197
vn -0.1215 -0.9528 -0.2781
vn -0.3572 0.9165 0.1804
vn -0.5166 -0.7211 -0.4617
vn -0.3175 0.1726 0.9324
vn 0.0270 -0.9234 0.3830
vn -0.1188 0.5710 0.8123
vn 0.0248 0.2934 0.9557
vn -0.0483 0.8582 0.5111
vn -0.2030 0.2841 0.9371
vn -0.0622 -0.9716 -0.2285
vn 0.0896 -0.9251 0.3691
vn -0.4000 -0.9022 -0.1615
vn 0.0513 -0.9779 0.2029
vn 0.2527 0.1680 0.9528
vn -0.2437 0.3013 0.9219
vn 0.0580 0.8947 0.4429
vn 0.2088 0.2048 0.9563
vn 0.1953 0.2812 0.9396
vn 0.1417 -0.8932 0.4266
vn 0.2758 0.1516 0.9492
vn 0.0594 0.8769 0.4769
vn 0.1551 0.2184 0.9635
vn -0.0005 0.8730 0.4876
vn -0.4015 -0.2170 -0.8898
vn -0.5844 -0.5082 -0.6327
vn 0.0705 -0.9720 0.2241
vn 0.2257 0.2158 0.9500
vn -0.0684 0.8567 0.5113
vn 0.2003 0.1643 0.9659
vn 0.2274 0.2178 0.9491
vn -0.3955 -0.2572 -0.8817
vn -0.2259 0.9640 -0.1401
vn -0.2140 0.9647 -0.1537
vn 0.1662 0.1788 0.9698
vn -0.0843 0.8986 0.4305
vn -0.5134 -0.8116 -0.2787
vn -0.4190 -0.0356 -0.9073
vn -0.2660 0.9595 -0.0930
vn -0.2904 0.8724 0.3933
vn -0.2170 -0.9396 0.2648
vn -0.2360 0.1421 0.9613
vn -0.1191 0.4878 0.8648
vn -0.2242 0.9743 -0.0232
vn -0.4462 -0.0396 -0.8940
vn -0.3327 0.9279 -0.1683
vn -0.6202 -0.2930 -0.7277
vn -0.7162 -0.4388 0.5427
vn 0.0061 -0.9963 0.0860
vn -0.1825 0.9795 -0.0848
vn -0.4465 -0.0279 -0.8943
vn -0.1305 0.9876 -0.0871
vn -0.6092 0.7930 0.0080
vn -0.9862 0.0265 -0.1632
vn -0.1329 0.9899 -0.0490
vn 0.0062 -0.9977 0.0670
vn -0.2221 0.9746 -0.0289
vn -0.5399 -0.0864 -0.8373
vn 0.2676 0.1444 0.9527
vn -0.1145 -0.9904 0.0774
vn 0.2852 0.1369 0.9486
vn 0.2349 0.0747 0.9691
vn 0.2948 0.1280 0.9470
vn -0.5693 0.7999 0.1898
vn -0.1715 0.0542 0.9837
vn -0.9601 0.0303 -0.2779
vn -0.6485 -0.6517 0.3934
vn -0.3713 -0.0407 0.9276
vn -0.0684 0.1739 0.9824
vn -0.2918 0.3249 0.8996
vn -0.0072 -0.1012 0.9948
vn -0.5465 0.2634 0.7950
vn -0.1438 -0.3392 0.9297
vn -0.6832 0.0255 0.7298
vn -0.3985 -0.4006 0.8250
vn -0.6219 -0.2495 0.7422
vn -0.1724 0.6424 0.7467
vn 0.2416 0.3626 0.9001
vn -0.8975 0.0876 0.4322
vn -0.6442 0.5285 0.5529
vn 0.1017 -0.5880 0.8024
vn 0.3550 -0.1471 0.9232
vn -0.7840 -0.4220 0.4552
vn -0.3701 -0.7019 0.6086
vn -0.6500 0.7300 0.2111
vn -0.0190 0.8823 0.4703
vn 0.6863 -0.1735 0.7063
vn 0.5345 0.5080 0.6754
vn -0.2835 -0.9155 0.2855
vn 0.3475 -0.7632 0.5448
vn -0.9889 0.1403 0.0496
vn -0.8370 -0.5412 0.0804
vn 0.0558 0.9487 0.3111
vn 0.6458 0.5499 0.5298
vn 0.4465 -0.8051 0.3905
vn 0.8076 -0.1766 0.5626
vn -0.8160 -0.5685 -0.1045
vn -0.2260 -0.9674 0.1141
vn -0.6167 0.7864 0.0347
vn -0.9778 0.1580 -0.1374
vn -0.7551 0.1760 -0.6315
vn 0.4614 0.0233 -0.8869
vn 0.2313 -0.6874 -0.6884
vn 0.4377 0.7157 -0.5443
vn -0.3413 -0.7186 -0.6059
vn -0.1077 0.8870 -0.4491
vn -0.8151 -0.5260 0.2426
vn -0.6434 0.6723 0.3661
vn -0.9803 0.1288 0.1495
vn -0.5971 -0.7419 0.3051
vn -0.1480 -0.6442 -0.7504
vn -0.3448 0.8468 0.4049
vn 0.0742 0.7902 -0.6083
vn -0.4354 -0.0284 0.8998
vn -0.4721 -0.6396 0.6067
vn -0.0357 -0.8009 -0.5978
vn -0.2904 0.6126 0.7351
vn -0.4412 0.2828 0.8517
vn -0.5188 -0.2741 0.8098
vn 0.0448 -0.6036 0.7961
vn 0.6189 -0.7309 -0.2878
vn 0.2093 0.8798 -0.4268
vn 0.3369 -0.1459 0.9302
vn 0.9768 -0.1266 -0.1729
vn 0.1910 0.3964 0.8980
vn 0.8086 0.5677 -0.1544
vn 0.7911 -0.0537 -0.6094
vn 0.9395 -0.0963 0.3288
vn 0.8191 0.4105 -0.4007
vn 0.5428 0.8397 -0.0126
vn 0.0863 -0.8682 -0.4887
vn 0.2027 -0.8547 -0.4779
vn 0.2070 -0.8533 -0.4785
vn 0.6669 0.4784 0.5713
vn 0.0861 -0.8737 -0.4788
vn 0.3497 -0.5389 0.7663
vn 0.0096 -0.7555 -0.6551
vn 0.0165 -0.7527 -0.6581
vn 0.0503 0.9817 -0.1836
vn 0.2263 -0.8262 -0.5159
vn 0.4071 0.5585 -0.7228
vn 0.1697 0.0281 0.9851
vn -0.2783 0.8831 0.3778
vn 0.0556 0.7766 0.6275
vn -0.0364 0.9285 0.3696
vn 0.1538 -0.6336 -0.7582
vn 0.1784 -0.6286 -0.7570
vn -0.6539 -0.6453 0.3950
vn 0.2286 -0.8239 -0.5187
vn -0.1809 0.6482 0.7397
vn -0.3273 0.8338 0.4445
vn -0.8082 0.1200 -0.5766
vn -0.8055 0.1240 -0.5795
vn -0.8077 0.1207 -0.5771
vn -0.8051 0.1247 -0.5799
vn 0.4911 -0.5572 -0.6695
vn 0.4890 -0.5444 -0.6816
vn -0.7317 -0.0752 0.6775
vn -0.9392 0.3434 0.0008
vn -0.4708 0.5913 0.6548
vn -0.8877 -0.1412 -0.4383
vn 0.5970 -0.7114 -0.3709
vn -0.5408 0.7570 0.3667
vn 0.5602 -0.7462 -0.3598
vn -0.2767 0.3064 -0.9108
vn -0.3681 0.7920 -0.4870
vn 0.9513 -0.0800 0.2978
vn 0.7726 0.3323 -0.5410
vn 0.5303 0.8256 -0.1929
vn 0.0468 -0.9301 -0.3642
vn 0.2557 -0.9354 -0.2441
vn 0.2597 -0.9367 -0.2347
vn 0.6721 0.4943 0.5513
vn 0.0403 -0.9371 -0.3468
vn 0.3473 -0.5414 0.7656
vn 0.0080 -0.7876 -0.6162
vn 0.0138 -0.7802 -0.6253
vn 0.1531 0.0444 0.9872
vn -0.2242 0.9400 0.2572
vn -0.0059 0.7889 0.6146
vn -0.0425 0.9351 0.3517
vn -0.8782 -0.1029 -0.4671
vn -0.6582 -0.6300 0.4121
vn -0.7363 -0.0222 0.6763
vn 0.4102 -0.6438 -0.6460
vn 0.1258 -0.7036 -0.6993
vn 0.1210 -0.7038 -0.7000
vn -0.9156 0.4021 -0.0089
vn 0.4115 -0.6342 -0.6546
vn -0.2350 0.3290 -0.9146
vn 0.4811 -0.7996 -0.3596
vn 0.4689 -0.8106 -0.3507
vn -0.3534 0.7983 -0.4876
vn -0.1374 0.7088 0.6919
vn -0.4677 0.8093 0.3553
vn -0.4008 0.6557 0.6398
vn -0.6580 0.6090 0.4428
vn -0.1216 0.7385 0.6632
vn 0.1448 0.9843 0.1011
vn 0.3490 0.4203 0.8376
vn -0.5462 0.8175 -0.1827
vn 0.4780 -0.1591 0.8638
vn -0.9172 0.1719 -0.3596
vn -0.9461 0.1078 0.3055
vn 0.7509 0.5745 0.3258
vn -0.7509 -0.5745 -0.3258
vn 0.9172 -0.1718 0.3596
vn -0.8170 -0.4717 0.3317
vn 0.1900 -0.6603 0.7265
vn 0.5462 -0.8175 0.1827
vn -0.3464 -0.7898 0.5061
vn -0.1448 -0.9843 -0.1012
vn 0.0828 -0.9207 -0.3815
vn 0.2520 -0.9177 -0.3070
vn 0.2574 -0.9183 -0.3008
vn 0.0761 -0.9206 -0.3830
vn 0.9489 -0.0823 0.3046
vn 0.7554 0.3683 -0.5420
vn 0.5165 0.8443 -0.1428
vn -0.0095 -0.8899 -0.4561
vn 0.6618 0.4834 0.5730
vn 0.3603 -0.4882 0.7949
vn -0.0124 -0.8928 -0.4503
vn -0.2470 0.9140 0.3218
vn -0.0767 -0.9913 0.1070
vn 0.1772 0.1627 0.9706
vn -0.2805 -0.2056 0.9376
vn -0.0799 0.9190 0.3862
vn -0.0772 -0.9880 0.1337
vn 0.0027 0.8927 0.4506
vn -0.2805 -0.2055 0.9376
vn -0.1221 0.7150 0.6884
vn 0.1902 0.9769 -0.0977
vn -0.8263 -0.4049 0.3915
vn -0.4025 -0.5602 0.7240
vn -0.4018 -0.5586 0.7256
vn -0.9006 -0.3377 0.2736
vn -0.9381 0.0975 -0.3324
vn -0.8903 0.1488 -0.4303
vn -0.3831 0.5271 -0.7586
vn -0.1924 0.5900 -0.7842
vn 0.6477 0.6457 -0.4044
vn 0.7783 0.5838 -0.2311
vn 0.8921 0.1466 0.4274
vn 0.8423 0.0526 0.5365
vn 0.3058 -0.2987 0.9040
vn 0.0446 -0.3631 0.9307
vn -0.7669 -0.3388 0.5450
vn -0.8559 -0.2933 0.4259
vn -0.9541 0.0721 -0.2906
vn -0.9030 0.1424 -0.4053
vn -0.3647 0.5326 -0.7638
vn -0.2135 0.5800 -0.7862
vn 0.1960 0.6557 -0.7292
vn 0.2006 0.6513 -0.7318
vn 0.9372 0.2951 0.1861
vn 0.8810 0.1025 0.4618
vn 0.9378 0.2933 0.1859
vn 0.8356 0.0398 0.5479
vn 0.2437 -0.3290 0.9123
vn 0.0927 -0.3726 0.9233
vn -0.8984 0.1441 -0.4148
vn -0.8478 -0.3303 0.4149
vn -0.9480 0.0800 -0.3081
vn -0.3630 0.4841 -0.7962
vn -0.2323 0.4336 -0.8706
vn -0.7554 -0.3729 0.5388
vn 0.2847 0.2062 -0.9362
vn 0.3481 0.0202 -0.9372
vn -0.7081 0.0317 0.7054
vn -0.6689 -0.5215 0.5298
vn -0.7081 0.0316 0.7054
vn -0.5077 0.5741 0.6424
vn 0.4559 -0.8700 -0.1877
vn 0.3326 -0.9096 -0.2491
vn 0.9739 0.0696 0.2160
vn 0.9897 0.1427 0.0072
vn -0.1849 -0.9692 -0.1626
vn -0.9301 -0.2251 0.2904
vn -0.0605 -0.9704 -0.2337
vn -0.9831 -0.1626 0.0843
vn -0.3082 -0.3421 0.8877
vn -0.6712 -0.3642 0.6457
vn 0.1019 -0.9891 -0.1059
vn -0.0584 -0.9808 -0.1859
vn -0.8713 -0.3744 -0.3172
vn -0.8898 -0.4471 -0.0910
vn 0.9168 -0.0976 -0.3871
vn 0.9736 -0.1587 -0.1639
vn 0.6864 0.1018 -0.7201
vn 0.3271 0.1417 -0.9343
vn -0.7487 -0.1260 -0.6508
vn 0.3328 -0.9192 -0.2105
vn -0.5533 0.0909 -0.8280
vn -0.0088 -0.9089 -0.4169
vn -0.4867 0.0987 -0.8680
vn 0.1498 -0.9861 -0.0717
vn 0.0828 -0.2942 0.9521
vn -0.0491 0.0658 -0.9966
vn 0.8006 -0.1257 0.5859
vn -0.2896 -0.7494 0.5955
vn 0.4620 -0.2214 0.8588
vn 0.8296 -0.4144 -0.3742
vn -0.9866 0.0876 -0.1375
vn 0.0891 0.9377 0.3359
vn -0.9992 0.0106 0.0381
vn -0.0428 0.9646 0.2603
vn 0.0544 0.7863 0.6155
vn 0.1102 0.8447 0.5238
vn -0.4545 0.5322 -0.7142
vn -0.7875 0.2941 -0.5416
vn -0.0881 0.7382 0.6689
vn -0.1277 0.6318 -0.7646
vn 0.9007 0.3797 -0.2113
vn 0.9493 0.3121 -0.0381
vn -0.3421 0.8709 0.3528
vn -0.2306 0.9355 0.2676
vn 0.6183 0.5116 -0.5966
vn -0.3196 0.7781 0.5407
vn 0.2168 0.6362 -0.7405
vn -0.2421 0.7404 0.6271
vn 0.9836 0.0596 0.1705
vn 0.9891 0.1474 0.0050
vn 0.7998 -0.1526 0.5806
vn 0.4622 -0.4062 0.7883
vn 0.1119 -0.5073 0.8545
vn -0.9397 -0.2381 0.2457
vn -0.9840 -0.1580 0.0822
vn -0.2565 -0.5174 0.8164
vn -0.6697 -0.3800 0.6380
vn -0.6576 0.7459 0.1058
vn 0.3240 -0.8071 0.4936
vn -0.8122 -0.4903 -0.3161
vn 0.0407 0.6407 0.7667
vn -0.7591 -0.6438 -0.0962
vn -0.4141 0.9017 -0.1242
vn -0.5884 0.7626 0.2687
vn -0.0461 0.9587 0.2805
vn 0.0058 0.9630 0.2694
vn -0.2363 0.9615 -0.1401
vn 0.1153 0.6834 0.7209
vn -0.6045 -0.6646 0.4391
vn -0.0161 0.9609 0.2765
vn 0.0297 0.5019 0.8644
vn 0.0374 0.5255 0.8500
vn -0.0441 0.9527 0.3007
vn -0.1575 0.9676 -0.1972
vn -0.0551 0.5639 0.8240
vn -0.4190 0.3826 0.8234
vn 0.1515 -0.8523 0.5007
vn -0.1345 0.9448 0.2987
vn -0.0428 0.4957 0.8674
vn -0.1351 0.9469 0.2918
vn -0.2608 0.6252 0.7356
vn -0.1293 0.4996 0.8565
vn -0.1138 0.4797 0.8700
vn 0.8086 -0.4459 0.3839
vn -0.2227 0.9251 0.3077
vn -0.2536 0.9241 0.2858
vn -0.0764 0.9863 -0.1463
vn 0.3455 0.5009 0.7935
vn 0.3495 0.9078 0.2320
vn 0.9084 -0.3858 -0.1614
vn -0.2756 0.9195 0.2804
vn -0.1735 0.6079 0.7749
vn -0.2242 0.9312 0.2875
vn 0.1119 0.9831 -0.1447
vn 0.4078 0.9108 0.0641
vn 0.8957 -0.2260 -0.3829
vn -0.0267 -0.8614 0.5073
vn 0.1385 -0.9581 -0.2506
vn -0.1225 -0.7376 -0.6640
vn 0.0697 -0.6432 -0.7625
vn -0.0715 -0.8375 -0.5417
vn 0.2884 -0.6740 -0.6801
vn 0.2794 -0.7832 -0.5554
vn 0.2185 -0.9575 -0.1885
vn 0.3041 -0.9486 -0.0874
vn -0.0093 -0.9971 -0.0752
vn 0.0670 -0.9809 -0.1826
vn 0.1437 -0.9734 -0.1783
vn 0.1198 -0.5683 0.8141
vn -0.1893 -0.6307 0.7526
vn 0.1236 -0.5987 0.7914
vn -0.3036 -0.6385 0.7072
vn -0.1930 -0.6404 0.7434
vn -0.2819 -0.6349 0.7193
vn -0.2247 -0.6215 0.7505
vn -0.3548 -0.5652 0.7447
vn -0.3278 -0.6010 0.7290
vn -0.3860 -0.5226 0.7602
vn -0.3107 -0.6420 0.7009
vn -0.3517 -0.6348 0.6880
vn -0.3498 -0.7671 0.5377
vn -0.3911 -0.7255 0.5663
vn -0.4117 -0.5438 0.7313
vn -0.4447 -0.6513 0.6148
vn -0.3407 -0.9102 0.2355
vn -0.4192 -0.8585 0.2954
vn -0.4521 -0.3051 0.8382
vn -0.4619 -0.3949 0.7941
vn -0.2537 -0.7833 0.5675
vn -0.2489 -0.9520 0.1784
vn -0.4415 -0.4798 0.7582
vn -0.4705 -0.3224 0.8214
vn -0.4757 -0.7963 0.3737
vn -0.5147 -0.5182 0.6830
vn 0.1214 -0.5814 0.8045
vn 0.1407 -0.7444 0.6528
vn 0.4584 -0.5157 0.7238
vn 0.4334 -0.5435 0.7189
vn 0.5144 -0.5116 0.6882
vn 0.1576 -0.9624 0.2213
vn 0.5208 -0.6634 0.5372
vn -0.1037 -0.9725 -0.2084
vn -0.2910 -0.9528 -0.0865
vn -0.3744 -0.9269 -0.0271
vn -0.1697 -0.9403 -0.2950
vn 0.1405 -0.9643 -0.2244
vn -0.3496 -0.5273 0.7745
vn -0.4056 -0.3895 0.8269
vn -0.5184 -0.1887 0.8341
vn -0.4760 -0.2393 0.8463
vn -0.4274 -0.1433 0.8926
vn -0.5226 0.0302 0.8520
vn -0.5399 -0.2405 0.8066
vn -0.2655 -0.4991 0.8249
vn -0.2023 -0.5651 0.7998
vn 0.5425 -0.5100 0.6675
vn 0.5485 -0.4654 0.6947
vn 0.6050 -0.6194 0.5004
vn 0.5375 -0.8302 0.1477
vn 0.3762 -0.8983 -0.2272
vn 0.6164 -0.7621 0.1981
vn 0.6338 -0.5669 0.5263
vn 0.5783 -0.4909 0.6517
vn -0.3999 -0.1077 0.9102
vn -0.4030 -0.0228 0.9149
vn -0.5131 0.1532 0.8445
vn -0.6380 0.2286 0.7353
vn -0.0080 0.2929 0.9561
vn -0.4730 -0.1591 0.8666
vn 0.1195 -0.5662 0.8155
vn 0.1212 -0.5797 0.8057
vn 0.4238 -0.4682 0.7753
vn 0.1175 -0.5501 0.8268
vn 0.4659 -0.3859 0.7963
vn 0.5504 -0.3880 0.7393
vn 0.5576 -0.8215 -0.1197
vn 0.6801 -0.6883 0.2524
vn 0.6661 -0.4794 0.5714
vn 0.0241 0.0957 0.9951
vn 0.1226 -0.5905 0.7977
vn 0.6472 -0.0568 0.7602
vn 0.5660 -0.2391 0.7889
vn 0.6222 -0.3152 0.7166
vn -0.0690 0.6393 0.7658
vn 0.5934 0.4192 0.6872
vn 0.5057 0.3109 0.8047
vn 0.5525 0.1965 0.8100
vn 0.4596 0.1107 0.8812
vn 0.6132 -0.0135 0.7898
vn 0.6070 -0.1557 0.7793
vn 0.5857 -0.1444 0.7976
vn 0.5825 -0.3727 0.7223
vn 0.5646 -0.4229 0.7088
vn 0.6112 -0.3855 0.6912
vn 0.6187 -0.2277 0.7519
vn 0.5175 0.0030 0.8557
vn 0.4820 0.0287 0.8757
vn 0.5891 -0.0744 0.8046
vn 0.5636 0.0014 0.8260
vn 0.6977 -0.3305 0.6356
vn 0.7484 -0.1247 0.6514
vn 0.7607 -0.0041 0.6491
vn 0.7209 -0.6111 0.3269
vn 0.8377 -0.4027 0.3690
vn 0.9144 -0.1439 0.3783
vn 0.9207 -0.0215 0.3898
vn 0.6335 -0.7709 -0.0665
vn 0.7122 -0.7019 0.0014
vn 0.8736 -0.4847 0.0437
vn 0.9737 -0.1903 0.1253
vn 0.9895 -0.0289 0.1416
vn 0.4226 -0.8487 -0.3182
vn 0.5668 -0.7839 -0.2533
vn 0.6414 -0.7332 -0.2259
vn 0.4706 -0.7926 -0.3876
vn 0.8184 -0.5479 -0.1730
vn 0.9582 -0.2677 -0.1009
vn 0.6759 -0.6133 -0.4087
vn 0.5275 -0.7593 -0.3809
vn 0.1310 -0.9320 -0.3379
vn 0.7422 -0.6690 0.0401
vn 0.8240 -0.4600 -0.3308
vn 0.4971 -0.6602 -0.5630
vn -0.4820 -0.8752 0.0407
vn 0.1446 -0.9667 0.2110
vn 0.8444 -0.3486 -0.4068
vn 0.6325 -0.4586 -0.6242
vn 0.9862 0.1564 0.0538
vn 0.7809 -0.0199 0.6243
vn 0.9957 -0.0696 -0.0605
vn 0.9876 -0.0024 0.1569
vn 0.9998 -0.0111 -0.0173
vn 0.9583 -0.1191 0.2600
vn 0.9090 -0.2667 -0.3204
vn 0.7783 -0.5251 -0.3443
vn 0.3214 -0.5916 -0.7394
vn 0.6276 -0.6857 -0.3687
vn 0.4394 -0.7773 -0.4503
vn 0.6149 -0.3800 -0.6910
vn 0.0784 -0.6790 -0.7300
vn 0.7615 0.2170 -0.6107
vn -0.0540 0.1141 -0.9920
vn -0.6936 -0.2845 0.6618
vn 0.0738 -0.2587 0.9631
vn -0.9822 -0.1651 0.0894
vn -0.8183 -0.0509 -0.5725
vn -0.6475 -0.7016 -0.2976
vn -0.4995 -0.5798 -0.6438
vn -0.2075 -0.8863 -0.4140
vn -0.3049 -0.7931 -0.5273
vn -0.4175 -0.8475 -0.3278
vn -0.2351 -0.8975 -0.3731
vn -0.2977 -0.8880 -0.3506
vn -0.5103 -0.6355 -0.5795
vn -0.6073 -0.7396 -0.2901
vn -0.4884 -0.7935 -0.3632
vn -0.7282 -0.5920 -0.3453
vn -0.4054 -0.8952 -0.1850
vn -0.3213 -0.9214 -0.2186
vn -0.4649 -0.8841 0.0474
vn -0.8077 -0.5324 -0.2533
vn -0.1833 -0.6697 -0.7196
vn -0.8375 -0.5456 -0.0307
vn -0.6256 -0.7714 -0.1165
vn -0.6806 -0.7252 0.1044
vn -0.8583 -0.4738 0.1969
vn -0.6464 -0.6324 0.4270
vn -0.7967 -0.4087 0.4452
vn -0.6239 -0.3371 0.7051
vn -0.6722 -0.2259 0.7051
vn -0.8387 -0.2938 0.4586
vn -0.9208 -0.3245 0.2163
vn -0.9299 -0.3676 0.0148
vn -0.9258 -0.2986 0.2317
vn -0.9481 -0.3126 0.0588
vn -0.8549 -0.3997 0.3308
vn 0.4277 -0.5352 0.7285
vn 0.5352 -0.5087 0.6744
vn -0.9359 -0.1777 0.3042
vn -0.8530 -0.3742 0.3639
vn -0.9298 -0.2433 0.2761
vn -0.9172 -0.2697 0.2933
vn -0.9128 -0.3066 0.2697
vn -0.9471 -0.3146 0.0631
vn -0.9268 -0.3602 0.1064
vn -0.8948 -0.3654 0.2566
vn 0.1600 -0.9747 -0.1559
vn -0.0655 -0.9286 -0.3652
vn -0.6609 -0.7295 -0.1761
vn -0.9333 -0.3209 -0.1613
vn -0.9636 0.1726 -0.2041
vn -0.5302 0.5203 0.6695
vn -0.8501 0.4693 0.2389
vn 0.2004 -0.2985 -0.9331
vn -0.0882 -0.0291 -0.9957
vn 0.0229 0.5175 -0.8554
vn 0.1046 0.8719 -0.4784
vn 0.3979 0.9151 -0.0648
vn -0.3341 0.5751 0.7468
vn -0.8963 -0.0464 0.4410
vn -0.8159 0.0153 0.5780
vn -0.8118 0.0397 0.5826
vn -0.6914 0.0169 0.7223
vn -0.6950 0.0538 0.7170
vn -0.5617 0.0068 0.8273
vn -0.6374 0.0698 0.7674
vn -0.5379 0.1773 0.8241
vn -0.4698 0.1085 0.8761
vn -0.2900 0.2461 0.9249
vn -0.4045 -0.0194 0.9143
vn -0.2729 0.1508 0.9502
vn -0.2829 0.0193 0.9590
vn -0.0079 0.2926 0.9562
vn 0.0032 0.2256 0.9742
vn 0.0230 0.1029 0.9944
vn 0.3361 0.1151 0.9348
vn 0.2862 0.2374 0.9283
vn 0.4600 0.1144 0.8805
vn 0.2718 0.3330 0.9029
vn 0.4805 0.2556 0.8389
vn 0.5205 0.3412 0.7828
vn 0.5948 0.1858 0.7821
vn 0.6431 0.2680 0.7173
vn 0.6989 0.2695 0.6625
vn 0.7070 0.2334 0.6676
vn 0.8039 0.2897 0.5194
vn 0.8148 0.2677 0.5142
vn 0.8994 0.2315 0.3707
vn 0.9662 0.1167 0.2298
vn 0.9781 0.0520 0.2015
vn 0.9513 -0.0950 0.2934
vn 0.9754 0.0232 0.2193
vn 0.9806 -0.0136 0.1956
vn 0.9998 -0.0133 -0.0131
vn 0.9976 -0.0624 0.0311
vn 0.9802 -0.0752 0.1833
vn 0.1303 -0.9793 -0.1547
vn 0.3147 -0.8698 -0.3801
vn 0.8348 -0.4981 -0.2346
vn 0.9715 -0.0261 -0.2358
vn 0.8481 0.4529 -0.2749
vn 0.3978 0.6639 0.6332
vn 0.6844 0.7068 0.1789
vn -0.1715 -0.3561 -0.9186
vn 0.0167 -0.0129 -0.9998
vn -0.2431 0.4763 -0.8450
vn -0.3991 0.7939 -0.4587
vn -0.6593 0.7515 -0.0235
vn 0.2009 0.6579 0.7258
vn -0.3272 -0.1613 0.9311
vn -0.3795 -0.1675 0.9099
vn -0.3499 -0.1205 0.9290
vn 0.0475 -0.0553 0.9973
vn -0.3048 -0.2483 0.9195
vn -0.4762 -0.1779 0.8611
vn 0.4397 0.0017 0.8981
vn -0.2859 -0.2680 0.9200
vn -0.6615 -0.2382 0.7111
vn -0.3909 -0.2401 0.8886
vn 0.0684 -0.1950 0.9784
vn -0.3155 -0.2859 0.9048
vn -0.4826 -0.2290 0.8454
vn 0.4306 -0.0441 0.9015
vn 0.4227 -0.1583 0.8923
vn -0.8370 -0.2901 0.4639
vn -0.2755 -0.2764 0.9207
vn -0.4212 -0.2872 0.8603
vn 0.4347 -0.1338 0.8906
vn -0.6394 -0.2797 0.7162
vn 0.0725 -0.2228 0.9722
vn -0.3009 -0.2630 0.9167
vn -0.4429 -0.2797 0.8518
vn 0.4806 -0.0344 0.8763
vn 0.5117 -0.1004 0.8533
vn 0.4551 -0.1666 0.8747
vn -0.4643 -0.2852 0.8385
vn 0.4154 -0.1694 0.8937
vn -0.2429 -0.2499 0.9373
vn -0.5469 -0.2518 0.7984
vn 0.5525 -0.1365 0.8222
vn -0.8389 -0.3011 0.4535
vn 0.3777 -0.1538 0.9131
vn -0.3529 -0.1189 0.9281
vn -0.5030 -0.1183 0.8561
vn -0.7482 -0.2177 0.6267
vn -0.6419 -0.2960 0.7073
vn 0.5719 -0.0157 0.8202
vn 0.5703 -0.1229 0.8122
vn 0.0689 -0.1982 0.9777
vn -0.6338 -0.1188 0.7643
vn -0.8888 -0.2159 0.4042
vn 0.7547 -0.0190 0.6557
vn 0.5922 -0.0626 0.8033
vn 0.4352 -0.1491 0.8879
vn -0.8495 -0.2842 0.4446
vn -0.2658 -0.1355 0.9544
vn -0.7978 -0.0933 0.5957
vn 0.7466 -0.0652 0.6620
vn 0.5913 -0.1219 0.7972
vn 0.6566 -0.0655 0.7514
vn 0.4420 0.0041 0.8970
vn 0.0508 -0.0765 0.9958
vn -0.9170 -0.1020 0.3856
vn 0.9184 -0.0185 0.3953
vn 0.7533 -0.0800 0.6528
vn 0.8245 0.0257 0.5653
vn 0.5790 0.0491 0.8138
vn 0.3663 -0.0377 0.9297
vn 0.9406 0.0673 0.3327
vn 0.6964 0.0871 0.7123
vn 0.9226 -0.0285 0.3846
vn 0.8317 0.1589 0.5320
vn 0.9269 -0.0092 0.3751
vn 0.9316 0.1841 0.3133
vn -0.2410 0.8406 -0.4850
vn -0.4754 0.6970 0.5369
vn 0.5620 0.5188 0.6442
vn -0.6349 0.7053 -0.3154
vn 0.2327 0.3581 0.9042
vn -0.7958 0.5743 -0.1922
vn 0.0306 0.2435 0.9694
vn -0.2789 0.8917 -0.3564
vn 0.4460 0.6011 0.6631
vn 0.2554 0.1356 -0.9573
vn 0.9853 -0.1563 0.0686
vn -0.1474 -0.5128 -0.8457
vn 0.5737 -0.8017 0.1677
vn -0.4594 -0.6335 -0.6226
vn 0.2296 -0.9097 0.3461
vn -0.8427 -0.4523 -0.2920
vn -0.1588 -0.7258 0.6693
vn -0.8027 0.5742 0.1612
vn -0.0375 0.4658 0.8841
vn 0.6018 0.7916 0.1063
vn -0.8039 0.2971 0.5153
vn 0.7135 0.5320 0.4559
vn -0.7341 0.1235 0.6677
vn 0.7113 0.3472 0.6112
vn -0.7349 0.6177 0.2801
vn 0.5333 0.8139 0.2306
vn -0.7003 0.1189 -0.7038
vn 0.5760 0.3164 -0.7537
vn -0.5710 -0.6230 -0.5347
vn 0.6899 -0.4279 -0.5840
vn -0.4954 -0.8436 -0.2069
vn 0.7097 -0.6571 -0.2540
vn -0.4740 -0.8164 0.3297
vn 0.7220 -0.6314 0.2830
vn -0.6417 0.3326 0.6911
vn 0.2823 0.8142 0.5073
vn -0.0618 0.8684 -0.4920
vn -0.2602 0.2818 0.9235
vn 0.3665 0.8602 -0.3545
vn -0.0287 0.2342 0.9718
vn 0.5682 0.7854 -0.2456
vn -0.5548 0.4462 0.7022
vn -0.0313 0.9301 -0.3661
vn -0.8840 -0.4456 0.1416
vn -0.3567 0.0408 -0.9333
vn -0.2905 -0.9354 0.2014
vn 0.2303 -0.4544 -0.8605
vn 0.0826 -0.9324 0.3519
vn 0.5803 -0.4726 -0.6633
vn 0.4211 -0.6359 0.6468
vn 0.9151 -0.1801 -0.3607
vn -0.8002 0.2272 0.5551
vn -0.6722 -0.0746 -0.7366
vn 0.3257 -0.3749 0.8680
vn 0.3842 -0.8226 -0.4193
vn 0.3001 0.9535 -0.0265
vn 0.7713 0.5045 -0.3880
vn 0.7574 0.4500 0.4732
vn -0.1353 -0.4440 0.8858
vn 0.5926 0.1161 -0.7971
vn -0.5714 0.8204 0.0223
vn -0.1488 -0.9050 -0.3985
vn -0.9148 0.2435 -0.3221
vn 0.5361 -0.8225 0.1900
vn -0.6733 -0.6438 0.3636
vn 0.7151 -0.6004 -0.3580
vn -0.7536 -0.5112 0.4132
vn -0.7646 -0.6346 -0.1129
vn -0.8643 -0.4999 -0.0553
vn 0.4293 -0.4573 -0.7788
vn -0.7900 -0.5222 -0.3212
vn -0.6671 -0.3969 -0.6304
vn -0.2168 -0.2539 -0.9426
vn -0.9051 -0.3946 0.1586
vn -0.7775 -0.2573 -0.5738
vn -0.9022 -0.2111 -0.3762
vn -0.9034 -0.3790 -0.2005
vn 0.6530 -0.6260 -0.4262
vn -0.8690 -0.4943 0.0206
vn -0.7682 -0.0956 -0.6330
vn -0.9530 -0.2744 0.1284
vn 0.1809 -0.9075 0.3791
vn -0.5838 0.0627 -0.8095
vn -0.9003 -0.2768 0.3360
vn 0.6701 0.5068 -0.5423
vn 0.6772 -0.6401 -0.3629
vn 0.1359 -0.9850 -0.1063
vn 0.5510 0.3010 -0.7783
vn -0.2664 -0.9421 -0.2038
vn 0.0045 0.0392 -0.9992
vn -0.5477 -0.3787 -0.7461
vn 0.6460 0.1150 -0.7547
vn 0.1129 -0.1869 -0.9759
vn -0.5048 -0.4457 -0.7393
vn -0.1764 -0.5517 -0.8152
vn -0.3184 -0.9335 0.1647
vn 0.1848 -0.3379 -0.9228
vn 0.4327 -0.5855 -0.6855
vn 0.1851 -0.9812 -0.0552
vn -0.1708 0.3100 -0.9353
vn -0.2218 -0.9699 0.1003
vn -0.6580 -0.0842 -0.7483
vn -0.8429 -0.5075 -0.1789
vn -0.0730 0.2609 -0.9626
vn -0.5288 -0.2129 -0.8216
vn -0.7722 -0.5439 -0.3285
vn 0.7384 0.5645 -0.3690
vn -0.3976 -0.3615 -0.8433
vn -0.8811 -0.0814 -0.4659
vn 0.2955 -0.7568 -0.5830
vn 0.7434 0.0995 -0.6614
vn 0.5600 -0.0586 0.8264
vn 0.9869 0.0010 0.1610
vn 0.8076 0.0126 -0.5897
vn -0.6750 -0.2195 0.7044
vn 0.0648 -0.8996 0.4320
vn 0.1057 -0.9561 -0.2733
vn -0.8543 -0.1457 0.4989
vn 0.2282 -0.7867 -0.5735
vn -0.8447 -0.0946 0.5269
vn -0.7255 -0.1535 0.6709
vn -0.9733 -0.1314 -0.1880
vn -0.8578 -0.0112 0.5139
vn -0.9459 0.1852 0.2666
vn -0.9864 0.0058 -0.1642
vn -0.5853 -0.0389 -0.8099
vn -0.9319 0.3506 -0.0926
vn -0.6381 0.1077 -0.7624
vn -0.9053 0.3833 0.1832
vn -0.8546 0.5192 -0.0040
vn -0.9734 0.1687 -0.1551
vn -0.7726 0.5931 -0.2265
vn -0.6051 0.2691 -0.7493
vn -0.8395 0.4173 -0.3479
vn 0.0996 -0.5100 0.8544
vn 0.0494 -0.9529 -0.2993
vn -0.5343 -0.8442 -0.0432
vn 0.6894 -0.4946 0.5293
vn -0.3210 -0.7265 -0.6076
vn 0.9861 -0.1397 -0.0905
vn 0.2350 -0.5498 -0.8015
vn 0.1724 0.2731 -0.9464
vn -0.7222 0.3231 -0.6116
vn 0.0082 0.3809 -0.9246
vn -0.7190 0.3179 -0.6181
vn 0.0301 0.4127 -0.9104
vn -0.9870 -0.0747 0.1425
vn 0.0965 0.5272 -0.8442
vn -0.7200 0.4711 -0.5097
vn -0.0129 0.6079 -0.7939
vn -0.9967 0.0778 0.0250
vn -0.5289 0.6967 -0.4847
vn -0.6679 0.6536 -0.3561
vn 0.8263 0.1828 -0.5327
vn -0.7869 -0.1374 -0.6016
vn -0.0972 -0.8176 -0.5675
vn -0.8162 -0.2387 -0.5262
vn -0.9259 -0.2950 0.2358
vn -0.0232 -0.8257 -0.5637
vn -0.4514 -0.2151 0.8660
vn 0.7614 0.0028 0.6482
vn 0.1673 -0.9466 -0.2757
vn 0.8939 0.1248 0.4306
vn 0.2429 -0.8720 0.4250
vn 0.8714 0.1710 0.4598
vn 0.7869 0.0806 0.6118
vn 0.9503 0.1663 -0.2632
vn 0.8577 0.2543 0.4468
vn 0.8633 0.4652 0.1959
vn 0.9231 0.3013 -0.2389
vn 0.5062 0.1300 -0.8525
vn 0.7727 0.6145 -0.1592
vn 0.5158 0.2863 -0.8075
vn 0.6551 0.7529 -0.0630
vn 0.8623 0.4528 -0.2268
vn 0.7586 0.6408 0.1181
vn 0.4366 0.4303 -0.7901
vn 0.5379 0.7959 -0.2777
vn 0.6453 0.6471 -0.4060
vn 0.2179 -0.9268 -0.3059
vn 0.1244 -0.5061 0.8534
vn -0.3184 0.1972 -0.9272
vn -0.9018 -0.4318 -0.0167
vn -0.4655 -0.6733 0.5744
vn 0.7593 -0.6440 -0.0938
vn -0.2227 0.3736 -0.9005
vn -0.1932 0.3497 -0.9167
vn 0.4780 -0.6028 -0.6389
vn -0.1185 -0.6045 -0.7877
vn 0.5031 0.6604 -0.5575
vn 0.5401 0.5128 -0.6673
vn -0.3152 0.4635 -0.8281
vn 0.5422 0.5187 -0.6610
vn -0.2317 0.5740 -0.7854
vn 0.4102 0.8204 -0.3982
vn 0.9713 0.2283 0.0659
vn 0.2553 0.8180 -0.5154
vn 0.9256 0.3753 -0.0501
vn 0.4347 -0.5620 0.7037
vn 0.3571 -0.9001 0.2498
vn 0.7412 0.4631 0.4859
vn 0.5074 -0.7794 -0.3674
vn 0.9465 0.3203 -0.0398
vn 0.6812 0.0010 -0.7321
vn 0.7963 0.2056 0.5690
vn 0.9597 0.2686 -0.0824
vn 0.6475 0.1158 -0.7532
vn 0.9459 -0.0175 -0.3241
vn 0.5989 0.1883 -0.7784
vn 0.9825 0.1467 0.1146
vn 0.3010 -0.3328 -0.8937
vn 0.9400 0.2062 -0.2717
vn 0.9575 0.2877 -0.0184
vn 0.4513 0.2216 -0.8644
vn 0.8988 0.1242 -0.4203
vn 0.5196 -0.4713 0.7127
vn 0.0825 -0.9951 -0.0550
vn -0.8313 0.2744 -0.4834
vn 0.9973 0.0596 0.0440
vn 0.9736 -0.0537 0.2220
vn -0.1510 -0.9256 -0.3472
vn 0.1219 -0.8983 -0.4221
vn -0.3604 -0.9012 -0.2408
vn 0.3971 -0.8402 -0.3694
vn -0.6266 -0.7793 -0.0036
vn -0.2582 -0.8603 -0.4396
vn -0.1243 -0.8057 -0.5791
vn -0.2647 -0.6360 -0.7249
vn -0.1300 -0.5529 -0.8230
vn 0.0925 -0.7600 -0.6433
vn -0.5437 -0.7744 -0.3236
vn 0.3171 -0.7374 -0.5964
vn 0.4715 -0.7473 -0.4682
vn -0.2112 -0.2579 -0.9428
vn -0.4140 -0.7055 -0.5751
vn 0.3882 -0.5350 -0.7504
vn 0.5626 -0.5544 -0.6133
vn 0.0444 -0.5049 -0.8620
vn 0.2276 -0.4976 -0.8370
vn 0.5961 -0.7531 -0.2782
vn -0.8254 -0.5447 0.1482
vn -0.0050 -0.2143 -0.9767
vn -0.4419 -0.3205 -0.8379
vn -0.8066 -0.5240 -0.2735
vn -0.6553 -0.4265 -0.6235
vn 0.4528 -0.1821 -0.8728
vn 0.7257 -0.5779 -0.3733
vn 0.8304 -0.5538 -0.0605
vn -0.0522 0.0860 -0.9949
vn 0.2067 -0.1932 -0.9591
vn -0.5643 -0.0109 -0.8255
vn -0.7996 -0.1196 -0.5885
vn 0.7039 -0.2161 -0.6766
vn -0.8903 -0.2999 0.3426
vn -0.9226 -0.3559 0.1489
vn -0.9476 -0.2465 -0.2031
vn -0.2845 0.0441 -0.9577
vn 0.1840 0.1166 -0.9760
vn 0.4766 0.1502 -0.8662
vn 0.7511 0.1204 -0.6491
vn 0.9038 -0.2593 -0.3404
vn -0.8828 -0.4077 0.2332
vn -0.3170 0.2767 -0.9072
vn -0.0851 0.3105 -0.9468
vn 0.1485 0.3487 -0.9254
vn 0.9595 0.0487 -0.2776
vn 0.9601 -0.2684 0.0784
vn -0.8172 -0.2448 0.5218
vn -0.3612 0.4983 -0.7882
vn 0.1327 0.5748 -0.8075
vn -0.8212 -0.2603 0.5078
vn -0.1176 0.5508 -0.8263
vn 0.9955 -0.0590 0.0739
vn -0.3700 0.7414 -0.5599
vn 0.9627 -0.0131 0.2701
vn -0.7814 0.5874 0.2108
vn -0.7530 0.6568 0.0401
vn -0.9135 0.3152 0.2572
vn 0.0852 0.8118 -0.5777
vn -0.3767 0.8743 -0.3062
vn 0.9798 -0.1195 0.1604
vn -0.7206 0.5676 0.3983
vn -0.6099 0.7310 0.3061
vn -0.1447 0.7819 -0.6064
vn 0.0707 0.9435 -0.3237
vn 0.2809 0.9256 -0.2536
vn -0.5657 0.7946 -0.2205
vn -0.6086 0.6779 0.4124
vn -0.4252 0.8313 0.3579
vn -0.5947 0.7992 0.0866
vn -0.1569 0.9299 -0.3328
vn 0.0948 0.9919 -0.0851
vn 0.8903 0.0195 0.4550
vn 0.8977 0.0058 0.4406
vn -0.4217 0.8085 0.4104
vn -0.1261 0.9127 0.3887
vn -0.4119 0.9002 0.1412
vn -0.6663 0.7379 -0.1078
vn -0.3960 0.9159 -0.0659
vn -0.1550 0.9859 -0.0628
vn 0.1304 0.9842 0.1200
vn 0.5204 0.8539 -0.0097
vn 0.8056 0.5710 0.1582
vn -0.1209 0.8954 0.4286
vn -0.1455 0.9780 0.1492
vn 0.4022 0.9033 -0.1495
vn 0.3305 0.9424 0.0504
vn 0.5813 0.7983 0.1575
vn 0.1713 0.9109 0.3753
vn 0.1804 0.9251 0.3342
vn 0.3822 0.8846 0.2673
vn 0.5205 0.8208 0.2354
vn 0.3697 0.8825 0.2907
vn 0.4121 0.4771 -0.7763
vn 0.8643 0.4946 0.0915
vn 0.4968 0.3898 -0.7754
vn 0.4501 -0.0034 0.8930
vn 0.9350 0.3437 0.0870
vn 0.5308 0.2575 -0.8075
vn 0.4178 -0.0642 0.9063
vn 0.9796 0.1696 0.1078
vn 0.6759 0.2535 -0.6921
vn 0.8821 0.1094 0.4582
vn 0.6814 0.4539 -0.5741
vn 0.9722 0.1537 0.1768
vn 0.9374 0.2420 -0.2502
vn 0.8474 0.0838 0.5243
vn 0.0868 -0.1059 0.9906
vn 0.1319 -0.0948 0.9867
vn 0.8901 0.3709 0.2650
vn 0.0192 -0.1505 0.9884
vn 0.6035 0.7373 0.3036
vn 0.8214 0.5035 0.2678
vn 0.7828 0.2213 0.5816
vn 0.0448 -0.0889 0.9950
vn 0.3217 0.8994 0.2959
vn 0.5123 0.1405 0.8472
vn 0.5397 0.7147 0.4448
vn 0.1821 0.8547 0.4862
vn 0.5050 0.3478 0.7900
vn 0.7782 0.6260 0.0511
vn 0.3736 0.6375 0.6737
vn -0.2610 -0.3469 0.9009
vn 0.5896 0.1393 0.7956
vn 0.8929 0.4502 0.0066
vn -0.2574 0.8055 0.5337
vn -0.0404 0.8426 0.5370
vn 0.0722 0.6121 0.7875
vn -0.0668 -0.3675 0.9276
vn 0.6745 -0.0087 0.7382
vn 0.2605 0.2756 0.9253
vn -0.2342 0.5691 0.7882
vn -0.5270 0.6833 0.5054
vn 0.9427 0.3336 -0.0106
vn 0.7465 0.2733 0.6066
vn -0.1812 0.2880 0.9403
vn -0.7378 0.4617 0.4925
vn -0.0894 0.0430 0.9951
vn 0.0208 -0.1863 0.9823
vn -0.5198 0.4261 0.7404
vn -0.8491 0.2825 0.4464
vn -0.7733 -0.2121 0.5976
vn -0.7010 -0.3787 0.6043
vn 0.7751 0.1133 0.6216
vn -0.6852 0.2633 0.6791
vn -0.5157 0.0263 0.8563
vn -0.7407 0.1386 0.6573
vn -0.8284 0.2202 -0.5151
vn -0.0880 -0.3202 0.9433
vn -0.9380 0.0920 0.3342
vn -0.7812 -0.0043 0.6243
vn 0.5952 -0.5558 0.5804
vn -0.7878 -0.1834 0.5880
vn -0.0079 -0.2363 0.9716
vn -0.7621 0.0003 -0.6474
vn -0.9583 -0.1515 0.2422
vn 0.0552 -0.2103 0.9761
vn 0.7149 -0.3589 0.6001
vn -0.6035 -0.2058 -0.7703
vn -0.8056 -0.2816 0.5213
vn -0.9393 -0.3130 0.1407
vn 0.0837 -0.1188 0.9894
vn -0.5400 -0.3774 -0.7523
vn -0.9078 -0.4012 0.1222
vn -0.8456 -0.5249 0.0973
vn -0.1797 0.0231 0.9834
vn -0.4105 -0.5698 -0.7120
vn -0.4192 -0.1090 0.9013
vn -0.1679 0.2323 0.9580
vn -0.5298 -0.0223 0.8478
vn -0.8141 -0.5303 -0.2366
vn 0.0482 0.9252 -0.3765
vn -0.3646 0.6701 -0.6465
vn 0.0274 0.5255 -0.8504
vn -0.1789 0.9324 -0.3140
vn 0.4322 0.6286 -0.6465
vn -0.1308 0.9912 0.0185
vn 0.2747 0.9088 -0.3140
vn 0.0509 0.9768 0.2079
vn 0.2331 0.9723 0.0185
vn -0.2759 0.9258 -0.2583
vn -0.1774 0.9763 -0.1238
vn -0.2145 0.9531 -0.2137
vn -0.3398 0.9405 0.0064
vn -0.3145 0.9328 0.1760
vn -0.3425 0.8883 0.3059
vn -0.3199 0.9283 -0.1893
vn -0.3795 0.9238 0.0505
vn -0.2700 0.8272 0.4927
vn -0.2999 0.9023 0.3096
vn -0.2770 0.8456 0.4563
vn -0.0936 0.8305 0.5491
vn -0.2573 0.8664 0.4279
vn -0.1082 0.8613 0.4965
vn 0.0434 0.8335 0.5508
vn 0.0465 0.8938 0.4460
vn 0.1971 0.8454 0.4965
vn 0.1793 0.8163 0.5491
vn -0.1211 0.8963 0.4265
vn 0.3633 0.8122 0.4563
vn 0.2135 0.8789 0.4265
vn 0.3459 0.8350 0.4279
vn 0.0499 0.9587 0.2799
vn 0.3544 0.7947 0.4927
vn 0.4329 0.8479 0.3059
vn 0.3920 0.8663 0.3096
vn 0.4734 0.8794 0.0505
vn 0.4097 0.8951 0.1760
vn 0.4357 0.9001 0.0064
vn 0.4146 0.8901 -0.1893
vn 0.3123 0.9256 -0.2137
vn 0.2779 0.9526 -0.1238
vn 0.3705 0.8922 -0.2583
vn -0.0472 -0.9068 0.4190
vn 0.1315 -0.8123 0.5682
vn 0.0101 -0.7052 0.7090
vn 0.0807 -0.9864 0.1430
vn -0.0403 -0.7739 0.6320
vn -0.0515 -0.9898 0.1327
vn -0.0833 -0.7003 0.7090
vn -0.1827 -0.9727 0.1430
vn -0.2152 -0.7942 0.5682
vn 0.3401 -0.6987 0.6294
vn 0.4353 -0.7922 0.4277
vn -0.0944 -0.9827 -0.1596
vn -0.0082 -0.9871 -0.1596
vn 0.5750 -0.6320 0.5196
vn 0.2063 -0.9771 0.0520
vn 0.5704 -0.8028 0.1737
vn 0.7323 -0.6480 0.2094
vn 0.0619 -0.9849 -0.1615
vn 0.5926 -0.7758 -0.2167
vn 0.3452 -0.9214 -0.1787
vn 0.6827 -0.6659 -0.3009
vn 0.3960 -0.8897 -0.2273
vn 0.4993 -0.6698 -0.5497
vn 0.2808 -0.8944 -0.3480
vn 0.1238 -0.9629 -0.2399
vn 0.5680 -0.5570 -0.6060
vn -0.0253 -0.9899 -0.1397
vn 0.3477 -0.5812 -0.7357
vn 0.1623 -0.9062 -0.3904
vn 0.3942 -0.4069 -0.8240
vn -0.0519 -0.9976 0.0463
vn -0.0218 -0.4191 -0.9077
vn -0.0482 -0.9252 -0.3765
vn -0.0296 -0.5688 -0.8220
vn -0.4062 -0.5419 -0.7357
vn -0.4343 -0.3637 -0.8241
vn -0.2556 -0.8845 -0.3904
vn -0.0776 -0.9871 -0.1397
vn -0.6227 -0.4950 -0.6060
vn -0.3722 -0.8604 -0.3480
vn -0.2231 -0.9448 -0.2399
vn -0.5662 -0.6143 -0.5497
vn -0.4390 -0.8805 -0.1787
vn -0.4863 -0.8437 -0.2273
vn -0.7482 -0.5914 -0.3009
vn -0.6700 -0.7100 -0.2167
vn -0.1638 -0.9732 -0.1615
vn -0.7957 -0.5684 0.2094
vn -0.6507 -0.7392 0.1737
vn -0.3067 -0.9504 0.0520
vn -0.6375 -0.5689 0.5196
vn -0.5152 -0.7427 0.4277
vn -0.4108 -0.6596 0.6294
vn 0.4001 0.1756 0.8995
vn 0.3548 0.5246 0.7739
vn 0.4079 0.1761 0.8959
vn 0.3523 0.5298 0.7715
vn 0.3908 0.0028 0.9205
vn 0.4020 0.0234 0.9153
vn 0.3479 0.7146 0.6069
vn 0.3472 0.7189 0.6022
vn 0.3817 0.0027 0.9243
vn 0.3666 -0.0203 0.9302
vn 0.2188 0.7290 0.6486
vn 0.1771 0.7276 0.6627
vn -0.2323 0.4151 0.8796
vn -0.0002 0.5975 0.8019
vn -0.3063 0.5543 0.7739
vn -0.0939 0.6855 0.7220
vn 0.0137 0.6129 0.7900
vn -0.5573 0.6325 0.5379
vn 0.1609 0.5953 0.7872
vn 0.1715 0.6871 0.7061
vn -0.3708 0.1706 0.9129
vn -0.5155 0.3250 0.7929
vn -0.6767 0.5782 0.4558
vn -0.6726 0.4273 0.6041
vn -0.5807 0.8066 0.1110
vn -0.7447 0.5015 0.4403
vn -0.3885 0.8371 -0.3852
vn -0.6431 0.7614 0.0822
vn -0.8139 0.5053 0.2867
vn -0.3529 0.8889 -0.2923
vn -0.3448 0.8566 -0.3839
vn -0.4171 0.7382 -0.5302
vn -0.7426 0.6656 0.0737
vn -0.2337 0.8707 -0.4328
vn -0.1650 0.9238 -0.3456
vn -0.8167 0.5637 -0.1237
vn -0.3646 0.7102 -0.6022
vn 0.0469 0.9015 -0.4302
vn -0.9059 0.3057 -0.2930
vn -0.4973 0.6139 -0.6131
vn -0.6011 0.7524 -0.2692
vn 0.0486 0.9340 -0.3538
vn -0.8267 0.2617 -0.4980
vn -0.4973 0.6721 -0.5487
vn -0.3683 0.8640 -0.3433
vn 0.3228 0.8417 -0.4328
vn 0.2600 0.9016 -0.3456
vn -0.8043 -0.1916 -0.5625
vn -0.8415 0.4521 -0.2957
vn -0.7856 0.3186 -0.5304
vn -0.1237 0.8909 -0.4369
vn -0.7239 0.6639 -0.1876
vn 0.4319 0.8161 -0.3839
vn -0.8180 -0.2062 -0.5369
vn -0.0873 0.9060 -0.4141
vn -0.4218 0.8382 -0.3457
vn 0.2156 0.8733 -0.4369
vn -0.8054 0.5812 -0.1160
vn -0.9408 0.3302 -0.0765
vn 0.4433 0.8474 -0.2923
vn -0.7435 -0.4512 -0.4936
vn -0.9563 0.2066 -0.2071
vn 0.0470 0.9031 -0.4268
vn -0.1507 0.9829 -0.1058
vn 0.0458 0.8801 -0.4726
vn 0.4561 0.8211 -0.3433
vn 0.4734 0.7922 -0.3852
vn -0.8980 -0.2821 -0.3377
vn -0.5158 0.8421 -0.1572
vn -0.8468 0.5016 -0.1768
vn -0.9338 0.3487 -0.0802
vn 0.0518 0.9944 -0.0925
vn 0.1809 0.8921 -0.4141
vn 0.6613 0.7419 0.1110
vn 0.4383 0.6660 -0.6036
vn -0.9729 0.2280 -0.0396
vn -0.2621 0.9650 -0.0042
vn -0.6323 0.7659 -0.1163
vn 0.5040 0.7915 -0.3456
vn 0.7187 0.6905 0.0822
vn 0.6769 0.6852 -0.2690
vn -0.8432 0.5071 -0.1786
vn 0.0520 0.9977 0.0435
vn 0.2620 0.9590 -0.1080
vn 0.6200 0.5712 0.5379
vn 0.7331 0.5048 0.4558
vn 0.4868 0.6917 -0.5335
vn 0.5538 0.6698 -0.4946
vn 0.7375 0.6546 -0.1661
vn -0.7043 0.6713 -0.2308
vn 0.0511 0.9815 -0.1843
vn 0.5327 0.8360 -0.1319
vn 0.3426 0.9395 0.0046
vn 0.3658 0.5244 0.7689
vn 0.5464 0.2697 0.7929
vn 0.7841 0.4374 0.4403
vn 0.7989 0.5964 0.0783
vn 0.6691 0.6877 -0.2816
vn -0.4252 0.8600 -0.2822
vn 0.5953 0.7980 -0.0939
vn 0.3963 0.1343 0.9082
vn 0.6661 0.7452 -0.0325
vn 0.4299 0.6793 -0.5947
vn 0.7104 0.3625 0.6033
vn 0.7304 0.6047 0.3177
vn 0.6950 0.7167 -0.0579
vn 0.4721 0.8390 -0.2706
vn 0.6967 0.6537 -0.2955
vn 0.3525 0.3070 0.8840
vn 0.5094 0.6123 -0.6046
vn 0.6243 0.7336 -0.2686
vn 0.7253 0.6715 -0.1518
vn 0.7741 0.5393 -0.3316
vn 0.5729 0.6659 -0.4779
vn 0.7471 0.5870 -0.3119
vn 0.7845 0.6181 -0.0495
vn 0.8502 0.4645 -0.2478
vn 0.7616 0.3640 -0.5362
vn 0.7240 0.2373 -0.6477
vn 0.8543 0.4733 -0.2150
vn 0.8090 0.0135 -0.5877
vn 0.8384 0.0500 -0.5427
vn 0.8342 0.4302 -0.3450
vn 0.7920 0.4809 -0.3761
vn 0.8354 0.2968 -0.4626
vn 0.7075 0.5639 -0.4260
vn 0.8477 0.3344 -0.4118
vn 0.8893 0.2375 -0.3908
vn 0.5247 0.6955 -0.4908
vn 0.8967 0.2830 -0.3403
vn 0.0319 0.8510 -0.5243
vn 0.8778 0.4213 -0.2280
vn 0.3290 0.8076 -0.4894
vn 0.9236 0.1744 -0.3414
vn -0.4930 0.7102 -0.5026
vn -0.5851 0.6633 -0.4666
vn 0.0227 0.8123 -0.5828
vn 0.0275 0.9447 -0.3268
vn -0.7809 0.5660 -0.2644
vn -0.2803 0.8282 -0.4854
vn 0.3186 0.8949 -0.3124
vn -0.3262 0.8876 -0.3251
vn 0.5587 0.6942 -0.4537
vn 0.0600 0.8806 -0.4700
vn -0.9062 0.3768 -0.1921
vn -0.8966 0.4264 -0.1195
vn -0.4057 0.8086 -0.4261
vn 0.5852 0.6323 -0.5077
vn -0.7160 0.6236 -0.3137
vn -0.7334 0.6257 -0.2659
vn -0.5466 0.7561 -0.3598
vn -0.5197 0.7961 -0.3099
vn 0.0585 0.7344 -0.6761
vn -0.3200 0.7305 -0.6032
vn 0.3818 0.7313 -0.5652
vn 0.3680 0.7036 -0.6079
vn -0.5134 0.6869 -0.5144
vn -0.9614 0.2369 -0.1401
vn -0.9744 0.2023 -0.0982
vn -0.9601 0.2774 -0.0358
vn -0.2666 0.8025 -0.5338
vn 0.3036 0.8747 -0.3778
vn 0.0748 0.8539 -0.5151
vn -0.9643 0.2646 -0.0115
vn -0.9966 0.0113 -0.0811
vn 0.4416 0.8623 -0.2478
vn 0.0354 0.9603 -0.2768
vn -0.2800 0.8867 -0.3680
vn -0.4810 0.7702 -0.4188
vn -0.9029 0.4240 0.0704
vn 0.4234 0.8721 -0.2452
vn -0.3502 0.9243 -0.1517
vn 0.6300 0.7421 -0.2290
vn -0.0097 0.9731 -0.2302
vn -0.2520 0.9293 -0.2700
vn 0.3951 0.9016 -0.1759
vn 0.0490 0.9601 -0.2752
vn 0.1302 0.9914 0.0112
vn 0.0984 0.9951 -0.0113
vn -0.3129 0.8760 -0.3670
vn 0.1668 0.9859 0.0088
vn -0.4608 0.8576 -0.2284
vn 0.1865 0.9822 0.0214
vt 0.797254 0.891722
vt 0.825656 0.866335
vt 0.801248 0.827072
vt 0.805944 0.937226
vt 0.767369 0.874002
vt 0.774032 0.940685
vt 0.764131 0.883940
vt 0.767796 0.937499
vt 0.764922 0.926592
vt 0.829093 0.932614
vt 0.839491 0.877025
vt 0.771247 0.818265
vt 0.787925 0.776009
vt 0.811946 0.985216
vt 0.743415 0.849149
vt 0.749847 0.773234
vt 0.769571 0.732103
vt 0.799136 0.726075
vt 0.815093 0.994368
vt 0.738936 0.840049
vt 0.739343 0.717547
vt 0.739683 0.827365
vt 0.774079 0.673851
vt 0.802073 0.665408
vt 0.828217 0.688601
vt 0.739066 0.704808
vt 0.781565 0.618132
vt 0.767805 0.672193
vt 0.827657 0.639520
vt 0.743999 0.696730
vt 0.785064 0.607444
vt 0.816126 0.625252
vt 0.791437 0.606548
vt 0.786251 0.587212
vt 0.788664 0.580624
vt 0.785482 0.540134
vt 0.789630 0.542701
vt 0.816015 0.543811
vt 0.830287 0.599245
vt 0.795318 0.492248
vt 0.843399 0.535437
vt 0.858800 0.583688
vt 0.847904 0.650526
vt 0.797102 0.504535
vt 0.850246 0.528054
vt 0.826467 0.480925
vt 0.845167 0.524175
vt 0.829269 0.474673
vt 0.886120 0.602346
vt 0.876998 0.674053
vt 0.848832 0.720032
vt 0.816522 0.472754
vt 0.816043 0.464728
vt 0.851682 0.518996
vt 0.875239 0.531024
vt 0.823025 0.461506
vt 0.822143 0.470645
vt 0.912824 0.647942
vt 0.883110 0.546873
vt 0.890528 0.596425
vt 0.897833 0.718868
vt 0.874098 0.780342
vt 0.837086 0.788063
vt 0.877017 0.523104
vt 0.881284 0.534323
vt 0.916203 0.642704
vt 0.916792 0.658116
vt 0.920449 0.656257
vt 0.904950 0.727158
vt 0.915756 0.670904
vt 0.904468 0.717762
vt 0.919964 0.672245
vt 0.882156 0.838286
vt 0.853263 0.861945
vt 0.825718 0.817973
vt 0.883620 0.529653
vt 0.887210 0.543379
vt 0.909619 0.725934
vt 0.915052 0.788382
vt 0.890069 0.901061
vt 0.911402 0.813747
vt 0.888049 0.845522
vt 0.914887 0.820508
vt 0.919967 0.789029
vt 0.915929 0.802219
vt 0.895199 0.903233
vt 0.888808 0.914532
vt 0.919587 0.805772
vt 0.893150 0.916884
vt 0.614038 0.840796
vt 0.626693 0.871669
vt 0.640055 0.854455
vt 0.617634 0.880621
vt 0.623234 0.799194
vt 0.609424 0.869893
vt 0.604749 0.799007
vt 0.596522 0.861454
vt 0.599966 0.835222
vt 0.645521 0.800958
vt 0.659416 0.851182
vt 0.582754 0.828608
vt 0.608424 0.772305
vt 0.584708 0.793714
vt 0.586672 0.771314
vt 0.579783 0.856199
vt 0.663550 0.801363
vt 0.671818 0.852350
vt 0.627859 0.772502
vt 0.678512 0.800999
vt 0.693239 0.800999
vt 0.683896 0.853197
vt 0.645820 0.771858
vt 0.693239 0.771858
vt 0.679560 0.771858
vt 0.671818 0.852382
vt 0.664782 0.771858
vt 0.577741 0.691064
vt 0.599646 0.662100
vt 0.599646 0.691064
vt 0.577741 0.662100
vt 0.599646 0.696823
vt 0.599971 0.660589
vt 0.577741 0.696823
vt 0.600200 0.692484
vt 0.600707 0.694131
vt 0.619677 0.691064
vt 0.577741 0.656341
vt 0.619677 0.662100
vt 0.599646 0.656341
vt 0.619694 0.691064
vt 0.600597 0.659466
vt 0.619694 0.662100
vt 0.636957 0.662100
vt 0.619677 0.656341
vt 0.636957 0.656341
vt 0.619694 0.656341
vt 0.636957 0.691064
vt 0.619677 0.696823
vt 0.619694 0.696823
vt 0.649883 0.662100
vt 0.649883 0.691064
vt 0.636957 0.696823
vt 0.649883 0.656341
vt 0.649883 0.696823
vt 0.261927 0.107957
vt 0.242509 0.108280
vt 0.242509 0.147669
vt 0.242509 0.068408
vt 0.257287 0.150795
vt 0.259745 0.067814
vt 0.272862 0.156359
vt 0.275103 0.066319
vt 0.279089 0.107737
vt 0.242509 0.180377
vt 0.242509 0.042897
vt 0.260078 0.187228
vt 0.265252 0.036167
vt 0.242509 0.198577
vt 0.242509 0.011761
vt 0.680716 0.917530
vt 0.662928 0.980476
vt 0.673951 0.980476
vt 0.666670 0.922174
vt 0.693849 0.980476
vt 0.665198 0.898304
vt 0.693547 0.917530
vt 0.680549 0.878844
vt 0.690094 0.898621
vt 0.705520 0.980476
vt 0.680742 0.917530
vt 0.666733 0.922174
vt 0.715653 0.961573
vt 0.663020 0.980476
vt 0.693904 0.980476
vt 0.674019 0.980476
vt 0.705340 0.980476
vt 0.700732 0.733029
vt 0.714313 0.753564
vt 0.700732 0.753564
vt 0.714313 0.733029
vt 0.683703 0.753564
vt 0.683703 0.733029
vt 0.664511 0.753564
vt 0.664511 0.733029
vt 0.647731 0.753564
vt 0.649096 0.733029
vt 0.628175 0.733029
vt 0.628175 0.753564
vt 0.614879 0.733029
vt 0.614879 0.753564
vt 0.601865 0.733029
vt 0.601865 0.753552
vt 0.590953 0.733029
vt 0.590953 0.753552
vt 0.570820 0.753552
vt 0.570820 0.733029
vt 0.622517 0.984060
vt 0.638013 0.895822
vt 0.638013 0.984060
vt 0.622517 0.895822
vt 0.600822 0.899787
vt 0.600822 0.984060
vt 0.650411 0.895822
vt 0.650411 0.984060
vt 0.582227 0.984060
vt 0.582227 0.899787
vt 0.715126 0.874220
vt 0.699102 0.854709
vt 0.714827 0.860151
vt 0.698993 0.869408
vt 0.699165 0.879607
vt 0.715394 0.885382
vt 0.699141 0.844310
vt 0.715627 0.847052
vt 0.700604 0.888412
vt 0.714709 0.894823
vt 0.700606 0.830777
vt 0.703108 0.898615
vt 0.713699 0.899598
vt 0.715484 0.836361
vt 0.704524 0.819728
vt 0.708415 0.902688
vt 0.713561 0.819398
vt 0.709288 0.818204
vt 0.549178 0.762572
vt 0.543622 0.785020
vt 0.544732 0.732313
vt 0.533399 0.725155
vt 0.532336 0.789897
vt 0.522028 0.727257
vt 0.521573 0.786707
vt 0.518505 0.757148
vt 0.552424 0.790191
vt 0.559773 0.798731
vt 0.541911 0.834060
vt 0.546023 0.849939
vt 0.564412 0.802601
vt 0.560639 0.852109
vt 0.517155 0.844482
vt 0.515829 0.866261
vt 0.560639 0.868011
vt 0.496979 0.911099
vt 0.495620 0.877035
vt 0.495704 0.847775
vt 0.542459 0.868967
vt 0.467433 0.938205
vt 0.467805 0.913196
vt 0.468394 0.886479
vt 0.560639 0.907213
vt 0.498969 0.937369
vt 0.469116 0.852515
vt 0.515240 0.905931
vt 0.438791 0.933767
vt 0.439119 0.908055
vt 0.439423 0.881024
vt 0.524714 0.938718
vt 0.539994 0.905531
vt 0.467109 0.969023
vt 0.439224 0.851904
vt 0.417727 0.899439
vt 0.560639 0.941066
vt 0.527588 0.969023
vt 0.497900 0.969023
vt 0.414325 0.877632
vt 0.413414 0.848313
vt 0.418953 0.934194
vt 0.439994 0.969023
vt 0.560639 0.969023
vt 0.467033 0.989845
vt 0.393547 0.862894
vt 0.401598 0.878953
vt 0.419026 0.969023
vt 0.531195 0.989845
vt 0.498521 0.989845
vt 0.396597 0.846322
vt 0.382704 0.900031
vt 0.382703 0.880805
vt 0.440279 0.989845
vt 0.560639 0.989845
vt 0.417727 0.899772
vt 0.368216 0.810377
vt 0.382705 0.933341
vt 0.345122 0.899829
vt 0.411597 0.989845
vt 0.418953 0.934434
vt 0.371069 0.798273
vt 0.382711 0.862865
vt 0.345618 0.969023
vt 0.345398 0.933767
vt 0.382707 0.969023
vt 0.382710 0.989845
vt 0.358306 0.879020
vt 0.364913 0.823191
vt 0.356250 0.989845
vt 0.371868 0.862894
vt 0.364705 0.674905
vt 0.364705 0.687328
vt 0.388745 0.674905
vt 0.388745 0.687328
vt 0.388745 0.697021
vt 0.419799 0.687328
vt 0.419799 0.674905
vt 0.364705 0.697021
vt 0.447790 0.687328
vt 0.447790 0.674905
vt 0.419799 0.697021
vt 0.473881 0.687328
vt 0.473881 0.674905
vt 0.447790 0.697021
vt 0.502334 0.674905
vt 0.473881 0.697021
vt 0.502334 0.687328
vt 0.502334 0.697021
vt 0.486042 0.721303
vt 0.486042 0.742546
vt 0.450540 0.721303
vt 0.450540 0.742546
vt 0.486042 0.763789
vt 0.450540 0.763789
vt 0.486042 0.785032
vt 0.450540 0.785032
vt 0.486042 0.806275
vt 0.450540 0.806275
vt 0.486042 0.827519
vt 0.450540 0.827519
vt 0.488244 0.786241
vt 0.488244 0.762888
vt 0.498356 0.797918
vt 0.498356 0.751211
vt 0.508468 0.762888
vt 0.508468 0.786241
vt 0.551179 0.674574
vt 0.544544 0.693532
vt 0.544343 0.651512
vt 0.532554 0.703923
vt 0.530808 0.644043
vt 0.517613 0.708256
vt 0.517613 0.641125
vt 0.449386 0.040766
vt 0.455195 0.040294
vt 0.444721 0.053097
vt 0.452342 0.068764
vt 0.444058 0.083022
vt 0.453730 0.093200
vt 0.435224 0.042281
vt 0.448174 0.029394
vt 0.450355 0.033853
vt 0.455227 0.027507
vt 0.463479 0.071165
vt 0.467866 0.077613
vt 0.464314 0.085864
vt 0.446496 0.018124
vt 0.431004 0.021528
vt 0.444136 0.010975
vt 0.431998 0.010823
vt 0.461075 0.040351
vt 0.461106 0.027564
vt 0.463941 0.033986
vt 0.465177 0.042810
vt 0.468337 0.066249
vt 0.250506 0.868998
vt 0.250106 0.932000
vt 0.274808 0.932094
vt 0.230678 0.931125
vt 0.275787 0.868998
vt 0.231160 0.868998
vt 0.275771 0.832844
vt 0.231446 0.832844
vt 0.250023 0.821721
vt 0.273612 0.985861
vt 0.229026 0.985861
vt 0.249921 0.985861
vt 0.292466 0.868998
vt 0.293576 0.931774
vt 0.214661 0.868998
vt 0.212024 0.929885
vt 0.275764 0.821721
vt 0.231556 0.821721
vt 0.294859 0.985861
vt 0.209913 0.985861
vt 0.304800 0.832844
vt 0.312164 0.932110
vt 0.307754 0.868998
vt 0.202153 0.832844
vt 0.193509 0.927307
vt 0.197834 0.868998
vt 0.313212 0.985861
vt 0.190968 0.985861
vt 0.331278 0.868998
vt 0.328151 0.832844
vt 0.181552 0.832844
vt 0.337340 0.985861
vt 0.166511 0.985861
vt 0.169680 0.925752
vt 0.336173 0.932389
vt 0.176340 0.868998
vt 0.180131 0.721846
vt 0.183057 0.691171
vt 0.160576 0.682968
vt 0.202174 0.693001
vt 0.160969 0.719763
vt 0.203168 0.720995
vt 0.155267 0.769661
vt 0.203922 0.758677
vt 0.175446 0.771864
vt 0.183752 0.651028
vt 0.201992 0.653856
vt 0.221020 0.703698
vt 0.204061 0.771126
vt 0.158920 0.639766
vt 0.221016 0.670066
vt 0.242361 0.684319
vt 0.243280 0.724657
vt 0.181737 0.596113
vt 0.205230 0.600590
vt 0.242452 0.640379
vt 0.221961 0.610146
vt 0.266163 0.682463
vt 0.268673 0.727795
vt 0.243653 0.757707
vt 0.159942 0.599325
vt 0.221859 0.581078
vt 0.264210 0.637835
vt 0.241013 0.595720
vt 0.263352 0.591585
vt 0.272010 0.768969
vt 0.243660 0.770753
vt 0.165033 0.567285
vt 0.204800 0.535635
vt 0.188546 0.532796
vt 0.241472 0.547824
vt 0.285215 0.591323
vt 0.260505 0.546609
vt 0.281887 0.559930
vt 0.287149 0.682968
vt 0.285829 0.639766
vt 0.294814 0.766498
vt 0.167599 0.533476
vt 0.221251 0.543272
vt 0.202845 0.488871
vt 0.221525 0.486763
vt 0.277796 0.531941
vt 0.290801 0.719763
vt 0.170634 0.484161
vt 0.203655 0.434598
vt 0.238777 0.486926
vt 0.220777 0.433659
vt 0.254016 0.484053
vt 0.268770 0.482905
vt 0.188507 0.487557
vt 0.238241 0.436243
vt 0.203620 0.393442
vt 0.238202 0.395314
vt 0.219985 0.392585
vt 0.267411 0.435971
vt 0.188149 0.434505
vt 0.170147 0.434335
vt 0.253325 0.436049
vt 0.253276 0.395314
vt 0.204371 0.348168
vt 0.188139 0.393523
vt 0.170122 0.393616
vt 0.267313 0.395314
vt 0.187384 0.348557
vt 0.228983 0.985824
vt 0.273608 0.985759
vt 0.249956 0.985593
vt 0.294741 0.985760
vt 0.209933 0.985736
vt 0.313266 0.985737
vt 0.191151 0.985391
vt 0.336405 0.766687
vt 0.336405 0.757319
vt 0.318709 0.766687
vt 0.357615 0.766687
vt 0.336405 0.800420
vt 0.357615 0.800420
vt 0.318709 0.800420
vt 0.336405 0.808991
vt 0.249946 0.812903
vt 0.250167 0.796444
vt 0.231550 0.812903
vt 0.275382 0.812903
vt 0.403238 0.739125
vt 0.414181 0.739125
vt 0.403238 0.755215
vt 0.414181 0.755215
vt 0.425148 0.739125
vt 0.425148 0.755215
vt 0.436115 0.739125
vt 0.436115 0.755215
vt 0.370362 0.739125
vt 0.381329 0.739125
vt 0.370362 0.755215
vt 0.381329 0.755215
vt 0.392296 0.739125
vt 0.392296 0.755215
vt 0.403238 0.771305
vt 0.414181 0.771305
vt 0.425148 0.771305
vt 0.436115 0.771305
vt 0.370362 0.771305
vt 0.381329 0.771305
vt 0.392296 0.771305
vt 0.403238 0.723035
vt 0.403238 0.787394
vt 0.037336 0.093694
vt 0.029261 0.096234
vt 0.033205 0.149431
vt 0.008299 0.101545
vt 0.024493 0.111858
vt 0.008299 0.043605
vt 0.022215 0.030449
vt 0.008299 0.025180
vt 0.036130 0.046841
vt 0.430621 0.641234
vt 0.430620 0.654738
vt 0.447042 0.641234
vt 0.447042 0.654738
vt 0.447042 0.600313
vt 0.430621 0.600313
vt 0.447042 0.613448
vt 0.430621 0.613448
vt 0.447042 0.627230
vt 0.430620 0.627230
vt 0.420967 0.641234
vt 0.399740 0.641234
vt 0.420967 0.654738
vt 0.399740 0.654738
vt 0.420967 0.600313
vt 0.399740 0.600313
vt 0.420967 0.613448
vt 0.399740 0.613448
vt 0.399740 0.627230
vt 0.420967 0.627230
vt 0.448065 0.613218
vt 0.453471 0.625074
vt 0.453471 0.601514
vt 0.459224 0.613218
vt 0.378272 0.641234
vt 0.378272 0.654738
vt 0.378272 0.613448
vt 0.378272 0.600313
vt 0.378272 0.627230
vt 0.364633 0.600313
vt 0.364633 0.627230
vt 0.364633 0.654738
vt 0.350195 0.717724
vt 0.318680 0.685475
vt 0.316905 0.734383
vt 0.306711 0.707745
vt 0.342973 0.678841
vt 0.342298 0.703527
vt 0.316574 0.673280
vt 0.310782 0.671278
vt 0.344073 0.654619
vt 0.354266 0.681256
vt 0.346760 0.636951
vt 0.346760 0.647959
vt 0.330271 0.636951
vt 0.330271 0.647959
vt 0.314758 0.633588
vt 0.346760 0.630422
vt 0.351493 0.634002
vt 0.330271 0.630422
vt 0.346760 0.622405
vt 0.330271 0.622405
vt 0.310221 0.660964
vt 0.310221 0.637569
vt 0.314382 0.656814
vt 0.314382 0.639599
vt 0.306064 0.662684
vt 0.306064 0.667283
vt 0.306064 0.635449
vt 0.306064 0.629130
vt 0.015547 0.633159
vt 0.017007 0.659388
vt 0.037702 0.629302
vt 0.039851 0.681628
vt 0.017875 0.682622
vt 0.059767 0.630776
vt 0.015687 0.772949
vt 0.058734 0.683630
vt 0.013176 0.832312
vt 0.038256 0.777608
vt 0.080083 0.657816
vt 0.035191 0.835934
vt 0.080360 0.625880
vt 0.078643 0.682468
vt 0.029090 0.888842
vt 0.055120 0.780457
vt 0.097720 0.632749
vt 0.097694 0.680354
vt 0.009378 0.891079
vt 0.054710 0.839818
vt 0.078665 0.781795
vt 0.097959 0.658173
vt 0.117163 0.633393
vt 0.007044 0.908910
vt 0.039447 0.891420
vt 0.099453 0.780399
vt 0.118584 0.659196
vt 0.139026 0.659388
vt 0.118487 0.681213
vt 0.024923 0.917382
vt 0.057472 0.891470
vt 0.079562 0.844249
vt 0.139683 0.633159
vt 0.138628 0.682622
vt 0.020923 0.942320
vt 0.080842 0.894569
vt 0.099305 0.843914
vt 0.036380 0.922597
vt 0.120170 0.778576
vt 0.003968 0.931987
vt 0.098366 0.897657
vt 0.061373 0.938882
vt 0.060056 0.922527
vt 0.122893 0.839452
vt 0.142733 0.775390
vt 0.034906 0.941403
vt 0.080136 0.922059
vt 0.094891 0.929149
vt 0.125703 0.910374
vt 0.147089 0.832312
vt 0.034080 0.954288
vt 0.061171 0.948118
vt 0.079619 0.938714
vt 0.135199 0.928808
vt 0.132650 0.901834
vt 0.048065 0.957667
vt 0.079418 0.948980
vt 0.094298 0.941866
vt 0.124389 0.936965
vt 0.152877 0.908910
vt 0.150649 0.891079
vt 0.093789 0.954752
vt 0.124640 0.965168
vt 0.139585 0.944679
vt 0.157081 0.931987
vt 0.382120 0.523387
vt 0.387800 0.501462
vt 0.389218 0.528671
vt 0.395243 0.506277
vt 0.394451 0.456504
vt 0.398721 0.535115
vt 0.395778 0.435495
vt 0.416423 0.456202
vt 0.416848 0.487090
vt 0.404900 0.514926
vt 0.416164 0.436428
vt 0.411613 0.520622
vt 0.385069 0.430539
vt 0.398045 0.412337
vt 0.409914 0.542980
vt 0.386730 0.409430
vt 0.433881 0.436587
vt 0.433881 0.455963
vt 0.433881 0.502177
vt 0.419184 0.528404
vt 0.415238 0.398701
vt 0.433881 0.401909
vt 0.370500 0.421095
vt 0.371344 0.404252
vt 0.433881 0.474618
vt 0.433881 0.525700
vt 0.398673 0.391276
vt 0.433881 0.373568
vt 0.355572 0.427647
vt 0.388269 0.385803
vt 0.348271 0.441221
vt 0.350705 0.408806
vt 0.415424 0.372330
vt 0.359302 0.405103
vt 0.390171 0.364753
vt 0.348390 0.464574
vt 0.339705 0.443080
vt 0.433881 0.335271
vt 0.373753 0.381543
vt 0.343159 0.425232
vt 0.364019 0.377245
vt 0.354580 0.479721
vt 0.349156 0.484180
vt 0.415269 0.333559
vt 0.336332 0.464681
vt 0.375660 0.353503
vt 0.358546 0.509328
vt 0.433881 0.292183
vt 0.339483 0.487090
vt 0.394345 0.324703
vt 0.351172 0.514097
vt 0.415980 0.291226
vt 0.334088 0.489827
vt 0.341463 0.519341
vt 0.433881 0.258554
vt 0.329930 0.525962
vt 0.430678 0.181123
vt 0.418828 0.240897
vt 0.408605 0.180135
vt 0.408605 0.286467
vt 0.408605 0.240281
vt 0.330253 0.423711
vt 0.329610 0.393137
vt 0.336197 0.392959
vt 0.325929 0.375947
vt 0.340808 0.374078
vt 0.324654 0.344052
vt 0.311483 0.351519
vt 0.342695 0.340602
vt 0.293229 0.345152
vt 0.311235 0.345047
vt 0.355417 0.340853
vt 0.310381 0.315531
vt 0.325961 0.315092
vt 0.359152 0.310827
vt 0.293229 0.315894
vt 0.343835 0.312562
vt 0.309014 0.287969
vt 0.325393 0.287567
vt 0.372456 0.309092
vt 0.343621 0.287858
vt 0.307673 0.256014
vt 0.358279 0.284164
vt 0.293229 0.288619
vt 0.325269 0.257600
vt 0.369028 0.268880
vt 0.293229 0.215468
vt 0.307150 0.215290
vt 0.341641 0.259460
vt 0.378837 0.272371
vt 0.353049 0.259333
vt 0.293229 0.257337
vt 0.357009 0.212283
vt 0.329115 0.216237
vt 0.380115 0.211201
vt 0.293229 0.173472
vt 0.313836 0.172685
vt 0.354809 0.174072
vt 0.382829 0.169043
vt 0.293229 0.122822
vt 0.314972 0.123118
vt 0.329959 0.172685
vt 0.401540 0.164493
vt 0.331067 0.124244
vt 0.355337 0.126684
vt 0.401560 0.122025
vt 0.316518 0.070806
vt 0.293229 0.069373
vt 0.334565 0.073131
vt 0.356637 0.071888
vt 0.419487 0.120333
vt 0.382194 0.125193
vt 0.316821 0.009965
vt 0.336070 0.009965
vt 0.382623 0.076535
vt 0.402005 0.076302
vt 0.293229 0.009965
vt 0.412381 0.074969
vt 0.357704 0.009965
vt 0.382848 0.009965
vt 0.404914 0.009965
vt 0.290051 0.367837
vt 0.290051 0.407414
vt 0.309383 0.376763
vt 0.309074 0.410289
vt 0.322587 0.410883
vt 0.304086 0.432161
vt 0.324320 0.438517
vt 0.290051 0.423296
vt 0.312695 0.457027
vt 0.323845 0.457403
vt 0.312695 0.485502
vt 0.320879 0.481878
vt 0.312695 0.521125
vt 0.319143 0.520159
vt 0.312695 0.543056
vt 0.319143 0.543286
vt 0.312695 0.571873
vt 0.319143 0.572786
vt 0.032981 0.224710
vt 0.051715 0.251266
vt 0.043608 0.276164
vt 0.043547 0.206197
vt 0.024928 0.243701
vt 0.039637 0.201165
vt 0.011672 0.220124
vt 0.036971 0.197494
vt 0.019522 0.205018
vt 0.025576 0.183670
vt 0.051860 0.294614
vt 0.046973 0.204238
vt 0.056277 0.268014
vt 0.054557 0.222631
vt 0.006022 0.224874
vt 0.015494 0.262321
vt 0.012431 0.255542
vt 0.009860 0.195581
vt 0.066027 0.282518
vt 0.033351 0.302896
vt 0.058550 0.315715
vt 0.041247 0.322442
vt 0.049716 0.338579
vt 0.048316 0.188990
vt 0.071272 0.260760
vt 0.079970 0.312573
vt 0.056971 0.194168
vt 0.092730 0.261125
vt 0.071292 0.194168
vt 0.092253 0.197854
vt 0.113509 0.312545
vt 0.112418 0.198796
vt 0.113570 0.262204
vt 0.130591 0.263158
vt 0.141036 0.312911
vt 0.147376 0.261668
vt 0.133463 0.200124
vt 0.159270 0.261729
vt 0.158492 0.310746
vt 0.149626 0.202395
vt 0.174229 0.259538
vt 0.175484 0.310325
vt 0.191203 0.256495
vt 0.190692 0.314584
vt 0.201514 0.295966
vt 0.208228 0.272405
vt 0.209799 0.232133
vt 0.191115 0.207227
vt 0.204356 0.326245
vt 0.225382 0.241504
vt 0.215365 0.306766
vt 0.227866 0.292106
vt 0.210437 0.206603
vt 0.251952 0.272084
vt 0.225856 0.218287
vt 0.246621 0.235143
vt 0.250544 0.234590
vt 0.226145 0.199058
vt 0.256447 0.268588
vt 0.265235 0.229918
vt 0.270569 0.254512
vt 0.275160 0.238486
vt 0.117160 0.388932
vt 0.118733 0.369019
vt 0.112746 0.363251
vt 0.129901 0.396142
vt 0.098560 0.375699
vt 0.133594 0.461936
vt 0.101941 0.393534
vt 0.112727 0.460762
vt 0.131235 0.383428
vt 0.085890 0.385752
vt 0.116543 0.548645
vt 0.138030 0.555573
vt 0.085626 0.402684
vt 0.067382 0.384593
vt 0.098225 0.548993
vt 0.095880 0.468226
vt 0.116192 0.605221
vt 0.141004 0.611818
vt 0.068027 0.402640
vt 0.049032 0.373386
vt 0.079666 0.544900
vt 0.098352 0.600077
vt 0.080486 0.596976
vt 0.078172 0.470863
vt 0.048813 0.393863
vt 0.036324 0.377988
vt 0.060265 0.548351
vt 0.059428 0.599000
vt 0.064348 0.470584
vt 0.038483 0.393193
vt 0.026636 0.383428
vt 0.038292 0.548250
vt 0.037776 0.604722
vt 0.044034 0.462007
vt 0.028523 0.396142
vt 0.024883 0.461936
vt 0.020510 0.555573
vt 0.015841 0.611818
vt 0.128370 0.041084
vt 0.131111 0.063629
vt 0.131111 0.082687
vt 0.131111 0.052193
vt 0.111913 0.073738
vt 0.130289 0.042315
vt 0.113543 0.038521
vt 0.127386 0.032528
vt 0.115385 0.030571
vt 0.146441 0.068119
vt 0.144612 0.055822
vt 0.110452 0.069340
vt 0.111712 0.115349
vt 0.110189 0.078735
vt 0.110087 0.110050
vt 0.111029 0.040237
vt 0.161296 0.071320
vt 0.131111 0.119408
vt 0.146544 0.088905
vt 0.109877 0.119232
vt 0.161032 0.080967
vt 0.175220 0.083580
vt 0.175220 0.069031
vt 0.163901 0.056957
vt 0.111472 0.167847
vt 0.148604 0.123013
vt 0.131111 0.172363
vt 0.109854 0.159290
vt 0.178647 0.055859
vt 0.175220 0.092117
vt 0.190699 0.083500
vt 0.190432 0.092327
vt 0.175220 0.054405
vt 0.161425 0.121048
vt 0.161177 0.089168
vt 0.149523 0.176884
vt 0.109374 0.159286
vt 0.191947 0.055149
vt 0.189406 0.120934
vt 0.177855 0.048027
vt 0.175220 0.122547
vt 0.161578 0.130211
vt 0.175220 0.131138
vt 0.106852 0.167850
vt 0.178823 0.041000
vt 0.190318 0.038776
vt 0.189269 0.129322
vt 0.175590 0.176762
vt 0.187876 0.173447
vt 0.086119 0.167873
vt 0.106997 0.107651
vt 0.108969 0.112186
vt 0.161624 0.178242
vt 0.173970 0.208539
vt 0.190131 0.173382
vt 0.081271 0.167873
vt 0.058348 0.169842
vt 0.087607 0.107647
vt 0.109072 0.103287
vt 0.161002 0.206454
vt 0.206401 0.172920
vt 0.204657 0.123669
vt 0.189978 0.124126
vt 0.060904 0.118961
vt 0.084750 0.159103
vt 0.082396 0.118961
vt 0.083758 0.158737
vt 0.050402 0.166679
vt 0.089087 0.063637
vt 0.085257 0.112186
vt 0.085505 0.103291
vt 0.106753 0.063637
vt 0.109309 0.067039
vt 0.210715 0.173393
vt 0.204417 0.115810
vt 0.189837 0.116264
vt 0.084456 0.122108
vt 0.063399 0.070694
vt 0.084319 0.115288
vt 0.082114 0.070698
vt 0.053561 0.122108
vt 0.085948 0.067039
vt 0.109301 0.060684
vt 0.226840 0.173527
vt 0.226363 0.131149
vt 0.210936 0.130119
vt 0.203170 0.083839
vt 0.189940 0.084251
vt 0.066832 0.034458
vt 0.053855 0.114555
vt 0.056388 0.067425
vt 0.056231 0.073406
vt 0.084693 0.073406
vt 0.086058 0.060684
vt 0.106059 0.025852
vt 0.088854 0.025967
vt 0.226264 0.123997
vt 0.211138 0.123676
vt 0.203047 0.077972
vt 0.189887 0.078583
vt 0.059813 0.032238
vt 0.081347 0.034382
vt 0.068141 0.023895
vt 0.084807 0.067425
vt 0.108481 0.027508
vt 0.087401 0.025494
vt 0.225745 0.085022
vt 0.211638 0.084156
vt 0.190623 0.046742
vt 0.080863 0.024021
vt 0.083953 0.034141
vt 0.104712 0.019680
vt 0.091693 0.019703
vt 0.225707 0.079369
vt 0.211611 0.078480
vt 0.201766 0.046406
vt 0.191466 0.034672
vt 0.223494 0.046486
vt 0.212828 0.046860
vt 0.200602 0.033760
vt 0.222682 0.029964
vt 0.212893 0.028580
vt 0.786161 0.080918
vt 0.795299 0.099194
vt 0.786161 0.106764
vt 0.799084 0.080918
vt 0.777023 0.099194
vt 0.795299 0.062642
vt 0.773238 0.080918
vt 0.786161 0.055072
vt 0.777023 0.062642
vt 0.786161 0.122097
vt 0.800720 0.110036
vt 0.765572 0.080918
vt 0.771602 0.110036
vt 0.800720 0.051800
vt 0.806751 0.080918
vt 0.771602 0.051800
vt 0.786161 0.039739
vt 0.766036 0.121169
vt 0.786161 0.137841
vt 0.814623 0.080918
vt 0.806287 0.121169
vt 0.786161 0.023994
vt 0.806287 0.040667
vt 0.757699 0.080918
vt 0.766036 0.040667
vt 0.786161 0.151067
vt 0.810962 0.130521
vt 0.810962 0.031316
vt 0.821236 0.080918
vt 0.761360 0.031316
vt 0.786161 0.010769
vt 0.761360 0.130521
vt 0.751087 0.080918
vt 0.839345 0.076265
vt 0.836208 0.076265
vt 0.838937 0.055341
vt 0.838937 0.097189
vt 0.848862 0.046657
vt 0.848862 0.105878
vt 0.850863 0.063372
vt 0.850863 0.089159
vt 0.847504 0.076265
vt 0.869945 0.054269
vt 0.867387 0.034452
vt 0.869945 0.099897
vt 0.867387 0.118074
vt 0.869945 0.076265
vt 0.886883 0.042155
vt 0.888396 0.023454
vt 0.886883 0.110364
vt 0.869945 0.088910
vt 0.869945 0.063614
vt 0.899513 0.046604
vt 0.907949 0.031347
vt 0.888396 0.129064
vt 0.905371 0.076265
vt 0.915708 0.076267
vt 0.899513 0.106103
vt 0.907949 0.121403
vt 0.872399 0.154773
vt 0.862336 0.172895
vt 0.874332 0.166057
vt 0.834435 0.154773
vt 0.876248 0.164754
vt 0.862336 0.136654
vt 0.876248 0.154773
vt 0.874332 0.143489
vt 0.876248 0.144792
vt 0.850206 0.184725
vt 0.850206 0.124829
vt 0.838915 0.180248
vt 0.838915 0.129175
vt 0.958957 0.043157
vt 0.958957 0.020356
vt 0.988468 0.020356
vt 0.952257 0.020356
vt 0.988468 0.043157
vt 0.952257 0.043157
vt 0.958957 0.107671
vt 0.952257 0.107671
vt 0.988468 0.012311
vt 0.958957 0.012311
vt 0.988468 0.107671
vt 0.995262 0.020356
vt 0.995262 0.107671
vt 0.995262 0.043157
vt 0.958957 0.172031
vt 0.952257 0.172031
vt 0.952257 0.004200
vt 0.995262 0.172031
vt 0.995262 0.004200
vt 0.958957 0.241529
vt 0.952257 0.241529
vt 0.988468 0.172031
vt 0.988468 0.241529
vt 0.995262 0.241529
vt 0.952299 0.307751
vt 0.995304 0.307751
vt 0.959005 0.307751
vt 0.988515 0.307751
vt 0.959052 0.520633
vt 0.959052 0.434721
vt 0.988563 0.434721
vt 0.952341 0.434721
vt 0.988563 0.520633
vt 0.952341 0.520633
vt 0.959052 0.600739
vt 0.952341 0.600739
vt 0.988515 0.352810
vt 0.959005 0.352810
vt 0.988563 0.600739
vt 0.995346 0.434721
vt 0.995346 0.600739
vt 0.995346 0.520633
vt 0.952299 0.352810
vt 0.995304 0.352810
vt 0.959052 0.521053
vt 0.959052 0.413202
vt 0.988563 0.413202
vt 0.952341 0.413202
vt 0.988563 0.521053
vt 0.952341 0.521053
vt 0.959052 0.620556
vt 0.952341 0.620556
vt 0.988563 0.307751
vt 0.959052 0.307751
vt 0.988563 0.620556
vt 0.995346 0.413202
vt 0.995346 0.620556
vt 0.995346 0.521053
vt 0.952341 0.307751
vt 0.995346 0.307751
vt 0.893697 0.182262
vt 0.902491 0.189547
vt 0.902491 0.198164
vt 0.911285 0.182262
vt 0.890651 0.188355
vt 0.914927 0.164674
vt 0.885746 0.164674
vt 0.890055 0.164674
vt 0.914331 0.188355
vt 0.890651 0.140993
vt 0.919236 0.164674
vt 0.893697 0.147087
vt 0.911285 0.147087
vt 0.914331 0.140993
vt 0.902491 0.139802
vt 0.902491 0.131185
vt 0.958973 0.759040
vt 0.952261 0.651188
vt 0.958973 0.651188
vt 0.952261 0.759040
vt 0.988483 0.651188
vt 0.958973 0.858543
vt 0.988483 0.759040
vt 0.952261 0.858543
vt 0.995267 0.651188
vt 0.958973 0.993507
vt 0.988483 0.858543
vt 0.995267 0.759040
vt 0.952261 0.993507
vt 0.995267 0.858543
vt 0.988483 0.993507
vt 0.995267 0.993507
vt 0.988536 0.369109
vt 0.959026 0.502189
vt 0.959026 0.369109
vt 0.988536 0.502189
vt 0.995319 0.502189
vt 0.995319 0.369109
vt 0.952314 0.502189
vt 0.952314 0.369109
vt 0.945726 0.020576
vt 0.934496 0.012484
vt 0.945726 0.012484
vt 0.934496 0.020576
vt 0.945726 0.043444
vt 0.934496 0.043444
vt 0.945726 0.108098
vt 0.934496 0.108098
vt 0.945726 0.172599
vt 0.934496 0.172599
vt 0.945726 0.242248
vt 0.934496 0.242248
vt 0.945726 0.307751
vt 0.934496 0.307751
vt 0.945720 0.435499
vt 0.934490 0.353401
vt 0.945720 0.353401
vt 0.934490 0.435499
vt 0.945720 0.520633
vt 0.934490 0.520633
vt 0.945720 0.600739
vt 0.934490 0.600739
vt 0.945720 0.414167
vt 0.934490 0.414167
vt 0.945720 0.522254
vt 0.934490 0.522254
vt 0.945720 0.620556
vt 0.934490 0.620556
vt 0.934372 0.760241
vt 0.934372 0.652154
vt 0.945602 0.760241
vt 0.945602 0.859961
vt 0.934372 0.859961
vt 0.945602 0.652154
vt 0.945602 0.993507
vt 0.934372 0.993507
vt 0.945693 0.502189
vt 0.934464 0.369109
vt 0.945693 0.369109
vt 0.934464 0.502189
vt 0.861885 0.205751
vt 0.879320 0.185723
vt 0.879350 0.205751
vt 0.879320 0.225778
vt 0.025399 -0.931925
vt 0.025399 -0.978906
vt 0.064029 -0.931925
vt 0.064029 -0.978906
vt 0.064029 -0.804650
vt 0.064029 -0.873392
vt 0.025399 -0.804650
vt 0.025399 -0.873392
vt 0.064029 -0.839021
vt 0.025399 -0.821836
vt 0.025399 -0.738549
vt 0.064029 -0.738549
vt 0.025399 -0.839021
vt 0.349329 -0.883074
vt 0.344448 -0.919117
vt 0.311370 -0.934081
vt 0.349329 -0.789125
vt 0.311357 -0.902113
vt 0.310215 -0.873720
vt 0.309476 -0.797206
vt 0.275604 -0.911826
vt 0.275061 -0.947283
vt 0.349329 -0.729707
vt 0.271565 -0.800812
vt 0.308757 -0.729707
vt 0.273985 -0.729707
vt 0.274976 -0.876614
vt 0.235784 -0.927318
vt 0.235784 -0.961431
vt 0.235784 -0.729707
vt 0.235784 -0.804686
vt 0.235784 -0.879013
vt 0.095593 -0.820622
vt 0.138593 -0.927692
vt 0.095593 -0.942673
vt 0.176011 -0.911434
vt 0.212285 -0.807523
vt 0.095593 -0.740532
vt 0.139364 -0.959385
vt 0.175086 -0.944019
vt 0.215105 -0.740532
vt 0.213136 -0.899709
vt 0.204364 -0.929959
vt 0.095593 -0.973940
vt 0.008876 -0.284664
vt 0.073568 -0.281481
vt 0.008876 -0.307945
vt 0.073743 -0.301105
vt 0.131096 -0.270996
vt 0.008876 -0.333791
vt 0.129314 -0.283670
vt 0.071712 -0.321995
vt 0.120333 -0.307509
vt 0.062139 -0.385668
vt 0.169511 -0.265912
vt 0.168702 -0.252214
vt 0.169396 -0.279540
vt 0.205320 -0.257814
vt 0.134315 -0.357039
vt 0.225281 -0.306624
vt 0.143320 -0.416660
vt 0.248814 -0.343131
vt 0.267698 -0.270117
vt 0.332141 -0.286639
vt 0.159347 -0.442106
vt 0.274764 -0.370006
vt 0.256727 -0.206710
vt 0.316641 -0.218757
vt 0.054806 -0.456587
vt 0.068028 -0.483644
vt 0.169082 -0.236951
vt 0.168100 -0.219044
vt 0.367184 -0.309850
vt 0.369663 -0.229058
vt 0.008876 -0.391229
vt 0.008876 -0.469360
vt 0.015388 -0.500498
vt 0.107004 -0.510651
vt 0.203460 -0.472627
vt 0.326974 -0.396211
vt 0.254255 -0.500221
vt 0.055128 -0.533693
vt 0.133183 -0.251775
vt 0.131021 -0.271703
vt 0.134406 -0.228348
vt 0.166961 -0.193722
vt 0.335154 -0.150617
vt 0.279183 -0.139050
vt 0.188323 -0.117564
vt 0.095018 -0.154927
vt 0.084097 -0.242768
vt 0.077397 -0.263984
vt 0.073547 -0.281974
vt 0.295717 -0.065566
vt 0.195550 -0.054776
vt 0.098631 -0.041290
vt 0.098268 -0.094160
vt 0.008876 -0.021436
vt 0.355278 -0.066184
vt 0.008876 -0.249227
vt 0.008876 -0.268672
vt 0.008876 -0.285508
vt 0.008876 -0.194911
vt 0.008876 -0.114438
vt 0.008876 -0.159198
vt 0.008876 -0.073837
vt 0.399317 -0.157897
vt 0.420296 -0.059140
vt 0.426746 -0.246933
vt 0.458564 -0.172891
vt 0.478760 -0.060867
vt 0.437268 -0.332581
vt 0.481766 -0.269478
vt 0.518692 -0.184892
vt 0.542924 -0.075884
vt 0.406250 -0.418332
vt 0.496152 -0.343557
vt 0.519728 -0.430238
vt 0.551436 -0.280583
vt 0.595244 -0.195601
vt 0.661806 -0.286827
vt 0.599064 -0.359399
vt 0.177172 -0.555404
vt 0.421756 -0.512727
vt 0.602972 -0.466856
vt 0.758604 -0.359664
vt 0.336126 -0.561182
vt 0.693107 -0.216316
vt 0.787184 -0.263615
vt 0.606258 -0.510598
vt 0.449817 -0.550586
vt 0.629097 -0.082082
vt 0.549405 -0.011227
vt 0.630265 -0.009168
vt 0.737492 -0.012003
vt 0.699725 -0.166452
vt 0.802178 -0.184618
vt 0.771847 -0.008988
vt 0.812661 -0.274579
vt 0.821739 -0.354021
vt 0.740630 -0.432665
vt 0.821739 -0.427199
vt 0.738049 -0.482260
vt 0.821739 -0.476413
vt 0.364174 -0.585184
vt 0.622103 -0.586305
vt 0.738276 -0.568974
vt 0.821739 -0.562412
vt 0.476990 -0.622528
vt 0.391067 -0.662161
vt 0.496856 -0.347383
vt 0.553382 -0.283867
vt 0.008876 -0.628253
vt 0.008876 -0.651535
vt 0.073568 -0.624800
vt 0.073743 -0.644694
vt 0.008876 -0.677381
vt 0.071712 -0.665584
vt 0.120333 -0.651098
vt 0.131096 -0.614315
vt 0.129314 -0.627260
vt 0.169396 -0.623130
vt 0.169511 -0.609231
vt 0.168702 -0.595533
vt 0.852315 -0.595297
vt 0.884540 -0.752086
vt 0.811381 -0.645653
vt 0.795484 -0.770421
vt 0.794937 -0.878807
vt 0.874924 -0.875394
vt 0.939904 -0.919162
vt 0.790454 -0.981003
vt 0.872244 -0.977309
vt 0.979856 -0.981149
vt 0.974932 -0.748117
vt 0.384271 -0.993070
vt 0.381093 -0.887989
vt 0.433261 -0.989046
vt 0.469648 -0.967641
vt 0.527835 -0.892437
vt 0.550605 -0.800476
vt 0.389405 -0.727119
vt 0.526481 -0.697599
vt 0.438807 -0.676690
vt 0.484565 -0.670837
vt 0.740785 -0.988936
vt 0.680116 -0.975861
vt 0.674716 -0.866437
vt 0.646516 -0.951511
vt 0.603752 -0.864730
vt 0.582987 -0.864342
vt 0.590891 -0.802313
vt 0.576173 -0.795234
vt 0.627405 -0.725745
vt 0.610937 -0.712946
vt 0.672028 -0.712282
vt 0.662321 -0.695139
vt 0.717981 -0.712815
vt 0.715632 -0.727882
vt 0.747593 -0.753771
vt 0.734163 -0.762466
vt 0.994314 -0.660372
vt 0.991197 -0.620950
vt 0.954447 -0.617180
vt 0.990056 -0.582556
vt 0.925063 -0.575954
vt 0.987259 -0.535925
vt 0.922412 -0.527815
vt 0.848651 -0.491528
vt 0.920029 -0.472706
vt 0.845105 -0.394973
vt 0.985408 -0.479507
vt 0.919486 -0.402615
vt 0.983949 -0.408788
vt 0.848756 -0.336524
vt 0.921919 -0.336524
vt 0.986691 -0.336524
vt 0.983949 -0.264325
vt 0.919486 -0.270499
vt 0.985408 -0.193606
vt 0.845105 -0.278140
vt 0.920029 -0.200408
vt 0.848651 -0.181586
vt 0.987259 -0.137189
vt 0.922412 -0.145298
vt 0.925063 -0.097159
vt 0.990056 -0.090557
vt 0.954447 -0.055934
vt 0.991197 -0.052163
vt 0.994314 -0.012741
vt -0.909574 0.515248
vt -0.911617 0.566457
vt -0.927570 0.507947
vt -0.892163 0.524372
vt -0.929633 0.560599
vt -0.876040 0.537806
vt -0.892564 0.575772
vt -0.938591 0.507530
vt -0.876040 0.593644
vt -0.913371 0.621713
vt -0.941508 0.559578
vt -0.953840 0.512384
vt -0.859747 0.575772
vt -0.892837 0.630335
vt -0.956747 0.563355
vt -0.931831 0.620522
vt -0.860148 0.524372
vt -0.876040 0.639123
vt -0.966316 0.516708
vt -0.915882 0.692456
vt -0.944612 0.622204
vt -0.840694 0.566457
vt -0.859474 0.630335
vt -0.968407 0.564681
vt -0.894677 0.692456
vt -0.934780 0.695023
vt -0.842736 0.515248
vt -0.838940 0.621713
vt -0.976415 0.521034
vt -0.958693 0.626610
vt -0.876040 0.699242
vt -0.919453 0.824823
vt -0.938085 0.818298
vt -0.824740 0.507947
vt -0.822677 0.560599
vt -0.820480 0.620522
vt -0.836428 0.692456
vt -0.978214 0.564035
vt -0.948536 0.697257
vt -0.857633 0.692456
vt -0.897154 0.826186
vt -0.952937 0.814014
vt -0.813719 0.507530
vt -0.817530 0.695023
vt -0.970878 0.631723
vt -0.855156 0.826186
vt -0.920401 0.902948
vt -0.939712 0.896402
vt -0.967330 0.809672
vt -0.962132 0.703249
vt -0.798470 0.512384
vt -0.810803 0.559578
vt -0.814225 0.818298
vt -0.981049 0.635647
vt -0.876040 0.826058
vt -0.953895 0.889419
vt -0.938844 0.973158
vt -0.977223 0.803080
vt -0.795564 0.563355
vt -0.807698 0.622204
vt -0.832857 0.824823
vt -0.973662 0.707425
vt -0.898201 0.907986
vt -0.967701 0.882328
vt -0.920960 0.981076
vt -0.953920 0.964826
vt -0.785995 0.516708
vt -0.793618 0.626610
vt -0.803774 0.697257
vt -0.799373 0.814014
vt -0.831909 0.902948
vt -0.987184 0.797835
vt -0.983684 0.711298
vt -0.876040 0.909306
vt -0.968305 0.959605
vt -0.978864 0.876549
vt -0.898524 0.989785
vt -0.783904 0.564681
vt -0.790179 0.703249
vt -0.784980 0.809672
vt -0.812598 0.896402
vt -0.854109 0.907986
vt -0.990483 0.834430
vt -0.980943 0.951497
vt -0.876040 0.992554
vt -0.775895 0.521034
vt -0.775088 0.803080
vt -0.798415 0.889419
vt -0.781432 0.631723
vt -0.813466 0.973158
vt -0.853786 0.989785
vt -0.774096 0.564035
vt -0.784609 0.882328
vt -0.778648 0.707425
vt -0.831350 0.981076
vt -0.798390 0.964826
vt -0.771262 0.635647
vt -0.773446 0.876549
vt -0.784005 0.959605
vt -0.768626 0.711298
vt -0.771368 0.951497
vt -0.765127 0.797835
vt -0.761828 0.834430
vt -0.437814 -0.544375
vt -0.449446 -0.494114
vt -0.460505 -0.544505
vt -0.430899 -0.565546
vt -0.467178 -0.565753
vt -0.418666 -0.608471
vt -0.478922 -0.608813
vt -0.405756 -0.669193
vt -0.491141 -0.669679
vt -0.484271 -0.489473
vt -0.483247 -0.474402
vt -0.563191 -0.489473
vt -0.563078 -0.474402
vt -0.495180 -0.541641
vt -0.551973 -0.540971
vt -0.507050 -0.591989
vt -0.538956 -0.590563
vt -0.513101 -0.619123
vt -0.532409 -0.618121
vt -0.523761 -0.672234
vt -0.546447 -0.621741
vt -0.553791 -0.597196
vt -0.570652 -0.548825
vt -0.587757 -0.474402
vt -0.499271 -0.622837
vt -0.492132 -0.598283
vt -0.476786 -0.549429
vt -0.458568 -0.474402
vt -0.526880 -0.299066
vt -0.535816 -0.360167
vt -0.517534 -0.360167
vt -0.526872 -0.423716
vt -0.502629 -0.343322
vt -0.502629 -0.299066
vt -0.502629 -0.375720
vt -0.488991 -0.360167
vt -0.502629 -0.423716
vt -0.600460 -0.655384
vt -0.630760 -0.659186
vt -0.600366 -0.676333
vt -0.659901 -0.662318
vt -0.626555 -0.681859
vt -0.656210 -0.685796
vt -0.602524 -0.702980
vt -0.690539 -0.661605
vt -0.621809 -0.705415
vt -0.661168 -0.652675
vt -0.691619 -0.625934
vt -0.651742 -0.709579
vt -0.724076 -0.675239
vt -0.689521 -0.687796
vt -0.631765 -0.641024
vt -0.661122 -0.618180
vt -0.685693 -0.712112
vt -0.723535 -0.629099
vt -0.634758 -0.607324
vt -0.723907 -0.712939
vt -0.749180 -0.628035
vt -0.768079 -0.708764
vt -0.663809 -0.878529
vt -0.667819 -0.849971
vt -0.691118 -0.872893
vt -0.674269 -0.821529
vt -0.692215 -0.843840
vt -0.695771 -0.813900
vt -0.712995 -0.869879
vt -0.714848 -0.838546
vt -0.718573 -0.809684
vt -0.744873 -0.869122
vt -0.755209 -0.806878
vt -0.750437 -0.834508
vt -0.621473 -0.990385
vt -0.630339 -0.943098
vt -0.666146 -0.975128
vt -0.641278 -0.901067
vt -0.671117 -0.931716
vt -0.677913 -0.886258
vt -0.706817 -0.964518
vt -0.709406 -0.923215
vt -0.716251 -0.876660
vt -0.733147 -0.957295
vt -0.744569 -0.873307
vt -0.736371 -0.921628
vt -0.516109 -0.703711
vt -0.485238 -0.766319
vt -0.553687 -0.755193
vt -0.465416 -0.873193
vt -0.529986 -0.843614
vt -0.583343 -0.814929
vt -0.435271 -0.816424
vt -0.493630 -0.939275
vt -0.554879 -0.898803
vt -0.450433 -0.876038
vt -0.603859 -0.862966
vt -0.419512 -0.822748
vt -0.423432 -0.967104
vt -0.413785 -0.778127
vt -0.391029 -0.910090
vt -0.397859 -0.781880
vt -0.363211 -0.986616
vt -0.380915 -0.743450
vt -0.365509 -0.854463
vt -0.337603 -0.935166
vt -0.330015 -0.763802
vt -0.330189 -0.944419
vt -0.310440 -0.880175
vt -0.365841 -0.691083
vt -0.314559 -0.710006
vt -0.346734 -0.806962
vt -0.298064 -0.887185
vt -0.274145 -0.719790
vt -0.292582 -0.828845
vt -0.275758 -0.782658
vt -0.278547 -0.829396
vt -0.039908 -0.817461
vt -0.030713 -0.888335
vt -0.088779 -0.820845
vt -0.017543 -0.961191
vt -0.085488 -0.890342
vt -0.084355 -0.962383
vt -0.139170 -0.891208
vt -0.142398 -0.958536
vt -0.146813 -0.825317
vt -0.198957 -0.969925
vt -0.208626 -0.899557
vt -0.153894 -0.892022
vt -0.264357 -0.980370
vt -0.213857 -0.833624
vt -0.161563 -0.828077
vt -0.264471 -0.906489
vt -0.160994 -0.771325
vt -0.280677 -0.907272
vt -0.216673 -0.781698
vt -0.170299 -0.772851
vt -0.281083 -0.835892
vt -0.265968 -0.839930
vt -0.177070 -0.709854
vt -0.220721 -0.716119
vt -0.270396 -0.786875
vt -0.272761 -0.719547
vt -0.604439 -0.780595
vt -0.603231 -0.759681
vt -0.634495 -0.775185
vt -0.603968 -0.732956
vt -0.629088 -0.752768
vt -0.623095 -0.729498
vt -0.663428 -0.770507
vt -0.658492 -0.747258
vt -0.652765 -0.723747
vt -0.694059 -0.769589
vt -0.686532 -0.719411
vt -0.697036 -0.805151
vt -0.665205 -0.780068
vt -0.691649 -0.743489
vt -0.666995 -0.814517
vt -0.724649 -0.716551
vt -0.726824 -0.754189
vt -0.641246 -0.826761
vt -0.636464 -0.793268
vt -0.768981 -0.718370
vt -0.728738 -0.800292
vt -0.754402 -0.799970
vt -0.100220 -0.606469
vt -0.095573 -0.534343
vt -0.061323 -0.613140
vt -0.179159 -0.579135
vt -0.039352 -0.557045
vt -0.150599 -0.518342
vt -0.220415 -0.470566
vt -0.118300 -0.491281
vt -0.078044 -0.468352
vt -0.219831 -0.557590
vt -0.107823 -0.408368
vt -0.063200 -0.394530
vt -0.016494 -0.472878
vt -0.185242 -0.442286
vt -0.267056 -0.527675
vt -0.081891 -0.325895
vt -0.150826 -0.419863
vt -0.011418 -0.388419
vt -0.268148 -0.427919
vt -0.021208 -0.309761
vt -0.135952 -0.344135
vt -0.222461 -0.399754
vt -0.183521 -0.370583
vt -0.331723 -0.471951
vt -0.050006 -0.224890
vt -0.160133 -0.288254
vt -0.206244 -0.323861
vt -0.343426 -0.482061
vt -0.387409 -0.407303
vt -0.302008 -0.382249
vt -0.252049 -0.355178
vt -0.109915 -0.254542
vt -0.333015 -0.541539
vt -0.368953 -0.475771
vt -0.287657 -0.297234
vt -0.177421 -0.220500
vt -0.145233 -0.194691
vt -0.092942 -0.155115
vt -0.377904 -0.502437
vt -0.433394 -0.450731
vt -0.316498 -0.358950
vt -0.248974 -0.264511
vt -0.217237 -0.244066
vt -0.174492 -0.157338
vt -0.404981 -0.476681
vt -0.399199 -0.323343
vt -0.337663 -0.326317
vt -0.202966 -0.185714
vt -0.131555 -0.111088
vt -0.379127 -0.245438
vt -0.349525 -0.285788
vt -0.240057 -0.150863
vt -0.221907 -0.119961
vt -0.398537 -0.197661
vt -0.350867 -0.180462
vt -0.427809 -0.265756
vt -0.280963 -0.090064
vt -0.456733 -0.205060
vt -0.423771 -0.145629
vt -0.329747 -0.229126
vt -0.189126 -0.066934
vt -0.298983 -0.128765
vt -0.474834 -0.156684
vt -0.448996 -0.082203
vt -0.368336 -0.132550
vt -0.295660 -0.211198
vt -0.258700 -0.034950
vt -0.327818 -0.080288
vt -0.262953 -0.180390
vt -0.494505 -0.086859
vt -0.462414 -0.015777
vt -0.386327 -0.079416
vt -0.331926 -0.167786
vt -0.325668 -0.017959
vt -0.501819 -0.018874
vt -0.395856 -0.013083
vt -0.672183 -0.031088
vt -0.668736 -0.040045
vt -0.643756 -0.010462
vt -0.706172 -0.063618
vt -0.637102 -0.069649
vt -0.605299 -0.040076
vt -0.701265 -0.071415
vt -0.607675 -0.101122
vt -0.567708 -0.069410
vt -0.747861 -0.102436
vt -0.599796 -0.105872
vt -0.671605 -0.100493
vt -0.741292 -0.112173
vt -0.643228 -0.133673
vt -0.797882 -0.148516
vt -0.716395 -0.141699
vt -0.634541 -0.139251
vt -0.789428 -0.157759
vt -0.683866 -0.179691
vt -0.662148 -0.164704
vt -0.834821 -0.200994
vt -0.764997 -0.184981
vt -0.633845 -0.166824
vt -0.842642 -0.193275
vt -0.739842 -0.221696
vt -0.603634 -0.217213
vt -0.581278 -0.144751
vt -0.631882 -0.154988
vt -0.886080 -0.261199
vt -0.651714 -0.237495
vt -0.813281 -0.226443
vt -0.711103 -0.267716
vt -0.549860 -0.209383
vt -0.864172 -0.332288
vt -0.846049 -0.287886
vt -0.783671 -0.257783
vt -0.645030 -0.247673
vt -0.598236 -0.225183
vt -0.908272 -0.315509
vt -0.919123 -0.363559
vt -0.758919 -0.297979
vt -0.814417 -0.308523
vt -0.704244 -0.279694
vt -0.927020 -0.408418
vt -0.897398 -0.384466
vt -0.795518 -0.322808
vt -0.844516 -0.350589
vt -0.751552 -0.312568
vt -0.879856 -0.416933
vt -0.763228 -0.386058
vt -0.763287 -0.334586
vt -0.936448 -0.458566
vt -0.822679 -0.397999
vt -0.735130 -0.448979
vt -0.726138 -0.377434
vt -0.724649 -0.324006
vt -0.893977 -0.490403
vt -0.884654 -0.457974
vt -0.827207 -0.459677
vt -0.680205 -0.430114
vt -0.675824 -0.365327
vt -0.948314 -0.508141
vt -0.790010 -0.329813
vt -0.771870 -0.464293
vt -0.844154 -0.506408
vt -0.632077 -0.412604
vt -0.959578 -0.552130
vt -0.906887 -0.534004
vt -0.671259 -0.309953
vt -0.725273 -0.314021
vt -0.726578 -0.458171
vt -0.720048 -0.487480
vt -0.742809 -0.464738
vt -0.798181 -0.521199
vt -0.620808 -0.353370
vt -0.970692 -0.588006
vt -0.926988 -0.590425
vt -0.670583 -0.298797
vt -0.674341 -0.439123
vt -0.735901 -0.537709
vt -0.689460 -0.545669
vt -0.709526 -0.478453
vt -0.865870 -0.554192
vt -0.605613 -0.286464
vt -0.943672 -0.638576
vt -0.661587 -0.596325
vt -0.634976 -0.550799
vt -0.754580 -0.583372
vt -0.708286 -0.589895
vt -0.674112 -0.499086
vt -0.883025 -0.598024
vt -0.980423 -0.634796
vt -0.827728 -0.569807
vt -0.709250 -0.598449
vt -0.615328 -0.505722
vt -0.665551 -0.488559
vt -0.895177 -0.648263
vt -0.975377 -0.701734
vt -0.754936 -0.594285
vt -0.819548 -0.586236
vt -0.835525 -0.608340
vt -0.986328 -0.700912
vt -0.941882 -0.701218
vt -0.898129 -0.702668
vt -0.823414 -0.615266
vt -0.989628 -0.763090
vt -0.898238 -0.754071
vt -0.845753 -0.658706
vt -0.975245 -0.763230
vt -0.937116 -0.760982
vt -0.845637 -0.698736
vt -0.830597 -0.659076
vt -0.973690 -0.818770
vt -0.892659 -0.812428
vt -0.829329 -0.697280
vt -0.985446 -0.818258
vt -0.935543 -0.812835
vt -0.837699 -0.750099
vt -0.970653 -0.876173
vt -0.931758 -0.870585
vt -0.824362 -0.745143
vt -0.979652 -0.878224
vt -0.928838 -0.917203
vt -0.827236 -0.797577
vt -0.818011 -0.795090
vt -0.966853 -0.926475
vt -0.892535 -0.867109
vt -0.806446 -0.859634
vt -0.975328 -0.931015
vt -0.968199 -0.966646
vt -0.925477 -0.964556
vt -0.890055 -0.912901
vt -0.867034 -0.870320
vt -0.796804 -0.857601
vt -0.880970 -0.914459
vt -0.878144 -0.959880
vt -0.886927 -0.842981
vt -0.780299 -0.903397
vt -0.882426 -0.869332
vt -0.847640 -0.922909
vt -0.872959 -0.877511
vt 0.477819 0.534244
vt 0.508399 0.577889
vt 0.477838 0.572861
vt 0.507618 0.537109
vt 0.447277 0.577889
vt 0.500079 0.490096
vt 0.448058 0.537109
vt 0.477838 0.490096
vt 0.455597 0.490096
vt 0.538437 0.575219
vt 0.517405 0.490096
vt 0.533131 0.537802
vt 0.553508 0.545837
vt 0.564572 0.583193
vt 0.572795 0.546896
vt 0.532936 0.490096
vt 0.556701 0.490096
vt 0.587550 0.587858
vt 0.576734 0.490096
vt 0.594582 0.544237
vt 0.616845 0.600414
vt 0.601013 0.490096
vt 0.626565 0.541140
vt 0.655386 0.610058
vt 0.669430 0.555906
vt 0.633495 0.490096
vt 0.673383 0.490096
vt 0.477838 0.438727
vt 0.507328 0.457563
vt 0.507133 0.433833
vt 0.477838 0.423770
vt 0.449602 0.433833
vt 0.449407 0.457563
vt 0.533235 0.456124
vt 0.449767 0.414783
vt 0.506969 0.414783
vt 0.537469 0.427041
vt 0.552131 0.454192
vt 0.538548 0.413960
vt 0.573410 0.448550
vt 0.565588 0.418707
vt 0.565048 0.405379
vt 0.595206 0.447395
vt 0.589467 0.407933
vt 0.583969 0.393594
vt 0.620685 0.379833
vt 0.628628 0.447876
vt 0.625427 0.401762
vt 0.658581 0.374952
vt 0.662303 0.396051
vt 0.670758 0.451826
vt 0.525153 0.039205
vt 0.509590 0.009551
vt 0.527030 0.009551
vt 0.508821 0.032222
vt 0.541397 0.009551
vt 0.538833 0.047851
vt 0.492773 0.009551
vt 0.492524 0.028929
vt 0.552151 0.058151
vt 0.568521 0.009551
vt 0.475007 0.014257
vt 0.477811 0.025536
vt 0.760200 0.196068
vt 0.792843 0.190338
vt 0.749724 0.220955
vt 0.763305 0.233896
vt 0.793012 0.219217
vt 0.737420 0.253368
vt 0.812710 0.200619
vt 0.822738 0.233736
vt 0.452844 0.119348
vt 0.453052 0.151362
vt 0.468012 0.110404
vt 0.468751 0.179359
vt 0.475170 0.130596
vt 0.492166 0.154963
vt 0.495677 0.102734
vt 0.488747 0.221528
vt 0.511931 0.121009
vt 0.520269 0.233969
vt 0.505589 0.196128
vt 0.547054 0.076027
vt 0.506523 0.255292
vt 0.529823 0.277703
vt 0.534965 0.202593
vt 0.524788 0.159646
vt 0.512027 0.301358
vt 0.535472 0.307902
vt 0.561326 0.113797
vt 0.538257 0.229160
vt 0.512917 0.344504
vt 0.598275 0.048198
vt 0.572191 0.161919
vt 0.547619 0.254049
vt 0.536581 0.344504
vt 0.606652 0.075422
vt 0.574651 0.188163
vt 0.555933 0.280078
vt 0.644143 0.024579
vt 0.615823 0.153043
vt 0.612625 0.113688
vt 0.558918 0.314447
vt 0.582451 0.220007
vt 0.647548 0.071278
vt 0.591285 0.302575
vt 0.588007 0.255612
vt 0.622705 0.191406
vt 0.654045 0.132883
vt 0.661147 0.018687
vt 0.654313 0.087945
vt 0.591453 0.344504
vt 0.627544 0.292088
vt 0.560244 0.344504
vt 0.676696 0.020046
vt 0.625689 0.239431
vt 0.657052 0.174805
vt 0.683258 0.117232
vt 0.626522 0.344504
vt 0.680250 0.071935
vt 0.659699 0.285222
vt 0.659024 0.227687
vt 0.687563 0.169884
vt 0.658899 0.344504
vt 0.688974 0.218620
vt 0.691976 0.344504
vt 0.625231 0.239656
vt 0.689805 0.272356
vt 0.658981 0.227708
vt 0.548509 0.074648
vt 0.443134 0.159413
vt 0.452968 0.151169
vt 0.437676 0.128293
vt 0.750488 0.177270
vt 0.731784 0.186349
vt 0.735430 0.115639
vt 0.720625 0.222815
vt 0.687563 0.170193
vt 0.715886 0.118629
vt 0.689805 0.272665
vt 0.688974 0.218929
vt 0.725952 0.072674
vt 0.725146 0.265999
vt 0.683508 0.118293
vt 0.706514 0.073862
vt 0.716719 0.344813
vt 0.691976 0.344813
vt 0.690846 0.020249
vt 0.680144 0.072907
vt 0.689805 0.416983
vt 0.743484 0.292611
vt 0.683771 0.020302
vt 0.721756 0.415054
vt 0.717301 0.457506
vt 0.737421 0.344813
vt 0.676696 0.020355
vt 0.688974 0.470719
vt 0.759926 0.344813
vt 0.727733 0.497357
vt 0.737753 0.391691
vt 0.764136 0.306291
vt 0.687563 0.519455
vt 0.759191 0.398586
vt 0.786730 0.306291
vt 0.781568 0.344813
vt 0.737738 0.561277
vt 0.713054 0.563509
vt 0.778514 0.390147
vt 0.788480 0.292123
vt 0.747409 0.508536
vt 0.762012 0.545837
vt 0.683252 0.572619
vt 0.777364 0.430823
vt 0.766679 0.443996
vt 0.800676 0.344813
vt 0.796024 0.382855
vt 0.805381 0.256066
vt 0.805776 0.305465
vt 0.769065 0.490459
vt 0.743677 0.613048
vt 0.728795 0.613677
vt 0.706598 0.613744
vt 0.680582 0.616893
vt 0.808104 0.386636
vt 0.820458 0.327783
vt 0.816966 0.344813
vt 0.718623 0.668574
vt 0.685631 0.675579
vt 0.676696 0.669293
vt 0.835781 0.312340
vt 0.838728 0.344813
vt 0.836898 0.386360
vt 0.820004 0.438397
vt 0.694565 0.681866
vt 0.855637 0.322096
vt 0.853845 0.365122
vt 0.851534 0.279493
vt 0.852853 0.344813
vt 0.863476 0.369178
vt 0.875335 0.333723
vt 0.873647 0.344813
vt 0.892724 0.317732
vt 0.895091 0.344813
vt 0.873984 0.384940
vt 0.905132 0.328619
vt 0.888601 0.358004
vt 0.918577 0.344813
s 1
usemtl Material_#49
f 1/1/1 2/2/2 3/3/3
f 1/1/1 4/4/4 2/2/2
f 1/1/1 3/3/3 5/5/5
f 1/1/1 6/6/6 4/4/4
f 1/1/1 5/5/5 7/7/7
f 1/1/1 8/8/8 6/6/6
f 1/1/1 7/7/7 9/9/9
f 1/1/1 9/9/9 8/8/8
f 2/2/2 4/4/4 10/10/10
f 2/2/2 10/10/10 11/11/11
f 3/3/3 12/12/12 5/5/5
f 3/3/3 13/13/13 12/12/12
f 4/4/4 14/14/14 10/10/10
f 11/11/11 10/10/10 15/2/15
f 5/5/5 12/12/12 16/15/16
f 13/13/13 17/16/17 12/12/12
f 13/13/13 18/17/18 17/16/17
f 13/13/13 19/18/19 18/17/18
f 14/14/14 20/19/20 10/10/10
f 15/2/15 10/10/10 21/4/21
f 15/2/15 21/4/21 22/1/22
f 15/2/15 22/1/22 23/3/23
f 16/15/16 12/12/12 24/20/24
f 17/16/17 18/17/18 25/21/25
f 17/16/17 26/22/26 12/12/12
f 12/12/12 26/22/26 24/20/24
f 19/18/19 27/23/27 18/17/18
f 19/18/19 28/24/28 27/23/27
f 19/18/19 29/25/29 28/24/28
f 20/19/20 30/14/30 10/10/10
f 10/10/10 30/14/30 21/4/21
f 22/1/22 31/5/31 23/3/23
f 22/1/22 21/4/21 32/6/32
f 22/1/22 33/7/33 31/5/31
f 22/1/22 32/6/32 34/8/34
f 22/1/22 35/9/35 33/7/33
f 22/1/22 34/8/34 35/9/35
f 25/21/25 18/17/18 36/26/36
f 27/23/27 28/24/28 37/27/37
f 27/23/27 38/28/38 18/17/18
f 29/25/29 39/29/39 28/24/28
f 23/3/23 31/5/31 40/12/40
f 23/3/23 40/12/40 41/13/41
f 36/26/36 18/17/18 42/30/42
f 42/30/42 18/17/18 38/28/38
f 37/27/37 28/24/28 43/31/43
f 39/29/39 44/32/44 28/24/28
f 31/5/31 45/15/45 40/12/40
f 41/13/41 40/12/40 46/16/46
f 41/13/41 46/16/46 47/17/47
f 41/13/41 47/17/47 48/18/48
f 43/31/43 28/24/28 49/33/49
f 49/33/49 28/24/28 44/32/44
f 45/15/45 50/20/50 40/12/40
f 46/16/46 51/21/51 47/17/47
f 46/16/46 40/12/40 52/22/52
f 52/22/52 40/12/40 50/20/50
f 48/18/48 47/17/47 53/23/53
f 48/18/48 53/23/53 54/24/54
f 48/18/48 54/24/54 55/25/55
f 51/21/51 56/26/56 47/17/47
f 53/23/53 57/27/57 54/24/54
f 53/23/53 47/17/47 58/28/58
f 55/25/55 54/24/54 59/29/59
f 56/26/56 60/30/60 47/17/47
f 47/17/47 60/30/60 58/28/58
f 57/27/57 61/31/61 54/24/54
f 59/29/59 54/24/54 62/32/62
f 61/31/61 63/33/63 54/24/54
f 54/24/54 63/33/63 62/32/62
f 29/34/29 64/35/64 39/36/39
f 64/35/64 65/37/65 39/36/39
f 64/35/64 66/38/66 65/37/65
f 64/35/64 67/39/67 66/38/66
f 39/36/39 65/37/65 44/40/44
f 67/39/67 68/41/68 66/38/66
f 67/39/67 69/42/69 68/41/68
f 67/39/67 70/43/70 69/42/69
f 65/37/65 71/44/71 44/40/44
f 65/37/65 66/38/66 71/44/71
f 68/41/68 69/42/69 72/45/72
f 68/41/68 73/46/73 66/38/66
f 68/41/68 72/45/72 27/47/27
f 68/41/68 37/48/37 73/46/73
f 68/41/68 27/47/27 37/48/37
f 70/43/70 74/49/74 69/42/69
f 70/43/70 75/50/75 74/49/74
f 70/43/70 76/51/76 75/50/75
f 44/40/44 71/44/71 77/52/77
f 44/40/44 77/52/77 49/53/49
f 71/44/71 66/38/66 77/52/77
f 72/45/72 38/54/38 27/47/27
f 72/45/72 69/42/69 78/55/78
f 72/45/72 78/55/78 38/54/38
f 73/46/73 37/48/37 43/56/43
f 73/46/73 79/57/79 66/38/66
f 73/46/73 43/56/43 79/57/79
f 79/57/79 43/56/43 49/53/49
f 79/57/79 77/52/77 66/38/66
f 79/57/79 49/53/49 77/52/77
f 74/49/74 75/50/75 80/58/80
f 74/49/74 81/59/81 69/42/69
f 74/49/74 80/58/80 17/60/17
f 74/49/74 17/60/17 81/59/81
f 76/51/76 82/61/82 75/50/75
f 76/51/76 83/62/83 82/61/82
f 76/51/76 84/63/84 83/62/83
f 78/55/78 42/64/42 38/54/38
f 78/55/78 69/42/69 85/65/85
f 78/55/78 85/65/85 42/64/42
f 69/42/69 81/59/81 85/65/85
f 80/58/80 26/66/26 17/60/17
f 80/58/80 75/50/75 86/67/86
f 80/58/80 24/68/24 26/66/26
f 80/58/80 86/67/86 24/68/24
f 82/61/82 83/62/83 87/69/87
f 82/61/82 88/70/88 75/50/75
f 82/61/82 87/69/87 5/71/5
f 82/61/82 16/72/16 88/70/88
f 82/61/82 5/71/5 16/72/16
f 88/70/88 86/67/86 75/50/75
f 88/70/88 16/72/16 24/68/24
f 88/70/88 24/68/24 86/67/86
f 84/63/84 89/73/89 83/62/83
f 84/63/84 90/74/90 89/73/89
f 84/63/84 91/75/91 90/74/90
f 42/64/42 85/65/85 36/76/36
f 81/59/81 17/60/17 25/77/25
f 81/59/81 25/77/25 85/65/85
f 85/65/85 25/77/25 36/76/36
f 87/69/87 7/78/7 5/71/5
f 87/69/87 83/62/83 92/79/92
f 87/69/87 92/79/92 7/78/7
f 89/73/89 90/74/90 93/80/93
f 89/73/89 94/81/94 83/62/83
f 89/73/89 93/80/93 4/82/4
f 89/73/89 6/83/6 94/81/94
f 89/73/89 4/82/4 6/83/6
f 91/75/91 95/63/95 90/74/90
f 92/79/92 9/84/9 7/78/7
f 92/79/92 83/62/83 96/85/96
f 92/79/92 96/85/96 9/84/9
f 83/62/83 94/81/94 96/85/96
f 93/80/93 14/86/14 4/82/4
f 93/80/93 90/74/90 97/87/97
f 93/80/93 97/87/97 14/86/14
f 6/83/6 8/88/8 94/81/94
f 8/88/8 9/84/9 96/85/96
f 8/88/8 96/85/96 94/81/94
f 95/63/95 98/73/98 90/74/90
f 95/63/95 99/62/99 98/73/98
f 95/63/95 100/51/100 99/62/99
f 97/87/97 20/89/20 14/86/14
f 97/87/97 90/74/90 101/80/101
f 97/87/97 30/86/30 20/89/20
f 97/87/97 101/80/101 30/86/30
f 90/74/90 98/73/98 101/80/101
f 100/51/100 102/61/102 99/62/99
f 100/51/100 103/50/103 102/61/102
f 100/51/100 104/43/104 103/50/103
f 30/86/30 101/80/101 21/82/21
f 101/80/101 98/73/98 21/82/21
f 99/62/99 102/61/102 105/69/105
f 99/62/99 106/81/106 98/73/98
f 99/62/99 105/69/105 107/79/107
f 99/62/99 108/85/108 106/81/106
f 99/62/99 107/79/107 108/85/108
f 104/43/104 109/49/109 103/50/103
f 104/43/104 110/42/110 109/49/109
f 104/43/104 111/39/111 110/42/110
f 21/82/21 98/73/98 32/83/32
f 98/73/98 106/81/106 32/83/32
f 102/61/102 31/71/31 105/69/105
f 102/61/102 103/50/103 112/70/112
f 102/61/102 45/72/45 31/71/31
f 102/61/102 112/70/112 45/72/45
f 107/79/107 35/84/35 108/85/108
f 107/79/107 105/69/105 33/78/33
f 107/79/107 33/78/33 35/84/35
f 33/78/33 105/69/105 31/71/31
f 109/49/109 110/42/110 113/59/113
f 109/49/109 114/58/114 103/50/103
f 109/49/109 113/59/113 46/60/46
f 109/49/109 46/60/46 114/58/114
f 111/39/111 115/41/115 110/42/110
f 111/39/111 116/38/116 115/41/115
f 111/39/111 117/35/117 116/38/116
f 106/81/106 34/88/34 32/83/32
f 106/81/106 108/85/108 34/88/34
f 34/88/34 108/85/108 35/84/35
f 112/70/112 50/68/50 45/72/45
f 112/70/112 103/50/103 118/67/118
f 112/70/112 118/67/118 50/68/50
f 118/67/118 114/58/114 50/68/50
f 118/67/118 103/50/103 114/58/114
f 113/59/113 51/77/51 46/60/46
f 113/59/113 110/42/110 119/65/119
f 113/59/113 119/65/119 51/77/51
f 115/41/115 116/38/116 120/46/120
f 115/41/115 121/45/121 110/42/110
f 115/41/115 120/46/120 57/48/57
f 115/41/115 53/47/53 121/45/121
f 115/41/115 57/48/57 53/47/53
f 117/35/117 122/37/122 116/38/116
f 117/35/117 59/36/59 122/37/122
f 117/35/117 55/34/55 59/36/59
f 50/68/50 114/58/114 52/66/52
f 52/66/52 114/58/114 46/60/46
f 119/65/119 56/76/56 51/77/51
f 119/65/119 110/42/110 123/55/123
f 119/65/119 60/64/60 56/76/56
f 119/65/119 123/55/123 60/64/60
f 110/42/110 121/45/121 123/55/123
f 120/46/120 61/56/61 57/48/57
f 120/46/120 116/38/116 124/57/124
f 120/46/120 124/57/124 61/56/61
f 53/47/53 58/54/58 121/45/121
f 58/54/58 60/64/60 123/55/123
f 58/54/58 123/55/123 121/45/121
f 122/37/122 59/36/59 62/40/62
f 122/37/122 125/44/125 116/38/116
f 122/37/122 62/40/62 125/44/125
f 124/57/124 63/53/63 61/56/61
f 124/57/124 116/38/116 126/52/126
f 124/57/124 126/52/126 63/53/63
f 126/52/126 125/44/125 62/40/62
f 126/52/126 116/38/116 125/44/125
f 126/52/126 62/40/62 63/53/63
f 127/90/127 128/91/128 129/92/129
f 127/90/127 130/93/130 128/91/128
f 127/90/127 129/92/129 131/94/131
f 127/90/127 132/95/132 130/93/130
f 127/90/127 131/94/131 133/96/133
f 127/90/127 134/97/134 132/95/132
f 127/90/127 133/96/133 135/98/135
f 127/90/127 135/98/135 134/97/134
f 129/92/129 136/99/136 131/94/131
f 129/92/129 137/100/137 136/99/136
f 130/93/130 132/95/132 138/90/138
f 130/93/130 138/90/138 139/91/139
f 133/96/133 140/101/140 135/98/135
f 133/96/133 131/94/131 141/102/141
f 133/96/133 142/103/142 140/101/140
f 133/96/133 141/102/141 143/104/143
f 133/96/133 143/104/143 142/103/142
f 134/97/134 144/98/144 132/95/132
f 134/97/134 135/98/135 145/105/145
f 134/97/134 146/101/146 144/98/144
f 134/97/134 145/105/145 146/101/146
f 145/105/145 135/98/135 140/101/140
f 132/95/132 144/98/144 138/90/138
f 137/100/137 147/106/147 136/99/136
f 137/100/137 148/107/148 147/106/147
f 139/91/139 138/90/138 149/92/149
f 131/94/131 150/108/150 141/102/141
f 131/94/131 136/99/136 150/108/150
f 146/101/146 151/96/151 144/98/144
f 146/101/146 152/103/152 151/96/151
f 144/98/144 151/96/151 138/90/138
f 148/107/148 153/109/153 147/106/147
f 148/107/148 154/110/154 153/109/153
f 148/107/148 155/111/155 154/110/154
f 149/92/149 138/90/138 156/94/156
f 149/92/149 156/94/156 157/99/157
f 149/92/149 157/99/157 158/100/158
f 138/90/138 151/96/151 156/94/156
f 136/99/136 159/112/159 150/108/150
f 136/99/136 147/106/147 159/112/159
f 152/103/152 160/104/160 151/96/151
f 153/109/153 154/110/154 161/113/161
f 153/109/153 162/114/162 147/106/147
f 153/109/153 161/113/161 162/114/162
f 155/111/155 163/109/163 154/110/154
f 155/111/155 164/115/164 163/109/163
f 157/99/157 165/106/165 158/100/158
f 157/99/157 156/94/156 166/108/166
f 157/99/157 167/112/167 165/106/165
f 157/99/157 166/108/166 167/112/167
f 164/115/164 165/106/165 163/109/163
f 164/115/164 158/100/158 165/106/165
f 159/112/159 147/106/147 168/116/168
f 168/116/168 147/106/147 162/114/162
f 160/104/160 169/102/169 151/96/151
f 169/102/169 156/94/156 151/96/151
f 169/102/169 166/108/166 156/94/156
f 161/113/161 154/110/154 170/114/170
f 163/109/163 165/106/165 170/114/170
f 163/109/163 170/114/170 154/110/154
f 167/112/167 171/116/171 165/106/165
f 165/106/165 171/116/171 170/114/170
f 172/117/172 173/118/173 174/119/174
f 172/117/172 175/120/175 173/118/173
f 172/117/172 174/119/174 176/121/176
f 172/117/172 177/122/177 175/120/175
f 172/117/172 176/121/176 178/123/178
f 172/117/172 179/124/179 177/122/177
f 172/117/172 178/123/178 180/125/180
f 172/117/172 180/125/180 179/124/179
f 173/118/173 181/126/181 174/119/174
f 173/118/173 175/120/175 182/127/182
f 173/118/173 183/128/183 181/126/181
f 173/118/173 182/127/182 184/129/184
f 173/118/173 184/129/184 183/128/183
f 174/119/174 181/126/181 176/121/176
f 177/122/177 179/124/179 185/130/185
f 177/122/177 186/131/186 175/120/175
f 177/122/177 185/130/185 187/132/187
f 177/122/177 187/132/187 186/131/186
f 178/123/178 186/131/186 180/125/180
f 178/123/178 184/129/184 182/127/182
f 178/123/178 176/121/176 184/129/184
f 178/123/178 182/127/182 186/131/186
f 182/127/182 175/120/175 186/131/186
f 179/124/179 180/125/180 185/130/185
f 183/128/183 188/133/188 181/126/181
f 183/128/183 184/129/184 189/134/189
f 183/128/183 190/135/189 188/133/188
f 183/128/183 189/134/189 190/135/189
f 187/132/187 191/136/189 186/131/186
f 187/132/187 185/130/185 192/137/190
f 187/132/187 193/133/191 191/136/189
f 187/132/187 192/137/190 193/133/191
f 176/121/176 181/126/181 194/138/192
f 180/125/180 195/139/193 185/130/185
f 185/130/185 195/139/193 192/137/190
f 188/133/188 190/135/189 196/140/194
f 188/133/188 197/137/195 181/126/181
f 188/133/188 196/140/194 198/141/196
f 188/133/188 198/141/196 197/137/195
f 191/136/189 193/133/191 199/135/197
f 194/138/192 181/126/181 200/142/198
f 197/137/195 198/141/196 200/142/198
f 197/137/195 200/142/198 181/126/181
f 195/139/193 201/142/198 192/137/190
f 190/135/189 202/143/189 196/140/194
f 193/133/191 202/143/189 199/135/197
f 193/133/191 198/141/196 196/140/194
f 193/133/191 192/137/190 198/141/196
f 193/133/191 196/140/194 202/143/189
f 200/142/198 198/141/196 203/144/198
f 203/144/198 192/137/190 201/142/198
f 203/144/198 198/141/196 192/137/190
f 204/145/199 145/146/145 140/147/140
f 204/145/199 146/148/146 145/146/145
f 204/145/199 140/147/140 205/149/200
f 204/145/199 206/150/201 146/148/146
f 204/145/199 205/149/200 207/151/202
f 204/145/199 208/152/203 206/150/201
f 204/145/199 207/151/202 209/153/204
f 204/145/199 209/153/204 208/152/203
f 140/147/140 142/154/142 205/149/200
f 146/148/146 206/150/201 152/155/152
f 207/151/202 205/149/200 210/156/205
f 205/149/200 142/154/142 210/156/205
f 208/152/203 211/157/206 206/150/201
f 206/150/201 211/157/206 152/155/152
f 142/154/142 143/158/143 210/156/205
f 211/157/206 160/159/160 152/155/152
f 212/90/207 213/92/208 214/91/209
f 212/90/207 215/94/210 213/92/208
f 212/90/207 214/91/209 216/93/211
f 212/90/207 217/96/212 215/94/210
f 212/90/207 216/93/211 218/95/213
f 212/90/207 219/98/214 217/96/212
f 212/90/207 218/95/213 220/97/215
f 212/90/207 220/97/215 219/98/214
f 213/92/208 215/94/210 221/99/216
f 213/92/208 221/99/216 222/100/217
f 216/93/211 223/90/218 218/95/213
f 216/93/211 224/91/219 223/90/218
f 217/96/212 219/98/214 225/101/220
f 217/96/212 226/102/221 215/94/210
f 217/96/212 225/101/220 227/103/222
f 217/96/212 228/104/223 226/102/221
f 217/96/212 227/103/222 228/104/223
f 220/97/215 218/95/213 229/98/224
f 220/97/215 230/105/225 219/98/214
f 220/97/215 229/98/224 231/101/226
f 220/97/215 231/101/226 230/105/225
f 230/105/225 225/101/220 219/98/214
f 218/95/213 223/90/218 229/98/224
f 221/99/216 232/106/227 222/100/217
f 221/99/216 215/94/210 233/108/228
f 221/99/216 234/112/229 232/106/227
f 221/99/216 233/108/228 234/112/229
f 233/108/228 215/94/210 226/102/221
f 224/91/219 235/92/230 223/90/218
f 231/101/226 229/98/224 236/96/231
f 231/101/226 236/96/231 237/103/232
f 229/98/224 223/90/218 236/96/231
f 222/100/217 232/106/227 238/107/233
f 234/112/229 239/116/234 232/106/227
f 235/92/230 240/94/235 223/90/218
f 235/92/230 241/99/236 240/94/235
f 235/92/230 242/100/237 241/99/236
f 223/90/218 240/94/235 236/96/231
f 237/103/232 236/96/231 243/104/238
f 238/107/233 232/106/227 244/109/239
f 238/107/233 244/109/239 245/110/240
f 238/107/233 245/110/240 246/111/241
f 239/116/234 247/114/242 232/106/227
f 232/106/227 247/114/242 244/109/239
f 242/100/237 248/106/243 241/99/236
f 242/100/237 249/115/244 248/106/243
f 240/94/235 250/102/245 236/96/231
f 240/94/235 241/99/236 251/108/246
f 240/94/235 251/108/246 250/102/245
f 250/102/245 243/104/238 236/96/231
f 245/110/240 252/109/247 246/111/241
f 245/110/240 244/109/239 253/113/248
f 245/110/240 254/114/249 252/109/247
f 245/110/240 253/113/248 254/114/249
f 252/109/247 248/106/243 249/115/244
f 252/109/247 249/115/244 246/111/241
f 252/109/247 254/114/249 248/106/243
f 253/113/248 244/109/239 247/114/242
f 241/99/236 255/112/250 251/108/246
f 241/99/236 248/106/243 255/112/250
f 254/114/249 256/116/251 248/106/243
f 248/106/243 256/116/251 255/112/250
f 257/117/252 258/118/253 259/120/254
f 257/117/252 260/119/255 258/118/253
f 257/117/252 259/120/254 261/122/256
f 257/117/252 262/121/257 260/119/255
f 257/117/252 261/122/256 263/124/258
f 257/117/252 264/123/259 262/121/257
f 257/117/252 263/124/258 265/125/260
f 257/117/252 265/125/260 264/123/259
f 258/118/253 266/127/261 259/120/254
f 258/118/253 260/119/255 267/126/262
f 258/118/253 268/129/263 266/127/261
f 258/118/253 267/126/262 269/128/264
f 258/118/253 269/128/264 268/129/263
f 260/119/255 262/121/257 267/126/262
f 261/122/256 270/130/265 263/124/258
f 261/122/256 259/120/254 271/131/266
f 261/122/256 272/132/267 270/130/265
f 261/122/256 271/131/266 272/132/267
f 264/123/259 265/125/260 271/131/266
f 264/123/259 266/127/261 268/129/263
f 264/123/259 268/129/263 262/121/257
f 264/123/259 271/131/266 266/127/261
f 266/127/261 271/131/266 259/120/254
f 263/124/258 270/130/265 265/125/260
f 269/128/264 267/126/262 273/133/268
f 269/128/264 274/134/269 268/129/263
f 269/128/264 273/133/268 275/135/269
f 269/128/264 275/135/269 274/134/269
f 272/132/267 271/131/266 276/136/269
f 272/132/267 277/137/270 270/130/265
f 272/132/267 276/136/269 278/133/271
f 272/132/267 278/133/271 277/137/270
f 262/121/257 279/138/272 267/126/262
f 265/125/260 270/130/265 280/139/272
f 270/130/265 277/137/270 280/139/272
f 273/133/268 281/140/273 275/135/269
f 273/133/268 267/126/262 282/137/274
f 273/133/268 283/141/275 281/140/273
f 273/133/268 282/137/274 283/141/275
f 276/136/269 284/135/269 278/133/271
f 279/138/272 285/142/272 267/126/262
f 282/137/274 285/142/272 283/141/275
f 282/137/274 267/126/262 285/142/272
f 277/137/270 286/142/272 280/139/272
f 277/137/270 278/133/271 283/141/275
f 277/137/270 287/144/272 286/142/272
f 277/137/270 283/141/275 287/144/272
f 283/141/275 278/133/271 281/140/273
f 283/141/275 285/142/272 287/144/272
f 275/135/269 281/140/273 288/143/269
f 288/143/269 278/133/271 284/135/269
f 288/143/269 281/140/273 278/133/271
f 289/145/276 290/149/277 225/147/220
f 289/145/276 291/151/278 290/149/277
f 289/145/276 225/147/220 230/146/225
f 289/145/276 292/153/279 291/151/278
f 289/145/276 230/146/225 231/148/226
f 289/145/276 293/152/280 292/153/279
f 289/145/276 231/148/226 294/150/281
f 289/145/276 294/150/281 293/152/280
f 290/149/277 227/154/222 225/147/220
f 290/149/277 291/151/278 295/156/282
f 290/149/277 295/156/282 227/154/222
f 231/148/226 237/155/232 294/150/281
f 293/152/280 294/150/281 296/157/283
f 294/150/281 237/155/232 296/157/283
f 295/156/282 228/158/223 227/154/222
f 237/155/232 243/159/238 296/157/283
f 297/160/284 298/161/285 299/162/286
f 297/160/284 139/163/287 298/161/285
f 297/160/284 299/162/286 300/164/288
f 297/160/284 130/165/289 139/163/287
f 297/160/284 300/164/288 301/166/290
f 297/160/284 302/167/291 130/165/289
f 297/160/284 301/168/290 302/167/291
f 300/164/288 303/169/292 301/166/290
f 130/165/289 302/170/291 128/171/293
f 303/169/292 304/172/294 301/166/290
f 302/170/291 305/173/295 128/171/293
f 302/170/291 301/166/290 306/174/296
f 302/170/291 307/175/297 305/173/295
f 302/170/291 306/174/296 307/175/297
f 304/172/294 308/176/298 301/166/290
f 301/166/290 308/176/298 306/174/296
f 309/160/299 310/162/300 311/161/301
f 309/160/299 312/164/302 310/162/300
f 309/160/299 311/161/301 224/163/303
f 309/160/299 313/166/304 312/164/302
f 309/160/299 224/163/303 216/165/305
f 309/160/299 216/165/305 314/167/306
f 309/160/299 314/167/306 313/168/304
f 313/166/304 315/169/307 312/164/302
f 313/166/304 316/172/308 315/169/307
f 313/166/304 317/176/309 316/172/308
f 313/166/304 318/174/310 317/176/309
f 313/166/304 314/170/306 318/174/310
f 216/165/305 214/171/311 314/170/306
f 318/174/310 314/170/306 319/175/312
f 214/171/311 320/173/313 314/170/306
f 314/170/306 320/173/313 319/175/312
f 321/177/314 161/178/161 170/179/170
f 321/177/314 322/180/315 161/178/161
f 321/177/314 170/179/170 171/181/171
f 321/177/314 171/181/171 323/182/316
f 322/180/315 162/179/162 161/178/161
f 322/180/315 324/177/317 162/179/162
f 171/181/171 167/183/167 323/182/316
f 324/177/317 168/181/168 162/179/162
f 324/177/317 325/182/318 168/181/168
f 167/183/167 326/184/319 323/182/316
f 167/183/167 166/185/166 326/184/319
f 325/182/318 159/183/159 168/181/168
f 325/182/318 327/184/320 159/183/159
f 166/185/166 328/186/321 326/184/319
f 166/185/166 329/187/322 328/186/321
f 166/185/166 169/188/169 329/187/322
f 327/184/320 330/186/323 159/183/159
f 169/188/169 331/189/324 329/187/322
f 169/188/169 160/190/160 331/189/324
f 330/186/323 150/185/150 159/183/159
f 330/186/323 332/187/325 150/185/150
f 160/190/160 333/191/326 331/189/324
f 160/190/160 211/192/206 333/191/326
f 332/187/325 141/188/141 150/185/150
f 332/187/325 334/189/327 141/188/141
f 211/192/206 335/193/328 333/191/326
f 211/192/206 208/194/203 335/193/328
f 334/189/327 143/190/143 141/188/141
f 334/189/327 210/192/205 143/190/143
f 334/189/327 336/191/329 210/192/205
f 208/194/203 209/195/204 335/193/328
f 336/191/329 207/194/202 210/192/205
f 336/191/329 337/193/330 207/194/202
f 207/194/202 337/193/330 209/195/204
f 335/193/328 209/195/204 338/196/331
f 338/196/331 209/195/204 337/193/330
f 300/197/332 164/198/164 303/199/333
f 300/197/332 158/200/158 164/198/164
f 300/197/332 149/201/149 158/200/158
f 300/197/332 299/202/334 149/201/149
f 303/199/333 164/198/164 155/203/155
f 303/199/333 155/203/155 304/204/335
f 299/202/334 298/205/336 149/201/149
f 155/203/155 148/198/148 304/204/335
f 298/205/336 139/206/139 149/201/149
f 148/198/148 308/199/337 304/204/335
f 148/198/148 137/200/137 308/199/337
f 137/200/137 306/197/338 308/199/337
f 137/200/137 129/201/129 306/197/338
f 129/201/129 307/202/339 306/197/338
f 129/201/129 305/205/340 307/202/339
f 129/201/129 128/206/128 305/205/340
f 329/207/341 330/208/341 328/209/341
f 329/207/341 332/210/341 330/208/341
f 329/207/341 334/211/341 332/210/341
f 329/207/341 331/212/341 334/211/341
f 328/209/341 330/208/341 327/213/341
f 328/209/341 327/213/341 326/214/341
f 331/212/341 336/215/341 334/211/341
f 331/212/341 333/216/341 336/215/341
f 327/213/341 325/217/341 326/214/341
f 333/216/341 337/218/341 336/215/341
f 333/216/341 335/219/341 337/218/341
f 325/217/341 323/220/341 326/214/341
f 325/217/341 324/221/341 323/220/341
f 335/219/341 338/222/341 337/218/341
f 324/221/341 321/223/341 323/220/341
f 324/221/341 322/224/341 321/223/341
f 339/177/342 253/178/248 340/180/343
f 339/177/342 254/179/249 253/178/248
f 339/177/342 256/181/251 254/179/249
f 339/177/342 341/182/344 256/181/251
f 340/180/343 253/178/248 247/179/242
f 340/180/343 247/179/242 342/177/345
f 341/182/344 255/183/250 256/181/251
f 341/182/344 343/184/346 255/183/250
f 247/179/242 239/181/234 342/177/345
f 343/184/346 251/185/246 255/183/250
f 343/184/346 344/186/347 251/185/246
f 239/181/234 345/182/348 342/177/345
f 239/181/234 234/183/229 345/182/348
f 344/186/347 346/187/349 251/185/246
f 234/183/229 347/184/350 345/182/348
f 234/183/229 348/186/351 347/184/350
f 234/183/229 233/185/228 348/186/351
f 346/187/349 250/188/245 251/185/246
f 346/187/349 349/189/352 250/188/245
f 233/185/228 350/187/353 348/186/351
f 233/185/228 226/188/221 350/187/353
f 349/189/352 243/190/238 250/188/245
f 349/189/352 351/191/354 243/190/238
f 226/188/221 352/189/355 350/187/353
f 226/188/221 228/190/223 352/189/355
f 351/191/354 296/192/283 243/190/238
f 351/191/354 353/193/356 296/192/283
f 228/190/223 295/192/282 352/189/355
f 353/193/356 293/194/280 296/192/283
f 353/193/356 292/195/279 293/194/280
f 353/193/356 354/196/357 292/195/279
f 295/192/282 355/191/358 352/189/355
f 295/192/282 291/194/278 355/191/358
f 354/196/357 356/193/359 292/195/279
f 356/193/359 355/191/358 291/194/278
f 356/193/359 291/194/278 292/195/279
f 312/197/360 249/198/244 242/200/237
f 312/197/360 315/199/361 249/198/244
f 312/197/360 242/200/237 235/201/230
f 312/197/360 235/201/230 310/202/362
f 315/199/361 246/203/241 249/198/244
f 315/199/361 316/204/363 246/203/241
f 235/201/230 311/205/364 310/202/362
f 235/201/230 224/206/219 311/205/364
f 316/204/363 238/198/233 246/203/241
f 316/204/363 317/199/365 238/198/233
f 317/199/365 222/200/217 238/198/233
f 317/199/365 318/197/366 222/200/217
f 318/197/366 213/201/208 222/200/217
f 318/197/366 319/202/367 213/201/208
f 319/202/367 320/205/368 213/201/208
f 320/205/368 214/206/209 213/201/208
f 346/207/269 344/209/269 348/208/269
f 346/207/269 348/208/269 350/210/269
f 346/207/269 350/210/269 352/211/269
f 346/207/269 352/211/269 349/212/269
f 344/209/269 347/213/269 348/208/269
f 344/209/269 343/214/269 347/213/269
f 352/211/269 355/215/269 349/212/269
f 343/214/269 345/217/269 347/213/269
f 343/214/269 341/220/269 345/217/269
f 355/215/269 351/216/269 349/212/269
f 355/215/269 356/218/269 351/216/269
f 341/220/269 342/221/269 345/217/269
f 341/220/269 339/223/269 342/221/269
f 356/218/269 353/219/269 351/216/269
f 356/218/269 354/222/269 353/219/269
f 339/223/269 340/224/269 342/221/269
f 357/225/369 358/226/370 359/227/371
f 358/226/370 360/228/372 359/227/371
f 358/226/370 361/229/373 360/228/372
f 361/229/373 362/230/374 360/228/372
f 361/229/373 363/231/375 362/230/374
f 363/231/375 364/232/376 362/230/374
f 365/225/377 366/227/378 367/226/379
f 366/227/378 368/228/380 367/226/379
f 368/228/380 369/229/381 367/226/379
f 368/228/380 370/230/382 369/229/381
f 370/230/382 371/231/383 369/229/381
f 370/230/382 372/232/384 371/231/383
f 372/233/384 373/234/385 371/235/383
f 373/234/385 374/236/386 371/235/383
f 373/234/385 375/237/387 376/238/388
f 373/234/385 376/238/388 374/236/386
f 371/235/383 374/236/386 369/239/381
f 375/237/387 377/234/389 376/238/388
f 374/236/386 378/240/390 369/239/381
f 377/234/389 363/235/375 379/236/391
f 376/238/388 380/241/392 374/236/386
f 376/238/388 377/234/389 379/236/391
f 376/238/388 379/236/391 380/241/392
f 378/240/390 381/242/393 382/243/394
f 369/239/381 378/240/390 367/244/379
f 363/235/375 361/239/373 379/236/391
f 374/236/386 383/245/395 378/240/390
f 374/236/386 380/241/392 383/245/395
f 377/234/389 364/233/376 363/235/375
f 381/242/393 384/246/396 385/247/397
f 382/243/394 386/248/398 367/244/379
f 382/243/394 367/244/379 378/240/390
f 382/243/394 381/242/393 385/247/397
f 382/243/394 385/247/397 386/248/398
f 361/239/373 387/240/399 379/236/391
f 380/241/392 388/249/400 383/245/395
f 384/246/396 381/242/393 389/250/401
f 367/244/379 386/248/398 365/251/377
f 378/240/390 390/252/402 381/242/393
f 381/242/393 390/252/402 389/250/401
f 378/240/390 383/245/395 390/252/402
f 385/247/397 391/253/403 392/254/404
f 385/247/397 384/246/396 391/253/403
f 385/247/397 392/254/404 386/248/398
f 361/239/373 358/244/370 387/240/399
f 379/236/391 387/240/399 393/245/405
f 380/241/392 393/245/405 388/249/400
f 380/241/392 379/236/391 393/245/405
f 365/251/377 386/248/398 394/255/406
f 386/248/398 392/254/404 394/255/406
f 389/250/401 390/252/402 395/256/407
f 383/245/395 396/257/408 390/252/402
f 390/252/402 396/257/408 395/256/407
f 383/245/395 388/249/400 396/257/408
f 384/246/396 389/250/401 397/258/409
f 384/246/396 397/258/409 391/253/403
f 358/244/370 357/251/369 398/248/410
f 387/240/399 399/243/411 400/242/412
f 358/244/370 398/248/410 399/243/411
f 358/244/370 399/243/411 387/240/399
f 393/245/405 401/252/413 402/257/414
f 393/245/405 402/257/414 388/249/400
f 387/240/399 400/242/412 401/252/413
f 387/240/399 401/252/413 393/245/405
f 365/251/377 394/255/406 366/259/378
f 392/254/404 391/253/403 403/260/415
f 392/254/404 403/260/415 394/255/406
f 395/256/407 404/261/416 405/262/417
f 388/249/400 404/261/416 396/257/408
f 396/257/408 404/261/416 395/256/407
f 388/249/400 402/257/414 404/261/416
f 389/250/401 406/263/418 397/258/409
f 395/256/407 405/262/417 406/263/418
f 395/256/407 406/263/418 389/250/401
f 357/251/369 407/255/419 398/248/410
f 399/243/411 398/248/410 408/247/420
f 399/243/411 408/247/420 400/242/412
f 401/252/413 409/256/421 402/257/414
f 402/257/414 409/256/421 404/261/416
f 366/259/378 410/264/422 368/265/380
f 394/255/406 403/260/415 410/264/422
f 394/255/406 410/264/422 366/259/378
f 391/253/403 411/266/423 403/260/415
f 397/258/409 412/267/424 391/253/403
f 391/253/403 412/267/424 411/266/423
f 405/262/417 404/261/416 413/268/425
f 406/263/418 414/269/426 397/258/409
f 397/258/409 414/269/426 412/267/424
f 357/251/369 359/259/371 407/255/419
f 398/248/410 415/254/427 408/247/420
f 398/248/410 407/255/419 415/254/427
f 400/242/412 408/247/420 416/246/428
f 401/252/413 417/250/429 409/256/421
f 400/242/412 416/246/428 417/250/429
f 400/242/412 417/250/429 401/252/413
f 368/265/380 410/264/422 418/270/430
f 403/260/415 419/271/431 410/264/422
f 410/264/422 419/271/431 418/270/430
f 411/266/423 412/267/424 420/272/432
f 405/262/417 421/273/433 422/274/434
f 422/274/434 406/263/418 405/262/417
f 405/262/417 413/268/425 421/273/433
f 406/263/418 422/274/434 414/269/426
f 404/261/416 423/262/435 413/268/425
f 404/261/416 409/256/421 423/262/435
f 359/259/371 360/265/372 424/264/436
f 359/259/371 424/264/436 407/255/419
f 415/254/427 425/253/437 408/247/420
f 408/247/420 425/253/437 416/246/428
f 417/250/429 426/258/438 427/263/439
f 417/250/429 427/263/439 409/256/421
f 416/246/428 425/253/437 426/258/438
f 416/246/428 426/258/438 417/250/429
f 409/256/421 427/263/439 423/262/435
f 368/265/380 418/270/430 370/275/382
f 403/260/415 411/266/423 428/276/440
f 419/271/431 403/260/415 429/277/441
f 403/260/415 428/276/440 429/277/441
f 419/271/431 429/277/441 418/270/430
f 412/267/424 414/269/426 430/278/442
f 412/267/424 430/278/442 420/272/432
f 421/273/433 413/268/425 431/279/443
f 360/265/372 432/270/444 424/264/436
f 407/255/419 424/264/436 433/280/445
f 415/254/427 433/280/445 425/253/437
f 415/254/427 407/255/419 433/280/445
f 426/258/438 425/253/437 434/267/446
f 427/263/439 426/258/438 435/269/447
f 426/258/438 434/267/446 435/269/447
f 423/262/435 436/274/448 437/273/449
f 423/262/435 437/273/449 413/268/425
f 427/263/439 435/269/447 436/274/448
f 427/263/439 436/274/448 423/262/435
f 413/268/425 437/273/449 431/279/443
f 370/275/382 418/270/430 373/281/385
f 411/266/423 420/272/432 438/282/450
f 411/266/423 438/282/450 428/276/440
f 429/277/441 428/276/440 433/283/445
f 430/278/442 439/284/451 420/272/432
f 360/265/372 362/275/374 432/270/444
f 424/264/436 440/271/452 433/280/445
f 440/271/452 424/264/436 432/270/444
f 425/253/437 433/280/445 441/285/453
f 425/253/437 441/285/453 434/267/446
f 435/269/447 434/267/446 442/278/454
f 435/269/447 442/278/454 436/274/448
f 437/273/449 443/284/455 431/279/443
f 436/274/448 442/278/454 443/284/455
f 436/274/448 443/284/455 437/273/449
f 370/275/382 373/281/385 372/286/384
f 418/270/430 429/277/441 444/287/456
f 418/270/430 444/287/456 373/281/385
f 438/282/450 445/288/457 441/289/453
f 441/289/453 428/276/440 438/282/450
f 428/276/440 441/289/453 433/283/445
f 439/284/451 446/290/458 420/272/432
f 438/282/450 446/290/458 445/288/457
f 438/282/450 420/272/432 446/290/458
f 362/275/374 377/281/389 432/270/444
f 432/270/444 377/281/389 444/287/456
f 441/285/453 445/272/457 434/267/446
f 445/272/457 442/278/454 434/267/446
f 442/278/454 445/272/457 443/284/455
f 431/279/443 443/284/455 447/291/459
f 439/284/451 447/291/459 446/290/458
f 429/277/441 433/283/445 440/292/452
f 373/281/385 444/287/456 375/293/387
f 375/293/387 444/287/456 377/281/389
f 445/288/457 446/290/458 443/294/455
f 443/294/455 446/290/458 447/291/459
f 362/275/374 364/286/376 377/281/389
f 429/277/441 432/295/444 444/287/456
f 432/295/444 429/277/441 440/292/452
f 448/296/460 449/297/461 450/298/462
f 449/297/461 451/299/463 450/298/462
f 449/297/461 452/300/464 451/299/463
f 450/298/462 453/301/465 454/302/466
f 450/298/462 451/299/463 453/301/465
f 449/297/461 455/303/467 452/300/464
f 454/302/466 456/304/468 457/305/469
f 454/302/466 453/301/465 456/304/468
f 451/299/463 458/306/470 453/301/465
f 453/301/465 458/306/470 456/304/468
f 451/299/463 452/300/464 458/306/470
f 457/305/469 459/307/471 460/308/472
f 457/305/469 456/304/468 459/307/471
f 458/306/470 461/309/473 456/304/468
f 456/304/468 461/309/473 459/307/471
f 460/308/472 459/307/471 462/310/474
f 461/309/473 463/311/475 459/307/471
f 462/310/474 459/307/471 464/312/476
f 459/307/471 463/311/475 464/312/476
f 462/310/474 464/312/476 465/307/477
f 463/311/475 466/313/478 464/312/476
f 462/310/474 465/307/477 467/308/479
f 466/313/478 468/311/480 464/312/476
f 464/312/476 468/311/480 465/307/477
f 467/308/479 465/307/477 469/305/481
f 468/311/480 470/309/482 465/307/477
f 469/305/481 471/304/483 472/302/484
f 465/307/477 470/309/482 471/304/483
f 465/307/477 471/304/483 469/305/481
f 472/302/484 471/304/483 473/301/485
f 470/309/482 474/306/486 471/304/483
f 471/304/483 474/306/486 473/301/485
f 472/302/484 473/301/485 475/298/487
f 474/306/486 476/300/488 477/299/489
f 473/301/485 477/299/489 475/298/487
f 473/301/485 474/306/486 477/299/489
f 476/300/488 478/303/490 479/297/491
f 477/299/489 479/297/491 475/298/487
f 477/299/489 476/300/488 479/297/491
f 475/298/487 479/297/491 480/296/492
f 481/314/493 482/315/494 483/316/495
f 482/315/494 484/317/496 483/316/495
f 482/315/494 485/318/497 484/317/496
f 483/316/495 486/315/498 487/314/499
f 483/316/495 484/317/496 486/315/498
f 485/318/497 488/319/500 484/317/496
f 486/315/498 484/317/496 489/318/501
f 484/317/496 488/319/500 489/318/501
f 485/318/497 490/320/502 488/319/500
f 489/318/501 488/319/500 491/320/503
f 490/320/502 492/321/504 488/319/500
f 488/319/500 492/321/504 491/320/503
f 490/320/502 493/322/505 494/323/506
f 492/321/504 490/320/502 494/323/506
f 492/321/504 494/323/506 491/320/503
f 493/322/505 495/324/507 496/325/508
f 493/322/505 496/325/508 494/323/506
f 491/320/503 494/323/506 497/322/509
f 494/323/506 496/325/508 497/322/509
f 496/325/508 498/324/510 497/322/509
f 490/326/502 485/327/497 493/328/505
f 485/327/497 482/329/494 493/328/505
f 482/329/494 481/330/493 495/331/507
f 495/331/507 493/328/505 482/329/494
f 491/326/503 497/328/509 489/327/501
f 497/328/509 486/329/498 489/327/501
f 497/328/509 498/331/510 486/329/498
f 498/331/510 487/330/499 486/329/498
f 414/332/426 422/333/434 430/334/442
f 422/333/434 421/335/433 439/336/451
f 422/333/434 439/336/451 430/334/442
f 421/335/433 431/337/443 439/336/451
f 431/337/443 447/338/459 439/336/451
f 499/339/511 500/340/512 501/341/513
f 501/341/513 500/340/512 502/342/514
f 501/343/513 502/342/514 503/344/515
f 503/345/515 504/346/516 501/341/513
f 501/341/513 504/346/516 499/339/511
f 499/347/511 504/348/516 500/340/512
f 505/349/517 506/350/518 507/351/519
f 508/352/520 507/353/519 509/354/521
f 509/354/521 507/353/519 506/355/518
f 510/356/522 508/357/520 509/358/521
f 510/356/522 509/359/521 505/349/517
f 505/349/517 509/359/521 506/360/518
f 502/342/514 505/349/517 503/344/515
f 503/344/515 505/349/517 507/351/519
f 504/346/516 503/345/515 508/352/520
f 508/352/520 503/345/515 507/353/519
f 500/340/512 504/348/516 510/356/522
f 510/356/522 504/348/516 508/357/520
f 500/340/512 510/356/522 502/342/514
f 502/342/514 510/356/522 505/349/517
f 511/361/523 512/362/524 513/363/525
f 511/361/523 514/364/526 512/362/524
f 511/361/523 513/363/525 515/365/527
f 511/361/523 516/366/528 514/364/526
f 511/361/523 515/365/527 517/367/529
f 511/361/523 518/368/530 516/366/528
f 511/361/523 517/367/529 519/369/531
f 511/361/523 519/369/531 518/368/530
f 512/362/524 520/370/532 513/363/525
f 512/362/524 514/364/526 521/371/533
f 512/362/524 522/372/534 520/370/532
f 512/362/524 521/371/533 522/372/534
f 515/365/527 523/373/535 517/367/529
f 515/365/527 513/363/525 524/374/536
f 515/365/527 524/374/536 523/373/535
f 516/366/528 518/368/530 525/375/537
f 516/366/528 526/376/538 514/364/526
f 516/366/528 525/375/537 526/376/538
f 519/369/531 517/367/529 527/377/539
f 519/369/531 528/378/540 518/368/530
f 520/370/532 529/379/541 513/363/525
f 513/363/525 529/379/541 524/374/536
f 521/371/533 514/364/526 530/380/542
f 514/364/526 526/376/538 530/380/542
f 523/373/535 531/381/543 517/367/529
f 523/373/535 524/374/536 532/382/544
f 523/373/535 533/383/545 531/381/543
f 523/373/535 532/382/544 533/383/545
f 525/375/537 518/368/530 534/384/546
f 525/375/537 535/385/547 526/376/538
f 525/375/537 534/384/546 536/386/548
f 525/375/537 536/386/548 535/385/547
f 529/379/541 537/387/549 524/374/536
f 524/374/536 537/387/549 532/382/544
f 530/380/542 526/376/538 538/388/550
f 526/376/538 535/385/547 538/388/550
f 531/381/543 533/383/545 539/389/551
f 531/381/543 539/389/551 540/390/552
f 534/384/546 540/391/552 536/386/548
f 537/387/549 541/392/553 532/382/544
f 535/385/547 541/393/553 538/388/550
f 535/385/547 536/386/548 542/394/554
f 535/385/547 542/394/554 541/393/553
f 533/383/545 542/395/554 539/389/551
f 533/383/545 532/382/544 542/395/554
f 542/395/554 532/382/544 541/392/553
f 540/391/552 539/396/551 536/386/548
f 536/386/548 539/396/551 542/394/554
f 543/397/555 544/398/556 545/399/557
f 543/397/555 546/400/558 544/398/556
f 543/397/555 545/399/557 547/401/559
f 543/397/555 548/402/560 546/400/558
f 543/397/555 547/401/559 540/403/552
f 543/397/555 528/404/540 548/402/560
f 543/397/555 540/403/552 534/405/546
f 543/397/555 534/405/546 528/404/540
f 544/398/556 549/406/561 545/399/557
f 544/398/556 546/400/558 550/407/562
f 544/398/556 550/407/562 549/406/561
f 548/402/560 551/408/563 546/400/558
f 546/400/558 551/408/563 550/407/562
f 534/405/546 518/409/530 528/404/540
f 545/399/557 549/406/561 552/410/564
f 551/408/563 553/411/565 550/407/562
f 551/408/563 554/412/566 553/411/565
f 551/408/563 555/413/567 554/412/566
f 549/406/561 556/414/568 552/410/564
f 549/406/561 550/407/562 557/415/569
f 549/406/561 557/415/569 556/414/568
f 553/411/565 554/412/566 558/416/570
f 553/411/565 559/417/571 550/407/562
f 553/411/565 558/416/570 559/417/571
f 550/407/562 559/417/571 557/415/569
f 555/413/567 560/418/572 554/412/566
f 555/413/567 561/419/573 560/418/572
f 555/413/567 527/420/539 561/419/573
f 552/410/564 556/414/568 562/421/574
f 558/416/570 563/422/575 559/417/571
f 558/416/570 554/412/566 564/423/576
f 558/416/570 565/424/577 563/422/575
f 558/416/570 564/423/576 566/425/578
f 558/416/570 566/425/578 565/424/577
f 554/412/566 560/418/572 564/423/576
f 559/417/571 563/422/575 557/415/569
f 527/420/539 531/426/543 561/419/573
f 527/420/539 517/427/529 531/426/543
f 556/414/568 567/428/579 562/421/574
f 556/414/568 557/415/569 568/429/580
f 556/414/568 569/430/581 567/428/579
f 556/414/568 568/429/580 569/430/581
f 557/415/569 563/422/575 568/429/580
f 566/425/578 570/431/582 565/424/577
f 566/425/578 564/423/576 562/432/574
f 566/425/578 571/433/583 570/431/582
f 566/425/578 562/432/574 567/434/579
f 566/425/578 567/434/579 571/433/583
f 565/424/577 570/431/582 563/422/575
f 560/418/572 561/419/573 545/435/557
f 560/418/572 552/436/564 564/423/576
f 560/418/572 545/435/557 552/436/564
f 552/436/564 562/432/574 564/423/576
f 531/426/543 540/437/552 561/419/573
f 567/428/579 569/430/581 572/438/584
f 568/429/580 563/422/575 573/439/585
f 568/429/580 574/440/586 569/430/581
f 568/429/580 573/439/585 575/441/587
f 568/429/580 575/441/587 574/440/586
f 563/422/575 570/431/582 573/439/585
f 567/434/579 572/442/584 571/433/583
f 545/435/557 561/419/573 547/443/559
f 547/443/559 561/419/573 540/437/552
f 572/438/584 569/430/581 576/444/588
f 575/441/587 577/445/589 574/440/586
f 575/441/587 573/439/585 578/446/590
f 575/441/587 579/447/591 577/445/589
f 575/441/587 578/446/590 579/447/591
f 570/431/582 571/433/583 578/446/590
f 570/431/582 578/446/590 573/439/585
f 572/442/584 580/448/592 571/433/583
f 572/442/584 576/449/588 580/448/592
f 571/433/583 580/448/592 578/446/590
f 569/430/581 581/450/593 576/444/588
f 569/430/581 574/440/586 581/450/593
f 574/440/586 577/445/589 581/450/593
f 579/447/591 578/446/590 582/451/594
f 579/447/591 583/452/595 577/445/589
f 579/447/591 582/451/594 584/453/596
f 579/447/591 585/454/597 583/452/595
f 579/447/591 584/453/596 585/454/597
f 576/449/588 586/455/598 580/448/592
f 576/444/588 581/450/593 587/456/599
f 576/444/588 587/456/599 586/457/598
f 577/445/589 583/452/595 587/456/599
f 577/445/589 587/456/599 581/450/593
f 578/446/590 588/458/600 582/451/594
f 578/446/590 580/448/592 588/458/600
f 580/448/592 586/455/598 588/458/600
f 584/453/596 582/451/594 589/459/601
f 582/451/594 588/458/600 589/459/601
f 585/454/597 590/460/602 583/452/595
f 586/457/598 587/456/599 591/461/603
f 586/457/598 591/461/603 592/462/604
f 587/456/599 583/452/595 591/461/603
f 586/455/598 592/463/604 588/458/600
f 588/458/600 592/463/604 589/459/601
f 590/460/602 593/464/605 583/452/595
f 593/464/605 592/462/604 591/461/603
f 593/464/605 591/461/603 583/452/595
f 594/361/606 595/365/607 596/363/608
f 594/361/606 597/367/609 595/365/607
f 594/361/606 596/363/608 598/362/610
f 594/361/606 599/369/611 597/367/609
f 594/361/606 598/362/610 600/364/612
f 594/361/606 601/368/613 599/369/611
f 594/361/606 600/364/612 602/366/614
f 594/361/606 602/366/614 601/368/613
f 595/365/607 603/374/615 596/363/608
f 595/365/607 597/367/609 604/373/616
f 595/365/607 604/373/616 603/374/615
f 598/362/610 605/465/617 600/364/612
f 598/362/610 596/363/608 606/466/618
f 598/362/610 607/467/619 605/465/617
f 598/362/610 606/466/618 607/467/619
f 599/369/611 601/368/613 608/378/620
f 599/369/611 609/377/621 597/367/609
f 602/366/614 600/364/612 610/376/622
f 602/366/614 611/375/623 601/368/613
f 602/366/614 610/376/622 611/375/623
f 604/373/616 612/382/624 603/374/615
f 604/373/616 597/367/609 613/381/625
f 604/373/616 614/383/626 612/382/624
f 604/373/616 613/381/625 614/383/626
f 596/363/608 615/468/627 606/466/618
f 596/363/608 603/374/615 615/468/627
f 605/465/617 616/469/628 600/364/612
f 600/364/612 616/469/628 610/376/622
f 601/368/613 611/375/623 617/384/629
f 612/382/624 614/383/626 618/395/630
f 612/382/624 619/470/631 603/374/615
f 612/382/624 618/395/630 620/392/632
f 612/382/624 620/392/632 619/470/631
f 619/470/631 615/468/627 603/374/615
f 613/381/625 621/389/633 614/383/626
f 613/381/625 622/390/634 621/389/633
f 621/389/633 618/395/630 614/383/626
f 616/469/628 623/471/635 610/376/622
f 611/375/623 624/386/636 617/384/629
f 611/375/623 610/376/622 625/385/637
f 611/375/623 625/385/637 624/386/636
f 610/376/622 623/471/635 625/385/637
f 617/384/629 624/386/636 622/391/634
f 623/471/635 620/393/632 625/385/637
f 624/386/636 621/396/633 622/391/634
f 624/386/636 625/385/637 618/394/630
f 624/386/636 618/394/630 621/396/633
f 618/394/630 625/385/637 620/393/632
f 626/397/638 627/399/639 628/398/640
f 626/397/638 629/401/641 627/399/639
f 626/397/638 628/398/640 630/400/642
f 626/397/638 622/403/634 629/401/641
f 626/397/638 630/400/642 631/402/643
f 626/397/638 617/405/629 622/403/634
f 626/397/638 631/402/643 608/404/620
f 626/397/638 608/404/620 617/405/629
f 627/399/639 632/406/644 628/398/640
f 627/399/639 633/410/645 632/406/644
f 630/400/642 634/408/646 631/402/643
f 630/400/642 628/398/640 635/407/647
f 630/400/642 635/407/647 634/408/646
f 628/398/640 632/406/644 635/407/647
f 608/404/620 601/409/613 617/405/629
f 633/410/645 636/414/648 632/406/644
f 633/410/645 637/421/649 636/414/648
f 634/408/646 635/407/647 638/411/650
f 634/408/646 638/411/650 639/412/651
f 634/408/646 639/412/651 640/413/652
f 632/406/644 636/414/648 641/415/653
f 632/406/644 641/415/653 635/407/647
f 637/421/649 642/428/654 636/414/648
f 638/411/650 643/416/655 639/412/651
f 638/411/650 635/407/647 644/417/656
f 638/411/650 644/417/656 643/416/655
f 635/407/647 641/415/653 644/417/656
f 640/413/652 639/412/651 645/418/657
f 640/413/652 645/418/657 646/419/658
f 640/413/652 646/419/658 609/420/621
f 642/428/654 647/430/659 636/414/648
f 642/428/654 648/438/660 647/430/659
f 643/416/655 644/417/656 649/422/661
f 643/416/655 650/423/662 639/412/651
f 643/416/655 649/422/661 651/424/663
f 643/416/655 652/425/664 650/423/662
f 643/416/655 651/424/663 652/425/664
f 639/412/651 650/423/662 645/418/657
f 644/417/656 641/415/653 649/422/661
f 646/419/658 613/426/625 609/420/621
f 646/419/658 645/418/657 627/435/639
f 646/419/658 622/437/634 613/426/625
f 646/419/658 627/435/639 629/443/641
f 646/419/658 629/443/641 622/437/634
f 636/414/648 647/430/659 653/429/665
f 636/414/648 653/429/665 641/415/653
f 641/415/653 653/429/665 649/422/661
f 648/438/660 654/444/666 647/430/659
f 651/424/663 655/431/667 652/425/664
f 651/424/663 649/422/661 655/431/667
f 650/423/662 633/436/645 645/418/657
f 650/423/662 652/425/664 637/432/649
f 650/423/662 637/432/649 633/436/645
f 633/436/645 627/435/639 645/418/657
f 609/420/621 613/426/625 597/427/609
f 653/429/665 647/430/659 656/440/668
f 653/429/665 657/439/669 649/422/661
f 653/429/665 656/440/668 658/441/670
f 653/429/665 658/441/670 657/439/669
f 649/422/661 657/439/669 655/431/667
f 654/444/666 659/450/671 647/430/659
f 654/444/666 660/456/672 659/450/671
f 654/444/666 661/457/673 660/456/672
f 647/430/659 659/450/671 656/440/668
f 652/425/664 642/434/654 637/432/649
f 652/425/664 655/431/667 662/433/674
f 652/425/664 662/433/674 642/434/654
f 658/441/670 663/446/675 657/439/669
f 658/441/670 656/440/668 664/445/676
f 658/441/670 665/447/677 663/446/675
f 658/441/670 664/445/676 665/447/677
f 655/431/667 663/446/675 662/433/674
f 655/431/667 657/439/669 663/446/675
f 659/450/671 660/456/672 664/445/676
f 659/450/671 664/445/676 656/440/668
f 661/457/673 666/461/678 660/456/672
f 661/457/673 667/462/679 666/461/678
f 642/434/654 662/433/674 648/442/660
f 665/447/677 668/451/680 663/446/675
f 665/447/677 664/445/676 669/452/681
f 665/447/677 670/453/682 668/451/680
f 665/447/677 669/452/681 671/454/683
f 665/447/677 671/454/683 670/453/682
f 660/456/672 666/461/678 669/452/681
f 660/456/672 669/452/681 664/445/676
f 667/462/679 672/464/684 666/461/678
f 666/461/678 672/464/684 669/452/681
f 662/433/674 673/448/685 648/442/660
f 662/433/674 663/446/675 673/448/685
f 668/451/680 670/453/682 674/459/686
f 668/451/680 675/458/687 663/446/675
f 668/451/680 674/459/686 675/458/687
f 663/446/675 675/458/687 673/448/685
f 671/454/683 669/452/681 676/460/688
f 676/460/688 669/452/681 672/464/684
f 648/442/660 673/448/685 654/449/666
f 674/459/686 667/463/679 675/458/687
f 673/448/685 661/455/673 654/449/666
f 673/448/685 675/458/687 661/455/673
f 661/455/673 675/458/687 667/463/679
f 677/472/689 678/473/690 548/474/560
f 677/472/689 555/475/567 678/473/690
f 677/472/689 548/474/560 679/476/691
f 677/472/689 527/477/539 555/475/567
f 677/472/689 679/476/691 527/477/539
f 548/474/560 528/478/540 679/476/691
f 527/477/539 679/476/691 519/479/531
f 519/479/531 679/476/691 528/478/540
f 680/472/692 631/474/643 681/473/693
f 680/472/692 682/476/694 631/474/643
f 680/472/692 681/473/693 640/475/652
f 680/472/692 609/477/621 682/476/694
f 680/472/692 640/475/652 609/477/621
f 631/474/643 682/476/694 608/478/620
f 609/477/621 599/479/611 682/476/694
f 682/476/694 599/479/611 608/478/620
f 678/480/690 551/481/563 548/482/560
f 678/480/690 555/483/567 551/481/563
f 634/481/646 681/480/693 631/482/643
f 634/481/646 640/483/652 681/480/693
f 683/484/695 684/485/696 685/486/697
f 685/486/697 684/485/696 686/487/698
f 684/485/696 687/488/699 686/487/698
f 686/487/698 687/488/699 688/489/700
f 687/488/699 689/490/701 688/489/700
f 688/489/700 689/490/701 690/491/702
f 689/492/701 691/493/703 690/494/702
f 690/494/702 691/493/703 692/495/704
f 691/493/703 693/496/705 692/495/704
f 692/495/704 693/496/705 694/497/706
f 693/496/705 683/484/695 694/497/706
f 694/497/706 683/484/695 685/486/697
f 685/486/697 686/487/698 695/498/707
f 695/498/707 686/487/698 696/499/708
f 686/487/698 688/489/700 696/499/708
f 696/499/708 688/489/700 697/500/709
f 688/489/700 690/491/702 697/500/709
f 697/500/709 690/491/702 698/501/710
f 690/494/702 692/495/704 698/502/710
f 698/502/710 692/495/704 699/503/711
f 692/495/704 694/497/706 699/503/711
f 699/503/711 694/497/706 700/504/712
f 694/497/706 685/486/697 700/504/712
f 700/504/712 685/486/697 695/498/707
f 684/485/696 683/484/695 701/505/713
f 687/488/699 684/485/696 701/505/713
f 689/490/701 687/488/699 701/505/713
f 691/493/703 689/492/701 701/505/713
f 693/496/705 691/493/703 701/505/713
f 683/484/695 693/496/705 701/505/713
f 695/498/707 696/499/708 702/506/714
f 696/499/708 697/500/709 702/506/714
f 697/500/709 698/501/710 702/506/714
f 698/502/710 699/503/711 702/506/714
f 699/503/711 700/504/712 702/506/714
f 700/504/712 695/498/707 702/506/714
f 703/507/715 704/508/716 705/509/717
f 704/508/716 706/510/718 707/511/719
f 704/508/716 708/512/720 706/510/718
f 709/513/721 710/514/722 708/512/720
f 705/509/717 704/508/716 707/511/719
f 711/508/723 712/511/724 706/510/718
f 711/508/723 706/510/718 708/512/720
f 713/513/725 708/512/720 710/514/722
f 714/509/726 712/511/724 711/508/723
f 708/512/720 715/515/727 709/513/721
f 704/508/716 715/515/727 708/512/720
f 715/515/727 704/508/716 703/507/715
f 716/507/728 714/509/726 711/508/723
f 708/512/720 713/513/725 717/515/729
f 711/508/723 708/512/720 717/515/729
f 717/515/729 716/507/728 711/508/723
f 718/516/730 719/517/731 720/518/732
f 720/518/732 719/517/731 721/519/733
f 721/520/733 719/521/731 722/522/734
f 722/522/734 719/521/731 723/523/735
f 722/522/734 723/523/735 724/524/736
f 724/524/736 723/523/735 725/525/737
f 725/525/737 718/516/730 724/524/736
f 724/524/736 718/516/730 720/518/732
f 718/526/730 726/527/738 719/528/731
f 719/528/731 726/527/738 727/529/739
f 719/530/731 727/531/739 723/532/735
f 723/532/735 727/531/739 728/533/740
f 728/533/740 729/534/741 723/532/735
f 723/532/735 729/534/741 725/535/737
f 729/534/741 726/527/738 725/535/737
f 725/535/737 726/527/738 718/526/730
f 722/536/734 724/537/736 721/538/733
f 720/539/732 721/538/733 724/537/736
f 726/527/738 730/540/742 727/529/739
f 727/529/739 730/540/742 731/541/743
f 732/542/744 728/533/740 731/543/743
f 731/543/743 728/533/740 727/531/739
f 732/542/744 733/544/745 728/533/740
f 728/533/740 733/544/745 729/534/741
f 733/544/745 730/540/742 729/534/741
f 729/534/741 730/540/742 726/527/738
f 732/542/744 731/543/743 734/545/746
f 735/546/747 733/544/745 732/542/744
f 730/540/742 733/544/745 735/546/747
f 735/546/747 732/542/744 734/545/746
f 734/547/746 730/540/742 735/546/747
f 734/547/746 731/541/743 730/540/742
f 736/519/748 737/517/749 738/518/750
f 738/518/750 737/517/749 739/516/751
f 736/520/748 740/522/752 737/521/749
f 737/521/749 740/522/752 741/523/753
f 740/522/752 742/524/754 741/523/753
f 741/523/753 742/524/754 743/525/755
f 738/518/750 739/516/751 742/524/754
f 742/524/754 739/516/751 743/525/755
f 739/526/751 737/528/749 744/527/756
f 744/527/756 737/528/749 745/529/757
f 737/530/749 741/532/753 745/531/757
f 745/531/757 741/532/753 746/533/758
f 743/535/755 747/534/759 741/532/753
f 741/532/753 747/534/759 746/533/758
f 739/526/751 744/527/756 743/535/755
f 743/535/755 744/527/756 747/534/759
f 740/536/752 736/538/748 742/537/754
f 738/539/750 742/537/754 736/538/748
f 744/527/756 745/529/757 748/540/760
f 748/540/760 745/529/757 749/541/761
f 745/531/757 746/533/758 749/543/761
f 749/543/761 746/533/758 750/542/762
f 750/542/762 746/533/758 751/544/763
f 751/544/763 746/533/758 747/534/759
f 744/527/756 748/540/760 747/534/759
f 747/534/759 748/540/760 751/544/763
f 750/542/762 752/545/764 749/543/761
f 753/546/765 750/542/762 751/544/763
f 748/540/760 753/546/765 751/544/763
f 753/546/765 752/545/764 750/542/762
f 752/547/764 753/546/765 748/540/760
f 752/547/764 748/540/760 749/541/761
f 754/548/766 755/549/767 756/550/768
f 756/550/768 755/549/767 757/551/769
f 758/552/770 755/553/767 759/554/771
f 759/554/771 755/553/767 754/555/766
f 754/555/766 756/556/768 759/554/771
f 759/554/771 756/556/768 758/552/770
f 757/557/769 758/552/770 756/556/768
f 755/553/767 758/552/770 757/557/769
f 760/558/772 761/559/773 762/560/774
f 762/560/774 761/559/773 763/561/775
f 762/560/774 763/561/775 764/562/776
f 765/563/777 761/564/773 760/558/772
f 765/563/777 766/565/778 761/566/773
f 761/566/773 766/565/778 763/567/775
f 763/567/775 766/565/778 764/562/776
f 765/563/777 760/558/772 766/565/778
f 766/565/778 760/558/772 762/560/774
f 766/565/778 762/560/774 764/562/776
f 767/568/779 768/569/780 769/570/781
f 769/570/781 768/569/780 770/571/782
f 771/572/783 767/568/779 769/573/781
f 768/569/780 767/568/779 772/574/784
f 772/574/784 767/568/779 771/572/783
f 770/575/782 768/569/780 772/574/784
f 773/551/785 774/549/786 775/550/787
f 775/550/787 774/549/786 776/548/788
f 777/552/789 778/554/790 774/553/786
f 774/553/786 778/554/790 776/555/788
f 777/552/789 775/556/787 778/554/790
f 778/554/790 775/556/787 776/555/788
f 773/557/785 775/556/787 777/552/789
f 774/553/786 773/557/785 777/552/789
f 779/558/791 780/560/792 781/559/793
f 781/559/793 780/560/792 782/561/794
f 780/560/792 783/562/795 782/561/794
f 784/563/796 779/558/791 781/564/793
f 782/567/794 785/565/797 781/566/793
f 781/566/793 785/565/797 784/563/796
f 782/567/794 783/562/795 785/565/797
f 784/563/796 785/565/797 779/558/791
f 779/558/791 785/565/797 780/560/792
f 785/565/797 783/562/795 780/560/792
f 770/571/782 786/569/798 769/570/781
f 769/570/781 786/569/798 787/568/799
f 771/572/783 769/573/781 787/568/799
f 771/572/783 787/568/799 772/574/784
f 772/574/784 787/568/799 786/569/798
f 770/575/782 772/574/784 786/569/798
f 788/576/800 789/577/801 790/578/802
f 789/577/801 791/579/803 790/578/802
f 789/577/801 792/580/804 791/579/803
f 790/578/802 791/579/803 793/581/805
f 792/580/804 794/582/806 791/579/803
f 793/581/805 791/579/803 795/583/807
f 794/582/806 796/584/808 797/585/809
f 791/579/803 794/582/806 797/585/809
f 791/579/803 797/585/809 795/583/807
f 793/581/805 795/583/807 798/586/810
f 796/584/808 799/587/811 797/585/809
f 793/581/805 798/586/810 800/588/812
f 795/583/807 801/589/813 798/586/810
f 796/584/808 802/590/814 799/587/811
f 797/585/809 799/587/811 803/591/815
f 797/585/809 803/591/815 795/583/807
f 800/588/812 798/586/810 804/592/816
f 801/589/813 805/593/817 798/586/810
f 796/584/808 806/594/818 802/590/814
f 799/587/811 807/595/819 803/591/815
f 795/583/807 808/596/820 801/589/813
f 803/591/815 807/595/819 808/596/820
f 803/591/815 808/596/820 795/583/807
f 804/592/816 809/597/821 810/598/822
f 798/586/810 805/593/817 809/597/821
f 798/586/810 809/597/821 804/592/816
f 806/594/818 811/599/823 802/590/814
f 799/587/811 802/590/814 812/600/824
f 799/587/811 812/600/824 807/595/819
f 801/589/813 808/596/820 813/601/825
f 801/589/813 813/601/825 805/593/817
f 810/598/822 814/602/826 789/603/801
f 809/597/821 805/593/817 815/604/827
f 814/602/826 810/598/822 809/597/821
f 814/602/826 815/604/827 789/603/801
f 814/602/826 809/597/821 815/604/827
f 805/593/817 813/601/825 815/604/827
f 811/599/823 816/605/828 802/590/814
f 802/590/814 816/605/828 812/600/824
f 807/595/819 817/606/829 818/607/830
f 807/595/819 818/607/830 808/596/820
f 808/596/820 818/607/830 813/601/825
f 807/595/819 812/600/824 817/606/829
f 810/598/822 789/603/801 788/608/800
f 815/604/827 792/609/804 789/603/801
f 811/599/823 819/610/831 816/605/828
f 818/607/830 820/611/832 821/612/833
f 818/607/830 821/612/833 813/601/825
f 818/607/830 817/606/829 820/611/832
f 812/600/824 816/605/828 822/613/834
f 816/605/828 819/610/831 822/613/834
f 812/600/824 822/613/834 817/606/829
f 815/604/827 813/601/825 823/614/835
f 815/604/827 823/614/835 792/609/804
f 811/599/823 824/615/836 819/610/831
f 821/612/833 820/611/832 825/616/837
f 822/613/834 826/617/838 827/618/839
f 817/606/829 827/618/839 820/611/832
f 817/606/829 822/613/834 827/618/839
f 813/601/825 821/612/833 828/619/840
f 813/601/825 828/619/840 823/614/835
f 792/609/804 823/614/835 794/620/806
f 823/614/835 828/619/840 794/620/806
f 819/610/831 829/621/841 822/613/834
f 822/613/834 829/621/841 826/617/838
f 825/616/837 830/622/842 831/623/843
f 827/618/839 830/622/842 820/611/832
f 820/611/832 830/622/842 825/616/837
f 827/618/839 826/617/838 830/622/842
f 821/612/833 825/616/837 832/624/844
f 825/616/837 831/623/843 832/624/844
f 821/612/833 832/624/844 828/619/840
f 794/620/806 828/619/840 796/625/808
f 819/610/831 833/626/845 829/621/841
f 826/617/838 834/627/846 835/628/847
f 826/617/838 835/628/847 830/622/842
f 830/622/842 835/628/847 831/623/843
f 826/617/838 829/621/841 834/627/846
f 832/624/844 836/629/848 837/630/849
f 828/619/840 832/624/844 837/630/849
f 828/619/840 837/630/849 796/625/808
f 833/626/845 838/631/850 829/621/841
f 829/621/841 838/631/850 834/627/846
f 835/628/847 834/627/846 839/632/851
f 831/623/843 835/628/847 840/633/852
f 835/628/847 839/632/851 840/633/852
f 836/629/848 832/624/844 841/634/853
f 831/623/843 840/633/852 841/634/853
f 831/623/843 841/634/853 832/624/844
f 837/630/849 836/629/848 811/635/823
f 796/625/808 837/630/849 806/636/818
f 806/636/818 837/630/849 811/635/823
f 839/632/851 842/637/854 840/633/852
f 841/634/853 843/638/855 844/639/856
f 843/638/855 840/633/852 842/637/854
f 841/634/853 844/639/856 836/629/848
f 836/629/848 844/639/856 811/635/823
f 841/634/853 840/633/852 843/638/855
f 844/639/856 824/640/836 811/635/823
f 845/576/857 846/578/858 847/577/859
f 846/578/858 848/579/860 847/577/859
f 846/578/858 849/581/861 848/579/860
f 847/577/859 848/579/860 850/580/862
f 849/581/861 851/583/863 848/579/860
f 850/580/862 848/579/860 852/582/864
f 849/581/861 853/586/865 851/583/863
f 848/579/860 854/585/866 852/582/864
f 848/579/860 851/583/863 854/585/866
f 849/581/861 855/588/867 853/586/865
f 852/582/864 854/585/866 856/584/868
f 851/583/863 853/586/865 857/589/869
f 855/588/867 858/592/870 853/586/865
f 854/585/866 859/587/871 856/584/868
f 851/583/863 860/596/872 861/591/873
f 851/583/863 857/589/869 860/596/872
f 854/585/866 861/591/873 859/587/871
f 854/585/866 851/583/863 861/591/873
f 858/592/870 862/598/874 863/597/875
f 858/592/870 863/597/875 853/586/865
f 856/584/868 864/590/876 865/594/877
f 856/584/868 859/587/871 864/590/876
f 857/589/869 853/586/865 866/593/878
f 853/586/865 863/597/875 866/593/878
f 860/596/872 867/601/879 868/607/880
f 857/589/869 866/593/878 867/601/879
f 857/589/869 867/601/879 860/596/872
f 861/591/873 860/596/872 869/595/881
f 860/596/872 868/607/880 869/595/881
f 861/591/873 869/595/881 859/587/871
f 862/598/874 845/608/857 847/603/859
f 865/594/877 864/590/876 870/599/882
f 863/597/875 871/602/883 872/604/884
f 871/602/883 862/598/874 847/603/859
f 871/602/883 863/597/875 862/598/874
f 866/593/878 863/597/875 872/604/884
f 866/593/878 872/604/884 867/601/879
f 871/602/883 847/603/859 872/604/884
f 868/607/880 873/612/885 874/611/886
f 869/595/881 868/607/880 875/606/887
f 868/607/880 867/601/879 873/612/885
f 868/607/880 874/611/886 875/606/887
f 859/587/871 876/600/888 864/590/876
f 869/595/881 875/606/887 876/600/888
f 869/595/881 876/600/888 859/587/871
f 870/599/882 864/590/876 877/605/889
f 864/590/876 876/600/888 877/605/889
f 847/603/859 850/609/862 872/604/884
f 867/601/879 878/619/890 873/612/885
f 874/611/886 879/622/891 880/618/892
f 875/606/887 874/611/886 880/618/892
f 870/599/882 877/605/889 881/610/893
f 876/600/888 882/613/894 877/605/889
f 875/606/887 880/618/892 882/613/894
f 875/606/887 882/613/894 876/600/888
f 877/605/889 882/613/894 881/610/893
f 850/609/862 852/620/864 883/614/895
f 883/614/895 867/601/879 872/604/884
f 883/614/895 852/620/864 878/619/890
f 883/614/895 872/604/884 850/609/862
f 883/614/895 878/619/890 867/601/879
f 873/612/885 884/616/896 874/611/886
f 874/611/886 884/616/896 879/622/891
f 870/599/882 881/610/893 885/615/897
f 880/618/892 879/622/891 886/617/898
f 880/618/892 886/617/898 882/613/894
f 852/620/864 856/625/868 878/619/890
f 873/612/885 887/624/899 884/616/896
f 873/612/885 878/619/890 887/624/899
f 881/610/893 882/613/894 888/621/900
f 882/613/894 886/617/898 888/621/900
f 879/622/891 889/628/901 886/617/898
f 856/625/868 865/636/877 890/630/902
f 878/619/890 890/630/902 887/624/899
f 878/619/890 856/625/868 890/630/902
f 884/616/896 891/623/903 879/622/891
f 879/622/891 891/623/903 889/628/901
f 884/616/896 887/624/899 891/623/903
f 881/610/893 888/621/900 892/626/904
f 886/617/898 889/628/901 893/627/905
f 886/617/898 893/627/905 888/621/900
f 865/636/877 870/635/882 890/630/902
f 887/624/899 894/634/906 891/623/903
f 892/626/904 888/621/900 895/631/907
f 895/631/907 888/621/900 893/627/905
f 889/628/901 891/623/903 896/633/908
f 891/623/903 894/634/906 896/633/908
f 870/635/882 897/629/909 890/630/902
f 887/624/899 890/630/902 897/629/909
f 887/624/899 897/629/909 894/634/906
f 893/627/905 889/628/901 898/632/910
f 889/628/901 896/633/908 898/632/910
f 870/635/882 885/640/897 899/639/911
f 897/629/909 870/635/882 899/639/911
f 897/629/909 899/639/911 894/634/906
f 896/633/908 894/634/906 900/638/912
f 894/634/906 899/639/911 900/638/912
f 898/632/910 896/633/908 901/637/913
f 901/637/913 896/633/908 900/638/912
f 898/641/910 901/642/913 902/643/914
f 901/642/913 903/644/915 902/643/914
f 901/642/913 900/645/912 903/644/915
f 902/643/914 903/644/915 904/646/916
f 900/645/912 905/647/917 906/648/918
f 903/644/915 907/649/919 908/650/920
f 903/644/915 908/650/920 904/646/916
f 903/644/915 900/645/912 907/649/919
f 905/647/917 909/651/921 906/648/918
f 908/650/920 907/649/919 910/652/922
f 908/650/920 910/652/922 904/646/916
f 900/645/912 899/653/911 905/647/917
f 900/645/912 906/648/918 907/649/919
f 909/651/921 905/647/917 911/654/923
f 910/652/922 912/655/924 904/646/916
f 899/653/911 913/656/925 905/647/917
f 905/647/917 913/656/925 911/654/923
f 906/648/918 914/657/926 915/658/927
f 907/649/919 916/659/928 917/660/929
f 910/652/922 917/660/929 912/655/924
f 910/652/922 907/649/919 917/660/929
f 909/651/921 918/661/930 919/662/931
f 909/651/921 911/654/923 918/661/930
f 909/651/921 914/657/926 906/648/918
f 909/651/921 919/662/931 914/657/926
f 899/653/911 885/663/897 920/664/932
f 899/653/911 920/664/932 913/656/925
f 915/658/927 921/648/933 922/665/934
f 915/658/927 922/665/934 906/648/918
f 907/649/919 922/665/934 916/659/928
f 907/649/919 906/648/918 922/665/934
f 915/658/927 914/657/926 921/648/933
f 917/660/929 916/659/928 923/666/935
f 911/654/923 924/667/936 918/661/930
f 911/654/923 913/656/925 924/667/936
f 919/662/931 925/668/937 926/661/938
f 885/663/897 881/669/893 920/664/932
f 922/665/934 921/648/933 927/649/939
f 922/665/934 927/649/939 916/659/928
f 914/657/926 919/662/931 928/651/940
f 919/662/931 918/661/930 925/668/937
f 919/662/931 926/661/938 928/651/940
f 914/657/926 928/651/940 921/648/933
f 923/666/935 916/659/928 929/660/941
f 916/659/928 927/649/939 929/660/941
f 913/656/925 930/670/942 924/667/936
f 913/656/925 920/664/932 930/670/942
f 881/669/893 892/671/904 931/672/943
f 918/661/930 924/667/936 932/673/944
f 918/661/930 932/673/944 925/668/937
f 926/661/938 925/668/937 933/673/945
f 928/651/940 934/654/946 935/647/947
f 928/651/940 935/647/947 921/648/933
f 928/651/940 926/661/938 934/654/946
f 927/649/939 936/644/948 937/650/949
f 929/660/941 938/652/950 939/655/951
f 929/660/941 927/649/939 938/652/950
f 920/664/932 881/669/893 940/674/952
f 881/669/893 931/672/943 940/674/952
f 930/670/942 941/675/953 924/667/936
f 924/667/936 941/675/953 932/673/944
f 892/671/904 895/676/907 942/677/954
f 925/668/937 943/678/955 933/673/945
f 925/668/937 932/673/944 943/678/955
f 935/647/947 934/654/946 944/656/956
f 921/648/933 935/647/947 843/645/855
f 927/649/939 843/645/855 936/644/948
f 927/649/939 937/650/949 938/652/950
f 927/649/939 921/648/933 843/645/855
f 926/661/938 933/673/945 945/667/957
f 934/654/946 926/661/938 945/667/957
f 934/654/946 945/667/957 944/656/956
f 939/655/951 938/652/950 946/646/958
f 937/650/949 936/644/948 946/646/958
f 937/650/949 946/646/958 938/652/950
f 920/664/932 947/679/959 930/670/942
f 930/670/942 947/679/959 941/675/953
f 931/672/943 892/671/904 948/680/960
f 948/680/960 892/671/904 942/677/954
f 940/674/952 949/681/961 920/664/932
f 920/664/932 949/681/961 947/679/959
f 940/674/952 931/672/943 949/681/961
f 895/676/907 893/682/905 950/683/962
f 932/673/944 951/684/963 943/678/955
f 932/673/944 941/675/953 951/684/963
f 935/647/947 844/653/856 843/645/855
f 935/647/947 944/656/956 844/653/856
f 933/673/945 943/678/955 952/684/964
f 945/667/957 953/670/965 944/656/956
f 936/644/948 842/642/854 954/643/966
f 936/644/948 954/643/966 946/646/958
f 936/644/948 843/645/855 842/642/854
f 942/677/954 895/676/907 955/685/967
f 947/679/959 956/686/968 941/675/953
f 947/679/959 949/681/961 956/686/968
f 893/682/905 898/687/910 950/683/962
f 951/684/963 957/688/969 943/678/955
f 943/678/955 957/688/969 952/684/964
f 844/653/856 958/664/970 824/663/836
f 944/656/956 953/670/965 958/664/970
f 944/656/956 958/664/970 844/653/856
f 933/673/945 952/684/964 959/675/971
f 945/667/957 959/675/971 953/670/965
f 945/667/957 933/673/945 959/675/971
f 954/643/966 842/642/854 839/641/851
f 895/676/907 960/689/972 955/685/967
f 895/676/907 950/683/962 960/689/972
f 941/675/953 961/690/973 951/684/963
f 941/675/953 956/686/968 961/690/973
f 898/687/910 902/691/914 950/683/962
f 957/688/969 962/692/974 952/684/964
f 824/663/836 958/664/970 819/669/831
f 953/670/965 963/679/975 958/664/970
f 953/670/965 959/675/971 963/679/975
f 955/685/967 960/689/972 964/693/976
f 951/684/963 965/692/977 957/688/969
f 951/684/963 961/690/973 965/692/977
f 902/691/914 904/694/916 950/683/962
f 960/689/972 950/683/962 904/694/916
f 960/689/972 904/694/916 964/693/976
f 962/692/974 957/688/969 966/695/978
f 966/695/978 957/688/969 965/692/977
f 952/684/964 962/692/974 967/690/979
f 952/684/964 967/690/979 959/675/971
f 819/669/831 968/672/980 833/671/845
f 958/664/970 969/674/981 819/669/831
f 819/669/831 969/674/981 968/672/980
f 963/679/975 959/675/971 970/686/982
f 959/675/971 967/690/979 970/686/982
f 904/694/916 912/696/924 964/693/976
f 833/671/845 971/677/983 838/676/850
f 958/664/970 972/681/984 969/674/981
f 972/681/984 968/672/980 969/674/981
f 972/681/984 963/679/975 970/686/982
f 963/679/975 972/681/984 958/664/970
f 833/671/845 973/680/985 971/677/983
f 973/680/985 833/671/845 968/672/980
f 838/676/850 974/683/986 834/682/846
f 971/677/983 975/685/987 838/676/850
f 974/683/986 839/687/851 834/682/846
f 975/685/987 976/689/988 838/676/850
f 838/676/850 976/689/988 974/683/986
f 839/687/851 974/683/986 954/691/966
f 975/685/987 977/693/989 976/689/988
f 974/683/986 976/689/988 946/694/958
f 976/689/988 977/693/989 946/694/958
f 974/683/986 946/694/958 954/691/966
f 977/693/989 939/696/951 946/694/958
f 978/697/990 979/698/991 980/699/992
f 979/698/991 966/700/978 981/701/993
f 979/698/991 981/701/993 980/699/992
f 966/700/978 982/698/994 981/701/993
f 981/701/993 982/698/994 980/699/992
f 982/698/994 983/697/995 980/699/992
f 955/702/967 984/703/996 942/704/954
f 984/703/996 985/705/997 948/706/960
f 984/703/996 948/706/960 942/704/954
f 985/705/997 986/707/998 948/706/960
f 985/705/997 987/708/999 986/707/998
f 948/706/960 986/707/998 988/709/1000
f 987/708/999 989/710/1001 990/711/1002
f 987/708/999 990/711/1002 986/707/998
f 948/706/960 988/709/1000 931/712/943
f 989/710/1001 991/711/1003 992/713/1004
f 990/711/1002 989/710/1001 993/713/1005
f 986/707/998 990/711/1002 994/714/1006
f 990/711/1002 993/713/1005 994/714/1006
f 988/709/1000 995/715/1007 931/712/943
f 991/711/1003 996/714/1008 992/713/1004
f 989/710/1001 992/713/1004 997/716/1009
f 986/707/998 998/717/1010 988/709/1000
f 988/709/1000 998/717/1010 995/715/1007
f 986/707/998 994/714/1006 998/717/1010
f 993/713/1005 999/718/1011 1000/719/1012
f 993/713/1005 989/710/1001 997/716/1009
f 993/713/1005 1000/719/1012 994/714/1006
f 993/713/1005 997/716/1009 999/718/1011
f 931/712/943 995/715/1007 949/720/961
f 991/711/1003 1001/707/1013 996/714/1008
f 992/713/1004 996/714/1008 1002/719/1014
f 998/717/1010 994/714/1006 1003/721/1015
f 994/714/1006 1000/719/1012 1003/721/1015
f 989/710/1001 1004/708/1016 991/711/1003
f 991/711/1003 1004/708/1016 1001/707/1013
f 997/716/1009 992/713/1004 1005/718/1017
f 992/713/1004 1002/719/1014 1005/718/1017
f 999/718/1011 1006/722/1018 1000/719/1012
f 995/715/1007 1007/723/1019 949/720/961
f 998/717/1010 1007/723/1019 995/715/1007
f 998/717/1010 1003/721/1015 1007/723/1019
f 996/714/1008 1008/717/1020 1009/721/1021
f 996/714/1008 1001/707/1013 1008/717/1020
f 996/714/1008 1009/721/1021 1002/719/1014
f 1004/708/1016 1010/705/1022 1001/707/1013
f 997/716/1009 1005/718/1017 1011/724/1023
f 999/718/1011 1011/724/1023 1006/722/1018
f 999/718/1011 997/716/1009 1011/724/1023
f 1000/719/1012 1006/722/1018 1012/725/1024
f 1000/719/1012 1012/725/1024 1003/721/1015
f 949/720/961 1007/723/1019 1013/726/1025
f 1008/717/1020 1014/723/1026 1009/721/1021
f 1002/719/1014 1015/722/1027 1005/718/1017
f 1005/718/1017 1015/722/1027 1011/724/1023
f 1010/705/1022 973/706/985 1001/707/1013
f 1006/722/1018 1016/727/1028 1017/728/1029
f 1012/725/1024 1018/729/1030 1003/721/1015
f 949/720/961 1013/726/1025 956/730/968
f 1007/723/1019 1003/721/1015 1019/731/1031
f 1003/721/1015 1018/729/1030 1019/731/1031
f 1007/723/1019 1019/731/1031 1013/726/1025
f 1008/717/1020 1020/715/1032 1014/723/1026
f 1009/721/1021 1021/725/1033 1002/719/1014
f 1002/719/1014 1021/725/1033 1015/722/1027
f 1011/724/1023 1015/722/1027 1022/732/1034
f 1022/732/1034 1016/727/1028 1006/722/1018
f 1006/722/1018 1017/728/1029 1012/725/1024
f 1022/732/1034 1006/722/1018 1011/724/1023
f 1022/732/1034 1015/722/1027 1016/727/1028
f 1010/705/1022 1023/703/1035 973/706/985
f 1001/707/1013 1024/709/1036 1008/717/1020
f 1008/717/1020 1024/709/1036 1020/715/1032
f 1001/707/1013 973/706/985 1024/709/1036
f 956/730/968 1013/726/1025 1025/733/1037
f 1013/726/1025 1019/731/1031 1025/733/1037
f 1018/729/1030 1012/725/1024 1026/734/1038
f 1019/731/1031 1026/734/1038 1025/733/1037
f 1019/731/1031 1018/729/1030 1026/734/1038
f 1012/725/1024 1017/728/1029 1026/734/1038
f 1014/723/1026 1027/731/1039 1009/721/1021
f 1021/725/1033 1009/721/1021 1028/729/1040
f 1009/721/1021 1027/731/1039 1028/729/1040
f 1015/722/1027 1029/728/1041 1016/727/1028
f 1015/722/1027 1021/725/1033 1029/728/1041
f 1023/703/1035 975/702/987 971/704/983
f 971/704/983 973/706/985 1023/703/1035
f 1020/715/1032 1024/709/1036 968/712/980
f 1024/709/1036 973/706/985 968/712/980
f 956/730/968 1025/733/1037 961/735/973
f 1017/728/1029 1030/736/1042 1031/737/1043
f 1017/728/1029 1031/737/1043 1026/734/1038
f 1016/727/1028 1029/728/1041 1030/736/1042
f 1016/727/1028 1030/736/1042 1017/728/1029
f 1014/723/1026 1032/726/1044 1027/731/1039
f 1028/729/1040 1033/734/1045 1021/725/1033
f 1021/725/1033 1033/734/1045 1029/728/1041
f 1028/729/1040 1027/731/1039 1033/734/1045
f 1020/715/1032 968/712/980 972/720/984
f 1014/723/1026 972/720/984 1032/726/1044
f 1014/723/1026 1020/715/1032 972/720/984
f 1025/733/1037 1026/734/1038 1034/738/1046
f 961/735/973 1025/733/1037 1035/739/1047
f 1025/733/1037 1034/738/1046 1035/739/1047
f 1031/737/1043 1036/740/1048 1037/741/1049
f 1030/736/1042 1029/728/1041 1038/737/1050
f 1030/736/1042 1036/740/1048 1031/737/1043
f 1030/736/1042 1038/737/1050 1036/740/1048
f 1029/728/1041 1033/734/1045 1038/737/1050
f 1027/731/1039 1039/733/1051 1033/734/1045
f 1027/731/1039 1032/726/1044 1039/733/1051
f 972/720/984 970/730/982 1032/726/1044
f 1032/726/1044 970/730/982 1039/733/1051
f 1026/734/1038 1031/737/1043 1040/742/1052
f 1026/734/1038 1040/742/1052 1034/738/1046
f 961/735/973 1035/739/1047 965/743/977
f 1037/741/1049 1041/744/1053 1031/737/1043
f 1031/737/1043 1041/744/1053 1040/742/1052
f 1036/740/1048 1038/737/1050 1042/741/1054
f 1033/734/1045 1043/742/1055 1038/737/1050
f 970/730/982 967/735/979 1039/733/1051
f 1034/738/1046 1040/742/1052 1044/745/1056
f 1040/742/1052 1041/744/1053 1044/745/1056
f 1034/738/1046 1044/745/1056 1035/739/1047
f 965/743/977 1035/739/1047 1045/746/1057
f 1037/741/1049 1046/747/1058 1041/744/1053
f 1036/740/1048 1042/741/1054 1047/748/1059
f 1037/741/1049 1047/748/1059 1046/747/1058
f 1037/741/1049 1036/740/1048 1047/748/1059
f 1033/734/1045 1039/733/1051 1048/738/1060
f 1033/734/1045 1048/738/1060 1043/742/1055
f 1038/737/1050 1049/744/1061 1042/741/1054
f 1038/737/1050 1043/742/1055 1049/744/1061
f 967/735/979 1050/739/1062 1039/733/1051
f 1039/733/1051 1050/739/1062 1048/738/1060
f 1044/745/1056 1051/749/1063 1052/750/1064
f 1041/744/1053 1046/747/1058 1051/749/1063
f 1041/744/1053 1051/749/1063 1044/745/1056
f 965/743/977 1045/746/1057 966/751/978
f 1035/739/1047 1044/745/1056 1053/752/1065
f 1044/745/1056 1052/750/1064 1053/752/1065
f 1035/739/1047 1053/752/1065 1045/746/1057
f 1047/748/1059 1042/741/1054 1054/747/1066
f 1042/741/1054 1049/744/1061 1054/747/1066
f 1043/742/1055 1048/738/1060 1055/745/1067
f 1048/738/1060 1050/739/1062 1055/745/1067
f 1043/742/1055 1055/745/1067 1049/744/1061
f 967/735/979 962/743/974 1050/739/1062
f 1046/747/1058 1056/753/1068 1051/749/1063
f 966/751/978 1057/746/1069 962/743/974
f 962/743/974 1057/746/1069 1050/739/1062
f 1052/750/1064 1051/749/1063 1058/754/1070
f 1051/749/1063 1056/753/1068 1058/754/1070
f 1053/752/1065 1052/750/1064 1059/755/1071
f 1045/746/1057 1053/752/1065 1060/756/1072
f 1053/752/1065 1059/755/1071 1060/756/1072
f 1047/748/1059 1054/747/1066 1061/757/1073
f 1046/747/1058 1061/757/1073 1056/753/1068
f 1046/747/1058 1047/748/1059 1061/757/1073
f 1055/745/1067 1062/750/1074 1063/749/1075
f 1049/744/1061 1063/749/1075 1054/747/1066
f 1049/744/1061 1055/745/1067 1063/749/1075
f 966/751/978 979/758/991 1057/746/1069
f 1050/739/1062 1064/752/1076 1055/745/1067
f 1055/745/1067 1064/752/1076 1062/750/1074
f 1050/739/1062 1057/746/1069 1064/752/1076
f 1058/754/1070 1065/759/1077 1052/750/1064
f 1052/750/1064 1065/759/1077 1059/755/1071
f 1045/746/1057 982/758/994 966/751/978
f 1045/746/1057 1060/756/1072 982/758/994
f 1061/757/1073 1054/747/1066 1066/753/1078
f 1054/747/1066 1063/749/1075 1066/753/1078
f 979/758/991 1067/756/1079 1057/746/1069
f 1057/746/1069 1067/756/1079 1064/752/1076
f 1062/750/1074 1068/759/1080 1069/754/1081
f 1069/754/1081 1066/753/1078 1063/749/1075
f 1063/749/1075 1062/750/1074 1069/754/1081
f 1065/759/1077 1070/760/1082 1059/755/1071
f 1060/756/1072 1059/755/1071 983/761/995
f 983/761/995 982/758/994 1060/756/1072
f 983/761/995 1059/755/1071 1070/760/1082
f 979/758/991 978/761/990 1067/756/1079
f 1064/752/1076 1071/755/1083 1062/750/1074
f 1067/756/1079 978/761/990 1071/755/1083
f 1067/756/1079 1071/755/1083 1064/752/1076
f 1062/750/1074 1071/755/1083 1068/759/1080
f 978/761/990 1072/760/1084 1071/755/1083
f 1071/755/1083 1072/760/1084 1068/759/1080
f 989/762/1001 1073/763/1085 1004/764/1016
f 989/762/1001 987/764/999 1073/763/1085
f 1004/764/1016 1073/763/1085 1074/765/1086
f 987/764/999 1075/765/1087 1073/763/1085
f 1004/764/1016 1074/765/1086 1010/766/1022
f 987/764/999 985/766/997 1075/765/1087
f 1073/763/1085 709/767/721 1074/765/1086
f 1010/766/1022 1074/765/1086 1023/768/1035
f 985/766/997 984/768/996 1075/765/1087
f 1073/763/1085 710/769/722 709/767/721
f 1074/765/1086 709/767/721 715/770/727
f 1074/765/1086 715/770/727 1023/768/1035
f 984/768/996 955/771/967 717/770/729
f 984/768/996 717/770/729 1075/765/1087
f 1073/763/1085 1075/765/1087 713/767/725
f 713/767/725 710/769/722 1073/763/1085
f 713/767/725 1075/765/1087 717/770/729
f 715/770/727 703/772/715 977/773/989
f 1023/768/1035 715/770/727 975/771/987
f 975/771/987 715/770/727 977/773/989
f 955/771/967 964/773/976 717/770/729
f 703/772/715 705/774/717 939/775/951
f 703/772/715 939/775/951 977/773/989
f 964/773/976 716/772/728 717/770/729
f 705/774/717 1076/776/1088 939/775/951
f 964/773/976 912/775/924 716/772/728
f 1076/776/1088 929/777/941 939/775/951
f 912/775/924 917/777/929 1077/776/1089
f 716/772/728 912/775/924 714/774/726
f 714/774/726 912/775/924 1077/776/1089
f 1076/776/1088 1078/778/1090 929/777/941
f 1077/776/1089 917/777/929 1078/778/1090
f 929/777/941 1078/778/1090 923/779/935
f 923/779/935 1078/778/1090 917/777/929
f 1079/780/1091 1080/781/1092 1081/782/1093
f 1079/780/1091 1082/783/1094 1080/781/1092
f 1079/780/1091 1081/782/1093 1083/784/1095
f 1079/780/1091 1084/785/1096 1082/783/1094
f 1079/780/1091 1083/784/1095 1085/786/1097
f 1079/780/1091 1086/787/1098 1084/785/1096
f 1079/780/1091 1085/786/1097 1087/788/1099
f 1079/780/1091 1088/789/1100 1086/787/1098
f 1079/780/1091 1087/788/1099 1088/789/1100
f 1080/781/1092 1089/790/1101 1081/782/1093
f 1080/781/1092 1082/783/1094 1090/791/1102
f 1080/781/1092 1091/792/1103 1089/790/1101
f 1080/781/1092 1090/791/1102 1092/793/1104
f 1080/781/1092 1092/793/1104 1091/792/1103
f 1083/784/1095 1093/794/1105 1085/786/1097
f 1083/784/1095 1081/782/1093 1094/795/1106
f 1083/784/1095 1095/796/1107 1093/794/1105
f 1083/784/1095 1094/795/1106 1095/796/1107
f 1087/788/1099 1096/797/1108 1088/789/1100
f 1087/788/1099 1085/786/1097 1096/797/1108
f 1096/797/1108 1085/786/1097 1093/794/1105
f 1089/790/1101 1091/792/1103 1097/798/1109
f 1089/790/1101 1098/799/1110 1081/782/1093
f 1089/790/1101 1097/798/1109 1099/800/1111
f 1089/790/1101 1100/801/1112 1098/799/1110
f 1089/790/1101 1099/800/1111 1101/802/1113
f 1089/790/1101 1101/802/1113 1100/801/1112
f 1098/799/1110 1094/795/1106 1081/782/1093
f 1090/791/1102 1102/803/1114 1092/793/1104
f 1091/792/1103 1103/804/1115 1097/798/1109
f 1091/792/1103 1092/793/1104 1103/804/1115
f 1099/800/1111 1097/798/1109 1104/805/1116
f 1097/798/1109 1103/804/1115 1104/805/1116
f 1102/803/1114 1105/806/1117 1092/793/1104
f 1103/804/1115 1106/807/1118 1104/805/1116
f 1103/804/1115 1092/793/1104 1107/808/1119
f 1103/804/1115 1108/809/1120 1106/807/1118
f 1103/804/1115 1107/808/1119 1108/809/1120
f 1107/808/1119 1092/793/1104 1105/806/1117
f 1104/805/1116 1106/807/1118 1109/810/1121
f 1108/809/1120 1110/811/1122 1106/807/1118
f 1109/810/1121 1106/807/1118 1111/812/1123
f 1109/810/1121 1111/812/1123 1112/813/1124
f 1109/810/1121 1112/813/1124 1113/814/1125
f 1106/807/1118 1110/811/1122 1111/812/1123
f 1112/813/1124 1114/815/1126 1113/814/1125
f 1112/813/1124 1111/812/1123 1115/816/1127
f 1112/813/1124 1115/816/1127 1114/815/1126
f 1111/812/1123 1110/811/1122 1115/816/1127
f 1113/814/1125 1114/815/1126 1116/817/1128
f 1113/814/1125 1116/817/1128 1117/818/1129
f 1115/816/1127 1118/819/1130 1114/815/1126
f 1116/817/1128 1119/820/1131 1117/818/1129
f 1119/820/1131 1120/821/1132 1117/818/1129
f 1119/820/1131 1121/822/1133 1120/821/1132
f 1121/822/1133 1122/823/1134 1120/821/1132
f 1121/822/1133 1123/824/1135 1122/823/1134
f 1121/822/1133 1124/825/1136 1123/824/1135
f 1121/822/1133 1125/826/1137 1124/825/1136
f 1121/822/1133 1126/827/1138 1125/826/1137
f 1122/823/1134 1123/824/1135 1101/828/1113
f 1124/825/1136 1125/826/1137 1082/829/1094
f 1124/825/1136 1100/830/1112 1123/824/1135
f 1124/825/1136 1082/829/1094 1098/831/1110
f 1124/825/1136 1098/831/1110 1100/830/1112
f 1100/830/1112 1101/828/1113 1123/824/1135
f 1126/827/1138 1127/832/1139 1125/826/1137
f 1082/829/1094 1094/833/1106 1098/831/1110
f 1082/829/1094 1125/826/1137 1090/834/1102
f 1082/829/1094 1084/835/1096 1094/833/1106
f 1125/826/1137 1127/832/1139 1090/834/1102
f 1084/835/1096 1086/836/1098 1094/833/1106
f 1127/832/1139 1102/837/1114 1090/834/1102
f 1086/836/1098 1095/838/1107 1094/833/1106
f 1086/836/1098 1088/839/1100 1095/838/1107
f 1088/839/1100 1093/840/1105 1095/838/1107
f 1088/839/1100 1096/841/1108 1093/840/1105
f 1128/780/1140 1129/782/1141 1130/781/1142
f 1128/780/1140 1131/784/1143 1129/782/1141
f 1128/780/1140 1130/781/1142 1132/783/1144
f 1128/780/1140 1133/786/1145 1131/784/1143
f 1128/780/1140 1132/783/1144 1134/785/1146
f 1128/780/1140 1135/788/1147 1133/786/1145
f 1128/780/1140 1134/785/1146 1136/787/1148
f 1128/780/1140 1137/789/1149 1135/788/1147
f 1128/780/1140 1136/787/1148 1137/789/1149
f 1129/782/1141 1138/790/1150 1130/781/1142
f 1129/782/1141 1131/784/1143 1139/795/1151
f 1129/782/1141 1140/799/1152 1138/790/1150
f 1129/782/1141 1139/795/1151 1140/799/1152
f 1132/783/1144 1130/781/1142 1141/791/1153
f 1133/786/1145 1135/788/1147 1142/797/1154
f 1133/786/1145 1143/794/1155 1131/784/1143
f 1133/786/1145 1142/797/1154 1143/794/1155
f 1142/797/1154 1135/788/1147 1137/789/1149
f 1138/790/1150 1140/799/1152 1144/801/1156
f 1138/790/1150 1145/792/1157 1130/781/1142
f 1138/790/1150 1144/801/1156 1146/802/1158
f 1138/790/1150 1147/798/1159 1145/792/1157
f 1138/790/1150 1146/802/1158 1148/800/1160
f 1138/790/1150 1148/800/1160 1147/798/1159
f 1139/795/1151 1131/784/1143 1149/796/1161
f 1149/796/1161 1131/784/1143 1143/794/1155
f 1141/791/1153 1130/781/1142 1150/793/1162
f 1141/791/1153 1150/793/1162 1151/803/1163
f 1130/781/1142 1145/792/1157 1150/793/1162
f 1148/800/1160 1152/805/1164 1147/798/1159
f 1151/803/1163 1150/793/1162 1153/806/1165
f 1145/792/1157 1147/798/1159 1154/804/1166
f 1145/792/1157 1154/804/1166 1150/793/1162
f 1147/798/1159 1152/805/1164 1154/804/1166
f 1153/806/1165 1150/793/1162 1155/808/1167
f 1150/793/1162 1154/804/1166 1155/808/1167
f 1152/805/1164 1156/807/1168 1154/804/1166
f 1152/805/1164 1157/810/1169 1156/807/1168
f 1155/808/1167 1154/804/1166 1158/809/1170
f 1154/804/1166 1156/807/1168 1158/809/1170
f 1157/810/1169 1159/812/1171 1156/807/1168
f 1157/810/1169 1160/813/1172 1159/812/1171
f 1157/810/1169 1161/814/1173 1160/813/1172
f 1158/809/1170 1156/807/1168 1162/811/1174
f 1156/807/1168 1159/812/1171 1162/811/1174
f 1161/814/1173 1163/815/1175 1160/813/1172
f 1161/814/1173 1164/817/1176 1163/815/1175
f 1161/814/1173 1165/818/1177 1164/817/1176
f 1159/812/1171 1166/816/1178 1162/811/1174
f 1159/812/1171 1160/813/1172 1166/816/1178
f 1160/813/1172 1163/815/1175 1166/816/1178
f 1165/818/1177 1167/820/1179 1164/817/1176
f 1165/818/1177 1168/821/1180 1167/820/1179
f 1163/815/1175 1169/819/1181 1166/816/1178
f 1168/821/1180 1170/822/1182 1167/820/1179
f 1168/821/1180 1171/823/1183 1170/822/1182
f 1171/823/1183 1172/824/1184 1170/822/1182
f 1171/823/1183 1146/828/1158 1172/824/1184
f 1170/822/1182 1172/824/1184 1173/825/1185
f 1170/822/1182 1173/825/1185 1174/826/1186
f 1170/822/1182 1174/826/1186 1175/827/1187
f 1146/828/1158 1144/830/1156 1172/824/1184
f 1172/824/1184 1144/830/1156 1173/825/1185
f 1174/826/1186 1176/832/1188 1175/827/1187
f 1174/826/1186 1173/825/1185 1132/829/1144
f 1174/826/1186 1141/834/1153 1176/832/1188
f 1174/826/1186 1132/829/1144 1141/834/1153
f 1144/830/1156 1140/831/1152 1173/825/1185
f 1173/825/1185 1140/831/1152 1132/829/1144
f 1176/832/1188 1141/834/1153 1151/837/1163
f 1140/831/1152 1139/833/1151 1132/829/1144
f 1139/833/1151 1134/835/1146 1132/829/1144
f 1139/833/1151 1136/836/1148 1134/835/1146
f 1139/833/1151 1149/838/1161 1136/836/1148
f 1149/838/1161 1137/839/1149 1136/836/1148
f 1149/838/1161 1143/840/1155 1137/839/1149
f 1143/840/1155 1142/841/1154 1137/839/1149
f 1177/842/1189 1168/843/1180 1165/844/1177
f 1177/842/1189 1178/845/1190 1168/843/1180
f 1177/842/1189 1165/844/1177 1161/846/1173
f 1177/842/1189 1179/847/1191 1178/845/1190
f 1177/842/1189 1161/846/1173 1180/848/1192
f 1177/842/1189 1181/849/1193 1179/847/1191
f 1177/842/1189 1180/848/1192 1181/849/1193
f 1168/843/1180 1178/845/1190 1171/850/1183
f 1161/846/1173 1157/851/1169 1180/848/1192
f 1179/847/1191 1181/849/1193 1182/852/1194
f 1179/847/1191 1182/852/1194 1183/853/1195
f 1157/851/1169 1184/854/1196 1180/848/1192
f 1157/851/1169 1152/855/1164 1184/854/1196
f 1181/849/1193 1185/856/1197 1182/852/1194
f 1181/849/1193 1180/848/1192 1186/857/1198
f 1181/849/1193 1186/857/1198 1185/856/1197
f 1180/848/1192 1184/854/1196 1186/857/1198
f 1183/853/1195 1182/852/1194 1187/858/1199
f 1183/853/1195 1187/858/1199 1188/859/1200
f 1152/855/1164 1189/860/1201 1184/854/1196
f 1152/855/1164 1148/861/1160 1189/860/1201
f 1185/856/1197 1186/857/1198 1190/862/1202
f 1185/856/1197 1191/863/1203 1182/852/1194
f 1185/856/1197 1190/862/1202 1192/864/1204
f 1185/856/1197 1192/864/1204 1191/863/1203
f 1182/852/1194 1191/863/1203 1187/858/1199
f 1188/859/1200 1187/858/1199 810/598/822
f 1188/859/1200 810/598/822 788/608/800
f 1184/854/1196 1189/860/1201 1193/865/1205
f 1184/854/1196 1193/865/1205 1186/857/1198
f 1186/857/1198 1193/865/1205 1190/862/1202
f 1148/861/1160 1194/866/1206 1189/860/1201
f 1148/861/1160 1146/867/1158 1194/866/1206
f 1192/864/1204 800/588/812 1191/863/1203
f 1192/864/1204 1190/862/1202 1195/868/1207
f 1192/864/1204 1196/869/1208 800/588/812
f 1192/864/1204 1195/868/1207 1196/869/1208
f 1187/858/1199 804/592/816 810/598/822
f 1187/858/1199 1191/863/1203 804/592/816
f 804/592/816 1191/863/1203 800/588/812
f 1193/865/1205 1189/860/1201 1197/870/1209
f 1193/865/1205 1197/870/1209 1190/862/1202
f 1190/862/1202 1197/870/1209 1195/868/1207
f 1189/860/1201 1194/866/1206 1197/870/1209
f 1146/867/1158 1198/871/1210 1194/866/1206
f 1146/867/1158 1171/872/1183 1198/871/1210
f 1196/869/1208 793/581/805 800/588/812
f 1196/869/1208 1195/868/1207 1199/873/1211
f 1196/869/1208 1200/874/1212 793/581/805
f 1196/869/1208 1199/873/1211 1200/874/1212
f 1197/870/1209 1194/866/1206 1201/875/1213
f 1197/870/1209 1201/875/1213 1195/868/1207
f 1195/868/1207 1201/875/1213 1199/873/1211
f 1194/866/1206 1198/871/1210 1201/875/1213
f 1171/872/1183 1178/876/1190 1198/871/1210
f 793/581/805 1200/874/1212 790/578/802
f 1199/873/1211 1201/875/1213 1179/877/1191
f 1199/873/1211 1183/878/1195 1200/874/1212
f 1199/873/1211 1179/877/1191 1183/878/1195
f 1179/877/1191 1198/871/1210 1178/876/1190
f 1179/877/1191 1201/875/1213 1198/871/1210
f 790/578/802 1200/874/1212 1188/879/1200
f 790/578/802 1188/879/1200 788/576/800
f 1188/879/1200 1200/874/1212 1183/878/1195
f 1202/842/1214 1117/844/1129 1120/843/1132
f 1202/842/1214 1113/846/1125 1117/844/1129
f 1202/842/1214 1120/843/1132 1203/845/1215
f 1202/842/1214 1204/848/1216 1113/846/1125
f 1202/842/1214 1203/845/1215 1205/847/1217
f 1202/842/1214 1206/849/1218 1204/848/1216
f 1202/842/1214 1205/847/1217 1206/849/1218
f 1120/843/1132 1122/850/1134 1203/845/1215
f 1113/846/1125 1204/848/1216 1109/851/1121
f 1205/847/1217 1207/852/1219 1206/849/1218
f 1205/847/1217 1208/853/1220 1207/852/1219
f 1204/848/1216 1209/854/1221 1109/851/1121
f 1204/848/1216 1206/849/1218 1210/857/1222
f 1204/848/1216 1210/857/1222 1209/854/1221
f 1208/853/1220 1211/858/1223 1207/852/1219
f 1208/853/1220 1212/859/1224 1211/858/1223
f 1109/851/1121 1209/854/1221 1104/855/1116
f 1206/849/1218 1213/856/1225 1210/857/1222
f 1206/849/1218 1207/852/1219 1213/856/1225
f 1212/859/1224 862/598/874 1211/858/1223
f 1212/859/1224 845/608/857 862/598/874
f 1209/854/1221 1214/860/1226 1104/855/1116
f 1209/854/1221 1210/857/1222 1215/865/1227
f 1209/854/1221 1215/865/1227 1214/860/1226
f 1207/852/1219 1216/863/1228 1213/856/1225
f 1207/852/1219 1211/858/1223 1216/863/1228
f 862/598/874 858/592/870 1211/858/1223
f 1211/858/1223 858/592/870 1216/863/1228
f 1104/855/1116 1214/860/1226 1099/861/1111
f 1210/857/1222 1217/862/1229 1215/865/1227
f 1210/857/1222 1213/856/1225 1217/862/1229
f 858/592/870 855/588/867 1216/863/1228
f 1214/860/1226 1218/866/1230 1099/861/1111
f 1214/860/1226 1215/865/1227 1219/870/1231
f 1214/860/1226 1219/870/1231 1218/866/1230
f 1215/865/1227 1217/862/1229 1219/870/1231
f 1213/856/1225 1216/863/1228 1220/864/1232
f 1213/856/1225 1220/864/1232 1217/862/1229
f 1216/863/1228 855/588/867 1220/864/1232
f 1099/861/1111 1218/866/1230 1101/867/1113
f 1219/870/1231 1217/862/1229 1221/868/1233
f 1219/870/1231 1222/875/1234 1218/866/1230
f 1219/870/1231 1221/868/1233 1222/875/1234
f 1217/862/1229 1220/864/1232 1221/868/1233
f 855/588/867 1223/869/1235 1220/864/1232
f 855/588/867 849/581/861 1223/869/1235
f 1220/864/1232 1223/869/1235 1221/868/1233
f 1101/867/1113 1218/866/1230 1224/871/1236
f 1101/867/1113 1224/871/1236 1122/872/1134
f 1218/866/1230 1222/875/1234 1224/871/1236
f 849/581/861 1225/874/1237 1223/869/1235
f 849/581/861 846/578/858 1225/874/1237
f 1221/868/1233 1226/873/1238 1222/875/1234
f 1221/868/1233 1223/869/1235 1226/873/1238
f 1223/869/1235 1225/874/1237 1226/873/1238
f 1122/872/1134 1224/871/1236 1203/876/1215
f 846/578/858 1212/879/1224 1225/874/1237
f 846/578/858 845/576/857 1212/879/1224
f 1222/875/1234 1226/873/1238 1205/877/1217
f 1222/875/1234 1205/877/1217 1224/871/1236
f 1224/871/1236 1205/877/1217 1203/876/1215
f 1225/874/1237 1212/879/1224 1208/878/1220
f 1225/874/1237 1208/878/1220 1226/873/1238
f 1226/873/1238 1208/878/1220 1205/877/1217
f 1227/880/1239 1228/881/1240 1229/882/1241
f 1227/880/1239 1230/883/1242 1228/881/1240
f 1227/880/1239 1229/882/1241 1231/884/1243
f 1227/880/1239 1232/885/1244 1230/883/1242
f 1227/880/1239 1231/884/1243 1233/886/1245
f 1227/880/1239 1234/887/1246 1232/885/1244
f 1227/880/1239 1233/886/1245 1235/888/1247
f 1227/880/1239 1235/888/1247 1234/887/1246
f 1228/881/1240 1236/889/1248 1229/882/1241
f 1228/881/1240 1230/883/1242 1237/890/1249
f 1228/881/1240 1237/890/1249 1236/889/1248
f 1231/884/1243 1238/891/1250 1233/886/1245
f 1231/884/1243 1229/882/1241 1239/892/1251
f 1231/884/1243 1240/893/1252 1238/891/1250
f 1231/884/1243 1239/892/1251 1241/894/1253
f 1231/884/1243 1241/894/1253 1240/893/1252
f 1235/888/1247 1233/886/1245 1242/895/1254
f 1242/895/1254 1233/886/1245 1238/891/1250
f 1237/890/1249 1243/896/1255 1236/889/1248
f 1229/882/1241 1244/897/1256 1239/892/1251
f 1229/882/1241 1236/889/1248 1245/898/1257
f 1229/882/1241 1245/898/1257 1244/897/1256
f 1241/894/1253 1239/892/1251 1246/899/1258
f 1243/896/1255 1247/900/1259 1236/889/1248
f 1243/896/1255 1248/901/1260 1247/900/1259
f 1243/896/1255 1249/902/1261 1248/901/1260
f 1243/896/1255 1237/903/1249 1249/902/1261
f 1236/889/1248 1247/900/1259 1245/898/1257
f 1244/897/1256 1250/904/1262 1239/892/1251
f 1244/897/1256 1245/898/1257 1251/905/1263
f 1244/897/1256 1252/906/1264 1250/904/1262
f 1244/897/1256 1251/905/1263 1252/906/1264
f 1246/899/1258 1239/892/1251 1253/907/1265
f 1239/892/1251 1250/904/1262 1253/907/1265
f 1248/901/1260 1249/902/1261 1254/908/1266
f 1248/901/1260 1255/909/1267 1247/900/1259
f 1248/901/1260 1254/908/1266 1238/910/1250
f 1248/901/1260 1240/911/1252 1255/909/1267
f 1248/901/1260 1238/910/1250 1240/911/1252
f 1237/903/1249 1230/912/1242 1249/902/1261
f 1249/902/1261 1230/912/1242 1254/908/1266
f 1245/898/1257 1256/913/1268 1251/905/1263
f 1245/898/1257 1247/900/1259 1257/914/1269
f 1245/898/1257 1257/914/1269 1256/913/1268
f 1247/900/1259 1255/909/1267 1257/914/1269
f 1252/906/1264 1110/811/1122 1250/904/1262
f 1252/906/1264 1251/905/1263 1258/915/1270
f 1252/906/1264 1115/816/1127 1110/811/1122
f 1252/906/1264 1258/915/1270 1115/816/1127
f 1253/907/1265 1250/904/1262 1259/916/1271
f 1238/910/1250 1254/908/1266 1242/917/1254
f 1240/911/1252 1241/918/1253 1255/909/1267
f 1230/912/1242 1232/919/1244 1254/908/1266
f 1256/913/1268 1257/914/1269 1260/920/1272
f 1256/913/1268 1261/921/1273 1251/905/1263
f 1256/913/1268 1260/920/1272 1262/922/1274
f 1256/913/1268 1262/922/1274 1261/921/1273
f 1255/909/1267 1241/918/1253 1260/920/1272
f 1255/909/1267 1260/920/1272 1257/914/1269
f 1251/905/1263 1261/921/1273 1258/915/1270
f 1110/811/1122 1263/923/1275 1250/904/1262
f 1110/811/1122 1108/809/1120 1263/923/1275
f 1250/904/1262 1263/923/1275 1259/916/1271
f 1115/816/1127 1258/915/1270 1118/819/1130
f 1242/917/1254 1254/908/1266 1234/924/1246
f 1242/917/1254 1234/924/1246 1235/925/1247
f 1234/924/1246 1254/908/1266 1232/919/1244
f 1262/922/1274 1260/920/1272 1246/926/1258
f 1262/922/1274 1264/927/1276 1261/921/1273
f 1262/922/1274 1246/926/1258 1253/928/1265
f 1262/922/1274 1253/928/1265 1264/927/1276
f 1246/926/1258 1260/920/1272 1241/918/1253
f 1108/809/1120 1265/929/1277 1263/923/1275
f 1108/809/1120 1107/808/1119 1265/929/1277
f 1259/916/1271 1263/923/1275 1266/930/1278
f 1259/916/1271 1266/930/1278 1267/931/1279
f 1258/915/1270 1268/932/1280 1118/819/1130
f 1258/915/1270 1261/921/1273 1268/932/1280
f 1261/921/1273 1264/927/1276 1268/932/1280
f 1253/928/1265 1269/933/1281 1264/927/1276
f 1253/928/1265 1126/827/1138 1269/933/1281
f 1253/928/1265 1259/934/1271 1126/827/1138
f 1264/927/1276 1269/933/1281 1268/932/1280
f 1107/808/1119 1270/935/1282 1265/929/1277
f 1107/808/1119 1271/936/1283 1270/935/1282
f 1107/808/1119 1105/806/1117 1271/936/1283
f 1263/923/1275 1272/937/1284 1266/930/1278
f 1263/923/1275 1265/929/1277 1272/937/1284
f 1267/931/1279 1266/930/1278 1273/938/1285
f 1118/819/1130 1268/932/1280 1274/939/1286
f 1118/819/1130 1274/939/1286 1114/815/1126
f 1268/932/1280 1269/933/1281 1274/939/1286
f 1259/934/1271 1275/940/1287 1126/827/1138
f 1259/934/1271 1276/941/1288 1275/940/1287
f 1259/934/1271 1267/942/1279 1276/941/1288
f 1270/935/1282 1271/936/1283 1277/943/1289
f 1270/935/1282 1275/944/1287 1265/929/1277
f 1270/935/1282 1277/943/1289 1278/945/1290
f 1270/935/1282 1279/946/1291 1275/944/1287
f 1270/935/1282 1278/945/1290 1279/946/1291
f 1105/806/1117 1280/947/1292 1271/936/1283
f 1105/806/1117 1102/803/1114 1280/947/1292
f 1271/936/1283 1280/947/1292 1277/943/1289
f 1272/937/1284 1281/948/1293 1266/930/1278
f 1272/937/1284 1265/929/1277 1276/949/1288
f 1272/937/1284 1282/950/1294 1281/948/1293
f 1272/937/1284 1276/949/1288 1282/950/1294
f 1276/949/1288 1265/929/1277 1275/944/1287
f 1273/938/1285 1266/930/1278 1283/951/1295
f 1273/938/1285 1283/951/1295 1284/952/1296
f 1266/930/1278 1281/948/1293 1283/951/1295
f 1114/815/1126 1274/939/1286 1116/817/1128
f 1274/939/1286 1269/933/1281 1116/817/1128
f 1126/827/1138 1275/940/1287 1279/953/1291
f 1126/827/1138 1121/822/1133 1269/933/1281
f 1126/827/1138 1279/953/1291 1127/832/1139
f 1267/942/1279 1282/954/1294 1276/941/1288
f 1267/942/1279 1273/955/1285 1282/954/1294
f 1278/945/1290 1285/956/1297 1279/946/1291
f 1278/945/1290 1277/943/1289 1286/957/1298
f 1278/945/1290 1287/958/1299 1285/956/1297
f 1278/945/1290 1286/957/1298 1288/959/1300
f 1278/945/1290 1288/959/1300 1287/958/1299
f 1280/947/1292 1289/960/1301 1277/943/1289
f 1282/950/1294 1290/961/1302 1281/948/1293
f 1284/952/1296 1283/951/1295 1291/962/1303
f 1116/817/1128 1269/933/1281 1119/820/1131
f 1119/820/1131 1269/933/1281 1121/822/1133
f 1279/953/1291 1102/837/1114 1127/832/1139
f 1279/953/1291 1280/963/1292 1102/837/1114
f 1279/953/1291 1289/964/1301 1280/963/1292
f 1279/953/1291 1285/965/1297 1289/964/1301
f 1273/955/1285 1290/966/1302 1282/954/1294
f 1273/955/1285 1284/967/1296 1290/966/1302
f 1286/957/1298 1292/968/1304 1288/959/1300
f 1286/957/1298 1277/943/1289 1293/969/1305
f 1286/957/1298 1294/970/1306 1292/968/1304
f 1286/957/1298 1293/969/1305 1295/971/1307
f 1286/957/1298 1295/971/1307 1294/970/1306
f 1293/969/1305 1277/943/1289 1289/960/1301
f 1287/958/1299 1288/959/1300 1296/972/1308
f 1290/961/1302 1297/973/1309 1281/948/1293
f 1283/951/1295 1298/974/1310 1291/962/1303
f 1283/951/1295 1281/948/1293 1299/975/1311
f 1283/951/1295 1299/975/1311 1298/974/1310
f 1281/948/1293 1297/973/1309 1299/975/1311
f 1285/965/1297 1293/976/1305 1289/964/1301
f 1285/965/1297 1287/977/1299 1293/976/1305
f 1284/967/1296 1297/978/1309 1290/966/1302
f 1284/967/1296 1291/979/1303 1297/978/1309
f 1292/968/1304 1294/970/1306 1300/980/1312
f 1292/968/1304 1301/981/1313 1288/959/1300
f 1292/968/1304 1300/980/1312 1302/982/1314
f 1292/968/1304 1302/982/1314 1301/981/1313
f 1296/972/1308 1288/959/1300 1303/983/1315
f 1288/959/1300 1301/981/1313 1303/983/1315
f 1291/962/1303 1298/974/1310 1304/984/1316
f 1297/973/1309 1305/985/1317 1299/975/1311
f 1287/977/1299 1295/986/1307 1293/976/1305
f 1287/977/1299 1296/987/1308 1295/986/1307
f 1291/979/1303 1304/988/1316 1297/978/1309
f 1302/982/1314 1306/989/1318 1301/981/1313
f 1303/983/1315 1301/981/1313 1307/990/1319
f 1307/990/1319 1301/981/1313 1306/989/1318
f 1298/974/1310 1308/991/1320 1304/984/1316
f 1298/974/1310 1299/975/1311 1309/992/1321
f 1298/974/1310 1309/992/1321 1308/991/1320
f 1309/992/1321 1299/975/1311 1305/985/1317
f 1296/987/1308 1294/993/1306 1295/986/1307
f 1296/987/1308 1303/994/1315 1294/993/1306
f 1304/988/1316 1305/995/1317 1297/978/1309
f 1304/988/1316 1308/996/1320 1305/995/1317
f 1303/994/1315 1300/997/1312 1294/993/1306
f 1303/994/1315 1307/998/1319 1300/997/1312
f 1308/996/1320 1309/999/1321 1305/995/1317
f 1307/998/1319 1302/1000/1314 1300/997/1312
f 1307/998/1319 1306/1001/1318 1302/1000/1314
f 1310/880/1322 1311/885/1323 1312/887/1324
f 1310/880/1322 1313/883/1325 1311/885/1323
f 1310/880/1322 1312/887/1324 1314/888/1326
f 1310/880/1322 1315/881/1327 1313/883/1325
f 1310/880/1322 1314/888/1326 1316/886/1328
f 1310/880/1322 1317/882/1329 1315/881/1327
f 1310/880/1322 1316/886/1328 1318/884/1330
f 1310/880/1322 1318/884/1330 1317/882/1329
f 1313/883/1325 1315/881/1327 1319/890/1331
f 1314/888/1326 1320/895/1332 1316/886/1328
f 1318/884/1330 1321/892/1333 1317/882/1329
f 1318/884/1330 1316/886/1328 1322/891/1334
f 1318/884/1330 1323/894/1335 1321/892/1333
f 1318/884/1330 1322/891/1334 1324/893/1336
f 1318/884/1330 1324/893/1336 1323/894/1335
f 1322/891/1334 1316/886/1328 1320/895/1332
f 1315/881/1327 1325/889/1337 1319/890/1331
f 1315/881/1327 1317/882/1329 1325/889/1337
f 1321/892/1333 1323/894/1335 1326/899/1338
f 1321/892/1333 1327/897/1339 1317/882/1329
f 1321/892/1333 1326/899/1338 1328/907/1340
f 1321/892/1333 1329/904/1341 1327/897/1339
f 1321/892/1333 1328/907/1340 1329/904/1341
f 1319/890/1331 1325/889/1337 1330/896/1342
f 1317/882/1329 1327/897/1339 1331/898/1343
f 1317/882/1329 1331/898/1343 1325/889/1337
f 1328/907/1340 1332/916/1344 1329/904/1341
f 1330/896/1342 1325/889/1337 1333/900/1345
f 1330/896/1342 1333/900/1345 1334/901/1346
f 1330/896/1342 1334/901/1346 1335/902/1347
f 1330/896/1342 1335/902/1347 1319/903/1331
f 1325/889/1337 1331/898/1343 1333/900/1345
f 1327/897/1339 1329/904/1341 1336/906/1348
f 1327/897/1339 1337/905/1349 1331/898/1343
f 1327/897/1339 1336/906/1348 1337/905/1349
f 1332/916/1344 1338/923/1350 1329/904/1341
f 1332/916/1344 1339/930/1351 1338/923/1350
f 1332/916/1344 1340/931/1352 1339/930/1351
f 1334/901/1346 1341/908/1353 1335/902/1347
f 1334/901/1346 1333/900/1345 1342/909/1354
f 1334/901/1346 1322/910/1334 1341/908/1353
f 1334/901/1346 1342/909/1354 1324/911/1336
f 1334/901/1346 1324/911/1336 1322/910/1334
f 1319/903/1331 1335/902/1347 1313/912/1325
f 1335/902/1347 1341/908/1353 1313/912/1325
f 1331/898/1343 1337/905/1349 1343/913/1355
f 1331/898/1343 1344/914/1356 1333/900/1345
f 1331/898/1343 1343/913/1355 1344/914/1356
f 1333/900/1345 1344/914/1356 1342/909/1354
f 1336/906/1348 1329/904/1341 1162/811/1174
f 1336/906/1348 1345/915/1357 1337/905/1349
f 1336/906/1348 1162/811/1174 1166/816/1178
f 1336/906/1348 1166/816/1178 1345/915/1357
f 1329/904/1341 1338/923/1350 1162/811/1174
f 1340/931/1352 1346/938/1358 1339/930/1351
f 1324/911/1336 1342/909/1354 1323/918/1335
f 1322/910/1334 1320/917/1332 1341/908/1353
f 1313/912/1325 1341/908/1353 1311/919/1323
f 1343/913/1355 1347/920/1359 1344/914/1356
f 1343/913/1355 1337/905/1349 1348/921/1360
f 1343/913/1355 1349/922/1361 1347/920/1359
f 1343/913/1355 1348/921/1360 1349/922/1361
f 1342/909/1354 1347/920/1359 1323/918/1335
f 1342/909/1354 1344/914/1356 1347/920/1359
f 1337/905/1349 1345/915/1357 1348/921/1360
f 1166/816/1178 1169/819/1181 1345/915/1357
f 1338/923/1350 1158/809/1170 1162/811/1174
f 1338/923/1350 1339/930/1351 1350/937/1362
f 1338/923/1350 1351/929/1363 1158/809/1170
f 1338/923/1350 1350/937/1362 1351/929/1363
f 1346/938/1358 1352/951/1364 1339/930/1351
f 1346/938/1358 1353/952/1365 1352/951/1364
f 1320/917/1332 1312/924/1324 1341/908/1353
f 1320/917/1332 1314/925/1326 1312/924/1324
f 1312/924/1324 1311/919/1323 1341/908/1353
f 1349/922/1361 1326/926/1338 1347/920/1359
f 1349/922/1361 1348/921/1360 1354/927/1366
f 1349/922/1361 1328/928/1340 1326/926/1338
f 1349/922/1361 1354/927/1366 1328/928/1340
f 1326/926/1338 1323/918/1335 1347/920/1359
f 1169/819/1181 1355/932/1367 1345/915/1357
f 1169/819/1181 1356/939/1368 1355/932/1367
f 1169/819/1181 1163/815/1175 1356/939/1368
f 1348/921/1360 1355/932/1367 1354/927/1366
f 1348/921/1360 1345/915/1357 1355/932/1367
f 1158/809/1170 1351/929/1363 1155/808/1167
f 1350/937/1362 1339/930/1351 1357/948/1369
f 1350/937/1362 1358/949/1370 1351/929/1363
f 1350/937/1362 1357/948/1369 1359/950/1371
f 1350/937/1362 1359/950/1371 1358/949/1370
f 1339/930/1351 1352/951/1364 1357/948/1369
f 1353/952/1365 1360/962/1372 1352/951/1364
f 1328/928/1340 1354/927/1366 1361/933/1373
f 1328/928/1340 1361/933/1373 1175/827/1187
f 1328/928/1340 1175/827/1187 1332/934/1344
f 1355/932/1367 1356/939/1368 1361/933/1373
f 1355/932/1367 1361/933/1373 1354/927/1366
f 1163/815/1175 1164/817/1176 1356/939/1368
f 1356/939/1368 1164/817/1176 1361/933/1373
f 1155/808/1167 1351/929/1363 1362/935/1374
f 1155/808/1167 1362/935/1374 1363/936/1375
f 1155/808/1167 1363/936/1375 1153/806/1165
f 1359/950/1371 1357/948/1369 1364/961/1376
f 1358/949/1370 1365/944/1377 1351/929/1363
f 1351/929/1363 1365/944/1377 1362/935/1374
f 1360/962/1372 1366/974/1378 1352/951/1364
f 1360/962/1372 1367/984/1379 1366/974/1378
f 1175/827/1187 1365/940/1377 1332/934/1344
f 1175/827/1187 1361/933/1373 1170/822/1182
f 1175/827/1187 1368/953/1380 1365/940/1377
f 1175/827/1187 1176/832/1188 1368/953/1380
f 1164/817/1176 1167/820/1179 1361/933/1373
f 1361/933/1373 1167/820/1179 1170/822/1182
f 1363/936/1375 1369/947/1381 1153/806/1165
f 1363/936/1375 1362/935/1374 1370/943/1382
f 1363/936/1375 1370/943/1382 1369/947/1381
f 1357/948/1369 1371/973/1383 1364/961/1376
f 1357/948/1369 1352/951/1364 1372/975/1384
f 1357/948/1369 1372/975/1384 1371/973/1383
f 1352/951/1364 1366/974/1378 1372/975/1384
f 1365/944/1377 1368/946/1380 1362/935/1374
f 1367/984/1379 1373/991/1385 1366/974/1378
f 1332/934/1344 1365/940/1377 1358/941/1370
f 1332/934/1344 1358/941/1370 1340/942/1352
f 1176/832/1188 1151/837/1163 1368/953/1380
f 1153/806/1165 1369/947/1381 1151/803/1163
f 1370/943/1382 1362/935/1374 1374/945/1386
f 1370/943/1382 1375/960/1387 1369/947/1381
f 1370/943/1382 1374/945/1386 1376/957/1388
f 1370/943/1382 1377/969/1389 1375/960/1387
f 1370/943/1382 1376/957/1388 1377/969/1389
f 1362/935/1374 1368/946/1380 1374/945/1386
f 1371/973/1383 1372/975/1384 1378/985/1390
f 1373/991/1385 1379/992/1391 1366/974/1378
f 1379/992/1391 1372/975/1384 1366/974/1378
f 1379/992/1391 1378/985/1390 1372/975/1384
f 1358/941/1370 1359/954/1371 1340/942/1352
f 1151/837/1163 1369/963/1381 1368/953/1380
f 1376/957/1388 1380/971/1392 1377/969/1389
f 1376/957/1388 1374/945/1386 1381/959/1393
f 1376/957/1388 1382/970/1394 1380/971/1392
f 1376/957/1388 1381/959/1393 1383/968/1395
f 1376/957/1388 1383/968/1395 1382/970/1394
f 1368/946/1380 1384/956/1396 1374/945/1386
f 1359/954/1371 1346/955/1358 1340/942/1352
f 1359/954/1371 1364/966/1376 1346/955/1358
f 1369/963/1381 1375/964/1387 1368/953/1380
f 1381/959/1393 1385/981/1397 1383/968/1395
f 1381/959/1393 1374/945/1386 1386/958/1398
f 1381/959/1393 1387/983/1399 1385/981/1397
f 1381/959/1393 1386/958/1398 1388/972/1400
f 1381/959/1393 1388/972/1400 1387/983/1399
f 1386/958/1398 1374/945/1386 1384/956/1396
f 1382/970/1394 1383/968/1395 1389/980/1401
f 1364/966/1376 1353/967/1365 1346/955/1358
f 1364/966/1376 1371/978/1383 1353/967/1365
f 1375/964/1387 1384/965/1396 1368/953/1380
f 1375/964/1387 1377/976/1389 1384/965/1396
f 1385/981/1397 1387/983/1399 1390/990/1402
f 1385/981/1397 1391/982/1403 1383/968/1395
f 1385/981/1397 1390/990/1402 1392/989/1404
f 1385/981/1397 1392/989/1404 1391/982/1403
f 1391/982/1403 1389/980/1401 1383/968/1395
f 1371/978/1383 1360/979/1372 1353/967/1365
f 1371/978/1383 1367/988/1379 1360/979/1372
f 1371/978/1383 1378/995/1390 1367/988/1379
f 1377/976/1389 1386/977/1398 1384/965/1396
f 1377/976/1389 1380/986/1392 1386/977/1398
f 1378/995/1390 1373/996/1385 1367/988/1379
f 1378/995/1390 1379/999/1391 1373/996/1385
f 1380/986/1392 1388/987/1400 1386/977/1398
f 1380/986/1392 1382/993/1394 1388/987/1400
f 1382/993/1394 1387/994/1399 1388/987/1400
f 1382/993/1394 1389/997/1401 1387/994/1399
f 1389/997/1401 1390/998/1402 1387/994/1399
f 1389/997/1401 1391/1000/1403 1390/998/1402
f 1391/1000/1403 1392/1001/1404 1390/998/1402
f 1393/1002/1405 1394/1003/1406 1395/1004/1407
f 1393/1002/1405 1396/1005/1408 1394/1003/1406
f 1393/1002/1405 1395/1004/1407 1397/1006/1409
f 1393/1002/1405 1398/1007/1410 1396/1005/1408
f 1393/1002/1405 1397/1006/1409 1399/1008/1411
f 1393/1002/1405 1400/1009/1412 1398/1007/1410
f 1393/1002/1405 1399/1008/1411 1401/1010/1413
f 1393/1002/1405 1401/1010/1413 1400/1009/1412
f 1394/1003/1406 1402/1011/1414 1395/1004/1407
f 1394/1003/1406 1396/1005/1408 1403/1012/1415
f 1394/1003/1406 1403/1012/1415 1402/1011/1414
f 1397/1006/1409 1404/1013/1416 1399/1008/1411
f 1397/1006/1409 1395/1004/1407 1405/1014/1417
f 1397/1006/1409 1405/1014/1417 1404/1013/1416
f 1395/1004/1407 1402/1011/1414 1405/1014/1417
f 1398/1007/1410 1400/1009/1412 1406/1015/1418
f 1398/1007/1410 1407/1016/1419 1396/1005/1408
f 1398/1007/1410 1406/1015/1418 1407/1016/1419
f 1396/1005/1408 1407/1016/1419 1403/1012/1415
f 1401/1010/1413 1399/1008/1411 1408/1017/1420
f 1401/1010/1413 1409/1018/1421 1400/1009/1412
f 1401/1010/1413 1408/1017/1420 1409/1018/1421
f 1400/1009/1412 1409/1018/1421 1406/1015/1418
f 1399/1008/1411 1404/1013/1416 1408/1017/1420
f 1402/1011/1414 1410/1019/1422 1405/1014/1417
f 1402/1011/1414 1403/1012/1415 1411/1020/1423
f 1402/1011/1414 1411/1020/1423 1410/1019/1422
f 1407/1016/1419 1406/1015/1418 1412/1021/1424
f 1407/1016/1419 1413/1022/1425 1403/1012/1415
f 1407/1016/1419 1412/1021/1424 1413/1022/1425
f 1403/1012/1415 1413/1022/1425 1411/1020/1423
f 1409/1018/1421 1408/1017/1420 1414/1023/1426
f 1409/1018/1421 1415/1024/1427 1406/1015/1418
f 1409/1018/1421 1414/1023/1426 1415/1024/1427
f 1406/1015/1418 1415/1024/1427 1412/1021/1424
f 1404/1013/1416 1405/1014/1417 1416/1025/1428
f 1404/1013/1416 1417/1026/1429 1408/1017/1420
f 1404/1013/1416 1416/1025/1428 1417/1026/1429
f 1408/1017/1420 1417/1026/1429 1414/1023/1426
f 1405/1014/1417 1410/1019/1422 1416/1025/1428
f 1413/1022/1425 1418/1027/1430 1411/1020/1423
f 1413/1022/1425 1412/1021/1424 1419/1028/1431
f 1413/1022/1425 1419/1028/1431 1418/1027/1430
f 1415/1024/1427 1414/1023/1426 1420/1029/1432
f 1415/1024/1427 1421/1030/1433 1412/1021/1424
f 1415/1024/1427 1420/1029/1432 1421/1030/1433
f 1421/1030/1433 1419/1028/1431 1412/1021/1424
f 1417/1026/1429 1416/1025/1428 1422/1031/1434
f 1417/1026/1429 1423/1032/1435 1414/1023/1426
f 1417/1026/1429 1422/1031/1434 1423/1032/1435
f 1423/1032/1435 1420/1029/1432 1414/1023/1426
f 1410/1019/1422 1411/1020/1423 1424/1033/1436
f 1410/1019/1422 1425/1034/1437 1416/1025/1428
f 1410/1019/1422 1424/1033/1436 1425/1034/1437
f 1425/1034/1437 1422/1031/1434 1416/1025/1428
f 1424/1033/1436 1411/1020/1423 1418/1027/1430
f 1426/1035/1438 1427/1036/1439 1428/1037/1440
f 1426/1035/1438 1429/1038/1441 1427/1036/1439
f 1426/1035/1438 1428/1037/1440 1430/1039/1442
f 1426/1035/1438 1431/1040/1443 1429/1038/1441
f 1426/1035/1438 1430/1039/1442 1432/1041/1444
f 1426/1035/1438 1433/1042/1445 1431/1040/1443
f 1426/1035/1438 1432/1041/1444 1434/1043/1446
f 1426/1035/1438 1434/1043/1446 1433/1042/1445
f 1430/1039/1442 1435/1044/1447 1432/1041/1444
f 1430/1039/1442 1436/1045/1448 1435/1044/1447
f 1431/1040/1443 1433/1042/1445 1437/1046/1449
f 1431/1040/1443 1437/1046/1449 1438/1047/1450
f 1434/1043/1446 1432/1041/1444 1439/1048/1451
f 1434/1043/1446 1439/1048/1451 1433/1042/1445
f 1436/1045/1448 1440/1049/1452 1435/1044/1447
f 1436/1045/1448 1441/1050/1453 1440/1049/1452
f 1437/1046/1449 1442/1051/1454 1438/1047/1450
f 1437/1046/1449 1433/1042/1445 1443/1052/1455
f 1437/1046/1449 1443/1052/1455 1442/1051/1454
f 1433/1042/1445 1439/1048/1451 1443/1052/1455
f 1432/1041/1444 1435/1044/1447 1444/1053/1456
f 1432/1041/1444 1444/1053/1456 1439/1048/1451
f 1435/1044/1447 1440/1049/1452 1444/1053/1456
f 1441/1050/1453 1445/1054/1457 1440/1049/1452
f 1441/1050/1453 1446/1055/1458 1445/1054/1457
f 1438/1047/1450 1442/1051/1454 1447/1056/1459
f 1443/1052/1455 1439/1048/1451 1448/1057/1460
f 1443/1052/1455 1448/1057/1460 1442/1051/1454
f 1440/1049/1452 1448/1057/1460 1444/1053/1456
f 1440/1049/1452 1445/1054/1457 1448/1057/1460
f 1444/1053/1456 1448/1057/1460 1439/1048/1451
f 1446/1055/1458 1449/1058/1461 1445/1054/1457
f 1445/1054/1457 1449/1058/1461 1448/1057/1460
f 1447/1056/1459 1442/1051/1454 1450/1059/1462
f 1447/1056/1459 1450/1059/1462 1451/1060/1463
f 1450/1059/1462 1448/1057/1460 1449/1058/1461
f 1450/1059/1462 1442/1051/1454 1448/1057/1460
f 1450/1059/1462 1449/1058/1461 1451/1060/1463
f 1452/1061/1464 1436/1062/1448 1430/1063/1442
f 1452/1061/1464 1449/1064/1461 1436/1062/1448
f 1452/1061/1464 1430/1063/1442 1428/1065/1440
f 1452/1061/1464 1438/1066/1450 1449/1064/1461
f 1452/1061/1464 1428/1065/1440 1427/1067/1439
f 1452/1061/1464 1431/1068/1443 1438/1066/1450
f 1452/1061/1464 1427/1067/1439 1429/1069/1441
f 1452/1061/1464 1429/1069/1441 1431/1068/1443
f 1436/1062/1448 1449/1064/1461 1441/1070/1453
f 1438/1066/1450 1447/1071/1459 1449/1064/1461
f 1441/1070/1453 1449/1064/1461 1446/1072/1458
f 1447/1071/1459 1451/1073/1463 1449/1064/1461
f 1453/1074/1465 1454/1075/1466 1455/1076/1467
f 1453/1074/1468 1456/1077/1469 1454/1075/1470
f 1453/1074/1465 1455/1076/1467 1457/1078/1471
f 1453/1074/1468 1458/1079/1472 1456/1077/1469
f 1453/1074/1465 1457/1078/1471 1459/1080/1473
f 1453/1074/1468 1460/1081/1474 1458/1079/1472
f 1453/1074/1468 1459/1080/1475 1460/1081/1474
f 1454/1075/1466 1461/1082/1476 1455/1076/1467
f 1454/1075/1470 1456/1077/1469 1462/1083/1477
f 1454/1075/1466 1462/1083/1478 1461/1082/1476
f 1457/1078/1471 1463/1084/1479 1459/1080/1473
f 1457/1078/1471 1455/1076/1467 1464/1085/1480
f 1457/1078/1471 1465/1086/1481 1463/1084/1479
f 1457/1078/1471 1464/1085/1480 1466/1087/1482
f 1457/1078/1471 1466/1087/1482 1465/1086/1481
f 1455/1076/1467 1461/1082/1476 1464/1085/1480
f 1460/1081/1474 1459/1080/1475 1467/1088/1483
f 1460/1081/1474 1467/1088/1483 1468/1089/1484
f 1459/1080/1473 1463/1084/1479 1467/1088/1485
f 1456/1077/1469 1469/1090/1486 1462/1083/1477
f 1465/1086/1481 1470/1091/1487 1463/1084/1479
f 1461/1082/1476 1471/1092/1488 1464/1085/1480
f 1461/1082/1489 1462/1083/1490 1471/1092/1491
f 1471/1092/1491 1462/1083/1490 1469/1090/1492
f 1468/1089/1484 1467/1088/1483 1472/1093/1493
f 1468/1089/1484 1472/1093/1493 1473/1094/1494
f 1470/1091/1487 1474/1095/1495 1463/1084/1479
f 1470/1091/1487 1475/1096/1496 1474/1095/1495
f 1470/1091/1487 1476/1097/1497 1475/1096/1496
f 1474/1095/1495 1467/1088/1485 1463/1084/1479
f 1474/1095/1495 1472/1093/1498 1467/1088/1485
f 1474/1095/1495 1475/1096/1496 1472/1093/1498
f 1473/1094/1494 1472/1093/1493 1477/1098/1499
f 1476/1097/1497 1478/1099/1500 1475/1096/1496
f 1472/1093/1493 1479/1100/1501 1477/1098/1499
f 1472/1093/1498 1475/1096/1496 1479/1100/1502
f 1478/1099/1500 1480/1101/1503 1475/1096/1496
f 1475/1096/1496 1480/1101/1503 1479/1100/1502
f 1481/1102/1504 1482/1103/1505 1483/1104/1506
f 1481/1102/1507 1484/1105/1508 1482/1103/1509
f 1481/1102/1504 1483/1104/1506 1485/1106/1510
f 1481/1102/1507 1486/1107/1511 1484/1105/1508
f 1481/1102/1504 1485/1106/1510 1487/1108/1512
f 1481/1102/1507 1488/1109/1513 1486/1107/1511
f 1481/1102/1507 1487/1108/1514 1488/1109/1513
f 1482/1103/1505 1480/1110/1503 1483/1104/1506
f 1482/1103/1509 1484/1105/1508 1479/1111/1501
f 1482/1103/1505 1479/1111/1502 1480/1110/1503
f 1485/1106/1510 1489/1112/1515 1487/1108/1512
f 1485/1106/1510 1483/1104/1506 1490/1113/1516
f 1485/1106/1510 1491/1114/1517 1489/1112/1515
f 1485/1106/1510 1490/1113/1516 1492/1115/1518
f 1485/1106/1510 1492/1115/1518 1491/1114/1517
f 1483/1104/1506 1480/1110/1503 1490/1113/1516
f 1484/1105/1508 1477/1116/1499 1479/1111/1501
f 1480/1110/1503 1478/1117/1500 1490/1113/1516
f 1493/1118/1519 1494/1119/1520 1495/1120/1521
f 1493/1118/1522 1496/1121/1523 1494/1119/1524
f 1493/1118/1519 1495/1120/1521 1497/1122/1525
f 1493/1118/1522 1498/1123/1526 1496/1121/1523
f 1493/1118/1519 1497/1122/1525 1499/1124/1527
f 1493/1118/1522 1500/1125/1528 1498/1123/1526
f 1493/1118/1522 1499/1124/1529 1500/1125/1528
f 1494/1119/1520 1489/1126/1515 1495/1120/1521
f 1494/1119/1524 1496/1121/1523 1487/1127/1514
f 1494/1119/1520 1487/1127/1512 1489/1126/1515
f 1497/1122/1525 1501/1128/1530 1499/1124/1527
f 1497/1122/1525 1495/1120/1521 1502/1129/1531
f 1497/1122/1525 1503/1130/1532 1501/1128/1530
f 1497/1122/1525 1502/1129/1531 1504/1131/1533
f 1497/1122/1525 1504/1131/1533 1503/1130/1532
f 1495/1120/1521 1489/1126/1515 1502/1129/1531
f 1496/1121/1523 1488/1132/1513 1487/1127/1514
f 1489/1126/1515 1491/1133/1517 1502/1129/1531
f 1505/1134/1534 1506/1135/1535 1507/1136/1536
f 1505/1134/1534 1508/1137/1537 1506/1135/1535
f 1505/1134/1534 1507/1136/1536 1509/1138/1538
f 1505/1134/1534 1510/1139/1539 1508/1137/1537
f 1505/1134/1534 1509/1138/1538 1511/1140/1540
f 1505/1134/1534 1512/1141/1541 1510/1139/1539
f 1505/1134/1534 1511/1140/1540 1512/1141/1541
f 1506/1135/1535 1513/1142/1542 1507/1136/1536
f 1506/1135/1535 1508/1137/1537 1513/1142/1542
f 1508/1137/1537 1510/1139/1539 1513/1142/1542
f 1511/1140/1540 1514/1143/1543 1512/1141/1541
f 1510/1139/1539 1515/1144/1544 1513/1142/1542
f 1510/1139/1539 1512/1141/1541 1516/1145/1545
f 1510/1139/1539 1517/1146/1546 1515/1144/1544
f 1510/1139/1539 1516/1145/1545 1517/1146/1546
f 1512/1141/1541 1514/1143/1543 1516/1145/1545
f 1515/1144/1544 1517/1146/1546 1518/1147/1547
f 1514/1143/1543 1519/1148/1548 1516/1145/1545
f 1514/1143/1543 1520/1149/1549 1519/1148/1548
f 1517/1146/1546 1520/1149/1549 1518/1147/1547
f 1517/1146/1546 1516/1145/1545 1519/1148/1548
f 1517/1146/1546 1519/1148/1548 1520/1149/1549
f 1521/1150/1550 1522/1151/1551 1523/1152/1552
f 1521/1150/1550 1524/1153/1553 1522/1151/1551
f 1521/1150/1554 1523/1152/1555 1525/1154/1556
f 1521/1150/1550 1526/1155/1557 1524/1153/1553
f 1521/1150/1554 1525/1154/1556 1527/1156/1558
f 1521/1150/1554 1527/1156/1558 1526/1155/1559
f 1524/1153/1553 1526/1155/1557 1528/1157/1560
f 1525/1154/1556 1529/1158/1561 1527/1156/1558
f 1526/1155/1557 1530/1159/1562 1528/1157/1560
f 1526/1155/1559 1527/1156/1558 1531/1160/1563
f 1526/1155/1559 1531/1160/1563 1530/1159/1564
f 1529/1158/1561 1532/1161/1565 1527/1156/1558
f 1527/1156/1558 1532/1161/1565 1531/1160/1563
f 1528/1157/1560 1530/1159/1562 1533/1162/1566
f 1532/1161/1565 1534/1163/1567 1531/1160/1563
f 1530/1159/1568 1531/1160/1563 1535/1164/1569
f 1531/1160/1563 1534/1163/1567 1535/1164/1569
f 1534/1163/1567 1536/1165/1570 1535/1164/1569
f 1501/1166/1530 1523/1167/1555 1499/1168/1527
f 1501/1166/1530 1525/1169/1556 1523/1167/1555
f 1501/1166/1530 1529/1170/1561 1525/1169/1556
f 1501/1166/1530 1503/1171/1532 1529/1170/1561
f 1499/1168/1529 1523/1167/1552 1522/1172/1551
f 1499/1168/1529 1522/1172/1551 1500/1173/1528
f 1456/1174/1571 1471/1175/1572 1469/1176/1573
f 1456/1174/1571 1464/1177/1574 1471/1175/1572
f 1456/1174/1571 1458/1178/1575 1464/1177/1574
f 1458/1178/1575 1466/1179/1576 1464/1177/1574
f 1458/1178/1575 1460/1180/1577 1466/1179/1576
f 1460/1180/1577 1465/1181/1578 1466/1179/1576
f 1460/1180/1577 1468/1182/1579 1465/1181/1578
f 1468/1182/1579 1470/1183/1580 1465/1181/1578
f 1468/1182/1579 1473/1184/1581 1470/1183/1580
f 1473/1184/1581 1476/1185/1582 1470/1183/1580
f 1473/1184/1581 1477/1186/1583 1476/1185/1582
f 1477/1186/1583 1478/1187/1584 1476/1185/1582
f 1484/1188/1585 1478/1189/1584 1477/1190/1583
f 1484/1188/1585 1490/1191/1586 1478/1189/1584
f 1484/1188/1585 1486/1192/1587 1490/1191/1586
f 1486/1192/1587 1492/1193/1588 1490/1191/1586
f 1486/1192/1587 1488/1194/1589 1492/1193/1588
f 1488/1194/1589 1491/1195/1590 1492/1193/1588
f 1496/1196/1591 1491/1187/1590 1488/1186/1589
f 1496/1196/1591 1502/1197/1592 1491/1187/1590
f 1496/1196/1593 1498/1198/1594 1502/1197/1595
f 1498/1198/1594 1504/1199/1596 1502/1197/1595
f 1498/1198/1594 1500/1200/1597 1504/1199/1596
f 1500/1200/1597 1503/1201/1598 1504/1199/1596
f 1532/1202/1599 1529/1203/1600 1524/1204/1601
f 1532/1202/1599 1524/1204/1601 1528/1205/1602
f 1532/1202/1599 1528/1205/1602 1534/1206/1603
f 1529/1203/1600 1522/1207/1604 1524/1204/1601
f 1528/1205/1602 1533/1208/1605 1534/1206/1603
f 1533/1208/1605 1536/1209/1606 1534/1206/1603
f 1522/1210/1604 1503/1211/1598 1500/1212/1597
f 1522/1210/1604 1529/1213/1600 1503/1211/1598
f 1537/1214/1607 1538/1215/1608 1539/1216/1609
f 1537/1214/1607 1539/1216/1609 1540/1217/1610
f 2346/1930/2416 2347/1931/2417 2348/1932/2418
f 2346/1930/2416 2349/1933/2419 2347/1931/2417
f 2346/1930/2416 2348/1932/2418 2350/1934/2420
f 2346/1930/2416 2351/1935/2421 2349/1933/2419
f 2346/1930/2416 2350/1934/2420 2352/1936/2422
f 2346/1930/2416 2353/1937/2423 2351/1935/2421
f 2346/1930/2416 2352/1936/2422 2354/1938/2424
f 2346/1930/2416 2354/1938/2424 2353/1937/2423
f 2347/1931/2417 2349/1933/2419 2355/1939/2425
f 2351/1935/2421 2356/1940/2426 2349/1933/2419
f 2355/1939/2425 2349/1933/2419 2357/1941/2427
f 2355/1939/2425 2357/1941/2427 2358/1942/2428
f 2355/1939/2425 2358/1942/2428 2359/1943/2429
f 2349/1933/2419 2356/1940/2426 2357/1941/2427
f 2358/1942/2428 2360/1944/2430 2359/1943/2429
f 2358/1942/2428 2357/1941/2427 2361/1945/2431
f 2358/1942/2428 2362/1946/2432 2360/1944/2430
f 2358/1942/2428 2361/1945/2431 2362/1946/2432
f 2361/1945/2431 2357/1941/2427 2356/1940/2426
f 2359/1943/2429 2360/1944/2430 2363/1947/2433
f 2362/1946/2432 2364/1948/2434 2360/1944/2430
f 2363/1947/2433 2360/1944/2430 2365/1949/2435
f 2363/1947/2433 2365/1949/2435 2366/1950/2436
f 2364/1948/2434 2367/1951/2437 2360/1944/2430
f 2360/1944/2430 2367/1951/2437 2365/1949/2435
f 2366/1950/2436 2365/1949/2435 2368/1952/2438
f 2366/1950/2436 2368/1952/2438 2369/1953/2439
f 2365/1949/2435 2367/1951/2437 2368/1952/2438
f 2369/1953/2439 2368/1952/2438 2370/1954/2440
f 2369/1953/2439 2370/1954/2440 2371/1952/2441
f 2369/1953/2439 2371/1952/2441 2372/1950/2442
f 2367/1951/2437 2373/1955/2443 2368/1952/2438
f 2368/1952/2438 2373/1955/2443 2370/1954/2440
f 2371/1952/2441 2374/1949/2444 2372/1950/2442
f 2371/1952/2441 2370/1954/2440 2375/1955/2445
f 2371/1952/2441 2376/1951/2446 2374/1949/2444
f 2371/1952/2441 2375/1955/2445 2376/1951/2446
f 2373/1955/2443 2377/1956/2447 2370/1954/2440
f 2370/1954/2440 2377/1956/2447 2375/1955/2445
f 2372/1950/2442 2374/1949/2444 2378/1947/2448
f 2376/1951/2446 2379/1944/2449 2374/1949/2444
f 2376/1951/2446 2380/1948/2450 2379/1944/2449
f 2374/1949/2444 2379/1944/2449 2378/1947/2448
f 2380/1948/2450 2381/1946/2451 2379/1944/2449
f 2378/1947/2448 2379/1944/2449 2382/1943/2452
f 2381/1946/2451 2383/1942/2453 2379/1944/2449
f 2381/1946/2451 2384/1945/2454 2383/1942/2453
f 2379/1944/2449 2383/1942/2453 2382/1943/2452
f 2384/1945/2454 2385/1941/2455 2383/1942/2453
f 2384/1945/2454 2386/1940/2456 2385/1941/2455
f 2382/1943/2452 2383/1942/2453 2387/1939/2457
f 2383/1942/2453 2385/1941/2455 2387/1939/2457
f 2386/1940/2456 2352/1933/2422 2385/1941/2455
f 2386/1940/2456 2354/1935/2424 2352/1933/2422
f 2385/1941/2455 2352/1933/2422 2387/1939/2457
f 2352/1933/2422 2350/1931/2420 2387/1939/2457
f 2388/1957/2458 2389/1958/2459 2351/1935/2460
f 2388/1957/2458 2390/1959/2461 2389/1958/2459
f 2388/1957/2458 2351/1935/2460 2353/1937/2462
f 2388/1957/2458 2391/1960/2463 2390/1959/2461
f 2388/1957/2458 2353/1937/2462 2354/1938/2464
f 2388/1957/2458 2392/1961/2465 2391/1960/2463
f 2388/1957/2458 2354/1938/2464 2393/1962/2466
f 2388/1957/2458 2393/1962/2466 2392/1961/2465
f 2389/1958/2459 2356/1940/2467 2351/1935/2460
f 2389/1958/2459 2390/1959/2461 2394/1963/2468
f 2389/1958/2459 2394/1963/2468 2356/1940/2467
f 2391/1960/2463 2392/1961/2465 2395/1964/2469
f 2391/1960/2463 2396/1965/2470 2390/1959/2461
f 2394/1963/2468 2361/1945/2471 2356/1940/2467
f 2394/1963/2468 2390/1959/2461 2397/1966/2472
f 2394/1963/2468 2398/1967/2473 2361/1945/2471
f 2394/1963/2468 2397/1966/2472 2398/1967/2473
f 2390/1959/2461 2396/1965/2470 2397/1966/2472
f 2361/1945/2471 2398/1967/2473 2362/1946/2474
f 2396/1965/2470 2399/1968/2475 2397/1966/2472
f 2398/1967/2473 2400/1969/2476 2362/1946/2474
f 2398/1967/2473 2397/1966/2472 2401/1970/2477
f 2398/1967/2473 2401/1970/2477 2400/1969/2476
f 2397/1966/2472 2399/1968/2475 2401/1970/2477
f 2362/1946/2474 2400/1969/2476 2364/1948/2478
f 2399/1968/2475 2402/1971/2479 2401/1970/2477
f 2400/1969/2476 2403/1972/2480 2364/1948/2478
f 2400/1969/2476 2401/1970/2477 2404/1973/2481
f 2400/1969/2476 2404/1973/2481 2403/1972/2480
f 2402/1971/2479 2405/1974/2482 2401/1970/2477
f 2401/1970/2477 2405/1974/2482 2404/1973/2481
f 2364/1948/2478 2403/1972/2480 2367/1951/2483
f 2405/1974/2482 2406/1975/2484 2404/1973/2481
f 2403/1972/2480 2407/1976/2485 2367/1951/2483
f 2403/1972/2480 2404/1973/2481 2408/1977/2486
f 2403/1972/2480 2408/1977/2486 2407/1976/2485
f 2404/1973/2481 2406/1975/2484 2408/1977/2486
f 2367/1951/2483 2407/1976/2485 2373/1955/2487
f 2406/1975/2484 2409/1978/2488 2408/1977/2486
f 2407/1976/2485 2377/1956/2489 2373/1955/2487
f 2407/1976/2485 2408/1977/2486 2410/1979/2490
f 2407/1976/2485 2411/1980/2491 2377/1956/2489
f 2407/1976/2485 2410/1979/2490 2411/1980/2491
f 2408/1977/2486 2409/1978/2488 2410/1979/2490
f 2377/1956/2489 2411/1980/2491 2412/1976/2492
f 2377/1956/2489 2412/1976/2492 2375/1955/2493
f 2411/1980/2491 2410/1979/2490 2412/1976/2492
f 2409/1978/2488 2413/1977/2494 2410/1979/2490
f 2409/1978/2488 2414/1975/2495 2413/1977/2494
f 2410/1979/2490 2413/1977/2494 2412/1976/2492
f 2375/1955/2493 2412/1976/2492 2376/1951/2496
f 2414/1975/2495 2415/1973/2497 2413/1977/2494
f 2414/1975/2495 2416/1974/2498 2415/1973/2497
f 2412/1976/2492 2417/1972/2499 2376/1951/2496
f 2412/1976/2492 2413/1977/2494 2417/1972/2499
f 2413/1977/2494 2415/1973/2497 2417/1972/2499
f 2416/1974/2498 2418/1970/2500 2415/1973/2497
f 2416/1974/2498 2419/1971/2501 2418/1970/2500
f 2376/1951/2496 2417/1972/2499 2380/1948/2502
f 2415/1973/2497 2418/1970/2500 2420/1969/2503
f 2415/1973/2497 2420/1969/2503 2417/1972/2499
f 2417/1972/2499 2420/1969/2503 2380/1948/2502
f 2419/1971/2501 2421/1968/2504 2418/1970/2500
f 2420/1969/2503 2381/1946/2505 2380/1948/2502
f 2420/1969/2503 2418/1970/2500 2422/1967/2506
f 2420/1969/2503 2422/1967/2506 2381/1946/2505
f 2421/1968/2504 2423/1966/2507 2418/1970/2500
f 2421/1968/2504 2395/1965/2469 2423/1966/2507
f 2418/1970/2500 2423/1966/2507 2422/1967/2506
f 2381/1946/2505 2422/1967/2506 2384/1945/2508
f 2395/1965/2469 2392/1959/2465 2423/1966/2507
f 2422/1967/2506 2424/1963/2509 2384/1945/2508
f 2422/1967/2506 2423/1966/2507 2424/1963/2509
f 2423/1966/2507 2392/1959/2465 2424/1963/2509
f 2384/1945/2508 2424/1963/2509 2386/1940/2510
f 2392/1959/2465 2393/1958/2466 2424/1963/2509
f 2424/1963/2509 2393/1958/2466 2386/1940/2510
f 2393/1958/2466 2354/1935/2464 2386/1940/2510
f 2425/1981/2511 2426/1982/2512 2427/1983/2513
f 2425/1981/2511 2428/1984/2514 2426/1982/2512
f 2425/1981/2511 2427/1983/2513 2429/1985/2515
f 2425/1981/2511 2429/1985/2515 2430/1986/2516
f 2428/1984/2514 2431/1987/2517 2426/1982/2512
f 2428/1984/2514 2432/1988/2518 2431/1987/2517
f 2429/1985/2515 2433/1989/2519 2430/1986/2516
f 2429/1985/2515 2434/1990/2520 2433/1989/2519
f 2432/1988/2518 2435/1991/2521 2431/1987/2517
f 2432/1988/2518 2436/1992/2522 2435/1991/2521
f 2437/1993/2523 2438/1994/2524 2439/1995/2525
f 2438/1994/2524 2395/1996/2526 2439/1995/2525
f 2438/1994/2524 2391/1997/2527 2395/1996/2526
f 2439/1995/2525 2395/1996/2526 2421/1998/2528
f 2438/1994/2524 2440/1999/2529 2391/1997/2527
f 2440/1999/2529 2396/2000/2530 2391/1997/2527
f 2437/2001/2523 2439/2002/2525 2441/2003/2531
f 2439/2002/2525 2421/2004/2528 2442/2005/2532
f 2439/2002/2525 2442/2005/2532 2441/2003/2531
f 2421/2004/2528 2443/2006/2533 2442/2005/2532
f 2441/2003/2531 2442/2005/2532 2444/2007/2534
f 2442/2005/2532 2443/2006/2533 2444/2007/2534
f 2421/2004/2528 2419/2008/2535 2443/2006/2533
f 2444/2007/2534 2443/2006/2533 2445/2009/2536
f 2419/2008/2535 2446/2010/2537 2447/2011/2538
f 2443/2006/2533 2447/2011/2538 2445/2009/2536
f 2443/2006/2533 2419/2008/2535 2447/2011/2538
f 2444/2007/2534 2445/2009/2536 2448/2012/2539
f 2446/2010/2537 2416/2013/2540 2449/2014/2541
f 2419/2008/2535 2416/2013/2540 2446/2010/2537
f 2447/2011/2538 2450/2015/2542 2451/2016/2543
f 2447/2011/2538 2451/2016/2543 2445/2009/2536
f 2445/2009/2536 2451/2016/2543 2448/2012/2539
f 2447/2011/2538 2446/2010/2537 2450/2015/2542
f 2449/2014/2541 2414/2017/2544 2452/2018/2545
f 2416/2013/2540 2414/2017/2544 2449/2014/2541
f 2451/2016/2543 2453/2019/2546 2448/2012/2539
f 2451/2016/2543 2450/2015/2542 2453/2019/2546
f 2446/2010/2537 2454/2020/2547 2450/2015/2542
f 2446/2010/2537 2449/2014/2541 2454/2020/2547
f 2452/2018/2545 2414/2017/2544 2409/2021/2548
f 2448/2012/2539 2453/2019/2546 2455/2022/2549
f 2450/2015/2542 2456/2023/2550 2453/2019/2546
f 2449/2014/2541 2457/2024/2551 2454/2020/2547
f 2452/2018/2545 2409/2021/2548 2458/2025/2552
f 2455/2022/2549 2453/2019/2546 2459/2026/2553
f 2453/2019/2546 2456/2023/2550 2459/2026/2553
f 2450/2015/2542 2460/2027/2554 2456/2023/2550
f 2454/2020/2547 2457/2024/2551 2460/2027/2554
f 2454/2020/2547 2460/2027/2554 2450/2015/2542
f 2449/2014/2541 2452/2018/2545 2461/2028/2555
f 2449/2014/2541 2461/2028/2555 2457/2024/2551
f 2409/2021/2548 2406/2017/2556 2462/2018/2557
f 2409/2021/2548 2462/2018/2557 2458/2025/2552
f 2455/2022/2549 2459/2026/2553 2463/2029/2558
f 2456/2023/2550 2464/2030/2559 2465/2031/2560
f 2456/2023/2550 2460/2027/2554 2464/2030/2559
f 2456/2023/2550 2465/2031/2560 2459/2026/2553
f 2452/2018/2545 2466/2032/2561 2461/2028/2555
f 2452/2018/2545 2458/2025/2552 2466/2032/2561
f 2457/2024/2551 2467/2033/2562 2460/2027/2554
f 2460/2027/2554 2467/2033/2562 2464/2030/2559
f 2406/2017/2556 2468/2014/2563 2462/2018/2557
f 2463/2029/2558 2459/2026/2553 2469/2034/2564
f 2459/2026/2553 2465/2031/2560 2469/2034/2564
f 2461/2028/2555 2470/2035/2565 2471/2036/2566
f 2461/2028/2555 2466/2032/2561 2470/2035/2565
f 2457/2024/2551 2471/2036/2566 2467/2033/2562
f 2457/2024/2551 2461/2028/2555 2471/2036/2566
f 2458/2025/2552 2462/2018/2557 2472/2032/2567
f 2464/2030/2559 2473/2037/2568 2474/2038/2569
f 2406/2017/2556 2405/2013/2570 2468/2014/2563
f 2463/2029/2558 2469/2034/2564 2475/2039/2571
f 2465/2031/2560 2464/2030/2559 2476/2040/2572
f 2464/2030/2559 2467/2033/2562 2473/2037/2568
f 2464/2030/2559 2474/2038/2569 2476/2040/2572
f 2465/2031/2560 2476/2040/2572 2469/2034/2564
f 2466/2032/2561 2477/2041/2573 2470/2035/2565
f 2471/2036/2566 2470/2035/2565 2478/2042/2574
f 2458/2025/2552 2479/2043/2575 2466/2032/2561
f 2479/2043/2575 2472/2032/2567 2477/2041/2573
f 2479/2043/2575 2458/2025/2552 2472/2032/2567
f 2479/2043/2575 2477/2041/2573 2466/2032/2561
f 2462/2018/2557 2480/2028/2576 2472/2032/2567
f 2462/2018/2557 2468/2014/2563 2480/2028/2576
f 2405/2013/2570 2481/2010/2577 2468/2014/2563
f 2475/2039/2571 2469/2034/2564 2482/2044/2578
f 2469/2034/2564 2476/2040/2572 2482/2044/2578
f 2467/2033/2562 2483/2045/2579 2473/2037/2568
f 2471/2036/2566 2478/2042/2574 2483/2045/2579
f 2471/2036/2566 2483/2045/2579 2467/2033/2562
f 2474/2038/2569 2484/2046/2580 2485/2047/2581
f 2474/2038/2569 2485/2047/2581 2476/2040/2572
f 2473/2037/2568 2483/2045/2579 2484/2046/2580
f 2473/2037/2568 2484/2046/2580 2474/2038/2569
f 2470/2035/2565 2486/2048/2582 2478/2042/2574
f 2470/2035/2565 2477/2041/2573 2486/2048/2582
f 2472/2032/2567 2480/2028/2576 2487/2035/2583
f 2477/2041/2573 2487/2035/2583 2486/2048/2582
f 2477/2041/2573 2472/2032/2567 2487/2035/2583
f 2405/2013/2570 2402/2008/2584 2481/2010/2577
f 2468/2014/2563 2481/2010/2577 2488/2020/2585
f 2482/2044/2578 2476/2040/2572 2489/2049/2586
f 2489/2049/2586 2476/2040/2572 2485/2047/2581
f 2483/2045/2579 2490/2050/2587 2491/2051/2588
f 2483/2045/2579 2491/2051/2588 2484/2046/2580
f 2478/2042/2574 2486/2048/2582 2490/2050/2587
f 2478/2042/2574 2490/2050/2587 2483/2045/2579
f 2480/2028/2576 2492/2036/2589 2487/2035/2583
f 2402/2008/2584 2493/2011/2590 2481/2010/2577
f 2468/2014/2563 2488/2020/2585 2494/2024/2591
f 2480/2028/2576 2494/2024/2591 2492/2036/2589
f 2480/2028/2576 2468/2014/2563 2494/2024/2591
f 2485/2047/2581 2484/2046/2580 2495/2052/2592
f 2484/2046/2580 2491/2051/2588 2495/2052/2592
f 2486/2048/2582 2496/2053/2593 2490/2050/2587
f 2487/2035/2583 2492/2036/2589 2497/2042/2594
f 2487/2035/2583 2497/2042/2594 2486/2048/2582
f 2402/2008/2584 2399/2004/2595 2498/2006/2596
f 2402/2008/2584 2498/2006/2596 2493/2011/2590
f 2481/2010/2577 2499/2015/2597 2488/2020/2585
f 2481/2010/2577 2493/2011/2590 2499/2015/2597
f 2494/2024/2591 2500/2027/2598 2501/2033/2599
f 2494/2024/2591 2501/2033/2599 2492/2036/2589
f 2488/2020/2585 2500/2027/2598 2494/2024/2591
f 2488/2020/2585 2499/2015/2597 2500/2027/2598
f 2491/2051/2588 2490/2050/2587 2502/2054/2600
f 2491/2051/2588 2502/2054/2600 2495/2052/2592
f 2496/2053/2593 2503/2055/2601 2490/2050/2587
f 2497/2042/2594 2504/2056/2602 2505/2050/2603
f 2497/2042/2594 2505/2050/2603 2486/2048/2582
f 2496/2053/2593 2486/2048/2582 2505/2050/2603
f 2492/2036/2589 2501/2033/2599 2504/2056/2602
f 2492/2036/2589 2504/2056/2602 2497/2042/2594
f 2496/2053/2593 2505/2050/2603 2503/2055/2601
f 2399/2004/2595 2506/2002/2604 2507/2005/2605
f 2498/2006/2596 2508/2009/2606 2493/2011/2590
f 2499/2015/2597 2493/2011/2590 2509/2016/2607
f 2493/2011/2590 2508/2009/2606 2509/2016/2607
f 2500/2027/2598 2510/2030/2608 2501/2033/2599
f 2502/2054/2600 2490/2050/2587 2511/2057/2609
f 2511/2057/2609 2490/2050/2587 2503/2055/2601
f 2504/2056/2602 2512/2058/2610 2505/2050/2603
f 2399/2004/2595 2507/2005/2605 2498/2006/2596
f 2506/2002/2604 2513/2003/2611 2507/2005/2605
f 2499/2015/2597 2514/2019/2612 2515/2023/2613
f 2499/2015/2597 2509/2016/2607 2514/2019/2612
f 2500/2027/2598 2515/2023/2613 2510/2030/2608
f 2500/2027/2598 2499/2015/2597 2515/2023/2613
f 2508/2009/2606 2516/2007/2614 2517/2059/2615
f 2516/2007/2614 2498/2006/2596 2507/2005/2605
f 2516/2007/2614 2507/2005/2605 2513/2003/2611
f 2508/2009/2606 2517/2059/2615 2509/2016/2607
f 2509/2016/2607 2517/2059/2615 2514/2019/2612
f 2508/2009/2606 2498/2006/2596 2516/2007/2614
f 2501/2033/2599 2510/2030/2608 2518/2037/2616
f 2501/2033/2599 2518/2037/2616 2504/2056/2602
f 2503/2055/2601 2505/2050/2603 2519/2057/2617
f 2512/2058/2610 2520/2054/2618 2505/2050/2603
f 2505/2050/2603 2520/2054/2618 2519/2057/2617
f 2399/2004/2595 2396/2060/2530 2506/2061/2604
f 2506/2002/2604 2521/2001/2619 2513/2003/2611
f 2515/2023/2613 2522/2031/2620 2510/2030/2608
f 2517/2059/2615 2523/2022/2621 2514/2019/2612
f 2518/2037/2616 2524/2046/2622 2504/2056/2602
f 2504/2056/2602 2524/2046/2622 2512/2058/2610
f 2520/2054/2618 2512/2058/2610 2525/2052/2623
f 2512/2058/2610 2524/2046/2622 2525/2052/2623
f 2396/2060/2530 2440/2062/2529 2506/2061/2604
f 2440/2062/2529 2521/2001/2619 2506/2002/2604
f 2515/2023/2613 2526/2026/2624 2522/2031/2620
f 2514/2019/2612 2523/2022/2621 2526/2026/2624
f 2514/2019/2612 2526/2026/2624 2515/2023/2613
f 2510/2030/2608 2522/2031/2620 2527/2040/2625
f 2518/2037/2616 2528/2038/2626 2524/2046/2622
f 2510/2030/2608 2528/2038/2626 2518/2037/2616
f 2510/2030/2608 2527/2040/2625 2528/2038/2626
f 2525/2052/2623 2524/2046/2622 2529/2047/2627
f 2528/2038/2626 2527/2040/2625 2529/2047/2627
f 2528/2038/2626 2529/2047/2627 2524/2046/2622
f 2523/2022/2621 2530/2029/2628 2526/2026/2624
f 2522/2031/2620 2531/2034/2629 2527/2040/2625
f 2526/2026/2624 2530/2029/2628 2531/2034/2629
f 2526/2026/2624 2531/2034/2629 2522/2031/2620
f 2529/2047/2627 2527/2040/2625 2532/2049/2630
f 2530/2029/2628 2533/2039/2631 2531/2034/2629
f 2527/2040/2625 2534/2044/2632 2532/2049/2630
f 2534/2044/2632 2531/2034/2629 2533/2039/2631
f 2531/2034/2629 2534/2044/2632 2527/2040/2625
f 2535/2063/2633 2536/2064/2634 2537/2065/2635
f 2536/2064/2634 2538/2066/2636 2525/2067/2623
f 2537/2065/2635 2536/2064/2634 2539/2068/2637
f 2536/2064/2634 2525/2067/2623 2539/2068/2637
f 2538/2066/2636 2519/2069/2617 2520/2070/2618
f 2520/2070/2618 2525/2067/2623 2538/2066/2636
f 2537/2065/2635 2539/2068/2637 2540/2071/2638
f 2519/2069/2617 2538/2066/2636 2541/2072/2639
f 2525/2067/2623 2529/2073/2627 2539/2068/2637
f 2540/2071/2638 2539/2068/2637 2542/2074/2640
f 2539/2068/2637 2529/2073/2627 2542/2074/2640
f 2519/2069/2617 2543/2075/2641 2503/2076/2601
f 2519/2069/2617 2541/2072/2639 2543/2075/2641
f 2540/2071/2638 2542/2074/2640 2544/2077/2642
f 2529/2073/2627 2532/2078/2630 2542/2074/2640
f 2542/2074/2640 2532/2078/2630 2544/2077/2642
f 2503/2076/2601 2543/2075/2641 2511/2079/2609
f 2541/2072/2639 2545/2080/2643 2543/2075/2641
f 2532/2078/2630 2546/2081/2644 2544/2077/2642
f 2511/2079/2609 2547/2082/2645 2548/2083/2646
f 2545/2080/2643 2549/2084/2647 2543/2075/2641
f 2532/2078/2630 2534/2085/2632 2546/2081/2644
f 2511/2079/2609 2548/2083/2646 2502/2086/2600
f 2511/2079/2609 2543/2075/2641 2547/2082/2645
f 2545/2080/2643 2550/2087/2648 2549/2084/2647
f 2548/2083/2646 2551/2088/2649 2502/2086/2600
f 2543/2075/2641 2552/2089/2650 2547/2082/2645
f 2549/2084/2647 2550/2087/2648 2552/2089/2650
f 2549/2084/2647 2552/2089/2650 2543/2075/2641
f 2545/2080/2643 2553/2090/2651 2550/2087/2648
f 2551/2088/2649 2495/2091/2592 2502/2086/2600
f 2552/2089/2650 2550/2087/2648 2554/2092/2652
f 2553/2090/2651 2555/2093/2653 2556/2094/2654
f 2551/2088/2649 2557/2095/2655 2558/2096/2656
f 2495/2091/2592 2551/2088/2649 2558/2096/2656
f 2550/2087/2648 2559/2097/2657 2554/2092/2652
f 2550/2087/2648 2553/2090/2651 2556/2094/2654
f 2550/2087/2648 2556/2094/2654 2559/2097/2657
f 2555/2093/2653 2553/2090/2651 2560/2098/2658
f 2557/2095/2655 2561/2099/2659 2562/2100/2660
f 2551/2088/2649 2561/2099/2659 2557/2095/2655
f 2495/2091/2592 2558/2096/2656 2485/2101/2581
f 2554/2092/2652 2563/2102/2661 2564/2103/2662
f 2554/2092/2652 2559/2097/2657 2563/2102/2661
f 2556/2094/2654 2565/2104/2663 2566/2105/2664
f 2556/2094/2654 2555/2093/2653 2565/2104/2663
f 2559/2097/2657 2566/2105/2664 2563/2102/2661
f 2559/2097/2657 2556/2094/2654 2566/2105/2664
f 2560/2098/2658 2567/2106/2665 2568/2107/2666
f 2555/2093/2653 2560/2098/2658 2568/2107/2666
f 2555/2093/2653 2568/2107/2666 2565/2104/2663
f 2562/2100/2660 2561/2099/2659 2569/2108/2667
f 2557/2095/2655 2562/2100/2660 2570/2109/2668
f 2558/2096/2656 2557/2095/2655 2571/2110/2669
f 2557/2095/2655 2570/2109/2668 2571/2110/2669
f 2485/2101/2581 2572/2111/2670 2489/2112/2586
f 2558/2096/2656 2571/2110/2669 2572/2111/2670
f 2558/2096/2656 2572/2111/2670 2485/2101/2581
f 2566/2105/2664 2565/2104/2663 2573/2113/2671
f 2568/2107/2666 2574/2114/2672 2575/2115/2673
f 2565/2104/2663 2575/2115/2673 2573/2113/2671
f 2565/2104/2663 2568/2107/2666 2575/2115/2673
f 2570/2109/2668 2576/2116/2674 2571/2110/2669
f 2571/2110/2669 2576/2116/2674 2572/2111/2670
f 2489/2112/2586 2577/2117/2675 2482/2118/2578
f 2489/2112/2586 2572/2111/2670 2577/2117/2675
f 2574/2114/2672 2578/2119/2676 2579/2120/2677
f 2574/2114/2672 2579/2120/2677 2575/2115/2673
f 2573/2113/2671 2580/2121/2678 2581/2122/2679
f 2575/2115/2673 2579/2120/2677 2580/2121/2678
f 2575/2115/2673 2580/2121/2678 2573/2113/2671
f 2576/2116/2674 2582/2123/2680 2572/2111/2670
f 2572/2111/2670 2582/2123/2680 2577/2117/2675
f 2578/2119/2676 2583/2124/2681 2579/2120/2677
f 2580/2121/2678 2579/2120/2677 2584/2125/2682
f 2578/2119/2676 2585/2126/2683 2583/2124/2681
f 2579/2120/2677 2586/2127/2684 2584/2125/2682
f 2579/2120/2677 2583/2124/2681 2586/2127/2684
f 2584/2125/2682 2586/2127/2684 2587/2128/2685
f 2583/2124/2681 2588/2129/2686 2589/2130/2687
f 2586/2127/2684 2589/2130/2687 2587/2128/2685
f 2586/2127/2684 2583/2124/2681 2589/2130/2687
f 2588/2129/2686 2590/2131/2688 2591/2132/2689
f 2588/2129/2686 2591/2132/2689 2589/2130/2687
f 2587/2128/2685 2589/2130/2687 2592/2133/2690
f 2590/2131/2688 2593/2134/2691 2591/2132/2689
f 2589/2130/2687 2594/2135/2692 2592/2133/2690
f 2594/2135/2692 2589/2130/2687 2591/2132/2689
f 2593/2134/2691 2595/2136/2693 2591/2132/2689
usemtl Material_#50
f 1541/1218/1611 1542/1219/1612 1543/1220/1613
f 1543/1220/1613 1542/1219/1612 1544/1221/1614
f 1545/1218/1615 1546/1220/1616 1547/1219/1617
f 1547/1219/1617 1546/1220/1616 1548/1221/1618
f 1549/1222/1619 1550/1223/1620 1551/1224/1621
f 1551/1224/1621 1550/1223/1620 1552/1225/1622
f 1550/1223/1620 1546/1220/1616 1552/1225/1622
f 1552/1225/1622 1546/1220/1616 1545/1218/1615
f 1541/1218/1611 1553/1220/1623 1542/1219/1612
f 1542/1219/1612 1553/1220/1623 1554/1221/1624
f 1545/1218/1615 1547/1219/1617 1555/1220/1625
f 1555/1220/1625 1547/1219/1617 1556/1221/1626
f 1552/1225/1622 1557/1223/1627 1551/1224/1621
f 1551/1224/1621 1557/1223/1627 1558/1222/1628
f 1545/1218/1615 1555/1220/1625 1552/1225/1622
f 1552/1225/1622 1555/1220/1625 1557/1223/1627
f 1559/1223/1629 1553/1220/1623 1560/1225/1630
f 1560/1225/1630 1553/1220/1623 1541/1218/1611
f 1561/1226/1631 1562/1227/1632 1563/1222/1633
f 1564/1228/1634 1565/1229/1635 1551/1224/1621
f 1551/1224/1621 1565/1229/1635 1549/1222/1619
f 1566/1229/1636 1564/1228/1634 1558/1222/1628
f 1558/1222/1628 1564/1228/1634 1551/1224/1621
f 1541/1218/1611 1543/1220/1613 1560/1225/1630
f 1560/1225/1630 1543/1220/1613 1567/1223/1637
f 1564/1228/1634 1568/1224/1638 1565/1229/1635
f 1565/1229/1635 1568/1224/1638 1569/1222/1639
f 1563/1222/1633 1562/1227/1632 1568/1224/1638
f 1568/1224/1638 1564/1228/1634 1563/1222/1633
f 1563/1222/1633 1564/1228/1634 1566/1229/1636
f 1561/1226/1631 1559/1223/1629 1570/1230/1640
f 1570/1230/1640 1559/1223/1629 1560/1225/1630
f 1569/1222/1639 1570/1230/1640 1567/1223/1637
f 1562/1227/1632 1561/1226/1631 1570/1230/1640
f 1570/1230/1640 1568/1224/1638 1562/1227/1632
f 1567/1223/1637 1570/1230/1640 1560/1225/1630
f 1570/1230/1640 1569/1222/1639 1568/1224/1638
f 1571/1220/1641 1572/1218/1642 1573/1221/1643
f 1573/1221/1643 1572/1218/1642 1574/1219/1644
f 1575/1224/1645 1576/1225/1646 1577/1222/1647
f 1577/1222/1647 1576/1225/1646 1578/1223/1648
f 1579/1228/1649 1575/1224/1645 1580/1229/1650
f 1580/1229/1650 1575/1224/1645 1577/1222/1647
f 1576/1225/1646 1572/1218/1642 1578/1223/1648
f 1578/1223/1648 1572/1218/1642 1571/1220/1641
f 1581/1220/1651 1582/1221/1652 1583/1218/1653
f 1583/1218/1653 1582/1221/1652 1584/1219/1654
f 1585/1223/1655 1586/1225/1656 1587/1222/1657
f 1587/1222/1657 1586/1225/1656 1588/1224/1658
f 1587/1222/1657 1588/1224/1658 1580/1229/1650
f 1580/1229/1650 1588/1224/1658 1579/1228/1649
f 1581/1220/1651 1583/1218/1653 1585/1223/1655
f 1585/1223/1655 1583/1218/1653 1586/1225/1656
f 1589/1220/1659 1590/1221/1660 1572/1218/1642
f 1572/1218/1642 1590/1221/1660 1574/1219/1644
f 1591/1223/1661 1576/1225/1646 1592/1222/1662
f 1592/1222/1662 1576/1225/1646 1575/1224/1645
f 1592/1222/1662 1575/1224/1645 1593/1229/1663
f 1593/1229/1663 1575/1224/1645 1579/1228/1649
f 1589/1220/1659 1572/1218/1642 1591/1223/1661
f 1591/1223/1661 1572/1218/1642 1576/1225/1646
f 1594/1220/1664 1583/1218/1653 1595/1221/1665
f 1595/1221/1665 1583/1218/1653 1584/1219/1654
f 1588/1224/1658 1586/1225/1656 1596/1222/1666
f 1596/1222/1666 1586/1225/1656 1597/1223/1667
f 1579/1228/1649 1588/1224/1658 1593/1229/1663
f 1593/1229/1663 1588/1224/1658 1596/1222/1666
f 1586/1225/1656 1583/1218/1653 1597/1223/1667
f 1597/1223/1667 1583/1218/1653 1594/1220/1664
f 1598/1231/1668 1599/1232/1669 1600/1231/1670
f 1598/1231/1668 1601/1233/1671 1599/1232/1669
f 1598/1231/1668 1600/1231/1670 1602/1234/1672
f 1598/1231/1668 1603/1235/1673 1601/1233/1671
f 1598/1231/1668 1602/1234/1672 1604/1234/1674
f 1598/1231/1668 1605/1236/1675 1603/1235/1673
f 1598/1231/1668 1604/1234/1674 1606/1237/1676
f 1598/1231/1668 1606/1237/1676 1605/1236/1675
f 1601/1233/1671 1603/1235/1673 1607/1238/1677
f 1601/1233/1671 1607/1238/1677 1608/1239/1678
f 1602/1234/1672 1609/1240/1679 1604/1234/1674
f 1606/1237/1676 1610/1241/1680 1605/1236/1675
f 1606/1237/1676 1604/1234/1674 1611/1242/1681
f 1606/1237/1676 1612/1243/1682 1610/1241/1680
f 1606/1237/1676 1611/1242/1681 1612/1243/1682
f 1603/1235/1673 1613/1244/1683 1607/1238/1677
f 1603/1235/1673 1605/1236/1675 1613/1244/1683
f 1605/1236/1675 1610/1241/1680 1613/1244/1683
f 1608/1239/1678 1607/1238/1677 1614/1245/1684
f 1608/1239/1678 1614/1245/1684 1615/1246/1685
f 1609/1240/1679 1616/1240/1686 1604/1234/1674
f 1609/1240/1679 1611/1242/1681 1616/1240/1686
f 1609/1240/1679 1617/1247/1687 1611/1242/1681
f 1611/1242/1681 1617/1247/1687 1612/1243/1682
f 1611/1242/1681 1604/1234/1674 1616/1240/1686
f 1610/1241/1680 1618/1248/1688 1613/1244/1683
f 1610/1241/1680 1612/1243/1682 1619/1247/1689
f 1610/1241/1680 1619/1247/1689 1618/1248/1688
f 1612/1243/1682 1617/1247/1687 1619/1247/1689
f 1607/1238/1677 1620/1249/1690 1614/1245/1684
f 1607/1238/1677 1613/1244/1683 1620/1249/1690
f 1613/1244/1683 1618/1248/1688 1620/1249/1690
f 1615/1246/1685 1614/1245/1684 1621/1239/1691
f 1617/1247/1687 1622/1243/1692 1619/1247/1689
f 1617/1247/1687 1623/1242/1693 1622/1243/1692
f 1617/1247/1687 1624/1240/1694 1623/1242/1693
f 1618/1248/1688 1625/1244/1695 1620/1249/1690
f 1618/1248/1688 1619/1247/1689 1626/1241/1696
f 1618/1248/1688 1626/1241/1696 1625/1244/1695
f 1619/1247/1689 1622/1243/1692 1626/1241/1696
f 1614/1245/1684 1627/1238/1697 1621/1239/1691
f 1614/1245/1684 1620/1249/1690 1627/1238/1697
f 1620/1249/1690 1625/1244/1695 1627/1238/1697
f 1624/1240/1694 1628/1240/1698 1623/1242/1693
f 1624/1240/1694 1629/1234/1699 1628/1240/1698
f 1624/1240/1694 1630/1234/1700 1629/1234/1699
f 1628/1240/1698 1629/1234/1699 1623/1242/1693
f 1622/1243/1692 1631/1237/1701 1626/1241/1696
f 1622/1243/1692 1623/1242/1693 1631/1237/1701
f 1623/1242/1693 1629/1234/1699 1631/1237/1701
f 1621/1239/1691 1627/1238/1697 1632/1233/1702
f 1625/1244/1695 1626/1241/1696 1633/1236/1703
f 1625/1244/1695 1634/1235/1704 1627/1238/1697
f 1625/1244/1695 1633/1236/1703 1634/1235/1704
f 1627/1238/1697 1634/1235/1704 1632/1233/1702
f 1626/1241/1696 1631/1237/1701 1633/1236/1703
f 1630/1234/1700 1635/1231/1705 1629/1234/1699
f 1630/1234/1700 1636/1231/1706 1635/1231/1705
f 1633/1236/1703 1635/1231/1705 1634/1235/1704
f 1633/1236/1703 1631/1237/1701 1635/1231/1705
f 1631/1237/1701 1629/1234/1699 1635/1231/1705
f 1634/1235/1704 1635/1231/1705 1632/1233/1702
f 1636/1231/1706 1637/1232/1707 1635/1231/1705
f 1635/1231/1705 1637/1232/1707 1632/1233/1702
f 1638/1250/1708 1639/1251/1709 1640/1252/1710
f 1638/1250/1708 1641/1253/1711 1639/1251/1709
f 1638/1250/1708 1640/1252/1710 1642/1251/1712
f 1638/1250/1708 1602/1254/1672 1641/1253/1711
f 1638/1250/1708 1642/1251/1712 1643/1253/1713
f 1638/1250/1708 1617/1255/1687 1602/1254/1672
f 1638/1250/1708 1643/1253/1713 1630/1254/1700
f 1638/1250/1708 1630/1254/1700 1617/1255/1687
f 1639/1251/1709 1644/1256/1714 1640/1252/1710
f 1639/1251/1709 1641/1253/1711 1645/1257/1715
f 1639/1251/1709 1645/1257/1715 1644/1256/1714
f 1642/1251/1712 1646/1257/1716 1643/1253/1713
f 1642/1251/1712 1640/1252/1710 1647/1256/1717
f 1642/1251/1712 1647/1256/1717 1646/1257/1716
f 1602/1254/1672 1617/1255/1687 1609/1258/1679
f 1602/1254/1672 1600/1259/1670 1641/1253/1711
f 1630/1254/1700 1643/1253/1713 1636/1259/1706
f 1630/1254/1700 1624/1258/1694 1617/1255/1687
f 1645/1257/1715 1641/1253/1711 1599/1260/1669
f 1599/1260/1669 1641/1253/1711 1600/1259/1670
f 1644/1256/1714 1648/1261/1718 1640/1252/1710
f 1640/1252/1710 1648/1261/1718 1647/1256/1717
f 1646/1257/1716 1637/1260/1707 1643/1253/1713
f 1643/1253/1713 1637/1260/1707 1636/1259/1706
f 1615/1262/1685 1621/1263/1691 1649/1264/1719
f 1649/1264/1719 1621/1263/1691 1650/1265/1720
f 1621/1263/1691 1632/1266/1702 1650/1265/1720
f 1649/1264/1719 1650/1265/1720 1651/1267/1721
f 1650/1265/1720 1632/1266/1702 1652/1268/1722
f 1650/1265/1720 1653/1269/1723 1651/1267/1721
f 1650/1265/1720 1652/1268/1722 1654/1270/1724
f 1650/1265/1720 1654/1270/1724 1653/1269/1723
f 1653/1269/1723 1655/1271/1725 1651/1267/1721
f 1653/1269/1723 1654/1270/1724 1655/1271/1725
f 1652/1268/1722 1632/1266/1702 1656/1272/1726
f 1632/1266/1702 1637/1273/1707 1656/1272/1726
f 1652/1268/1722 1657/1274/1727 1654/1270/1724
f 1652/1268/1722 1656/1272/1726 1657/1274/1727
f 1656/1272/1726 1637/1273/1707 1658/1275/1728
f 1656/1272/1726 1658/1275/1728 1657/1274/1727
f 1654/1270/1724 1659/1276/1729 1655/1271/1725
f 1654/1270/1724 1657/1274/1727 1659/1276/1729
f 1657/1274/1727 1658/1275/1728 1660/1277/1730
f 1657/1274/1727 1660/1277/1730 1659/1276/1729
f 1659/1276/1729 1661/1278/1731 1655/1271/1725
f 1659/1276/1729 1660/1277/1730 1662/1279/1732
f 1659/1276/1729 1662/1279/1732 1661/1278/1731
f 1660/1277/1730 1658/1275/1728 1663/1280/1733
f 1660/1277/1730 1664/1281/1734 1662/1279/1732
f 1660/1277/1730 1663/1280/1733 1664/1281/1734
f 1662/1279/1732 1665/1282/1735 1661/1278/1731
f 1662/1279/1732 1664/1281/1734 1666/1283/1736
f 1662/1279/1732 1666/1283/1736 1665/1282/1735
f 1663/1280/1733 1658/1275/1728 1667/1284/1737
f 1663/1280/1733 1668/1285/1738 1664/1281/1734
f 1663/1280/1733 1667/1284/1737 1668/1285/1738
f 1661/1278/1731 1669/1286/1739 1655/1271/1725
f 1661/1278/1731 1665/1282/1735 1670/1287/1740
f 1661/1278/1731 1670/1287/1740 1669/1286/1739
f 1658/1275/1728 1637/1273/1707 1671/1288/1741
f 1658/1275/1728 1672/1289/1742 1667/1284/1737
f 1658/1275/1728 1671/1288/1741 1672/1289/1742
f 1664/1281/1734 1673/1290/1743 1666/1283/1736
f 1664/1281/1734 1668/1285/1738 1674/1291/1744
f 1664/1281/1734 1674/1291/1744 1673/1290/1743
f 1655/1271/1725 1675/1292/1745 1651/1267/1721
f 1655/1271/1725 1669/1286/1739 1676/1293/1746
f 1655/1271/1725 1676/1293/1746 1675/1292/1745
f 1675/1292/1745 1677/1271/1747 1651/1267/1721
f 1675/1292/1745 1676/1293/1746 1677/1271/1747
f 1651/1267/1721 1677/1271/1747 1678/1269/1748
f 1678/1269/1748 1677/1271/1747 1679/1270/1749
f 1669/1286/1739 1670/1287/1740 1680/1294/1750
f 1669/1286/1739 1680/1294/1750 1676/1293/1746
f 1676/1293/1746 1681/1286/1751 1677/1271/1747
f 1676/1293/1746 1680/1294/1750 1681/1286/1751
f 1670/1287/1740 1665/1282/1735 1682/1295/1752
f 1670/1287/1740 1682/1295/1752 1680/1294/1750
f 1665/1282/1735 1666/1283/1736 1683/1296/1753
f 1665/1282/1735 1683/1296/1753 1682/1295/1752
f 1666/1283/1736 1673/1290/1743 1684/1297/1754
f 1666/1283/1736 1684/1297/1754 1683/1296/1753
f 1683/1296/1753 1685/1298/1755 1682/1295/1752
f 1683/1296/1753 1684/1297/1754 1685/1298/1755
f 1682/1295/1752 1686/1299/1756 1680/1294/1750
f 1682/1295/1752 1685/1298/1755 1686/1299/1756
f 1671/1288/1741 1637/1273/1707 1687/1300/1757
f 1637/1273/1707 1646/1301/1716 1687/1300/1757
f 1671/1288/1741 1688/1302/1758 1672/1289/1742
f 1671/1288/1741 1687/1300/1757 1688/1302/1758
f 1672/1289/1742 1689/1303/1759 1667/1284/1737
f 1672/1289/1742 1688/1302/1758 1689/1303/1759
f 1668/1285/1738 1690/1304/1760 1674/1291/1744
f 1668/1285/1738 1667/1284/1737 1691/1305/1761
f 1668/1285/1738 1691/1305/1761 1690/1304/1760
f 1667/1284/1737 1689/1303/1759 1692/1306/1762
f 1667/1284/1737 1692/1306/1762 1691/1305/1761
f 1689/1303/1759 1688/1302/1758 1693/1307/1763
f 1689/1303/1759 1693/1307/1763 1692/1306/1762
f 1688/1302/1758 1687/1300/1757 1694/1308/1764
f 1688/1302/1758 1694/1308/1764 1693/1307/1763
f 1687/1300/1757 1646/1301/1716 1695/1309/1765
f 1687/1300/1757 1695/1309/1765 1694/1308/1764
f 1646/1301/1716 1647/1310/1717 1695/1309/1765
f 1677/1271/1747 1696/1276/1766 1679/1270/1749
f 1679/1270/1749 1696/1276/1766 1697/1274/1767
f 1677/1271/1747 1681/1286/1751 1698/1278/1768
f 1677/1271/1747 1698/1278/1768 1696/1276/1766
f 1681/1286/1751 1680/1294/1750 1699/1287/1769
f 1681/1286/1751 1699/1287/1769 1698/1278/1768
f 1680/1294/1750 1686/1299/1756 1700/1295/1770
f 1680/1294/1750 1700/1295/1770 1699/1287/1769
f 1699/1287/1769 1701/1282/1771 1698/1278/1768
f 1699/1287/1769 1700/1295/1770 1701/1282/1771
f 1698/1278/1768 1702/1279/1772 1696/1276/1766
f 1698/1278/1768 1701/1282/1771 1702/1279/1772
f 1696/1276/1766 1703/1277/1773 1697/1274/1767
f 1696/1276/1766 1702/1279/1772 1703/1277/1773
f 1691/1305/1761 1704/1311/1774 1690/1304/1760
f 1704/1311/1774 1691/1305/1761 1705/1312/1775
f 1691/1305/1761 1692/1306/1762 1705/1312/1775
f 1705/1312/1775 1692/1306/1762 1706/1313/1776
f 1692/1306/1762 1693/1307/1763 1707/1314/1777
f 1692/1306/1762 1707/1314/1777 1706/1313/1776
f 1706/1313/1776 1707/1314/1777 1708/1315/1778
f 1704/1311/1774 1709/1316/1779 1690/1304/1760
f 1694/1308/1764 1695/1309/1765 1710/1317/1780
f 1695/1309/1765 1647/1310/1717 1711/1318/1781
f 1695/1309/1765 1711/1318/1781 1710/1317/1780
f 1647/1310/1717 1648/1319/1718 1711/1318/1781
f 1648/1319/1718 1644/1310/1714 1711/1318/1781
f 1711/1318/1781 1712/1309/1782 1710/1317/1780
f 1711/1318/1781 1644/1310/1714 1712/1309/1782
f 1644/1310/1714 1645/1301/1715 1712/1309/1782
f 1694/1308/1764 1713/1320/1783 1693/1307/1763
f 1694/1308/1764 1710/1317/1780 1713/1320/1783
f 1710/1317/1780 1712/1309/1782 1714/1308/1784
f 1710/1317/1780 1714/1308/1784 1713/1320/1783
f 1712/1309/1782 1645/1301/1715 1715/1300/1785
f 1712/1309/1782 1715/1300/1785 1714/1308/1784
f 1645/1301/1715 1599/1273/1669 1715/1300/1785
f 1701/1282/1771 1700/1295/1770 1716/1296/1786
f 1701/1282/1771 1717/1283/1787 1702/1279/1772
f 1701/1282/1771 1716/1296/1786 1717/1283/1787
f 1702/1279/1772 1718/1281/1788 1703/1277/1773
f 1702/1279/1772 1717/1283/1787 1718/1281/1788
f 1707/1314/1777 1693/1307/1763 1719/1321/1789
f 1693/1307/1763 1713/1320/1783 1720/1322/1790
f 1693/1307/1763 1720/1322/1790 1719/1321/1789
f 1720/1322/1790 1713/1320/1783 1721/1307/1791
f 1713/1320/1783 1714/1308/1784 1721/1307/1791
f 1720/1322/1790 1721/1307/1791 1719/1321/1789
f 1714/1308/1784 1715/1300/1785 1722/1302/1792
f 1714/1308/1784 1722/1302/1792 1721/1307/1791
f 1715/1300/1785 1599/1273/1669 1723/1288/1793
f 1715/1300/1785 1723/1288/1793 1722/1302/1792
f 1707/1314/1777 1724/1323/1794 1708/1315/1778
f 1707/1314/1777 1719/1321/1789 1724/1323/1794
f 1724/1323/1794 1725/1314/1795 1708/1315/1778
f 1719/1321/1789 1721/1307/1791 1725/1314/1795
f 1719/1321/1789 1725/1314/1795 1724/1323/1794
f 1708/1315/1778 1725/1314/1795 1726/1313/1796
f 1725/1314/1795 1721/1307/1791 1727/1306/1797
f 1725/1314/1795 1727/1306/1797 1726/1313/1796
f 1726/1313/1796 1727/1306/1797 1728/1312/1798
f 1721/1307/1791 1722/1302/1792 1729/1303/1799
f 1721/1307/1791 1729/1303/1799 1727/1306/1797
f 1722/1302/1792 1723/1288/1793 1730/1289/1800
f 1722/1302/1792 1730/1289/1800 1729/1303/1799
f 1729/1303/1799 1731/1284/1801 1727/1306/1797
f 1729/1303/1799 1730/1289/1800 1731/1284/1801
f 1730/1289/1800 1723/1288/1793 1732/1275/1802
f 1723/1288/1793 1599/1273/1669 1732/1275/1802
f 1730/1289/1800 1732/1275/1802 1731/1284/1801
f 1599/1273/1669 1733/1272/1803 1732/1275/1802
f 1732/1275/1802 1697/1274/1767 1703/1277/1773
f 1697/1274/1767 1732/1275/1802 1733/1272/1803
f 1732/1275/1802 1734/1280/1804 1731/1284/1801
f 1703/1277/1773 1718/1281/1788 1734/1280/1804
f 1703/1277/1773 1734/1280/1804 1732/1275/1802
f 1734/1280/1804 1735/1285/1805 1731/1284/1801
f 1734/1280/1804 1718/1281/1788 1735/1285/1805
f 1731/1284/1801 1736/1305/1806 1727/1306/1797
f 1727/1306/1797 1736/1305/1806 1728/1312/1798
f 1731/1284/1801 1735/1285/1805 1736/1305/1806
f 1728/1312/1798 1736/1305/1806 1737/1311/1807
f 1736/1305/1806 1735/1285/1805 1738/1304/1808
f 1736/1305/1806 1738/1304/1808 1737/1311/1807
f 1737/1311/1807 1738/1304/1808 1739/1316/1809
f 1735/1285/1805 1718/1281/1788 1740/1291/1810
f 1735/1285/1805 1740/1291/1810 1738/1304/1808
f 1738/1304/1808 1741/1324/1811 1739/1316/1809
f 1738/1304/1808 1740/1291/1810 1741/1324/1811
f 1739/1316/1809 1741/1324/1811 1742/1325/1812
f 1740/1291/1810 1718/1281/1788 1743/1290/1813
f 1718/1281/1788 1717/1283/1787 1743/1290/1813
f 1740/1291/1810 1744/1326/1814 1741/1324/1811
f 1740/1291/1810 1743/1290/1813 1744/1326/1814
f 1741/1324/1811 1745/1327/1815 1742/1325/1812
f 1741/1324/1811 1744/1326/1814 1745/1327/1815
f 1742/1325/1812 1745/1327/1815 1746/1328/1816
f 1743/1290/1813 1717/1283/1787 1747/1297/1817
f 1717/1283/1787 1716/1296/1786 1747/1297/1817
f 1743/1290/1813 1748/1329/1818 1744/1326/1814
f 1743/1290/1813 1747/1297/1817 1748/1329/1818
f 1744/1326/1814 1749/1330/1819 1745/1327/1815
f 1744/1326/1814 1748/1329/1818 1749/1330/1819
f 1745/1327/1815 1750/1331/1820 1746/1328/1816
f 1745/1327/1815 1749/1330/1819 1750/1331/1820
f 1746/1328/1816 1750/1331/1820 1751/1332/1821
f 1747/1297/1817 1716/1296/1786 1752/1298/1822
f 1716/1296/1786 1700/1295/1770 1752/1298/1822
f 1700/1295/1770 1686/1299/1756 1752/1298/1822
f 1747/1297/1817 1753/1333/1823 1748/1329/1818
f 1747/1297/1817 1752/1298/1822 1753/1333/1823
f 1748/1329/1818 1754/1334/1824 1749/1330/1819
f 1748/1329/1818 1753/1333/1823 1754/1334/1824
f 1753/1333/1823 1752/1298/1822 1755/1335/1825
f 1753/1333/1823 1755/1335/1825 1754/1334/1824
f 1749/1330/1819 1756/1336/1826 1750/1331/1820
f 1749/1330/1819 1754/1334/1824 1756/1336/1826
f 1750/1331/1820 1757/1337/1827 1751/1332/1821
f 1750/1331/1820 1756/1336/1826 1757/1337/1827
f 1756/1336/1826 1754/1334/1824 1758/1338/1828
f 1756/1336/1826 1758/1338/1828 1757/1337/1827
f 1754/1334/1824 1755/1335/1825 1759/1339/1829
f 1754/1334/1824 1759/1339/1829 1758/1338/1828
f 1752/1298/1822 1686/1299/1756 1760/1340/1830
f 1686/1299/1756 1685/1298/1755 1760/1340/1830
f 1752/1298/1822 1761/1341/1831 1755/1335/1825
f 1752/1298/1822 1760/1340/1830 1761/1341/1831
f 1755/1335/1825 1762/1342/1832 1759/1339/1829
f 1755/1335/1825 1761/1341/1831 1762/1342/1832
f 1759/1339/1829 1763/1343/1833 1758/1338/1828
f 1759/1339/1829 1762/1342/1832 1763/1343/1833
f 1760/1340/1830 1685/1298/1755 1764/1341/1834
f 1760/1340/1830 1765/1344/1835 1761/1341/1831
f 1760/1340/1830 1764/1341/1834 1765/1344/1835
f 1758/1338/1828 1766/1345/1836 1757/1337/1827
f 1758/1338/1828 1763/1343/1833 1767/1346/1837
f 1758/1338/1828 1767/1346/1837 1766/1345/1836
f 1761/1341/1831 1768/1347/1838 1762/1342/1832
f 1761/1341/1831 1765/1344/1835 1769/1348/1839
f 1761/1341/1831 1769/1348/1839 1768/1347/1838
f 1757/1337/1827 1770/1349/1840 1751/1332/1821
f 1751/1332/1821 1770/1349/1840 1771/1350/1841
f 1771/1350/1841 1770/1349/1840 1772/1351/1842
f 1772/1351/1842 1770/1349/1840 1773/1352/1843
f 1773/1352/1843 1770/1349/1840 1774/1353/1844
f 1757/1337/1827 1766/1345/1836 1774/1353/1844
f 1757/1337/1827 1774/1353/1844 1770/1349/1840
f 1766/1345/1836 1767/1346/1837 1775/1354/1845
f 1766/1345/1836 1775/1354/1845 1774/1353/1844
f 1774/1353/1844 1775/1354/1845 1776/1355/1846
f 1775/1354/1845 1767/1346/1837 1777/1356/1847
f 1767/1346/1837 1763/1343/1833 1777/1356/1847
f 1777/1356/1847 1763/1343/1833 1778/1357/1848
f 1763/1343/1833 1762/1342/1832 1779/1358/1849
f 1763/1343/1833 1779/1358/1849 1778/1357/1848
f 1778/1357/1848 1779/1358/1849 1780/1359/1850
f 1762/1342/1832 1768/1347/1838 1781/1360/1851
f 1762/1342/1832 1781/1360/1851 1779/1358/1849
f 1779/1358/1849 1782/1361/1852 1780/1359/1850
f 1779/1358/1849 1781/1360/1851 1782/1361/1852
f 1765/1344/1835 1764/1341/1834 1783/1348/1853
f 1765/1344/1835 1784/1362/1854 1769/1348/1839
f 1765/1344/1835 1783/1348/1853 1784/1362/1854
f 1768/1347/1838 1769/1348/1839 714/1363/726
f 714/1363/726 1077/1364/1089 1768/1347/1838
f 1768/1347/1838 1077/1364/1089 1781/1360/1851
f 1781/1360/1851 1078/1365/1090 1782/1361/1852
f 1781/1360/1851 1077/1364/1089 1078/1365/1090
f 714/1363/726 1769/1348/1839 712/1366/724
f 1769/1348/1839 1784/1362/1854 712/1366/724
f 712/1366/724 1784/1362/1854 706/1367/718
f 706/1367/718 1784/1362/1854 707/1366/719
f 1784/1362/1854 1783/1348/1853 707/1366/719
f 707/1366/719 1783/1348/1853 705/1363/717
f 1783/1348/1853 1764/1341/1834 1785/1347/1855
f 1783/1348/1853 1785/1347/1855 705/1363/717
f 705/1363/717 1785/1347/1855 1076/1364/1088
f 1076/1364/1088 1786/1360/1856 1078/1365/1090
f 1078/1365/1090 1786/1360/1856 1782/1361/1852
f 1076/1364/1088 1785/1347/1855 1786/1360/1856
f 1785/1347/1855 1764/1341/1834 1787/1342/1857
f 1785/1347/1855 1787/1342/1857 1786/1360/1856
f 1786/1360/1856 1788/1358/1858 1782/1361/1852
f 1782/1361/1852 1788/1358/1858 1780/1359/1850
f 1786/1360/1856 1787/1342/1857 1788/1358/1858
f 1780/1359/1850 1788/1358/1858 1789/1357/1859
f 1788/1358/1858 1787/1342/1857 1790/1343/1860
f 1788/1358/1858 1790/1343/1860 1789/1357/1859
f 1789/1357/1859 1790/1343/1860 1791/1356/1861
f 1787/1342/1857 1764/1341/1834 1792/1335/1862
f 1764/1341/1834 1685/1298/1755 1792/1335/1862
f 1787/1342/1857 1793/1339/1863 1790/1343/1860
f 1787/1342/1857 1792/1335/1862 1793/1339/1863
f 1790/1343/1860 1794/1346/1864 1791/1356/1861
f 1791/1356/1861 1794/1346/1864 1795/1354/1865
f 1790/1343/1860 1793/1339/1863 1796/1338/1866
f 1790/1343/1860 1796/1338/1866 1794/1346/1864
f 1794/1346/1864 1797/1345/1867 1795/1354/1865
f 1794/1346/1864 1796/1338/1866 1797/1345/1867
f 1793/1339/1863 1792/1335/1862 1798/1368/1868
f 1793/1339/1863 1798/1368/1868 1796/1338/1866
f 1792/1335/1862 1685/1298/1755 1799/1333/1869
f 1792/1335/1862 1799/1333/1869 1798/1368/1868
f 1685/1298/1755 1684/1297/1754 1799/1333/1869
f 1799/1333/1869 1800/1329/1870 1798/1368/1868
f 1799/1333/1869 1684/1297/1754 1800/1329/1870
f 1684/1297/1754 1673/1290/1743 1800/1329/1870
f 1797/1345/1867 1801/1353/1871 1795/1354/1865
f 1795/1354/1865 1801/1353/1871 1802/1355/1872
f 1797/1345/1867 1796/1338/1866 1803/1337/1873
f 1797/1345/1867 1803/1337/1873 1801/1353/1871
f 1796/1338/1866 1798/1368/1868 1804/1369/1874
f 1796/1338/1866 1804/1369/1874 1803/1337/1873
f 1798/1368/1868 1800/1329/1870 1805/1330/1875
f 1798/1368/1868 1805/1330/1875 1804/1369/1874
f 1804/1369/1874 1806/1331/1876 1803/1337/1873
f 1804/1369/1874 1805/1330/1875 1806/1331/1876
f 1800/1329/1870 1673/1290/1743 1807/1326/1877
f 1800/1329/1870 1807/1326/1877 1805/1330/1875
f 1805/1330/1875 1808/1327/1878 1806/1331/1876
f 1805/1330/1875 1807/1326/1877 1808/1327/1878
f 1673/1290/1743 1674/1291/1744 1807/1326/1877
f 1807/1326/1877 1809/1324/1879 1808/1327/1878
f 1807/1326/1877 1674/1291/1744 1809/1324/1879
f 1674/1291/1744 1690/1304/1760 1809/1324/1879
f 1690/1304/1760 1709/1316/1779 1809/1324/1879
f 1809/1324/1879 1810/1325/1880 1808/1327/1878
f 1809/1324/1879 1709/1316/1779 1810/1325/1880
f 1810/1325/1880 1811/1328/1881 1808/1327/1878
f 1808/1327/1878 1811/1328/1881 1806/1331/1876
f 1806/1331/1876 1812/1332/1882 1803/1337/1873
f 1806/1331/1876 1811/1328/1881 1812/1332/1882
f 1803/1337/1873 1813/1349/1883 1801/1353/1871
f 1803/1337/1873 1812/1332/1882 1813/1349/1883
f 1812/1332/1882 1814/1350/1884 1813/1349/1883
f 1814/1350/1884 1815/1351/1885 1813/1349/1883
f 1813/1349/1883 1816/1352/1886 1801/1353/1871
f 1816/1352/1886 1813/1349/1883 1815/1351/1885
f 1615/1370/1685 1649/1371/1719 1608/1372/1678
f 1608/1372/1678 1649/1371/1719 1817/1373/1887
f 1649/1371/1719 1651/1374/1721 1817/1373/1887
f 1651/1374/1721 1678/1375/1748 1817/1373/1887
f 1678/1375/1748 1679/1376/1749 1817/1373/1887
f 1608/1372/1678 1817/1373/1887 1601/1377/1671
f 1817/1373/1887 1679/1376/1749 1818/1378/1888
f 1817/1373/1887 1818/1378/1888 1601/1377/1671
f 1679/1376/1749 1697/1379/1767 1818/1378/1888
f 1818/1378/1888 1733/1380/1803 1601/1377/1671
f 1818/1378/1888 1697/1379/1767 1733/1380/1803
f 1733/1380/1803 1599/1381/1669 1601/1377/1671
f 1819/1382/1889 1820/1383/1890 1821/1384/1891
f 1821/1384/1891 1820/1383/1890 1822/1385/1892
f 1822/1385/1892 1820/1383/1890 1823/1386/1893
f 1823/1386/1893 1820/1383/1890 1824/1387/1894
f 1820/1383/1890 1825/1388/1895 1824/1387/1894
f 1823/1386/1893 1824/1387/1894 1814/1389/1884
f 1814/1389/1884 1824/1387/1894 1815/1390/1885
f 1824/1387/1894 1825/1388/1895 1815/1390/1885
f 1815/1390/1885 1825/1388/1895 1816/1391/1886
f 1816/1391/1886 1825/1388/1895 1826/1392/1896
f 1801/1393/1871 1816/1394/1886 1827/1395/1897
f 1827/1395/1897 1816/1394/1886 1828/1396/1898
f 1828/1396/1898 1816/1394/1886 1829/1397/1899
f 1829/1397/1899 1816/1394/1886 1830/1398/1900
f 1816/1394/1886 1826/1399/1896 1830/1398/1900
f 1830/1398/1900 1826/1399/1896 1831/1400/1901
f 1826/1399/1896 1832/1401/1902 1831/1400/1901
f 1831/1400/1901 1832/1401/1902 1833/1402/1903
f 1801/1403/1871 1827/1404/1897 1802/1405/1872
f 1827/1404/1897 1828/1406/1898 1802/1405/1872
f 1828/1406/1898 1834/1407/1904 1802/1405/1872
f 1828/1406/1898 1829/1408/1899 1834/1407/1904
f 1834/1407/1904 1835/1409/1905 1802/1405/1872
f 1834/1407/1904 1829/1408/1899 1835/1409/1905
f 1829/1408/1899 1830/1410/1900 1835/1409/1905
f 1835/1409/1905 1836/1411/1906 1802/1405/1872
f 1835/1409/1905 1830/1410/1900 1836/1411/1906
f 1830/1410/1900 1831/1412/1901 1836/1411/1906
f 1836/1411/1906 1837/1413/1907 1802/1405/1872
f 1836/1411/1906 1831/1412/1901 1837/1413/1907
f 1831/1412/1901 1833/1414/1903 1837/1413/1907
f 1833/1414/1903 1832/1415/1902 1837/1413/1907
f 1837/1413/1907 1838/1416/1908 1802/1405/1872
f 1837/1413/1907 1832/1415/1902 1838/1416/1908
f 1832/1415/1902 1826/1417/1896 1838/1416/1908
f 1838/1416/1908 1839/1418/1909 1802/1405/1872
f 1839/1418/1909 1838/1416/1908 1826/1417/1896
f 1840/1419/1910 1841/1420/1911 1842/1421/1912
f 1841/1420/1911 1843/1422/1913 1842/1421/1912
f 1842/1421/1912 1843/1422/1913 1844/1423/1914
f 1843/1422/1913 1845/1424/1915 1844/1423/1914
f 1844/1423/1914 1845/1424/1915 1846/1425/1916
f 1844/1423/1914 1846/1425/1916 1847/1426/1917
f 1846/1425/1916 1845/1424/1915 1848/1427/1918
f 1846/1425/1916 1848/1427/1918 1847/1426/1917
f 1847/1426/1917 1848/1427/1918 1849/1428/1919
f 1845/1424/1915 1850/1429/1920 1848/1427/1918
f 1848/1427/1918 1851/1430/1921 1849/1428/1919
f 1848/1427/1918 1850/1429/1920 1851/1430/1921
f 1850/1429/1920 1852/1431/1922 1851/1430/1921
f 1849/1428/1919 1851/1430/1921 1853/1432/1923
f 1851/1430/1921 1852/1431/1922 1854/1433/1924
f 1851/1430/1921 1854/1433/1924 1853/1432/1923
f 1852/1431/1922 1855/1434/1925 1854/1433/1924
f 1855/1434/1925 1856/1435/1926 1854/1433/1924
f 1854/1433/1924 1857/1436/1927 1853/1432/1923
f 1854/1433/1924 1856/1435/1926 1857/1436/1927
f 1856/1435/1926 1858/1437/1928 1857/1436/1927
f 1853/1432/1923 1857/1436/1927 1859/1438/1929
f 1857/1436/1927 1858/1437/1928 1860/1439/1930
f 1857/1436/1927 1860/1439/1930 1859/1438/1929
f 1859/1438/1929 1860/1439/1930 1861/1440/1931
f 1858/1437/1928 1862/1441/1932 1860/1439/1930
f 1860/1439/1930 1863/1442/1933 1861/1440/1931
f 1860/1439/1930 1862/1441/1932 1863/1442/1933
f 1863/1442/1933 1864/1443/1934 1861/1440/1931
f 1863/1442/1933 1862/1441/1932 1864/1443/1934
f 1862/1441/1932 1865/1444/1935 1864/1443/1934
f 1864/1443/1934 1865/1444/1935 1866/1445/1936
f 1865/1444/1935 1867/1446/1937 1866/1445/1936
f 1866/1445/1936 1867/1446/1937 1868/1447/1938
f 1869/1382/1939 1870/1384/1940 1871/1383/1941
f 1870/1384/1940 1872/1385/1942 1871/1383/1941
f 1872/1385/1942 1873/1386/1943 1871/1383/1941
f 1871/1383/1941 1873/1386/1943 1874/1387/1944
f 1873/1386/1943 1771/1389/1841 1874/1387/1944
f 1771/1389/1841 1772/1390/1842 1874/1387/1944
f 1874/1387/1944 1875/1388/1945 1871/1383/1941
f 1874/1387/1944 1772/1390/1842 1875/1388/1945
f 1772/1390/1842 1773/1391/1843 1875/1388/1945
f 1875/1388/1945 1773/1391/1843 1876/1392/1946
f 1774/1393/1844 1877/1395/1947 1773/1394/1843
f 1877/1395/1947 1878/1396/1948 1773/1394/1843
f 1878/1396/1948 1879/1397/1949 1773/1394/1843
f 1879/1397/1949 1880/1398/1950 1773/1394/1843
f 1773/1394/1843 1880/1398/1950 1876/1399/1946
f 1880/1398/1950 1881/1400/1951 1876/1399/1946
f 1876/1399/1946 1881/1400/1951 1882/1401/1952
f 1882/1401/1952 1881/1400/1951 1883/1402/1953
f 1774/1403/1844 1776/1405/1846 1877/1404/1947
f 1877/1404/1947 1776/1405/1846 1878/1406/1948
f 1878/1406/1948 1776/1405/1846 1884/1407/1954
f 1878/1406/1948 1884/1407/1954 1879/1408/1949
f 1884/1407/1954 1776/1405/1846 1885/1409/1955
f 1884/1407/1954 1885/1409/1955 1879/1408/1949
f 1879/1408/1949 1885/1409/1955 1880/1410/1950
f 1885/1409/1955 1776/1405/1846 1886/1411/1956
f 1885/1409/1955 1886/1411/1956 1880/1410/1950
f 1880/1410/1950 1886/1411/1956 1881/1412/1951
f 1886/1411/1956 1776/1405/1846 1887/1413/1957
f 1886/1411/1956 1887/1413/1957 1881/1412/1951
f 1881/1412/1951 1887/1413/1957 1883/1414/1953
f 1883/1414/1953 1887/1413/1957 1882/1415/1952
f 1887/1413/1957 1776/1405/1846 1888/1416/1958
f 1887/1413/1957 1888/1416/1958 1882/1415/1952
f 1882/1415/1952 1888/1416/1958 1876/1417/1946
f 1876/1417/1946 1888/1416/1958 1889/1418/1959
f 1889/1418/1959 1888/1416/1958 1776/1405/1846
usemtl Material_#51
f 1705/1448/1775 1890/1449/1960 1704/1450/1774
f 1705/1448/1775 1706/1451/1776 1890/1449/1960
f 1704/1450/1774 1890/1449/1960 1891/1452/1961
f 1706/1451/1776 1708/1453/1778 1892/1454/1962
f 1706/1451/1776 1892/1454/1962 1890/1449/1960
f 1704/1450/1774 1891/1452/1961 1709/1455/1779
f 1708/1453/1778 1893/1456/1963 1892/1454/1962
f 1890/1449/1960 1894/1457/1964 1891/1452/1961
f 1890/1449/1960 1892/1454/1962 1894/1457/1964
f 1709/1455/1779 1895/1458/1965 1810/1459/1880
f 1709/1455/1779 1891/1452/1961 1895/1458/1965
f 1708/1453/1778 1896/1460/1966 1893/1456/1963
f 1892/1454/1962 1893/1456/1963 1897/1461/1967
f 1892/1454/1962 1897/1461/1967 1894/1457/1964
f 1810/1459/1880 1895/1458/1965 1898/1462/1968
f 1891/1452/1961 1894/1457/1964 1899/1463/1969
f 1891/1452/1961 1899/1463/1969 1895/1458/1965
f 1708/1453/1778 1726/1464/1796 1896/1460/1966
f 1893/1456/1963 1900/1465/1970 1897/1461/1967
f 1810/1459/1880 1898/1462/1968 1811/1466/1881
f 1894/1457/1964 1901/1467/1971 1899/1463/1969
f 1894/1457/1964 1897/1461/1967 1901/1467/1971
f 1895/1458/1965 1902/1468/1972 1898/1462/1968
f 1895/1458/1965 1899/1463/1969 1902/1468/1972
f 1726/1464/1796 1903/1469/1973 1896/1460/1966
f 1893/1456/1963 1896/1460/1966 1904/1470/1974
f 1893/1456/1963 1904/1470/1974 1900/1465/1970
f 1811/1466/1881 1898/1462/1968 1905/1471/1975
f 1897/1461/1967 1906/1472/1976 1901/1467/1971
f 1897/1461/1967 1900/1465/1970 1906/1472/1976
f 1899/1463/1969 1901/1467/1971 1907/1473/1977
f 1899/1463/1969 1907/1473/1977 1902/1468/1972
f 1726/1464/1796 1728/1474/1798 1903/1469/1973
f 1896/1460/1966 1903/1469/1973 1908/1475/1978
f 1896/1460/1966 1908/1475/1978 1904/1470/1974
f 1811/1466/1881 1905/1471/1975 1812/1476/1882
f 1898/1462/1968 1902/1468/1972 1909/1477/1979
f 1898/1462/1968 1909/1477/1979 1905/1471/1975
f 1900/1465/1970 1910/1478/1980 1906/1472/1976
f 1901/1467/1971 1911/1479/1981 1912/1480/1982
f 1907/1473/1977 1901/1467/1971 1912/1480/1982
f 1728/1474/1798 1737/1481/1807 1903/1469/1973
f 1908/1475/1978 1913/1482/1983 1914/1483/1984
f 1903/1469/1973 1737/1481/1807 1913/1482/1983
f 1903/1469/1973 1913/1482/1983 1908/1475/1978
f 1904/1470/1974 1908/1475/1978 1915/1484/1985
f 1908/1475/1978 1914/1483/1984 1915/1484/1985
f 1812/1476/1882 1905/1471/1975 1814/1485/1884
f 1902/1468/1972 1916/1486/1986 1909/1477/1979
f 1902/1468/1972 1907/1473/1977 1916/1486/1986
f 1900/1465/1970 1904/1470/1974 1917/1487/1987
f 1904/1470/1974 1915/1484/1985 1917/1487/1987
f 1900/1465/1970 1917/1487/1987 1910/1478/1980
f 1906/1472/1976 1910/1478/1980 1918/1488/1988
f 1901/1467/1971 1918/1488/1988 1911/1479/1981
f 1901/1467/1971 1906/1472/1976 1918/1488/1988
f 1912/1480/1982 1919/1489/1989 1907/1473/1977
f 1907/1473/1977 1919/1489/1989 1916/1486/1986
f 1737/1481/1807 1739/1490/1809 1913/1482/1983
f 1914/1483/1984 1920/1491/1990 1915/1484/1985
f 1905/1471/1975 1909/1477/1979 1921/1492/1991
f 1905/1471/1975 1921/1492/1991 1814/1485/1884
f 1917/1487/1987 1922/1493/1992 1910/1478/1980
f 1917/1487/1987 1915/1484/1985 1922/1493/1992
f 1911/1479/1981 1918/1488/1988 1923/1494/1993
f 1912/1480/1982 1911/1479/1981 1924/1495/1994
f 1911/1479/1981 1923/1494/1993 1924/1495/1994
f 1919/1489/1989 1925/1496/1995 1926/1497/1996
f 1909/1477/1979 1916/1486/1986 1926/1497/1996
f 1916/1486/1986 1919/1489/1989 1926/1497/1996
f 1909/1477/1979 1926/1497/1996 1921/1492/1991
f 1739/1490/1809 1742/1498/1812 1927/1499/1997
f 1913/1482/1983 1739/1490/1809 1927/1499/1997
f 1913/1482/1983 1927/1499/1997 1914/1483/1984
f 1920/1491/1990 1928/1500/1998 1915/1484/1985
f 1814/1485/1884 1921/1492/1991 1823/1501/1893
f 1910/1478/1980 1929/1502/1999 1918/1488/1988
f 1910/1478/1980 1922/1493/1992 1929/1502/1999
f 1912/1480/1982 1930/1503/2000 1919/1489/1989
f 1912/1480/1982 1924/1495/1994 1930/1503/2000
f 1923/1494/1993 1845/1504/1915 1924/1495/1994
f 1925/1496/1995 1931/1505/2001 1926/1497/1996
f 1742/1498/1812 1932/1506/2002 1927/1499/1997
f 1914/1483/1984 1927/1499/1997 1933/1507/2003
f 1927/1499/1997 1932/1506/2002 1933/1507/2003
f 1914/1483/1984 1933/1507/2003 1920/1491/1990
f 1928/1500/1998 1934/1508/2004 1915/1484/1985
f 1915/1484/1985 1934/1508/2004 1922/1493/1992
f 1921/1492/1991 1926/1497/1996 1935/1509/2005
f 1926/1497/1996 1931/1505/2001 1935/1509/2005
f 1921/1492/1991 1935/1509/2005 1823/1501/1893
f 1918/1488/1988 1929/1502/1999 1936/1510/2006
f 1918/1488/1988 1936/1510/2006 1923/1494/1993
f 1919/1489/1989 1930/1503/2000 1937/1511/2007
f 1919/1489/1989 1937/1511/2007 1925/1496/1995
f 1845/1504/1915 1923/1494/1993 1850/1512/1920
f 1923/1494/1993 1936/1510/2006 1850/1512/1920
f 1924/1495/1994 1843/1513/1913 1930/1503/2000
f 1924/1495/1994 1845/1504/1915 1843/1513/1913
f 1742/1498/1812 1746/1514/1816 1932/1506/2002
f 1933/1507/2003 1932/1506/2002 1938/1515/2008
f 1920/1491/1990 1939/1516/2009 1940/1517/2010
f 1920/1491/1990 1940/1517/2010 1928/1500/1998
f 1933/1507/2003 1938/1515/2008 1939/1516/2009
f 1933/1507/2003 1939/1516/2009 1920/1491/1990
f 1934/1508/2004 1941/1518/2011 1922/1493/1992
f 1931/1505/2001 1821/1519/1891 1822/1520/1892
f 1822/1520/1892 1823/1501/1893 1935/1509/2005
f 1935/1509/2005 1931/1505/2001 1822/1520/1892
f 1929/1502/1999 1942/1521/2012 1936/1510/2006
f 1937/1511/2007 1930/1503/2000 1841/1522/1911
f 1930/1503/2000 1843/1513/1913 1841/1522/1911
f 1925/1496/1995 1943/1523/2013 1931/1505/2001
f 1937/1511/2007 1841/1522/1911 1943/1523/2013
f 1937/1511/2007 1943/1523/2013 1925/1496/1995
f 1850/1512/1920 1936/1510/2006 1852/1524/1922
f 1936/1510/2006 1942/1521/2012 1852/1524/1922
f 1746/1514/1816 1944/1525/2014 1932/1506/2002
f 1932/1506/2002 1944/1525/2014 1938/1515/2008
f 1940/1517/2010 1945/1526/2015 1946/1527/2016
f 1939/1516/2009 1945/1526/2015 1940/1517/2010
f 1939/1516/2009 1938/1515/2008 1945/1526/2015
f 1928/1500/1998 1947/1528/2017 1934/1508/2004
f 1934/1508/2004 1947/1528/2017 1941/1518/2011
f 1922/1493/1992 1948/1529/2018 1929/1502/1999
f 1929/1502/1999 1948/1529/2018 1942/1521/2012
f 1922/1493/1992 1941/1518/2011 1948/1529/2018
f 1821/1519/1891 1931/1505/2001 1819/1530/1889
f 1931/1505/2001 1943/1523/2013 1819/1530/1889
f 1841/1522/1911 1840/1531/1910 1943/1523/2013
f 1943/1523/2013 1840/1531/1910 1819/1530/1889
f 1852/1524/1922 1942/1521/2012 1855/1532/1925
f 1746/1514/1816 1751/1533/1821 1944/1525/2014
f 1946/1527/2016 1945/1526/2015 1949/1534/2019
f 1940/1517/2010 1950/1535/2020 1928/1500/1998
f 1928/1500/1998 1950/1535/2020 1947/1528/2017
f 1938/1515/2008 1944/1525/2014 1951/1536/2021
f 1938/1515/2008 1951/1536/2021 1945/1526/2015
f 1941/1518/2011 1947/1528/2017 1862/1537/1932
f 1948/1529/2018 1856/1538/1926 1942/1521/2012
f 1942/1521/2012 1856/1538/1926 1855/1532/1925
f 1751/1533/1821 1771/1539/1841 1944/1525/2014
f 1944/1525/2014 1771/1539/1841 1951/1536/2021
f 1946/1527/2016 1952/1540/2022 1940/1517/2010
f 1940/1517/2010 1952/1540/2022 1950/1535/2020
f 1949/1534/2019 1945/1526/2015 1953/1541/2023
f 1945/1526/2015 1951/1536/2021 1953/1541/2023
f 1941/1518/2011 1862/1537/1932 1858/1542/1928
f 1858/1542/1928 1856/1538/1926 1948/1529/2018
f 1948/1529/2018 1941/1518/2011 1858/1542/1928
f 1947/1528/2017 1950/1535/2020 1865/1543/1935
f 1947/1528/2017 1865/1543/1935 1862/1537/1932
f 1771/1539/1841 1873/1544/1943 1951/1536/2021
f 1951/1536/2021 1873/1544/1943 1953/1541/2023
f 1946/1527/2016 1954/1545/2024 1952/1540/2022
f 1946/1527/2016 1949/1534/2019 1954/1545/2024
f 1950/1535/2020 1952/1540/2022 1867/1546/1937
f 1952/1540/2022 1954/1545/2024 1867/1546/1937
f 1950/1535/2020 1867/1546/1937 1865/1543/1935
f 1873/1544/1943 1872/1547/1942 1953/1541/2023
f 1953/1541/2023 1872/1547/1942 1949/1534/2019
f 1954/1545/2024 1868/1548/1938 1867/1546/1937
f 1872/1547/1942 1870/1549/1940 1949/1534/2019
f 1954/1545/2024 1869/1550/1939 1868/1548/1938
f 1869/1550/1939 1949/1534/2019 1870/1549/1940
f 1949/1534/2019 1869/1550/1939 1954/1545/2024
usemtl Material_#52
f 1955/1551/2025 1956/1552/2026 1957/1553/2027
f 1958/1554/2028 1955/1551/2025 1959/1555/2029
f 1959/1555/2029 1955/1551/2025 1957/1553/2027
f 1960/1556/2030 1958/1554/2028 1961/1557/2031
f 1961/1557/2031 1958/1554/2028 1959/1555/2029
f 1962/1558/2032 1960/1556/2030 1963/1559/2033
f 1963/1559/2033 1960/1556/2030 1961/1557/2031
f 1964/1560/2034 1962/1561/2032 1965/1562/2035
f 1965/1562/2035 1962/1561/2032 1963/1563/2033
f 1966/1564/2036 1964/1560/2034 1967/1565/2037
f 1967/1565/2037 1964/1560/2034 1965/1562/2035
f 1968/1566/2038 1966/1564/2036 1969/1567/2039
f 1969/1567/2039 1966/1564/2036 1967/1565/2037
f 1970/1568/2040 1968/1566/2038 1971/1569/2041
f 1971/1569/2041 1968/1566/2038 1969/1567/2039
f 1956/1570/2026 1970/1568/2040 1971/1569/2041
f 1956/1570/2026 1971/1569/2041 1957/1571/2027
f 1957/1571/2027 1971/1569/2041 1959/1572/2029
f 1959/1572/2029 1971/1569/2041 1969/1567/2039
f 1959/1572/2029 1969/1567/2039 1961/1573/2031
f 1961/1573/2031 1969/1567/2039 1967/1565/2037
f 1961/1573/2031 1967/1565/2037 1963/1574/2033
f 1963/1574/2033 1967/1565/2037 1965/1562/2035
f 1956/1570/2026 1955/1575/2025 1970/1568/2040
f 1955/1575/2025 1958/1576/2028 1970/1568/2040
f 1970/1568/2040 1958/1576/2028 1968/1566/2038
f 1958/1576/2028 1960/1577/2030 1968/1566/2038
f 1968/1566/2038 1960/1577/2030 1966/1564/2036
f 1960/1577/2030 1962/1578/2032 1966/1564/2036
f 1966/1564/2036 1962/1578/2032 1964/1560/2034
f 1972/1551/2042 1973/1552/2043 1974/1553/2044
f 1975/1554/2045 1972/1551/2042 1976/1555/2046
f 1976/1555/2046 1972/1551/2042 1974/1553/2044
f 1977/1556/2047 1975/1554/2045 1978/1557/2048
f 1978/1557/2048 1975/1554/2045 1976/1555/2046
f 1979/1558/2049 1977/1556/2047 1980/1559/2050
f 1980/1559/2050 1977/1556/2047 1978/1557/2048
f 1981/1560/2051 1979/1561/2049 1982/1562/2052
f 1982/1562/2052 1979/1561/2049 1980/1563/2050
f 1983/1564/2053 1981/1560/2051 1984/1565/2054
f 1984/1565/2054 1981/1560/2051 1982/1562/2052
f 1985/1566/2055 1983/1564/2053 1986/1567/2056
f 1986/1567/2056 1983/1564/2053 1984/1565/2054
f 1987/1568/2057 1985/1566/2055 1988/1569/2058
f 1988/1569/2058 1985/1566/2055 1986/1567/2056
f 1973/1570/2043 1987/1568/2057 1988/1569/2058
f 1973/1570/2043 1988/1569/2058 1974/1571/2044
f 1974/1571/2044 1988/1569/2058 1976/1572/2046
f 1976/1572/2046 1988/1569/2058 1986/1567/2056
f 1976/1572/2046 1986/1567/2056 1978/1573/2048
f 1978/1573/2048 1986/1567/2056 1984/1565/2054
f 1978/1573/2048 1984/1565/2054 1980/1574/2050
f 1980/1574/2050 1984/1565/2054 1982/1562/2052
f 1973/1570/2043 1972/1575/2042 1987/1568/2057
f 1972/1575/2042 1975/1576/2045 1987/1568/2057
f 1987/1568/2057 1975/1576/2045 1985/1566/2055
f 1975/1576/2045 1977/1577/2047 1985/1566/2055
f 1985/1566/2055 1977/1577/2047 1983/1564/2053
f 1977/1577/2047 1979/1578/2049 1983/1564/2053
f 1983/1564/2053 1979/1578/2049 1981/1560/2051
f 1989/1551/2059 1990/1552/2060 1991/1553/2061
f 1992/1554/2062 1989/1551/2059 1993/1555/2063
f 1993/1555/2063 1989/1551/2059 1991/1553/2061
f 1994/1556/2064 1992/1554/2062 1995/1557/2065
f 1995/1557/2065 1992/1554/2062 1993/1555/2063
f 1996/1558/2066 1994/1556/2064 1997/1559/2067
f 1997/1559/2067 1994/1556/2064 1995/1557/2065
f 1998/1560/2068 1996/1561/2066 1999/1562/2069
f 1999/1562/2069 1996/1561/2066 1997/1563/2067
f 2000/1564/2070 1998/1560/2068 2001/1565/2071
f 2001/1565/2071 1998/1560/2068 1999/1562/2069
f 2002/1566/2072 2000/1564/2070 2003/1567/2073
f 2003/1567/2073 2000/1564/2070 2001/1565/2071
f 2004/1568/2074 2002/1566/2072 2005/1569/2075
f 2005/1569/2075 2002/1566/2072 2003/1567/2073
f 1990/1570/2060 2004/1568/2074 2005/1569/2075
f 1990/1570/2060 2005/1569/2075 1991/1571/2061
f 1991/1571/2061 2005/1569/2075 1993/1572/2063
f 1993/1572/2063 2005/1569/2075 2003/1567/2073
f 1993/1572/2063 2003/1567/2073 1995/1573/2065
f 1995/1573/2065 2003/1567/2073 2001/1565/2071
f 1995/1573/2065 2001/1565/2071 1997/1574/2067
f 1997/1574/2067 2001/1565/2071 1999/1562/2069
f 1990/1570/2060 1989/1575/2059 2004/1568/2074
f 1989/1575/2059 1992/1576/2062 2004/1568/2074
f 2004/1568/2074 1992/1576/2062 2002/1566/2072
f 1992/1576/2062 1994/1577/2064 2002/1566/2072
f 2002/1566/2072 1994/1577/2064 2000/1564/2070
f 1994/1577/2064 1996/1578/2066 2000/1564/2070
f 2000/1564/2070 1996/1578/2066 1998/1560/2068
f 2006/1579/2076 2007/1580/2077 2008/1581/2078
f 2007/1580/2077 2009/1582/2079 2008/1581/2078
f 2008/1581/2078 2010/1583/2080 2006/1584/2076
f 2008/1581/2078 2011/1585/2081 2010/1583/2080
f 2006/1584/2076 2010/1583/2080 2007/1586/2077
f 2010/1583/2080 2011/1585/2081 2007/1586/2077
f 2008/1581/2078 2009/1587/2079 2011/1585/2081
f 2011/1585/2081 2009/1587/2079 2007/1586/2077
f 2012/1579/2082 2013/1581/2083 2014/1580/2084
f 2013/1581/2083 2012/1584/2082 2015/1583/2085
f 2014/1580/2084 2013/1581/2083 2016/1582/2086
f 2012/1584/2082 2014/1586/2084 2015/1583/2085
f 2013/1581/2083 2015/1583/2085 2017/1585/2087
f 2015/1583/2085 2014/1586/2084 2017/1585/2087
f 2013/1581/2083 2017/1585/2087 2016/1587/2086
f 2016/1587/2086 2017/1585/2087 2014/1586/2084
f 2018/1588/2088 2019/1589/2089 2020/1590/2090
f 2019/1589/2089 2021/1591/2091 2022/1592/2092
f 2019/1589/2089 2022/1592/2092 2020/1590/2090
f 2021/1591/2091 2023/1593/2093 2022/1592/2092
f 2020/1590/2090 2022/1592/2092 2024/1594/2094
f 2021/1591/2091 2025/1595/2095 2023/1593/2093
f 2022/1592/2092 2023/1593/2093 2026/1596/2096
f 2022/1592/2092 2026/1596/2096 2024/1594/2094
f 2025/1595/2095 2027/1597/2097 2028/1598/2098
f 2023/1593/2093 2029/1599/2099 2026/1596/2096
f 2025/1595/2095 2030/1600/2100 2031/1601/2101
f 2025/1595/2095 2028/1598/2098 2030/1600/2100
f 2025/1595/2095 2031/1601/2101 2023/1593/2093
f 2027/1597/2097 2032/1602/2102 2033/1603/2103
f 2027/1597/2097 2033/1603/2103 2028/1598/2098
f 2029/1599/2099 2023/1593/2093 2034/1604/2104
f 2023/1593/2093 2031/1601/2101 2034/1604/2104
f 2030/1600/2100 2028/1598/2098 2035/1605/2105
f 2032/1602/2102 2036/1606/2106 2033/1603/2103
f 2031/1601/2101 2030/1600/2100 2037/1607/2107
f 2031/1601/2101 2037/1607/2107 2034/1604/2104
f 2035/1605/2105 2038/1608/2108 2030/1600/2100
f 2037/1607/2107 2030/1600/2100 2039/1609/2109
f 2039/1609/2109 2030/1600/2100 2038/1608/2108
f 2040/1610/2110 2041/1611/2111 2042/1612/2112
f 2041/1611/2111 2043/1613/2113 2044/1614/2114
f 2041/1611/2111 2044/1614/2114 2042/1612/2112
f 2043/1613/2113 2045/1615/2115 2044/1614/2114
f 2042/1612/2112 2044/1614/2114 2046/1616/2116
f 2045/1615/2115 2047/1617/2117 2044/1614/2114
f 2044/1614/2114 2047/1617/2117 2046/1616/2116
f 2045/1615/2115 2048/1618/2118 2047/1617/2117
f 2046/1616/2116 2047/1617/2117 2049/1619/2119
f 2048/1618/2118 2050/1620/2120 2051/1621/2121
f 2051/1621/2121 2047/1617/2117 2048/1618/2118
f 2047/1617/2117 2051/1621/2121 2049/1619/2119
f 2052/1622/2122 2053/1623/2123 2054/1624/2124
f 2053/1623/2123 2055/1625/2125 2056/1626/2126
f 2053/1623/2123 2056/1626/2126 2054/1624/2124
f 2055/1625/2125 2057/1627/2127 2056/1626/2126
f 2054/1624/2124 2056/1626/2126 2058/1628/2128
f 2057/1627/2127 2059/1629/2129 2056/1626/2126
f 2056/1626/2126 2059/1629/2129 2058/1628/2128
f 2057/1627/2127 2060/1630/2130 2059/1629/2129
f 2058/1628/2128 2059/1629/2129 2061/1631/2131
f 2060/1630/2130 2049/1632/2119 2062/1633/2132
f 2062/1633/2132 2059/1629/2129 2060/1630/2130
f 2059/1629/2129 2062/1633/2132 2061/1631/2131
f 2063/1634/2133 2064/1635/2134 2065/1636/2135
f 2064/1635/2134 2066/1637/2136 2067/1638/2137
f 2065/1636/2135 2064/1635/2134 2068/1639/2138
f 2066/1637/2136 2064/1635/2134 2069/1640/2139
f 2064/1635/2134 2067/1638/2137 2068/1639/2138
f 2066/1637/2136 2070/1641/2140 2071/1642/2141
f 2069/1640/2139 2072/1643/2142 2066/1637/2136
f 2066/1637/2136 2071/1642/2141 2067/1638/2137
f 2066/1637/2136 2072/1643/2142 2070/1641/2140
f 2068/1639/2138 2067/1638/2137 2073/1644/2143
f 2073/1644/2143 2067/1638/2137 2071/1642/2141
f 2069/1640/2139 2074/1645/2144 2072/1643/2142
f 2070/1641/2140 2072/1643/2142 2071/1646/2141
f 2069/1640/2139 2075/1647/2145 2074/1645/2144
f 2072/1643/2142 2076/1648/2146 2071/1646/2141
f 2072/1643/2142 2074/1645/2144 2076/1648/2146
f 2075/1647/2145 2077/1649/2147 2074/1645/2144
f 2071/1646/2141 2076/1648/2146 2073/1650/2143
f 2075/1647/2145 2078/1651/2148 2077/1649/2147
f 2074/1645/2144 2079/1652/2149 2076/1648/2146
f 2074/1645/2144 2077/1649/2147 2079/1652/2149
f 2073/1650/2143 2076/1648/2146 2080/1653/2150
f 2076/1648/2146 2079/1652/2149 2080/1653/2150
f 2078/1651/2148 2081/1654/2151 2077/1649/2147
f 2073/1650/2143 2080/1653/2150 2068/1655/2138
f 2079/1652/2149 2082/1656/2152 2080/1653/2150
f 2078/1651/2148 2083/1657/2153 2084/1658/2154
f 2078/1651/2148 2084/1658/2154 2081/1654/2151
f 2077/1649/2147 2085/1659/2155 2079/1652/2149
f 2079/1652/2149 2085/1659/2155 2082/1656/2152
f 2077/1649/2147 2081/1654/2151 2085/1659/2155
f 2068/1655/2138 2080/1653/2150 2065/1660/2135
f 2080/1653/2150 2082/1656/2152 2065/1660/2135
f 2084/1658/2154 2086/1661/2156 2081/1654/2151
f 2085/1659/2155 2087/1662/2157 2082/1656/2152
f 2082/1656/2152 2087/1662/2157 2065/1660/2135
f 2085/1659/2155 2081/1654/2151 2087/1662/2157
f 2086/1661/2156 2088/1663/2158 2081/1654/2151
f 2081/1654/2151 2088/1663/2158 2087/1662/2157
f 2065/1660/2135 2087/1662/2157 2063/1664/2133
f 2063/1664/2133 2087/1662/2157 2088/1663/2158
f 2063/1665/2133 2089/1666/2159 2090/1667/2160
f 2089/1666/2159 2091/1668/2161 2092/1669/2162
f 2089/1666/2159 2092/1669/2162 2090/1667/2160
f 2091/1668/2161 2093/1670/2163 2092/1669/2162
f 2090/1667/2160 2092/1669/2162 2094/1671/2164
f 2093/1670/2163 2095/1672/2165 2092/1669/2162
f 2092/1669/2162 2095/1672/2165 2094/1671/2164
f 2090/1667/2160 2094/1671/2164 2096/1673/2166
f 2095/1672/2165 2093/1674/2163 2097/1675/2167
f 2094/1671/2164 2095/1672/2165 2098/1676/2168
f 2095/1672/2165 2097/1675/2167 2098/1676/2168
f 2094/1671/2164 2098/1676/2168 2096/1673/2166
f 2093/1674/2163 2091/1677/2161 2097/1675/2167
f 2098/1676/2168 2097/1675/2167 2099/1678/2169
f 2096/1673/2166 2098/1676/2168 2100/1679/2170
f 2098/1676/2168 2099/1678/2169 2100/1679/2170
f 2091/1677/2161 2101/1680/2171 2097/1675/2167
f 2097/1675/2167 2101/1680/2171 2099/1678/2169
f 2096/1673/2166 2100/1679/2170 2102/1681/2172
f 2091/1677/2161 2089/1682/2159 2101/1680/2171
f 2099/1678/2169 2103/1683/2173 2100/1679/2170
f 2102/1681/2172 2100/1679/2170 2104/1684/2174
f 2100/1679/2170 2103/1683/2173 2104/1684/2174
f 2089/1682/2159 2063/1685/2133 2101/1680/2171
f 2099/1678/2169 2101/1680/2171 2105/1686/2175
f 2101/1680/2171 2063/1685/2133 2105/1686/2175
f 2102/1681/2172 2104/1684/2174 2106/1687/2176
f 2103/1683/2173 2107/1688/2177 2104/1684/2174
f 2104/1684/2174 2107/1688/2177 2106/1687/2176
f 2099/1678/2169 2105/1686/2175 2088/1689/2158
f 2105/1686/2175 2063/1685/2133 2088/1689/2158
f 2099/1678/2169 2088/1689/2158 2103/1683/2173
f 2107/1688/2177 2103/1683/2173 2086/1690/2156
f 2086/1690/2156 2103/1683/2173 2088/1689/2158
f 2108/1634/2178 2109/1636/2179 2110/1635/2180
f 2109/1636/2179 2111/1639/2181 2110/1635/2180
f 2111/1639/2181 2112/1638/2182 2110/1635/2180
f 2111/1639/2181 2113/1644/2183 2112/1638/2182
f 2110/1635/2180 2114/1637/2184 2115/1640/2185
f 2110/1635/2180 2112/1638/2182 2114/1637/2184
f 2113/1644/2183 2116/1642/2186 2112/1638/2182
f 2112/1638/2182 2116/1642/2186 2114/1637/2184
f 2115/1640/2185 2114/1637/2184 2117/1643/2187
f 2116/1642/2186 2118/1641/2188 2114/1637/2184
f 2114/1637/2184 2118/1641/2188 2117/1643/2187
f 2115/1640/2185 2117/1643/2187 2119/1645/2189
f 2118/1641/2188 2116/1646/2186 2117/1643/2187
f 2115/1640/2185 2119/1645/2189 2120/1647/2190
f 2116/1646/2186 2121/1648/2191 2117/1643/2187
f 2117/1643/2187 2121/1648/2191 2119/1645/2189
f 2120/1647/2190 2119/1645/2189 2122/1649/2192
f 2116/1646/2186 2113/1650/2183 2121/1648/2191
f 2120/1647/2190 2122/1649/2192 2123/1651/2193
f 2119/1645/2189 2121/1648/2191 2124/1652/2194
f 2119/1645/2189 2124/1652/2194 2122/1649/2192
f 2113/1650/2183 2125/1653/2195 2121/1648/2191
f 2121/1648/2191 2125/1653/2195 2124/1652/2194
f 2123/1651/2193 2122/1649/2192 2126/1654/2196
f 2113/1650/2183 2111/1655/2181 2125/1653/2195
f 2124/1652/2194 2125/1653/2195 2127/1656/2197
f 2123/1651/2193 2126/1654/2196 2128/1658/2198
f 2122/1649/2192 2124/1652/2194 2129/1659/2199
f 2124/1652/2194 2127/1656/2197 2129/1659/2199
f 2122/1649/2192 2129/1659/2199 2126/1654/2196
f 2111/1655/2181 2109/1660/2179 2125/1653/2195
f 2125/1653/2195 2109/1660/2179 2127/1656/2197
f 2123/1651/2193 2128/1658/2198 2130/1657/2200
f 2129/1659/2199 2127/1656/2197 2131/1662/2201
f 2127/1656/2197 2109/1660/2179 2131/1662/2201
f 2129/1659/2199 2131/1662/2201 2126/1654/2196
f 2128/1658/2198 2126/1654/2196 2132/1661/2202
f 2109/1660/2179 2108/1664/2178 2131/1662/2201
f 2126/1654/2196 2131/1662/2201 2133/1663/2203
f 2133/1663/2203 2132/1661/2202 2126/1654/2196
f 2133/1663/2203 2131/1662/2201 2108/1664/2178
f 2108/1665/2178 2134/1667/2204 2135/1666/2205
f 2134/1667/2204 2136/1673/2206 2137/1671/2207
f 2135/1666/2205 2138/1669/2208 2139/1668/2209
f 2134/1667/2204 2137/1671/2207 2138/1669/2208
f 2134/1667/2204 2138/1669/2208 2135/1666/2205
f 2136/1673/2206 2140/1679/2210 2141/1676/2211
f 2139/1668/2209 2138/1669/2208 2142/1670/2212
f 2137/1671/2207 2143/1672/2213 2138/1669/2208
f 2137/1671/2207 2136/1673/2206 2141/1676/2211
f 2137/1671/2207 2141/1676/2211 2143/1672/2213
f 2138/1669/2208 2143/1672/2213 2142/1670/2212
f 2140/1679/2210 2144/1683/2214 2145/1678/2215
f 2136/1673/2206 2146/1681/2216 2140/1679/2210
f 2141/1676/2211 2147/1675/2217 2143/1672/2213
f 2141/1676/2211 2140/1679/2210 2145/1678/2215
f 2141/1676/2211 2145/1678/2215 2147/1675/2217
f 2144/1683/2214 2148/1684/2218 2149/1688/2219
f 2140/1679/2210 2146/1681/2216 2148/1684/2218
f 2140/1679/2210 2148/1684/2218 2144/1683/2214
f 2143/1672/2213 2147/1675/2217 2142/1674/2212
f 2145/1678/2215 2150/1680/2220 2147/1675/2217
f 2149/1688/2219 2148/1684/2218 2151/1687/2221
f 2151/1687/2221 2148/1684/2218 2146/1681/2216
f 2144/1683/2214 2149/1688/2219 2132/1690/2202
f 2142/1674/2212 2147/1675/2217 2139/1677/2209
f 2147/1675/2217 2150/1680/2220 2139/1677/2209
f 2145/1678/2215 2152/1686/2222 2150/1680/2220
f 2144/1683/2214 2132/1690/2202 2133/1689/2203
f 2145/1678/2215 2133/1689/2203 2152/1686/2222
f 2145/1678/2215 2144/1683/2214 2133/1689/2203
f 2139/1677/2209 2150/1680/2220 2135/1682/2205
f 2152/1686/2222 2108/1685/2178 2150/1680/2220
f 2108/1685/2178 2152/1686/2222 2133/1689/2203
f 2108/1685/2178 2135/1682/2205 2150/1680/2220
f 2153/1691/2223 2154/1692/2224 2155/1693/2225
f 2154/1692/2224 2156/1694/2226 2157/1695/2227
f 2154/1692/2224 2157/1695/2227 2155/1693/2225
f 2156/1694/2226 2158/1696/2228 2157/1695/2227
f 2155/1693/2225 2157/1695/2227 2159/1697/2229
f 2158/1696/2228 2160/1698/2230 2157/1695/2227
f 2157/1695/2227 2160/1698/2230 2159/1697/2229
f 2158/1696/2228 2161/1699/2231 2160/1698/2230
f 2159/1697/2229 2160/1698/2230 2162/1700/2232
f 2161/1699/2231 2163/1701/2233 2160/1698/2230
f 2162/1700/2232 2164/1702/2234 2165/1703/2235
f 2163/1701/2233 2166/1704/2236 2160/1698/2230
f 2160/1698/2230 2166/1704/2236 2162/1700/2232
f 2164/1702/2234 2167/1705/2237 2165/1703/2235
f 2163/1701/2233 2168/1706/2238 2166/1704/2236
f 2162/1700/2232 2166/1704/2236 2169/1707/2239
f 2166/1704/2236 2168/1706/2238 2169/1707/2239
f 2162/1700/2232 2169/1707/2239 2164/1702/2234
f 2167/1705/2237 2170/1708/2240 2171/1709/2241
f 2171/1709/2241 2165/1703/2235 2167/1705/2237
f 2168/1706/2238 2172/1710/2242 2169/1707/2239
f 2164/1702/2234 2169/1707/2239 2173/1711/2243
f 2172/1710/2242 2174/1712/2244 2169/1707/2239
f 2169/1707/2239 2174/1712/2244 2173/1711/2243
f 1789/1713/1859 2175/1714/2245 1780/1715/1850
f 1789/1713/1859 1791/1716/1861 2175/1714/2245
f 1780/1715/1850 2175/1714/2245 2176/1717/2246
f 1791/1716/1861 2177/1718/2247 2175/1714/2245
f 1780/1715/1850 2176/1717/2246 2178/1714/2248
f 1791/1716/1861 2179/1719/2249 2177/1718/2247
f 2175/1714/2245 2180/1720/2250 2181/1721/2251
f 2175/1714/2245 2181/1721/2251 2176/1717/2246
f 2175/1714/2245 2177/1718/2247 2180/1720/2250
f 1780/1715/1850 2178/1714/2248 1778/1713/1848
f 1791/1716/1861 1795/1722/1865 2179/1719/2249
f 2181/1721/2251 2182/1723/2252 2183/1724/2253
f 2176/1717/2246 2181/1721/2251 2184/1725/2254
f 2181/1721/2251 2180/1720/2250 2182/1723/2252
f 2181/1721/2251 2183/1724/2253 2184/1725/2254
f 2177/1718/2247 2185/1726/2255 2180/1720/2250
f 2177/1718/2247 2179/1719/2249 2185/1726/2255
f 2178/1714/2248 2186/1721/2256 2187/1720/2257
f 2176/1717/2246 2186/1721/2256 2178/1714/2248
f 2176/1717/2246 2184/1725/2254 2186/1721/2256
f 1778/1713/1848 2178/1714/2248 1777/1716/1847
f 1795/1722/1865 1802/1727/1872 2179/1719/2249
f 2182/1723/2252 2188/1728/2258 2183/1724/2253
f 2180/1720/2250 2189/1729/2259 2182/1723/2252
f 2180/1720/2250 2185/1726/2255 2189/1729/2259
f 2187/1720/2257 2190/1723/2260 2191/1729/2261
f 2184/1725/2254 2183/1724/2253 2192/1730/2262
f 2186/1721/2256 2193/1724/2263 2190/1723/2260
f 2186/1721/2256 2190/1723/2260 2187/1720/2257
f 2184/1725/2254 2193/1724/2263 2186/1721/2256
f 2184/1725/2254 2192/1730/2262 2193/1724/2263
f 2178/1714/2248 2187/1720/2257 2194/1718/2264
f 2178/1714/2248 2194/1718/2264 1777/1716/1847
f 1802/1727/1872 2195/1731/2265 2179/1719/2249
f 2188/1728/2258 2196/1732/2266 2183/1724/2253
f 2192/1730/2262 2183/1724/2253 2196/1732/2266
f 2192/1730/2262 2196/1732/2266 2193/1724/2263
f 2182/1723/2252 2197/1733/2267 2188/1728/2258
f 2182/1723/2252 2189/1729/2259 2197/1733/2267
f 2185/1726/2255 2198/1734/2268 2199/1735/2269
f 2185/1726/2255 2179/1719/2249 2198/1734/2268
f 2189/1729/2259 2199/1735/2269 2197/1733/2267
f 2189/1729/2259 2185/1726/2255 2199/1735/2269
f 2179/1719/2249 2195/1731/2265 2198/1734/2268
f 2191/1729/2261 2190/1723/2260 2200/1733/2270
f 2187/1720/2257 2191/1729/2261 2201/1726/2271
f 2187/1720/2257 2201/1726/2271 2194/1718/2264
f 1777/1716/1847 2194/1718/2264 2202/1719/2272
f 2194/1718/2264 2201/1726/2271 2202/1719/2272
f 1802/1727/1872 1839/1736/1909 2195/1731/2265
f 2196/1732/2266 2188/1728/2258 2203/1737/2273
f 2193/1724/2263 2196/1732/2266 2204/1728/2274
f 2190/1723/2260 2204/1728/2274 2200/1733/2270
f 2190/1723/2260 2193/1724/2263 2204/1728/2274
f 2196/1732/2266 2203/1737/2273 2204/1728/2274
f 2197/1733/2267 2205/1738/2275 2188/1728/2258
f 2199/1735/2269 2206/1739/2276 2197/1733/2267
f 2197/1733/2267 2206/1739/2276 2205/1738/2275
f 2199/1735/2269 2198/1734/2268 2206/1739/2276
f 2191/1729/2261 2200/1733/2270 2207/1735/2277
f 2191/1729/2261 2207/1735/2277 2201/1726/2271
f 1777/1716/1847 2202/1719/2272 1775/1722/1845
f 1839/1736/1909 1826/1740/1896 2208/1741/2278
f 2195/1731/2265 2209/1742/2279 2210/1743/2280
f 2195/1731/2265 2210/1743/2280 2198/1734/2268
f 1839/1736/1909 2209/1742/2279 2195/1731/2265
f 1839/1736/1909 2208/1741/2278 2209/1742/2279
f 2198/1734/2268 2210/1743/2280 2206/1739/2276
f 2203/1737/2273 2188/1728/2258 2211/1744/2281
f 2188/1728/2258 2205/1738/2275 2211/1744/2281
f 2204/1728/2274 2203/1737/2273 2212/1744/2282
f 2200/1733/2270 2204/1728/2274 2213/1738/2283
f 2204/1728/2274 2212/1744/2282 2213/1738/2283
f 2207/1735/2277 2200/1733/2270 2214/1739/2284
f 2200/1733/2270 2213/1738/2283 2214/1739/2284
f 2201/1726/2271 2207/1735/2277 2215/1734/2285
f 2207/1735/2277 2214/1739/2284 2215/1734/2285
f 2201/1726/2271 2215/1734/2285 2202/1719/2272
f 1775/1722/1845 2202/1719/2272 1776/1727/1846
f 1826/1740/1896 1825/1745/1895 2216/1746/2286
f 1826/1740/1896 2216/1746/2286 2208/1741/2278
f 2209/1742/2279 2064/1747/2134 2210/1743/2280
f 2210/1743/2280 2064/1747/2134 2206/1739/2276
f 2205/1738/2275 2096/1748/2166 2211/1744/2281
f 2203/1737/2273 2217/1749/2287 2218/1750/2288
f 2211/1744/2281 2096/1748/2166 2217/1749/2287
f 2211/1744/2281 2217/1749/2287 2203/1737/2273
f 2212/1744/2282 2203/1737/2273 2219/1749/2289
f 2203/1737/2273 2218/1750/2288 2219/1749/2289
f 2213/1738/2283 2212/1744/2282 2136/1748/2206
f 2212/1744/2282 2219/1749/2289 2136/1748/2206
f 2214/1739/2284 2220/1743/2290 2215/1734/2285
f 2202/1719/2272 2221/1731/2291 1776/1727/1846
f 2215/1734/2285 2220/1743/2290 2221/1731/2291
f 2215/1734/2285 2221/1731/2291 2202/1719/2272
f 1825/1745/1895 1820/1751/1890 2216/1746/2286
f 2208/1741/2278 2216/1746/2286 2222/1752/2292
f 2209/1742/2279 2069/1753/2139 2064/1747/2134
f 2209/1742/2279 2208/1741/2278 2069/1753/2139
f 2206/1739/2276 2063/1754/2133 2090/1755/2160
f 2090/1755/2160 2096/1748/2166 2205/1738/2275
f 2206/1739/2276 2064/1747/2134 2063/1754/2133
f 2206/1739/2276 2090/1755/2160 2205/1738/2275
f 2217/1749/2287 2223/1756/2293 2218/1750/2288
f 2213/1738/2283 2136/1748/2206 2134/1755/2204
f 2213/1738/2283 2134/1755/2204 2214/1739/2284
f 2219/1749/2289 2218/1750/2288 2224/1756/2294
f 1776/1727/1846 2221/1731/2291 1889/1736/1959
f 2220/1743/2290 2214/1739/2284 2110/1747/2180
f 1820/1751/1890 2225/1757/2295 2216/1746/2286
f 2216/1746/2286 2225/1757/2295 2222/1752/2292
f 2208/1741/2278 2172/1758/2242 2075/1759/2145
f 2208/1741/2278 2075/1759/2145 2069/1753/2139
f 2096/1748/2166 2102/1760/2172 2217/1749/2287
f 2217/1749/2287 2102/1760/2172 2223/1756/2293
f 2136/1748/2206 2219/1749/2289 2146/1760/2216
f 2219/1749/2289 2224/1756/2294 2146/1760/2216
f 2134/1755/2204 2108/1754/2178 2214/1739/2284
f 2214/1739/2284 2108/1754/2178 2110/1747/2180
f 2218/1750/2288 2223/1756/2293 2226/1761/2296
f 2218/1750/2288 2226/1761/2296 2224/1756/2294
f 2221/1731/2291 2220/1743/2290 2227/1742/2297
f 2220/1743/2290 2110/1747/2180 2227/1742/2297
f 2221/1731/2291 2227/1742/2297 1889/1736/1959
f 2172/1758/2242 2083/1762/2153 2078/1763/2148
f 2078/1763/2148 2075/1759/2145 2172/1758/2242
f 2102/1760/2172 2106/1764/2176 2223/1756/2293
f 2146/1760/2216 2224/1756/2294 2151/1764/2221
f 2226/1761/2296 2223/1756/2293 2228/1765/2298
f 2223/1756/2293 2106/1764/2176 2228/1765/2298
f 2110/1747/2180 2115/1753/2185 2227/1742/2297
f 1889/1736/1959 2229/1741/2299 1876/1740/1946
f 2227/1742/2297 2115/1753/2185 2229/1741/2299
f 2227/1742/2297 2229/1741/2299 1889/1736/1959
f 2083/1762/2153 2230/1766/2300 2231/1767/2301
f 2172/1758/2242 2232/1768/2302 2083/1762/2153
f 2224/1756/2294 2226/1761/2296 2233/1765/2303
f 2224/1756/2294 2233/1765/2303 2151/1764/2221
f 2106/1764/2176 2234/1769/2304 2228/1765/2298
f 1876/1740/1946 2235/1746/2305 1875/1745/1945
f 1876/1740/1946 2229/1741/2299 2235/1746/2305
f 2115/1753/2185 2120/1759/2190 2229/1741/2299
f 2230/1766/2300 2236/1770/2306 2237/1771/2307
f 2232/1768/2302 2236/1770/2306 2230/1766/2300
f 2232/1768/2302 2230/1766/2300 2083/1762/2153
f 2231/1767/2301 2084/1772/2154 2083/1762/2153
f 2226/1761/2296 2228/1765/2298 2238/1773/2308
f 2226/1761/2296 2238/1773/2308 2233/1765/2303
f 2151/1764/2221 2239/1769/2309 2240/1774/2310
f 2106/1764/2176 2241/1774/2311 2234/1769/2304
f 1875/1745/1945 2235/1746/2305 1871/1751/1941
f 2120/1759/2190 2123/1763/2193 2039/1758/2109
f 2120/1759/2190 2039/1758/2109 2229/1741/2299
f 2237/1771/2307 2242/1775/2312 2243/1776/2313
f 2236/1770/2306 2242/1775/2312 2237/1771/2307
f 2230/1766/2300 2237/1771/2307 2244/1777/2314
f 2230/1766/2300 2244/1777/2314 2231/1767/2301
f 2084/1772/2154 2231/1767/2301 2086/1778/2156
f 2228/1765/2298 2234/1769/2304 2245/1779/2315
f 2233/1765/2303 2238/1773/2308 2245/1779/2315
f 2233/1765/2303 2239/1769/2309 2151/1764/2221
f 2233/1765/2303 2245/1779/2315 2239/1769/2309
f 2238/1773/2308 2228/1765/2298 2245/1779/2315
f 2240/1774/2310 2239/1769/2309 2246/1780/2316
f 2239/1769/2309 2245/1779/2315 2246/1780/2316
f 2106/1764/2176 2107/1781/2177 2241/1774/2311
f 2235/1746/2305 2247/1752/2317 2248/1757/2318
f 2235/1746/2305 2248/1757/2318 1871/1751/1941
f 2235/1746/2305 2229/1741/2299 2247/1752/2317
f 2123/1763/2193 2130/1762/2200 2039/1758/2109
f 2243/1776/2313 2249/1782/2319 2250/1783/2320
f 2242/1775/2312 2249/1782/2319 2243/1776/2313
f 2237/1771/2307 2243/1776/2313 2251/1784/2321
f 2237/1771/2307 2251/1784/2321 2244/1777/2314
f 2231/1767/2301 2252/1785/2322 2086/1778/2156
f 2252/1785/2322 2241/1774/2311 2107/1781/2177
f 2252/1785/2322 2244/1777/2314 2241/1774/2311
f 2252/1785/2322 2231/1767/2301 2244/1777/2314
f 2252/1785/2322 2107/1781/2177 2086/1778/2156
f 2234/1769/2304 2253/1780/2323 2245/1779/2315
f 2244/1777/2314 2251/1784/2321 2253/1780/2323
f 2241/1774/2311 2253/1780/2323 2234/1769/2304
f 2241/1774/2311 2244/1777/2314 2253/1780/2323
f 2151/1764/2221 2240/1774/2310 2149/1781/2219
f 2246/1780/2316 2254/1786/2324 2255/1784/2325
f 2253/1780/2323 2254/1786/2324 2245/1779/2315
f 2245/1779/2315 2254/1786/2324 2246/1780/2316
f 2253/1780/2323 2251/1784/2321 2254/1786/2324
f 2130/1762/2200 2128/1772/2198 2256/1767/2326
f 2039/1758/2109 2130/1762/2200 2257/1768/2327
f 2250/1783/2320 2249/1782/2319 2258/1787/2328
f 2243/1776/2313 2250/1783/2320 2259/1788/2329
f 2254/1786/2324 2259/1788/2329 2255/1784/2325
f 2251/1784/2321 2243/1776/2313 2259/1788/2329
f 2251/1784/2321 2259/1788/2329 2254/1786/2324
f 2240/1774/2310 2260/1785/2330 2149/1781/2219
f 2246/1780/2316 2261/1777/2331 2240/1774/2310
f 2240/1774/2310 2261/1777/2331 2260/1785/2330
f 2246/1780/2316 2255/1784/2325 2261/1777/2331
f 2128/1772/2198 2132/1778/2202 2256/1767/2326
f 2260/1785/2330 2132/1778/2202 2149/1781/2219
f 2260/1785/2330 2261/1777/2331 2256/1767/2326
f 2260/1785/2330 2256/1767/2326 2132/1778/2202
f 2130/1762/2200 2256/1767/2326 2262/1766/2332
f 2256/1767/2326 2261/1777/2331 2262/1766/2332
f 2130/1762/2200 2262/1766/2332 2257/1768/2327
f 2258/1787/2328 2263/1782/2333 2250/1783/2320
f 2259/1788/2329 2264/1776/2334 2255/1784/2325
f 2250/1783/2320 2263/1782/2333 2264/1776/2334
f 2250/1783/2320 2264/1776/2334 2259/1788/2329
f 2261/1777/2331 2255/1784/2325 2265/1771/2335
f 2255/1784/2325 2264/1776/2334 2265/1771/2335
f 2261/1777/2331 2265/1771/2335 2262/1766/2332
f 2257/1768/2327 2262/1766/2332 2266/1770/2336
f 2262/1766/2332 2265/1771/2335 2266/1770/2336
f 2263/1782/2333 2267/1775/2337 2264/1776/2334
f 2267/1775/2337 2265/1771/2335 2264/1776/2334
f 2265/1771/2335 2267/1775/2337 2266/1770/2336
f 2026/1789/2096 2268/1790/2338 2024/1791/2094
f 2026/1789/2096 2029/1792/2099 2268/1790/2338
f 2024/1791/2094 2269/1793/2339 2020/1794/2090
f 2024/1791/2094 2268/1790/2338 2269/1793/2339
f 2029/1792/2099 2270/1795/2340 2268/1790/2338
f 2268/1790/2338 2270/1795/2340 2269/1793/2339
f 2020/1794/2090 2271/1796/2341 2018/1797/2088
f 2020/1794/2090 2269/1793/2339 2271/1796/2341
f 2029/1792/2099 2034/1798/2104 2270/1795/2340
f 2018/1797/2088 2271/1796/2341 2019/1799/2089
f 2269/1793/2339 2270/1795/2340 2272/1800/2342
f 2034/1798/2104 2273/1801/2343 2270/1795/2340
f 2270/1795/2340 2273/1801/2343 2272/1800/2342
f 2271/1796/2341 2269/1793/2339 2274/1802/2344
f 2269/1793/2339 2272/1800/2342 2274/1802/2344
f 2271/1796/2341 2274/1802/2344 2019/1799/2089
f 2034/1798/2104 2037/1803/2107 2273/1801/2343
f 2272/1800/2342 2273/1801/2343 2275/1804/2345
f 2274/1802/2344 2021/1805/2091 2019/1799/2089
f 2037/1803/2107 2276/1806/2346 2273/1801/2343
f 2273/1801/2343 2276/1806/2346 2275/1804/2345
f 2272/1800/2342 2275/1804/2345 2277/1807/2347
f 2272/1800/2342 2277/1807/2347 2274/1802/2344
f 2021/1805/2091 2274/1802/2344 2025/1808/2095
f 2274/1802/2344 2277/1807/2347 2025/1808/2095
f 2037/1803/2107 2278/1809/2348 2276/1806/2346
f 2275/1804/2345 2276/1806/2346 2279/1810/2349
f 2276/1806/2346 2278/1809/2348 2279/1810/2349
f 2277/1807/2347 2280/1811/2350 2025/1808/2095
f 2037/1803/2107 2039/1812/2109 2278/1809/2348
f 2275/1804/2345 2281/1813/2351 2277/1807/2347
f 2275/1804/2345 2279/1810/2349 2281/1813/2351
f 2280/1811/2350 2282/1814/2352 2032/1815/2102
f 2025/1808/2095 2280/1811/2350 2027/1816/2097
f 2027/1816/2097 2280/1811/2350 2032/1815/2102
f 2039/1812/2109 2257/1817/2327 2278/1809/2348
f 2277/1807/2347 2283/1818/2353 2280/1811/2350
f 2280/1811/2350 2283/1818/2353 2282/1814/2352
f 2279/1810/2349 2278/1809/2348 2284/1819/2354
f 2281/1813/2351 2285/1820/2355 2277/1807/2347
f 2277/1807/2347 2285/1820/2355 2283/1818/2353
f 2032/1815/2102 2282/1814/2352 2036/1821/2106
f 2257/1817/2327 2286/1822/2356 2287/1823/2357
f 2278/1809/2348 2287/1823/2357 2284/1819/2354
f 2278/1809/2348 2257/1817/2327 2287/1823/2357
f 2279/1810/2349 2288/1824/2358 2281/1813/2351
f 2284/1819/2354 2287/1823/2357 2288/1824/2358
f 2284/1819/2354 2288/1824/2358 2279/1810/2349
f 2285/1820/2355 2028/1825/2098 2283/1818/2353
f 2283/1818/2353 2028/1825/2098 2282/1814/2352
f 2036/1821/2106 2282/1814/2352 2033/1826/2103
f 2033/1826/2103 2282/1814/2352 2028/1825/2098
f 2286/1822/2356 2266/1827/2336 2267/1828/2337
f 2266/1827/2336 2286/1822/2356 2257/1817/2327
f 2281/1813/2351 2289/1829/2359 2285/1820/2355
f 2281/1813/2351 2288/1824/2358 2289/1829/2359
f 2287/1823/2357 2061/1830/2131 2288/1824/2358
f 2028/1825/2098 2285/1820/2355 2035/1831/2105
f 2267/1828/2337 2263/1832/2333 2290/1833/2360
f 2267/1828/2337 2290/1833/2360 2286/1822/2356
f 2289/1829/2359 2288/1824/2358 2291/1834/2361
f 2288/1824/2358 2061/1830/2131 2291/1834/2361
f 2287/1823/2357 2286/1822/2356 2292/1835/2362
f 2286/1822/2356 2290/1833/2360 2292/1835/2362
f 2287/1823/2357 2292/1835/2362 2061/1830/2131
f 2285/1820/2355 2038/1836/2108 2035/1831/2105
f 2038/1836/2108 2289/1829/2359 2291/1834/2361
f 2289/1829/2359 2038/1836/2108 2285/1820/2355
f 2263/1832/2333 2293/1837/2363 2290/1833/2360
f 2292/1835/2362 2294/1838/2364 2295/1839/2365
f 2263/1832/2333 2258/1840/2328 2293/1837/2363
f 2290/1833/2360 2296/1841/2366 2292/1835/2362
f 2290/1833/2360 2293/1837/2363 2296/1841/2366
f 2294/1838/2364 2297/1842/2367 2298/1843/2368
f 2295/1839/2365 2298/1843/2368 2299/1844/2369
f 2258/1840/2328 2300/1845/2370 2301/1846/2371
f 2292/1835/2362 2296/1841/2366 2294/1838/2364
f 2293/1837/2363 2302/1847/2372 2296/1841/2366
f 2293/1837/2363 2258/1840/2328 2301/1846/2371
f 2293/1837/2363 2301/1846/2371 2302/1847/2372
f 2297/1842/2367 2303/1848/2373 2298/1843/2368
f 2295/1839/2365 2294/1838/2364 2298/1843/2368
f 2299/1844/2369 2298/1843/2368 2304/1849/2374
f 2298/1843/2368 2303/1848/2373 2304/1849/2374
f 2300/1845/2370 2258/1840/2328 2249/1850/2319
f 2292/1835/2362 2295/1839/2365 2061/1851/2131
f 2295/1839/2365 2299/1844/2369 2061/1851/2131
f 2296/1841/2366 2305/1852/2375 2294/1838/2364
f 2294/1838/2364 2305/1852/2375 2297/1842/2367
f 2296/1841/2366 2302/1847/2372 2305/1852/2375
f 2301/1846/2371 2306/1853/2376 2302/1847/2372
f 2301/1846/2371 2300/1845/2370 2306/1853/2376
f 2303/1848/2373 2055/1854/2125 2304/1849/2374
f 2249/1850/2319 2242/1855/2312 2307/1856/2377
f 2300/1845/2370 2307/1856/2377 2306/1853/2376
f 2300/1845/2370 2249/1850/2319 2307/1856/2377
f 2299/1844/2369 2304/1849/2374 2308/1857/2378
f 2061/1851/2131 2299/1844/2369 2058/1858/2128
f 2299/1844/2369 2308/1857/2378 2058/1858/2128
f 2297/1842/2367 2060/1859/2130 2303/1848/2373
f 2305/1852/2375 2309/1860/2379 2049/1861/2119
f 2297/1842/2367 2049/1861/2119 2060/1859/2130
f 2297/1842/2367 2305/1852/2375 2049/1861/2119
f 2302/1847/2372 2310/1862/2380 2305/1852/2375
f 2302/1847/2372 2306/1853/2376 2310/1862/2380
f 2055/1854/2125 2053/1863/2123 2304/1849/2374
f 2304/1849/2374 2053/1863/2123 2308/1857/2378
f 2242/1855/2312 2236/1864/2306 2311/1865/2381
f 2242/1855/2312 2311/1865/2381 2307/1856/2377
f 2058/1858/2128 2308/1857/2378 2054/1866/2124
f 2303/1848/2373 2057/1867/2127 2055/1854/2125
f 2057/1867/2127 2303/1848/2373 2060/1859/2130
f 2309/1860/2379 2312/1868/2382 2313/1869/2383
f 2305/1852/2375 2312/1868/2382 2309/1860/2379
f 2305/1852/2375 2310/1862/2380 2312/1868/2382
f 2049/1861/2119 2309/1860/2379 2046/1870/2116
f 2306/1853/2376 2314/1871/2384 2310/1862/2380
f 2306/1853/2376 2307/1856/2377 2314/1871/2384
f 2053/1863/2123 2052/1872/2122 2308/1857/2378
f 2308/1857/2378 2052/1872/2122 2054/1866/2124
f 2236/1864/2306 2315/1873/2385 2311/1865/2381
f 2313/1869/2383 2043/1874/2113 2041/1875/2111
f 2312/1868/2382 2316/1876/2386 2317/1877/2387
f 2312/1868/2382 2310/1862/2380 2316/1876/2386
f 2312/1868/2382 2317/1877/2387 2313/1869/2383
f 2309/1860/2379 2313/1869/2383 2318/1878/2388
f 2313/1869/2383 2317/1877/2387 2043/1874/2113
f 2313/1869/2383 2041/1875/2111 2318/1878/2388
f 2309/1860/2379 2318/1878/2388 2046/1870/2116
f 2307/1856/2377 2319/1879/2389 2314/1871/2384
f 2307/1856/2377 2311/1865/2381 2319/1879/2389
f 2236/1864/2306 2232/1880/2302 2315/1873/2385
f 2310/1862/2380 2320/1881/2390 2316/1876/2386
f 2314/1871/2384 2319/1879/2389 2320/1881/2390
f 2314/1871/2384 2320/1881/2390 2310/1862/2380
f 2317/1877/2387 2045/1882/2115 2043/1874/2113
f 2041/1875/2111 2040/1883/2110 2318/1878/2388
f 2046/1870/2116 2318/1878/2388 2042/1884/2112
f 2042/1884/2112 2318/1878/2388 2040/1883/2110
f 2311/1865/2381 2321/1885/2391 2319/1879/2389
f 2311/1865/2381 2315/1873/2385 2321/1885/2391
f 2232/1880/2302 2322/1886/2392 2315/1873/2385
f 2316/1876/2386 2048/1887/2118 2317/1877/2387
f 2317/1877/2387 2048/1887/2118 2045/1882/2115
f 2320/1881/2390 2050/1888/2120 2316/1876/2386
f 2316/1876/2386 2050/1888/2120 2048/1887/2118
f 2319/1879/2389 2323/1889/2393 2320/1881/2390
f 2320/1881/2390 2323/1889/2393 2050/1888/2120
f 2319/1879/2389 2321/1885/2391 2323/1889/2393
f 2232/1880/2302 2172/1890/2242 2322/1886/2392
f 2315/1873/2385 2324/1891/2394 2325/1892/2395
f 2315/1873/2385 2325/1892/2395 2321/1885/2391
f 2315/1873/2385 2322/1886/2392 2324/1891/2394
f 2050/1888/2120 2323/1889/2393 2326/1893/2396
f 2172/1890/2242 2168/1894/2238 2322/1886/2392
f 2325/1892/2395 2324/1891/2394 2327/1895/2397
f 2321/1885/2391 2325/1892/2395 2328/1896/2398
f 2323/1889/2393 2328/1896/2398 2326/1893/2396
f 2323/1889/2393 2321/1885/2391 2328/1896/2398
f 2168/1894/2238 2329/1897/2399 2322/1886/2392
f 2324/1891/2394 2330/1898/2400 2327/1895/2397
f 2322/1886/2392 2329/1897/2399 2330/1898/2400
f 2322/1886/2392 2330/1898/2400 2324/1891/2394
f 2325/1892/2395 2331/1899/2401 2328/1896/2398
f 2325/1892/2395 2327/1895/2397 2331/1899/2401
f 2326/1893/2396 2328/1896/2398 2332/1900/2402
f 2328/1896/2398 2331/1899/2401 2332/1900/2402
f 2168/1894/2238 2333/1901/2403 2329/1897/2399
f 2330/1898/2400 2334/1902/2404 2327/1895/2397
f 2331/1899/2401 2174/1903/2244 2332/1900/2402
f 2168/1894/2238 2163/1904/2233 2333/1901/2403
f 2329/1897/2399 2335/1905/2405 2330/1898/2400
f 2330/1898/2400 2335/1905/2405 2334/1902/2404
f 2329/1897/2399 2333/1901/2403 2335/1905/2405
f 2327/1895/2397 2336/1906/2406 2331/1899/2401
f 2331/1899/2401 2336/1906/2406 2174/1903/2244
f 2327/1895/2397 2334/1902/2404 2336/1906/2406
f 2163/1904/2233 2337/1907/2407 2333/1901/2403
f 2335/1905/2405 2333/1901/2403 2338/1908/2408
f 2333/1901/2403 2337/1907/2407 2338/1908/2408
f 2335/1905/2405 2338/1908/2408 2334/1902/2404
f 2174/1903/2244 2336/1906/2406 2173/1909/2243
f 2163/1904/2233 2161/1910/2231 2337/1907/2407
f 2338/1908/2408 2337/1907/2407 2339/1911/2409
f 2334/1902/2404 2340/1912/2410 2336/1906/2406
f 2173/1909/2243 2336/1906/2406 2164/1913/2234
f 2336/1906/2406 2340/1912/2410 2164/1913/2234
f 2161/1910/2231 2341/1914/2411 2337/1907/2407
f 2337/1907/2407 2341/1914/2411 2339/1911/2409
f 2338/1908/2408 2339/1911/2409 2342/1915/2412
f 2338/1908/2408 2342/1915/2412 2334/1902/2404
f 2340/1912/2410 2343/1916/2413 2164/1913/2234
f 2161/1910/2231 2158/1917/2228 2341/1914/2411
f 2339/1911/2409 2156/1918/2226 2154/1919/2224
f 2156/1918/2226 2341/1914/2411 2158/1917/2228
f 2341/1914/2411 2156/1918/2226 2339/1911/2409
f 2342/1915/2412 2339/1911/2409 2344/1920/2414
f 2339/1911/2409 2154/1919/2224 2344/1920/2414
f 2334/1902/2404 2345/1921/2415 2340/1912/2410
f 2340/1912/2410 2345/1921/2415 2343/1916/2413
f 2164/1913/2234 2343/1916/2413 2167/1922/2237
f 2342/1915/2412 2344/1920/2414 2155/1923/2225
f 2154/1919/2224 2153/1924/2223 2344/1920/2414
f 2344/1920/2414 2153/1924/2223 2155/1923/2225
f 2334/1902/2404 2162/1925/2232 2345/1921/2415
f 2334/1902/2404 2342/1915/2412 2162/1925/2232
f 2343/1916/2413 2170/1926/2240 2167/1922/2237
f 2155/1923/2225 2159/1927/2229 2342/1915/2412
f 2342/1915/2412 2159/1927/2229 2162/1925/2232
f 2345/1921/2415 2171/1928/2241 2343/1916/2413
f 2343/1916/2413 2171/1928/2241 2170/1926/2240
f 2162/1925/2232 2165/1929/2235 2345/1921/2415
f 2345/1921/2415 2165/1929/2235 2171/1928/2241
o Majora
v -0.876339 2.481764 0.328043
v -0.606696 2.654587 0.287642
v -0.850853 2.997256 0.221975
v -0.555596 2.972867 0.228305
v -0.681126 3.039885 0.216596
v -0.538278 2.760613 0.262313
v -0.526471 2.910933 0.231856
v -0.564272 2.709741 0.274417
v -0.746293 2.538327 0.306998
v -0.777864 3.029728 0.218937
v -0.661815 2.601379 0.300502
v -0.614391 3.020603 0.218736
v -0.522932 2.834496 0.244894
v -0.852086 2.978592 0.299297
v -0.786473 3.011590 0.291678
v -0.658482 3.007065 0.291768
v -0.654444 2.682069 0.358795
v -0.761998 2.594707 0.383390
v -0.873507 2.545993 0.396226
v -0.606770 2.651537 0.269995
v -0.564392 2.705557 0.254692
v -0.851330 2.984899 0.192864
v -0.779929 3.012907 0.189797
v -0.687001 3.032970 0.186420
v -0.614648 3.012671 0.188237
v -0.661833 2.599766 0.286295
v -0.538434 2.755583 0.241490
v -0.523126 2.828731 0.224534
v -0.526673 2.904501 0.205613
v -0.555858 2.964647 0.195663
v -0.850968 2.998066 0.258682
v -0.777572 3.034744 0.249791
v -0.636002 3.031544 0.249498
v -0.624958 2.666024 0.325899
v -0.752538 2.560472 0.347237
v -0.876039 2.491257 0.366131
v -0.560470 2.783784 0.298567
v -0.587472 2.797832 0.330222
v -0.552236 2.923784 0.266450
v -0.588142 2.916104 0.308557
v -0.650020 2.896743 0.346627
v -0.693616 2.912752 0.354842
v -0.738396 2.904638 0.365983
v -0.772352 2.874876 0.378341
v -0.786386 2.831418 0.388509
v -0.776738 2.785907 0.393763
v -0.745871 2.753018 0.392215
v -0.702275 2.737010 0.383999
v -0.657604 2.742823 0.372282
v -0.629224 2.774385 0.358957
v -0.615384 2.813917 0.349710
v -0.672291 2.848866 0.392328
v -0.700140 2.857367 0.397577
v -0.720441 2.837441 0.404936
v -0.712893 2.809013 0.407046
v -0.685043 2.800511 0.401798
v -0.664742 2.820437 0.394439
v -0.692199 2.829328 0.401979
v -0.691498 2.892288 0.376973
v -0.724377 2.886512 0.385931
v -0.749309 2.864752 0.395414
v -0.759615 2.832839 0.402881
v -0.750642 2.796597 0.406956
v -0.729961 2.773185 0.404840
v -0.697947 2.761429 0.398808
v -0.665068 2.767205 0.389850
v -0.640136 2.788965 0.380367
v -0.629830 2.820879 0.372900
v -0.636912 2.854394 0.369450
v -0.659484 2.880532 0.370940
v -0.805389 2.705906 0.399659
v -0.859376 2.835801 0.383234
v -0.866828 2.683791 0.399611
v -0.773514 2.929544 0.349476
v -0.806693 2.939039 0.345970
v -0.855346 2.916230 0.354047
v -0.744482 2.906947 0.360106
v -0.780307 2.875947 0.373440
v -0.794627 2.831420 0.385053
v -0.783426 2.784843 0.390163
v -0.749806 2.749714 0.391784
v -0.706841 2.733301 0.381304
v -0.662130 2.740494 0.367127
v -0.611673 2.812272 0.346455
v -0.650325 2.898663 0.341874
v -0.683823 2.941395 0.332098
v -0.694323 2.913766 0.349267
v -0.622388 2.858333 0.340536
v -0.626786 2.774987 0.354524
v -0.624121 2.859278 0.344612
v -0.875061 2.507483 0.321206
v -0.748192 2.559369 0.301807
v -0.619387 2.663882 0.267647
v -0.580265 2.713752 0.253519
v -0.851973 2.971964 0.196412
v -0.779243 2.997489 0.193609
v -0.693455 3.016011 0.190492
v -0.626660 2.997272 0.192170
v -0.670220 2.616088 0.282694
v -0.556301 2.759935 0.241331
v -0.542169 2.827463 0.225677
v -0.545443 2.897412 0.208210
v -0.572386 2.952937 0.199025
v -0.871450 2.584434 0.351144
v -0.744665 2.643993 0.329608
v -0.657332 2.718938 0.306065
v -0.853846 2.940114 0.273467
v -0.801838 2.951996 0.268113
v -0.733197 2.964632 0.261911
v -0.679673 2.949363 0.258328
v -0.617102 2.796869 0.285923
v -0.625226 2.894762 0.263677
v -0.865843 2.700651 0.360298
v -0.819337 2.715221 0.354480
v -0.766614 2.770756 0.337680
v -0.858220 2.854944 0.329642
v -0.823259 2.875323 0.323561
v -0.765616 2.856164 0.319032
v -0.861190 2.795652 0.350963
v -0.356852 2.704210 0.340540
v -0.595528 2.733639 0.304810
v -0.596120 2.759889 0.313392
v -0.587168 2.788464 0.309542
v -0.572094 2.808449 0.294732
v -0.556653 2.812211 0.274618
v -0.546746 2.798312 0.256882
v -0.546154 2.772062 0.248301
v -0.555106 2.743487 0.252150
v -0.570180 2.723502 0.266961
v -0.585620 2.719740 0.287075
v -0.633541 3.243477 0.200596
v -0.635878 3.005372 0.252800
v -0.658918 3.007198 0.268965
v -0.688565 3.012827 0.270582
v -0.713493 3.020110 0.257033
v -0.724181 3.026264 0.233494
v -0.716547 3.028939 0.208956
v -0.693507 3.027112 0.192791
v -0.663860 3.021483 0.191174
v -0.638932 3.014200 0.204723
v -0.628244 3.008046 0.228262
v -0.424291 2.586068 0.368701
v -0.642336 2.658771 0.322685
v -0.638039 2.684657 0.331317
v -0.623354 2.710824 0.327990
v -0.603890 2.727279 0.313976
v -0.587081 2.727735 0.294626
v -0.579349 2.712018 0.277332
v -0.583646 2.686132 0.268700
v -0.598331 2.659964 0.272027
v -0.617796 2.643510 0.286042
v -0.634604 2.643054 0.305391
v -0.532367 2.484547 0.393258
v -0.720195 2.605364 0.335754
v -0.709906 2.629355 0.344787
v -0.688808 2.650830 0.342514
v -0.664959 2.661585 0.329803
v -0.647469 2.657512 0.311510
v -0.643019 2.640168 0.294621
v -0.653308 2.616176 0.285588
v -0.674407 2.594702 0.287861
v -0.698255 2.583946 0.300572
v -0.715745 2.588019 0.318865
v -0.679244 2.402686 0.420735
v -0.804441 2.562512 0.346397
v -0.787596 2.581961 0.356447
v -0.760529 2.595329 0.356030
v -0.733580 2.597509 0.345306
v -0.717043 2.587669 0.328370
v -0.717233 2.569567 0.311692
v -0.734030 2.551727 0.308512
v -0.761096 2.538359 0.308929
v -0.788045 2.536179 0.319653
v -0.804632 2.544410 0.329718
v -1.127614 2.679889 0.285444
v -1.147126 3.001599 0.225809
v -1.015598 3.056131 0.215184
v -1.185220 2.792037 0.259583
v -1.182145 2.942781 0.229089
v -1.164381 2.738890 0.271885
v -1.000109 2.550655 0.305927
v -0.920323 3.036648 0.218336
v -1.078022 2.621595 0.298746
v -1.083903 3.043409 0.216755
v -1.193185 2.867052 0.242066
v -0.914125 3.017790 0.291140
v -1.041948 3.025691 0.290150
v -1.078028 2.702644 0.357008
v -0.979658 2.605279 0.382472
v -1.127688 2.676839 0.267797
v -1.164500 2.734706 0.252160
v -0.919653 3.019693 0.189207
v -1.010167 3.048667 0.185057
v -1.084160 3.035476 0.186256
v -1.078040 2.619982 0.284539
v -1.185376 2.787007 0.238760
v -1.193380 2.861287 0.221705
v -1.182347 2.936349 0.202846
v -1.147388 2.993379 0.193167
v -0.920388 3.041681 0.249189
v -1.061594 3.052217 0.247702
v -1.108653 2.689519 0.323858
v -0.992087 2.572107 0.346226
v -1.161192 2.812963 0.296032
v -1.133223 2.824340 0.327919
v -1.155548 2.953089 0.263904
v -1.120912 2.941982 0.306309
v -1.061524 2.916731 0.344891
v -1.016653 2.928442 0.353479
v -0.972965 2.916032 0.364993
v -0.942158 2.883124 0.377624
v -0.932488 2.838514 0.387893
v -0.946545 2.794155 0.393047
v -0.980440 2.764412 0.391225
v -1.025312 2.752700 0.382636
v -1.069109 2.762811 0.370546
v -1.094183 2.796969 0.356995
v -1.104048 2.837653 0.347648
v -1.044383 2.866939 0.390758
v -1.015886 2.872704 0.396244
v -0.997675 2.850907 0.403766
v -1.007960 2.823345 0.405801
v -1.036457 2.817580 0.400315
v -1.054669 2.839377 0.392794
v -1.026545 2.845568 0.400568
v -1.020929 2.908289 0.375583
v -0.988842 2.899358 0.384815
v -0.966217 2.875288 0.394499
v -0.959115 2.842529 0.402039
v -0.971593 2.807329 0.406024
v -0.994427 2.786031 0.403724
v -1.027378 2.777431 0.397418
v -1.059465 2.786362 0.388186
v -1.082090 2.810432 0.378502
v -1.089192 2.843191 0.370961
v -1.078866 2.875861 0.367585
v -1.053880 2.899689 0.369276
v -0.925833 2.711756 0.399151
v -0.935460 2.937410 0.348792
v -0.901489 2.943644 0.345570
v -0.966634 2.917738 0.359168
v -0.934096 2.883416 0.372791
v -0.924257 2.837717 0.384506
v -0.939962 2.792447 0.389502
v -0.976840 2.760742 0.390826
v -1.021104 2.748565 0.379978
v -1.064787 2.760052 0.365428
v -1.107874 2.836373 0.344361
v -1.060995 2.918610 0.340141
v -1.023432 2.957891 0.330665
v -1.015803 2.929381 0.347911
v -1.092696 2.881177 0.338552
v -1.096515 2.797802 0.352542
v -1.090913 2.881952 0.342642
v -0.996137 2.571412 0.300760
v -1.113914 2.687903 0.265560
v -1.147899 2.741324 0.251124
v -0.921861 3.004417 0.193008
v -1.005422 3.031164 0.189176
v -1.073730 3.018987 0.190283
v -1.068081 2.635414 0.281015
v -1.167171 2.789607 0.238753
v -1.174559 2.858180 0.223009
v -1.164374 2.927475 0.205599
v -1.132101 2.980124 0.196663
v -0.991679 2.655991 0.328566
v -1.071137 2.739038 0.304319
v -0.904410 2.956978 0.267680
v -0.971449 2.976205 0.260906
v -1.026169 2.966193 0.256866
v -1.103454 2.820493 0.283871
v -1.085693 2.917128 0.261734
v -0.910668 2.719657 0.354094
v -0.957618 2.780033 0.336874
v -0.890988 2.878613 0.323276
v -0.950177 2.865129 0.318253
v -1.371910 2.753514 0.336257
v -1.131212 2.759658 0.302550
v -1.128152 2.785731 0.311147
v -1.134259 2.815037 0.307234
v -1.147201 2.836383 0.292305
v -1.162034 2.841615 0.272063
v -1.173092 2.828735 0.254239
v -1.176152 2.802662 0.245642
v -1.170045 2.773356 0.249555
v -1.157104 2.752010 0.264484
v -1.142271 2.746778 0.284726
v -1.043092 3.263370 0.198868
v -1.064281 3.026180 0.250993
v -1.041309 3.025772 0.267352
v -1.011271 3.028502 0.269220
v -0.985642 3.033329 0.255885
v -0.974209 3.038408 0.232439
v -0.981342 3.041800 0.207839
v -1.004314 3.042209 0.191480
v -1.034351 3.039479 0.189611
v -1.059981 3.034652 0.202946
v -1.071413 3.029572 0.226392
v -1.316477 2.629403 0.364936
v -1.092033 2.680614 0.320787
v -1.093874 2.706798 0.329394
v -1.105925 2.734264 0.325954
v -1.123584 2.752522 0.311783
v -1.140105 2.754596 0.292293
v -1.149179 2.739696 0.274928
v -1.147338 2.713512 0.266322
v -1.135286 2.686045 0.269761
v -1.117627 2.667788 0.283932
v -1.101106 2.665713 0.303423
v -1.218960 2.517896 0.390361
v -1.019829 2.619918 0.334490
v -1.027820 2.644797 0.343446
v -1.046718 2.668215 0.341004
v -1.069304 2.681225 0.328097
v -1.086952 2.678859 0.309655
v -1.092920 2.662020 0.292723
v -1.084928 2.637141 0.283767
v -1.066031 2.613724 0.286208
v -1.043444 2.600713 0.299115
v -1.025797 2.603079 0.317557
v -1.080944 2.422198 0.419040
v -0.940225 2.569107 0.345824
v -0.955191 2.590101 0.355740
v -0.980829 2.606029 0.355101
v -1.007349 2.610807 0.344151
v -1.024619 2.602609 0.327073
v -1.026043 2.584567 0.310389
v -1.011029 2.565182 0.307343
v -0.985390 2.549254 0.307982
v -0.958870 2.544477 0.318932
v -0.941649 2.551065 0.329140
vn 0.4896 -0.6239 0.6091
vn -0.0401 -0.7701 0.6367
vn -0.0486 -0.9985 0.0255
vn 0.5087 -0.8605 0.0286
vn 0.5918 -0.6433 0.4858
vn 0.6438 -0.3974 0.6539
vn -0.2259 0.9598 -0.1666
vn 0.0479 0.9622 -0.2680
vn 0.0461 0.9694 0.2412
vn -0.1297 0.9457 0.2979
vn 0.0175 0.9941 -0.1070
vn 0.3405 0.8061 0.4840
vn 0.4938 0.8598 -0.1305
vn 0.7870 -0.3304 0.5210
vn 0.7447 -0.5843 0.3226
vn 0.5129 -0.6323 -0.5807
vn 0.6338 -0.5560 -0.5376
vn -0.2208 0.6819 -0.6973
vn 0.0314 0.5750 -0.8175
vn 0.4002 0.6482 -0.6478
vn -0.0034 0.7529 -0.6581
vn 0.3052 -0.5922 -0.7457
vn 0.9140 0.0299 0.4046
vn 0.8522 -0.2370 0.4665
vn 0.7382 -0.3807 -0.5570
vn 0.7910 -0.1993 -0.5784
vn 0.7391 0.6289 0.2413
vn 0.9486 0.2558 0.1866
vn 0.8028 0.0877 -0.5898
vn 0.6620 0.4401 -0.6067
vn 0.7488 -0.0834 0.6576
vn 0.7005 0.3443 0.6251
vn 0.0327 0.7325 0.6800
vn -0.0849 0.7440 0.6627
vn 0.2592 0.6642 0.7011
vn 0.5802 0.3463 0.7372
vn 0.6926 -0.0215 0.7210
vn 0.4598 -0.2564 0.8502
vn 0.3002 -0.2642 0.9166
vn -0.0196 -0.3207 0.9470
vn 0.0357 0.4999 0.8654
vn -0.1007 0.4076 0.9076
vn -0.3721 0.5022 0.7806
vn -0.1397 0.7395 0.6585
vn -0.0460 0.1524 0.9872
vn -0.4552 0.1703 0.8739
vn -0.0255 0.1050 0.9941
vn -0.3866 -0.1403 0.9115
vn 0.2201 -0.0745 0.9726
vn -0.1521 -0.4143 0.8974
vn 0.2440 -0.0946 0.9652
vn 0.1538 -0.5827 0.7980
vn 0.4746 -0.1727 0.8631
vn 0.5183 -0.5424 0.6612
vn 0.7672 -0.3331 0.5481
vn 0.5387 -0.1087 0.8355
vn 0.4979 0.2013 0.8435
vn 0.3646 0.3837 0.8484
vn 0.5602 0.6487 0.5151
vn 0.7917 0.3816 0.4772
vn 0.3968 0.3104 0.8638
vn 0.6813 0.3224 0.6572
vn 0.4713 0.5450 0.6934
vn 0.1618 0.3823 0.9098
vn 0.2342 0.6301 0.7404
vn -0.0533 0.5883 0.8069
vn -0.0013 0.2108 0.9775
vn -0.2352 0.4364 0.8685
vn -0.3202 0.1554 0.9345
vn 0.0643 -0.0127 0.9978
vn -0.2545 -0.0874 0.9631
vn -0.0560 -0.3121 0.9484
vn 0.2816 -0.0871 0.9556
vn 0.1551 -0.3763 0.9134
vn 0.4439 -0.3193 0.8373
vn 0.4524 0.0691 0.8891
vn 0.6358 -0.1797 0.7507
vn 0.7355 0.0930 0.6711
vn 0.2219 0.1308 0.9663
vn 0.1933 0.7938 0.5767
vn 0.8461 0.0381 0.5316
vn 0.0057 0.2032 0.9791
vn -0.0055 -0.0266 0.9996
vn 0.1386 -0.0360 0.9897
vn 0.0278 0.5085 0.8606
vn -0.0551 0.5360 0.8424
vn 0.0186 0.4599 0.8878
vn 0.2232 0.4569 0.8610
vn 0.2029 0.4885 0.8486
vn 0.6280 0.0929 0.7727
vn 0.0114 0.1491 -0.9888
vn -0.2602 0.1991 -0.9448
vn -0.4046 0.1422 -0.9034
vn -0.4701 0.0290 -0.8821
vn 0.1556 -0.7915 -0.5910
vn -0.0394 -0.8558 -0.5158
vn -0.2787 -0.5344 -0.7980
vn -0.0637 -0.6825 -0.7281
vn -0.3845 0.1594 -0.9093
vn -0.4697 -0.0270 -0.8824
vn -0.4702 -0.2128 -0.8565
vn -0.4388 -0.2616 -0.8597
vn -0.3437 -0.4347 -0.8324
vn 0.0166 0.2568 -0.9663
vn -0.3090 0.1658 -0.9365
vn -0.4031 0.0774 -0.9119
vn 0.0787 -0.7265 -0.6826
vn -0.0340 -0.7575 -0.6519
vn -0.2861 -0.5463 -0.7872
vn -0.0404 -0.7027 -0.7103
vn -0.4164 -0.1474 -0.8972
vn -0.3950 -0.3132 -0.8637
vn 0.0077 0.0712 -0.9974
vn -0.2226 0.0331 -0.9743
vn -0.0315 -0.4829 -0.8751
vn -0.0203 -0.4930 -0.8698
vn -0.2330 -0.2971 -0.9260
vn -0.2747 -0.1130 -0.9549
vn -0.0053 -0.1934 -0.9811
vn 0.8686 -0.2157 0.4461
vn -0.1250 -0.0542 0.9907
vn -0.1891 -0.5289 0.8274
vn 0.0011 0.3480 0.9375
vn 0.1882 0.6940 0.6949
vn 0.4311 0.8896 0.1508
vn 0.5524 0.6059 -0.5725
vn 0.4472 0.0326 -0.8938
vn 0.2778 -0.4759 -0.8345
vn 0.0754 -0.8889 -0.4518
vn -0.1293 -0.9522 0.2768
vn 0.1898 0.9813 0.0328
vn 0.3301 0.2295 0.9156
vn 0.7641 0.1310 0.6316
vn -0.1211 0.3146 0.9415
vn -0.5629 0.3861 0.7308
vn -0.8938 0.4028 0.1970
vn -0.7998 0.2890 -0.5261
vn -0.3205 0.1227 -0.9393
vn 0.2302 0.0099 -0.9731
vn 0.7505 -0.0295 -0.6602
vn 0.9997 0.0238 0.0113
vn 0.7836 -0.3830 0.4892
vn -0.1817 -0.0212 0.9831
vn -0.3307 -0.4760 0.8149
vn 0.0263 0.3479 0.9372
vn 0.2931 0.6460 0.7048
vn 0.5991 0.7809 0.1769
vn 0.6998 0.4735 -0.5349
vn 0.4990 -0.0687 -0.8639
vn 0.2266 -0.5329 -0.8153
vn -0.0750 -0.8925 -0.4447
vn -0.3264 -0.9063 0.2684
vn 0.6321 -0.5617 0.5338
vn -0.2387 0.0323 0.9706
vn -0.4823 -0.3725 0.7928
vn 0.0559 0.3391 0.9391
vn 0.4028 0.5609 0.7233
vn 0.7648 0.6087 0.2110
vn 0.8252 0.2736 -0.4941
vn 0.5157 -0.2063 -0.8315
vn 0.1350 -0.5886 -0.7971
vn -0.2667 -0.8567 -0.4414
vn -0.5513 -0.7949 0.2533
vn 0.3651 -0.6201 0.6944
vn -0.3084 0.1504 0.9393
vn -0.6563 -0.1725 0.7345
vn 0.0828 0.3485 0.9336
vn 0.5109 0.4306 0.7440
vn 0.9085 0.3199 0.2690
vn 0.9045 -0.0690 -0.4208
vn 0.3972 -0.4544 -0.7973
vn 0.0065 -0.6336 -0.7736
vn -0.4150 -0.7395 -0.5300
vn -0.7978 -0.5559 0.2335
vn -0.5529 -0.5732 0.6047
vn -0.5898 -0.8072 0.0240
vn -0.6554 -0.5827 0.4805
vn -0.6848 -0.3329 0.6483
vn 0.3192 0.9333 -0.1643
vn 0.2182 0.9288 0.2994
vn 0.0798 0.9911 -0.1067
vn -0.2648 0.8355 0.4815
vn -0.4070 0.9035 -0.1343
vn -0.8197 -0.2524 0.5142
vn -0.6807 -0.4913 -0.5434
vn -0.5668 -0.5798 -0.5852
vn -0.8005 -0.5092 0.3160
vn 0.2917 0.6570 -0.6952
vn 0.0820 0.7488 -0.6577
vn -0.3300 0.6837 -0.6509
vn -0.3549 -0.5601 -0.7485
vn -0.9102 0.1185 0.3969
vn -0.8017 -0.1216 -0.5852
vn -0.7669 -0.3075 -0.5633
vn -0.8750 -0.1531 0.4592
vn -0.6767 0.6976 0.2353
vn -0.6118 0.5013 -0.6119
vn -0.7852 0.1656 -0.5967
vn -0.9208 0.3466 0.1787
vn -0.7588 -0.0101 0.6512
vn -0.6691 0.4108 0.6194
vn 0.1510 0.7326 0.6637
vn -0.1995 0.6865 0.6992
vn -0.6975 0.0460 0.7151
vn -0.5501 0.4012 0.7324
vn -0.4896 -0.2102 0.8462
vn -0.3321 -0.2335 0.9139
vn 0.0057 0.5013 0.8653
vn 0.2052 0.7228 0.6599
vn 0.4125 0.4641 0.7839
vn 0.1319 0.3970 0.9083
vn 0.4622 0.1257 0.8778
vn 0.0523 0.1477 0.9877
vn 0.3635 -0.1767 0.9147
vn 0.0272 0.1025 0.9944
vn 0.1037 -0.4267 0.8984
vn -0.2345 -0.0524 0.9707
vn -0.2163 -0.5647 0.7964
vn -0.2601 -0.0701 0.9630
vn -0.5740 -0.4893 0.6566
vn -0.4964 -0.1255 0.8590
vn -0.8005 -0.2569 0.5415
vn -0.5537 -0.0556 0.8309
vn -0.4831 0.2490 0.8394
vn -0.7549 0.4567 0.4707
vn -0.4990 0.7002 0.5106
vn -0.3328 0.4175 0.8455
vn -0.3721 0.3478 0.8606
vn -0.4221 0.5884 0.6896
vn -0.6524 0.3872 0.6515
vn -0.1317 0.3965 0.9085
vn -0.1783 0.6501 0.7386
vn 0.1033 0.5807 0.8076
vn 0.0135 0.2100 0.9776
vn 0.2691 0.4119 0.8706
vn 0.3259 0.1240 0.9372
vn -0.0737 -0.0060 0.9973
vn 0.2367 -0.1113 0.9652
vn 0.0175 -0.3157 0.9487
vn -0.2968 -0.0590 0.9531
vn -0.1985 -0.3591 0.9119
vn -0.4798 -0.2744 0.8334
vn -0.4511 0.1130 0.8853
vn -0.6565 -0.1169 0.7452
vn -0.7287 0.1641 0.6649
vn -0.2163 0.1520 0.9644
vn -0.1203 0.8090 0.5754
vn -0.8429 0.1202 0.5245
vn -0.1498 -0.0219 0.9885
vn 0.0997 0.5285 0.8431
vn 0.0143 0.5091 0.8606
vn -0.1851 0.4768 0.8593
vn -0.1618 0.5063 0.8471
vn -0.6225 0.1537 0.7674
vn 0.2862 0.1725 -0.9425
vn 0.4781 -0.0170 -0.8781
vn 0.4240 0.1019 -0.8999
vn -0.2266 -0.7729 -0.5927
vn 0.0034 -0.6858 -0.7278
vn 0.2323 -0.5592 -0.7958
vn 0.4058 0.1210 -0.9059
vn 0.4545 -0.2577 -0.8526
vn 0.4723 -0.0727 -0.8785
vn 0.3069 -0.4663 -0.8297
vn 0.4186 -0.3033 -0.8561
vn 0.3315 0.1347 -0.9338
vn 0.4163 0.0376 -0.9084
vn -0.1430 -0.7158 -0.6835
vn -0.0219 -0.7036 -0.7102
vn 0.2384 -0.5718 -0.7850
vn 0.4077 -0.1874 -0.8937
vn 0.3701 -0.3503 -0.8604
vn 0.2330 0.0110 -0.9724
vn -0.0081 -0.4841 -0.8750
vn 0.2109 -0.3187 -0.9241
vn 0.2705 -0.1395 -0.9526
vn -0.8891 -0.1303 0.4387
vn 0.1300 -0.5444 0.8287
vn 0.1108 -0.0656 0.9917
vn 0.0247 0.3469 0.9376
vn -0.1259 0.7093 0.6936
vn -0.3441 0.9273 0.1475
vn -0.4863 0.6563 -0.5768
vn -0.4344 0.0754 -0.8976
vn -0.3156 -0.4470 -0.8370
vn -0.1574 -0.8776 -0.4527
vn 0.0341 -0.9601 0.2775
vn -0.0941 0.9951 0.0316
vn -0.7531 0.2047 0.6252
vn -0.3140 0.2608 0.9129
vn 0.1431 0.3017 0.9426
vn 0.5915 0.3301 0.7357
vn 0.9270 0.3144 0.2047
vn 0.8285 0.2099 -0.5192
vn 0.3388 0.0907 -0.9365
vn -0.2199 0.0317 -0.9750
vn -0.7443 0.0431 -0.6665
vn -0.9927 0.1206 0.0029
vn -0.8211 -0.3050 0.4824
vn 0.2761 -0.5054 0.8175
vn 0.1705 -0.0383 0.9846
vn -0.0004 0.3492 0.9371
vn -0.2351 0.6716 0.7026
vn -0.5220 0.8354 0.1722
vn -0.6461 0.5389 -0.5406
vn -0.4960 -0.0204 -0.8681
vn -0.2703 -0.5087 -0.8174
vn -0.0081 -0.8958 -0.4444
vn 0.2347 -0.9336 0.2708
vn -0.6880 -0.4976 0.5283
vn 0.4373 -0.4172 0.7967
vn 0.2325 0.0094 0.9726
vn -0.0306 0.3433 0.9387
vn -0.3526 0.5976 0.7201
vn -0.7040 0.6800 0.2048
vn -0.7906 0.3521 -0.5010
vn -0.5263 -0.1557 -0.8359
vn -0.1847 -0.5730 -0.7984
vn 0.1862 -0.8787 -0.4395
vn 0.4695 -0.8445 0.2576
vn -0.4293 -0.5815 0.6910
vn 0.6303 -0.2350 0.7399
vn 0.3137 0.1202 0.9419
vn -0.0565 0.3553 0.9330
vn -0.4730 0.4784 0.7399
vn -0.8754 0.4066 0.2614
vn -0.9034 0.0188 -0.4284
vn -0.4327 -0.4140 -0.8008
vn -0.0614 -0.6303 -0.7739
vn 0.3458 -0.7765 -0.5268
vn 0.7382 -0.6305 0.2400
vt 0.182730 0.162381
vt 0.031950 0.074873
vt 0.052751 0.034928
vt 0.203261 0.108704
vt 0.348645 0.227784
vt 0.365359 0.323702
vt 0.172010 0.895750
vt 0.031891 0.909273
vt 0.025712 0.846997
vt 0.165276 0.851469
vt 0.310859 0.854686
vt 0.348113 0.798234
vt 0.391873 0.812109
vt 0.469645 0.381821
vt 0.418442 0.302460
vt 0.438766 0.288910
vt 0.494914 0.368508
vt 0.174820 0.949283
vt 0.032452 0.965600
vt 0.418211 0.843540
vt 0.322624 0.895527
vt 0.365885 0.217197
vt 0.524941 0.567570
vt 0.504094 0.453525
vt 0.533944 0.442846
vt 0.558319 0.566957
vt 0.458428 0.744248
vt 0.509762 0.675105
vt 0.538795 0.681387
vt 0.495344 0.767904
vt 0.444234 0.481227
vt 0.449246 0.670138
vt 0.013306 0.771714
vt 0.135585 0.791235
vt 0.304715 0.751675
vt 0.383027 0.641720
vt 0.387489 0.492733
vt 0.304391 0.342515
vt 0.155679 0.217472
vt 0.025755 0.145579
vt 0.173785 0.617733
vt 0.123788 0.573001
vt 0.135182 0.569105
vt 0.181366 0.609475
vt 0.102004 0.511118
vt 0.114107 0.511101
vt 0.117793 0.452347
vt 0.127733 0.454800
vt 0.164599 0.411945
vt 0.169585 0.416775
vt 0.224399 0.397843
vt 0.228963 0.404730
vt 0.285271 0.412319
vt 0.284777 0.420422
vt 0.323169 0.458605
vt 0.329590 0.458922
vt 0.334136 0.562522
vt 0.296770 0.609164
vt 0.293964 0.603499
vt 0.328594 0.561665
vt 0.252683 0.534536
vt 0.298640 0.546717
vt 0.272652 0.574172
vt 0.221256 0.541608
vt 0.235316 0.584889
vt 0.196106 0.576681
vt 0.197740 0.518430
vt 0.165686 0.549763
vt 0.152312 0.511738
vt 0.206455 0.488086
vt 0.163281 0.471254
vt 0.188577 0.446819
vt 0.238697 0.481903
vt 0.227733 0.437963
vt 0.266408 0.448816
vt 0.261418 0.505048
vt 0.295271 0.475021
vt 0.307206 0.510543
vt 0.229565 0.511670
vt 0.239437 0.619008
vt 0.340982 0.507276
vt 0.010643 0.509996
vt 0.012655 0.308466
vt 0.092324 0.347856
vt 0.138396 0.654670
vt 0.090041 0.671969
vt 0.018464 0.640249
vt 0.259176 0.663516
vt 0.240542 0.625633
vt 0.347556 0.506061
vt 0.076782 0.016025
vt 0.225305 0.084983
vt 0.459418 0.274379
vt 0.516270 0.352664
vt 0.174286 0.977345
vt 0.026278 0.989400
vt 0.431078 0.869478
vt 0.324226 0.922638
vt 0.390649 0.196230
vt 0.560754 0.429241
vt 0.588040 0.561174
vt 0.564620 0.682760
vt 0.516940 0.785713
vt 0.379945 0.157809
vt 0.310844 0.017659
vt 0.388075 0.017654
vt 0.471400 0.150968
vt 0.571670 0.344677
vt 0.510943 0.301944
vt 0.563523 0.242575
vt 0.856051 0.017659
vt 0.888867 0.096242
vt 0.807307 0.071659
vt 0.800944 0.017654
vt 0.914761 0.195232
vt 0.897330 0.274204
vt 0.811072 0.205127
vt 0.820472 0.146254
vt 0.451627 0.245439
vt 0.706214 0.382529
vt 0.627005 0.369950
vt 0.652519 0.281581
vt 0.849680 0.340048
vt 0.787609 0.374662
vt 0.758453 0.267847
vt 0.514044 0.017638
vt 0.548761 0.076411
vt 0.718291 0.046127
vt 0.692359 0.017638
vt 0.704411 0.105363
vt 0.614493 0.121910
vt 0.621369 0.017622
vt 0.426045 0.917893
vt 0.703244 0.824461
vt 0.708145 0.858324
vt 0.689750 0.791341
vt 0.669263 0.762854
vt 0.644554 0.740879
vt 0.617317 0.723156
vt 0.588011 0.705497
vt 0.689916 0.957067
vt 0.682641 0.992082
vt 0.698260 0.922984
vt 0.705450 0.890708
vt 0.588011 0.705496
vt 0.689917 0.957066
vt 0.951976 0.700796
vt 0.818699 0.961192
vt 0.791553 0.940364
vt 0.851480 0.975488
vt 0.886035 0.981587
vt 0.919067 0.980076
vt 0.950943 0.973754
vt 0.984255 0.965943
vt 0.735681 0.856934
vt 0.716449 0.826781
vt 0.753497 0.887163
vt 0.770878 0.915294
vt 0.972823 0.301004
vt 0.823889 0.553418
vt 0.798229 0.530450
vt 0.857493 0.570354
vt 0.892903 0.578246
vt 0.924903 0.577023
vt 0.954952 0.570239
vt 0.988747 0.562618
vt 0.754129 0.441922
vt 0.735771 0.408992
vt 0.769151 0.475008
vt 0.781790 0.504447
vt 0.662724 0.447475
vt 0.749290 0.727253
vt 0.712506 0.731465
vt 0.786950 0.712458
vt 0.818686 0.689814
vt 0.840586 0.663345
vt 0.856213 0.634287
vt 0.873077 0.601329
vt 0.610618 0.702118
vt 0.571541 0.691616
vt 0.647520 0.714685
vt 0.679979 0.725950
s 1
usemtl lambert2SG
f 2630/2137/2694 2631/2138/2695 2596/2139/2696 2604/2140/2697
f 2606/2141/2698 2629/2142/2699 2630/2137/2694 2604/2140/2697
f 2605/2143/2700 2598/2144/2701 2626/2145/2702 2627/2146/2703
f 2600/2147/2704 2605/2143/2700 2627/2146/2703 2628/2148/2705
f 2600/2147/2704 2628/2148/2705 2607/2149/2706
f 2603/2150/2707 2597/2151/2708 2615/2152/2709 2616/2153/2710
f 2598/2144/2701 2605/2143/2700 2618/2154/2711 2617/2155/2712
f 2600/2147/2704 2607/2149/2706 2620/2156/2713 2619/2157/2714
f 2604/2140/2697 2621/2158/2715 2606/2141/2698
f 2608/2159/2716 2601/2160/2717 2622/2161/2718 2623/2162/2719
f 2599/2163/2720 2602/2164/2721 2624/2165/2722 2625/2166/2723
f 2601/2160/2717 2603/2150/2707 2616/2153/2710 2622/2161/2718
f 2605/2143/2700 2600/2147/2704 2619/2157/2714 2618/2154/2711
f 2597/2151/2708 2606/2141/2698 2621/2158/2715 2615/2152/2709
f 2607/2149/2706 2599/2163/2720 2625/2166/2723 2620/2156/2713
f 2602/2164/2721 2608/2159/2716 2623/2162/2719 2624/2165/2722
f 2601/2160/2717 2608/2159/2716 2632/2167/2724
f 2632/2167/2724 2608/2159/2716 2634/2168/2725
f 2608/2159/2716 2602/2164/2721 2634/2168/2725
f 2597/2151/2708 2603/2150/2707 2629/2142/2699
f 2601/2160/2717 2632/2167/2724 2629/2142/2699 2603/2150/2707
f 2627/2146/2703 2626/2145/2702 2609/2169/2726 2610/2170/2727
f 2628/2148/2705 2627/2146/2703 2610/2170/2727 2611/2171/2728
f 2632/2167/2724 2634/2168/2725 2635/2172/2729 2633/2173/2730
f 2629/2142/2699 2632/2167/2724 2633/2173/2730 2612/2174/2731
f 2630/2137/2694 2629/2142/2699 2612/2174/2731 2613/2175/2732
f 2613/2175/2732 2614/2176/2733 2631/2138/2695 2630/2137/2694
f 2602/2164/2721 2599/2163/2720 2634/2168/2725
f 2634/2168/2725 2599/2163/2720 2628/2148/2705
f 2628/2148/2705 2599/2163/2720 2607/2149/2706
f 2611/2171/2728 2635/2172/2729 2634/2168/2725 2628/2148/2705
f 2597/2151/2708 2629/2142/2699 2606/2141/2698
f 2672/2177/2734 2673/2178/2735 2639/2179/2736 2638/2180/2737
f 2673/2178/2735 2674/2181/2738 2640/2182/2739 2639/2179/2736
f 2674/2181/2738 2675/2183/2740 2641/2184/2741 2640/2182/2739
f 2675/2183/2740 2676/2185/2742 2642/2186/2743 2641/2184/2741
f 2676/2185/2742 2677/2187/2744 2643/2188/2745 2642/2186/2743
f 2677/2187/2744 2678/2189/2746 2644/2190/2747 2643/2188/2745
f 2645/2191/2748 2644/2190/2747 2678/2189/2746 2684/2192/2749
f 2683/2193/2750 2680/2194/2751 2636/2195/2752 2685/2196/2753
f 2647/2197/2754 2664/2198/2755 2665/2199/2756
f 2648/2200/2757 2647/2197/2754 2665/2199/2756 2654/2201/2758
f 2648/2200/2757 2654/2201/2758 2655/2202/2759
f 2649/2203/2760 2648/2200/2757 2655/2202/2759 2656/2204/2761
f 2649/2203/2760 2656/2204/2761 2657/2205/2762
f 2650/2206/2763 2649/2203/2760 2657/2205/2762 2658/2207/2764
f 2650/2206/2763 2658/2207/2764 2659/2208/2765
f 2651/2209/2766 2650/2206/2763 2659/2208/2765 2660/2210/2767
f 2651/2209/2766 2660/2210/2767 2661/2211/2768
f 2652/2212/2769 2651/2209/2766 2661/2211/2768 2662/2213/2770
f 2652/2212/2769 2662/2213/2770 2663/2214/2771
f 2647/2197/2754 2652/2212/2769 2663/2214/2771 2664/2198/2755
f 2647/2197/2754 2648/2200/2757 2653/2215/2772
f 2648/2200/2757 2649/2203/2760 2653/2215/2772
f 2649/2203/2760 2650/2206/2763 2653/2215/2772
f 2650/2206/2763 2651/2209/2766 2653/2215/2772
f 2651/2209/2766 2652/2212/2769 2653/2215/2772
f 2652/2212/2769 2647/2197/2754 2653/2215/2772
f 2638/2180/2737 2655/2202/2759 2654/2201/2758 2637/2216/2773
f 2639/2179/2736 2656/2204/2761 2655/2202/2759 2638/2180/2737
f 2640/2182/2739 2657/2205/2762 2656/2204/2761 2639/2179/2736
f 2641/2184/2741 2658/2207/2764 2657/2205/2762 2640/2182/2739
f 2642/2186/2743 2659/2208/2765 2658/2207/2764 2641/2184/2741
f 2643/2188/2745 2660/2210/2767 2659/2208/2765 2642/2186/2743
f 2644/2190/2747 2661/2211/2768 2660/2210/2767 2643/2188/2745
f 2645/2191/2748 2662/2213/2770 2661/2211/2768 2644/2190/2747
f 2646/2217/2774 2663/2214/2771 2662/2213/2770 2645/2191/2748
f 2664/2198/2755 2685/2196/2753 2636/2195/2752 2665/2199/2756
f 2637/2216/2773 2654/2201/2758 2665/2199/2756 2636/2195/2752
f 2667/2218/2775 2668/2219/2776 2666/2220/2777
f 2613/2175/2732 2666/2220/2777 2668/2219/2776 2614/2176/2733
f 2667/2218/2775 2669/2221/2778 2670/2222/2779 2671/2223/2780
f 2669/2221/2778 2611/2171/2728 2610/2170/2727 2670/2222/2779
f 2670/2222/2779 2610/2170/2727 2609/2169/2726 2671/2223/2780
f 2673/2178/2735 2672/2177/2734 2669/2221/2778 2667/2218/2775
f 2674/2181/2738 2673/2178/2735 2667/2218/2775
f 2676/2185/2742 2675/2183/2740 2666/2220/2777
f 2677/2187/2744 2676/2185/2742 2666/2220/2777 2613/2175/2732 2612/2174/2731
f 2678/2189/2746 2677/2187/2744 2612/2174/2731
f 2683/2193/2750 2633/2173/2730 2635/2172/2729 2680/2194/2751
f 2667/2218/2775 2666/2220/2777 2675/2183/2740 2674/2181/2738
f 2681/2224/2781 2682/2225/2782 2680/2194/2751 2635/2172/2729 2611/2171/2728
f 2672/2177/2734 2682/2225/2782 2681/2224/2781 2611/2171/2728 2669/2221/2778
f 2682/2225/2782 2672/2177/2734 2638/2180/2737 2637/2216/2773
f 2680/2194/2751 2682/2225/2782 2637/2216/2773 2636/2195/2752
f 2633/2173/2730 2684/2192/2749 2678/2189/2746 2612/2174/2731
f 2633/2173/2730 2683/2193/2750 2679/2226/2783 2684/2192/2749
f 2645/2191/2748 2684/2192/2749 2679/2226/2783 2646/2217/2774
f 2685/2196/2753 2664/2198/2755 2663/2214/2771 2646/2217/2774
f 2679/2226/2783 2683/2193/2750 2685/2196/2753 2646/2217/2774
f 2604/2140/2697 2596/2139/2696 2686/2227/2784 2687/2228/2785
f 2616/2153/2710 2615/2152/2709 2688/2229/2786 2689/2230/2787
f 2617/2155/2712 2618/2154/2711 2691/2231/2788 2690/2232/2789
f 2619/2157/2714 2620/2156/2713 2693/2233/2790 2692/2234/2791
f 2621/2158/2715 2604/2140/2697 2687/2228/2785 2694/2235/2792
f 2623/2162/2719 2622/2161/2718 2695/2236/2793 2696/2237/2794
f 2625/2166/2723 2624/2165/2722 2697/2238/2795 2698/2239/2796
f 2622/2161/2718 2616/2153/2710 2689/2230/2787 2695/2236/2793
f 2618/2154/2711 2619/2157/2714 2692/2234/2791 2691/2231/2788
f 2615/2152/2709 2621/2158/2715 2694/2235/2792 2688/2229/2786
f 2620/2156/2713 2625/2166/2723 2698/2239/2796 2693/2233/2790
f 2624/2165/2722 2623/2162/2719 2696/2237/2794 2697/2238/2795
f 2687/2240/2785 2686/2241/2784 2699/2242/2797 2700/2243/2798
f 2689/2244/2787 2688/2245/2786 2701/2246/2799
f 2690/2247/2789 2691/2248/2788 2703/2249/2800 2702/2250/2801
f 2692/2251/2791 2693/2252/2790 2705/2253/2802 2704/2254/2803
f 2694/2255/2792 2687/2240/2785 2700/2243/2798
f 2696/2256/2794 2695/2257/2793 2706/2258/2804
f 2698/2259/2796 2697/2260/2795 2707/2261/2805
f 2695/2257/2793 2689/2244/2787 2701/2246/2799 2706/2258/2804
f 2691/2248/2788 2692/2251/2791 2704/2254/2803 2703/2249/2800
f 2688/2245/2786 2694/2255/2792 2700/2243/2798 2701/2246/2799
f 2693/2252/2790 2698/2259/2796 2707/2261/2805 2705/2253/2802
f 2697/2260/2795 2696/2256/2794 2706/2258/2804 2707/2261/2805
f 2700/2243/2798 2699/2242/2797 2708/2262/2806 2709/2263/2807
f 2702/2250/2801 2703/2249/2800 2712/2264/2808 2711/2265/2809
f 2704/2254/2803 2705/2253/2802 2713/2266/2810
f 2706/2258/2804 2701/2246/2799 2710/2267/2811
f 2703/2249/2800 2704/2254/2803 2713/2266/2810 2712/2264/2808
f 2701/2246/2799 2700/2243/2798 2709/2263/2807 2710/2267/2811
f 2705/2253/2802 2707/2261/2805 2713/2266/2810
f 2707/2261/2805 2706/2258/2804 2710/2267/2811 2713/2266/2810
f 2709/2263/2807 2708/2262/2806 2714/2268/2812
f 2711/2265/2809 2712/2264/2808 2714/2268/2812
f 2712/2264/2808 2713/2266/2810 2714/2268/2812
f 2710/2267/2811 2709/2263/2807 2714/2268/2812
f 2713/2266/2810 2710/2267/2811 2714/2268/2812
f 2715/2269/2813 2717/2270/2814 2716/2271/2815
f 2715/2269/2813 2718/2272/2816 2717/2270/2814
f 2715/2269/2813 2719/2273/2817 2718/2272/2816
f 2715/2269/2813 2720/2274/2818 2719/2273/2817
f 2715/2269/2813 2721/2275/2819 2720/2274/2818
f 2715/2269/2813 2722/2276/2820 2721/2275/2819
f 2715/2269/2813 2723/2277/2821 2722/2278/2820
f 2715/2269/2813 2724/2279/2822 2723/2277/2821
f 2715/2269/2813 2725/2280/2823 2724/2279/2822
f 2715/2269/2813 2716/2271/2815 2725/2280/2823
f 2726/2269/2824 2728/2270/2825 2727/2271/2826
f 2726/2269/2824 2729/2272/2827 2728/2270/2825
f 2726/2269/2824 2730/2273/2828 2729/2272/2827
f 2726/2269/2824 2731/2274/2829 2730/2273/2828
f 2726/2269/2824 2732/2275/2830 2731/2274/2829
f 2726/2269/2824 2733/2281/2831 2732/2275/2830
f 2726/2269/2824 2734/2282/2832 2733/2278/2831
f 2726/2269/2824 2735/2279/2833 2734/2282/2832
f 2726/2269/2824 2736/2280/2834 2735/2279/2833
f 2726/2269/2824 2727/2271/2826 2736/2280/2834
f 2737/2283/2835 2739/2284/2836 2738/2285/2837
f 2737/2283/2835 2740/2286/2838 2739/2284/2836
f 2737/2283/2835 2741/2287/2839 2740/2286/2838
f 2737/2283/2835 2742/2288/2840 2741/2287/2839
f 2737/2283/2835 2743/2289/2841 2742/2288/2840
f 2737/2283/2835 2744/2290/2842 2743/2289/2841
f 2737/2283/2835 2745/2291/2843 2744/2292/2842
f 2737/2283/2835 2746/2293/2844 2745/2291/2843
f 2737/2283/2835 2747/2294/2845 2746/2293/2844
f 2737/2283/2835 2738/2285/2837 2747/2294/2845
f 2748/2295/2846 2750/2296/2847 2749/2297/2848
f 2748/2295/2846 2751/2298/2849 2750/2296/2847
f 2748/2295/2846 2752/2299/2850 2751/2298/2849
f 2748/2295/2846 2753/2300/2851 2752/2299/2850
f 2748/2295/2846 2754/2301/2852 2753/2300/2851
f 2748/2295/2846 2755/2302/2853 2754/2301/2852
f 2748/2295/2846 2756/2303/2854 2755/2304/2853
f 2748/2295/2846 2757/2305/2855 2756/2303/2854
f 2748/2295/2846 2758/2306/2856 2757/2305/2855
f 2748/2295/2846 2749/2297/2848 2758/2306/2856
f 2759/2307/2857 2761/2308/2858 2760/2309/2859
f 2759/2307/2857 2762/2310/2860 2761/2308/2858
f 2759/2307/2857 2763/2311/2861 2762/2310/2860
f 2759/2307/2857 2764/2312/2862 2763/2311/2861
f 2759/2307/2857 2765/2313/2863 2764/2312/2862
f 2759/2307/2857 2766/2314/2864 2765/2313/2863
f 2759/2307/2857 2767/2315/2865 2766/2316/2864
f 2759/2307/2857 2768/2317/2866 2767/2315/2865
f 2759/2307/2857 2769/2318/2867 2768/2317/2866
f 2759/2307/2857 2760/2309/2859 2769/2318/2867
f 2798/2137/2868 2776/2140/2869 2596/2139/2696 2631/2138/2695
f 2778/2141/2870 2776/2140/2869 2798/2137/2868 2797/2142/2871
f 2777/2143/2872 2795/2146/2873 2626/2145/2702 2598/2144/2701
f 2772/2147/2874 2796/2148/2875 2795/2146/2873 2777/2143/2872
f 2772/2147/2874 2779/2149/2876 2796/2148/2875
f 2775/2150/2877 2786/2153/2878 2785/2152/2879 2770/2151/2880
f 2598/2144/2701 2617/2155/2712 2787/2154/2881 2777/2143/2872
f 2772/2147/2874 2788/2157/2882 2789/2156/2883 2779/2149/2876
f 2776/2140/2869 2778/2141/2870 2790/2158/2884
f 2780/2159/2885 2792/2162/2886 2791/2161/2887 2773/2160/2888
f 2771/2163/2889 2794/2166/2890 2793/2165/2891 2774/2164/2892
f 2773/2160/2888 2791/2161/2887 2786/2153/2878 2775/2150/2877
f 2777/2143/2872 2787/2154/2881 2788/2157/2882 2772/2147/2874
f 2770/2151/2880 2785/2152/2879 2790/2158/2884 2778/2141/2870
f 2779/2149/2876 2789/2156/2883 2794/2166/2890 2771/2163/2889
f 2774/2164/2892 2793/2165/2891 2792/2162/2886 2780/2159/2885
f 2773/2160/2888 2799/2167/2893 2780/2159/2885
f 2799/2167/2893 2801/2168/2894 2780/2159/2885
f 2780/2159/2885 2801/2168/2894 2774/2164/2892
f 2770/2151/2880 2797/2142/2871 2775/2150/2877
f 2773/2160/2888 2775/2150/2877 2797/2142/2871 2799/2167/2893
f 2795/2146/2873 2781/2170/2895 2609/2169/2726 2626/2145/2702
f 2796/2148/2875 2782/2171/2896 2781/2170/2895 2795/2146/2873
f 2799/2167/2893 2800/2173/2897 2802/2172/2898 2801/2168/2894
f 2797/2142/2871 2783/2174/2899 2800/2173/2897 2799/2167/2893
f 2798/2137/2868 2784/2175/2900 2783/2174/2899 2797/2142/2871
f 2784/2175/2900 2798/2137/2868 2631/2138/2695 2614/2176/2733
f 2774/2164/2892 2801/2168/2894 2771/2163/2889
f 2801/2168/2894 2796/2148/2875 2771/2163/2889
f 2796/2148/2875 2779/2149/2876 2771/2163/2889
f 2782/2171/2896 2796/2148/2875 2801/2168/2894 2802/2172/2898
f 2770/2151/2880 2778/2141/2870 2797/2142/2871
f 2836/2177/2901 2805/2180/2902 2806/2179/2903 2837/2178/2904
f 2837/2178/2904 2806/2179/2903 2807/2182/2905 2838/2181/2906
f 2838/2181/2906 2807/2182/2905 2808/2184/2907 2839/2183/2908
f 2839/2183/2908 2808/2184/2907 2809/2186/2909 2840/2185/2910
f 2840/2185/2910 2809/2186/2909 2810/2188/2911 2841/2187/2912
f 2841/2187/2912 2810/2188/2911 2811/2190/2913 2842/2189/2914
f 2812/2191/2915 2848/2192/2916 2842/2189/2914 2811/2190/2913
f 2847/2193/2917 2849/2196/2918 2803/2195/2919 2844/2194/2920
f 2814/2197/2921 2832/2199/2922 2831/2198/2923
f 2815/2200/2924 2821/2201/2925 2832/2199/2922 2814/2197/2921
f 2815/2200/2924 2822/2202/2926 2821/2201/2925
f 2816/2203/2927 2823/2204/2928 2822/2202/2926 2815/2200/2924
f 2816/2203/2927 2824/2205/2929 2823/2204/2928
f 2817/2206/2930 2825/2207/2931 2824/2205/2929 2816/2203/2927
f 2817/2206/2930 2826/2208/2932 2825/2207/2931
f 2818/2209/2933 2827/2210/2934 2826/2208/2932 2817/2206/2930
f 2818/2209/2933 2828/2211/2935 2827/2210/2934
f 2819/2212/2936 2829/2213/2937 2828/2211/2935 2818/2209/2933
f 2819/2212/2936 2830/2214/2938 2829/2213/2937
f 2814/2197/2921 2831/2198/2923 2830/2214/2938 2819/2212/2936
f 2814/2197/2921 2820/2215/2939 2815/2200/2924
f 2815/2200/2924 2820/2215/2939 2816/2203/2927
f 2816/2203/2927 2820/2215/2939 2817/2206/2930
f 2817/2206/2930 2820/2215/2939 2818/2209/2933
f 2818/2209/2933 2820/2215/2939 2819/2212/2936
f 2819/2212/2936 2820/2215/2939 2814/2197/2921
f 2805/2180/2902 2804/2216/2940 2821/2201/2925 2822/2202/2926
f 2806/2179/2903 2805/2180/2902 2822/2202/2926 2823/2204/2928
f 2807/2182/2905 2806/2179/2903 2823/2204/2928 2824/2205/2929
f 2808/2184/2907 2807/2182/2905 2824/2205/2929 2825/2207/2931
f 2809/2186/2909 2808/2184/2907 2825/2207/2931 2826/2208/2932
f 2810/2188/2911 2809/2186/2909 2826/2208/2932 2827/2210/2934
f 2811/2190/2913 2810/2188/2911 2827/2210/2934 2828/2211/2935
f 2812/2191/2915 2811/2190/2913 2828/2211/2935 2829/2213/2937
f 2813/2217/2941 2812/2191/2915 2829/2213/2937 2830/2214/2938
f 2831/2198/2923 2832/2199/2922 2803/2195/2919 2849/2196/2918
f 2804/2216/2940 2803/2195/2919 2832/2199/2922 2821/2201/2925
f 2667/2218/2775 2833/2220/2942 2668/2219/2776
f 2784/2175/2900 2614/2176/2733 2668/2219/2776 2833/2220/2942
f 2667/2218/2775 2671/2223/2780 2835/2222/2943 2834/2221/2944
f 2834/2221/2944 2835/2222/2943 2781/2170/2895 2782/2171/2896
f 2835/2222/2943 2671/2223/2780 2609/2169/2726 2781/2170/2895
f 2837/2178/2904 2667/2218/2775 2834/2221/2944 2836/2177/2901
f 2838/2181/2906 2667/2218/2775 2837/2178/2904
f 2840/2185/2910 2833/2220/2942 2839/2183/2908
f 2841/2187/2912 2783/2174/2899 2784/2175/2900 2833/2220/2942 2840/2185/2910
f 2842/2189/2914 2783/2174/2899 2841/2187/2912
f 2847/2193/2917 2844/2194/2920 2802/2172/2898 2800/2173/2897
f 2667/2218/2775 2838/2181/2906 2839/2183/2908 2833/2220/2942
f 2845/2224/2945 2782/2171/2896 2802/2172/2898 2844/2194/2920 2846/2225/2946
f 2836/2177/2901 2834/2221/2944 2782/2171/2896 2845/2224/2945 2846/2225/2946
f 2846/2225/2946 2804/2216/2940 2805/2180/2902 2836/2177/2901
f 2844/2194/2920 2803/2195/2919 2804/2216/2940 2846/2225/2946
f 2800/2173/2897 2783/2174/2899 2842/2189/2914 2848/2192/2916
f 2800/2173/2897 2848/2192/2916 2843/2226/2947 2847/2193/2917
f 2812/2191/2915 2813/2217/2941 2843/2226/2947 2848/2192/2916
f 2849/2196/2918 2813/2217/2941 2830/2214/2938 2831/2198/2923
f 2843/2226/2947 2813/2217/2941 2849/2196/2918 2847/2193/2917
f 2776/2140/2869 2850/2228/2948 2686/2227/2784 2596/2139/2696
f 2786/2153/2878 2852/2230/2949 2851/2229/2950 2785/2152/2879
f 2617/2155/2712 2690/2232/2789 2853/2231/2951 2787/2154/2881
f 2788/2157/2882 2854/2234/2952 2855/2233/2953 2789/2156/2883
f 2790/2158/2884 2856/2235/2954 2850/2228/2948 2776/2140/2869
f 2792/2162/2886 2858/2237/2955 2857/2236/2956 2791/2161/2887
f 2794/2166/2890 2860/2239/2957 2859/2238/2958 2793/2165/2891
f 2791/2161/2887 2857/2236/2956 2852/2230/2949 2786/2153/2878
f 2787/2154/2881 2853/2231/2951 2854/2234/2952 2788/2157/2882
f 2785/2152/2879 2851/2229/2950 2856/2235/2954 2790/2158/2884
f 2789/2156/2883 2855/2233/2953 2860/2239/2957 2794/2166/2890
f 2793/2165/2891 2859/2238/2958 2858/2237/2955 2792/2162/2886
f 2850/2240/2948 2861/2243/2959 2699/2242/2797 2686/2241/2784
f 2852/2244/2949 2862/2246/2960 2851/2245/2950
f 2690/2247/2789 2702/2250/2801 2863/2249/2961 2853/2248/2951
f 2854/2251/2952 2864/2254/2962 2865/2253/2963 2855/2252/2953
f 2856/2255/2954 2861/2243/2959 2850/2240/2948
f 2858/2256/2955 2866/2258/2964 2857/2257/2956
f 2860/2259/2957 2867/2261/2965 2859/2260/2958
f 2857/2257/2956 2866/2258/2964 2862/2246/2960 2852/2244/2949
f 2853/2248/2951 2863/2249/2961 2864/2254/2962 2854/2251/2952
f 2851/2245/2950 2862/2246/2960 2861/2243/2959 2856/2255/2954
f 2855/2252/2953 2865/2253/2963 2867/2261/2965 2860/2259/2957
f 2859/2260/2958 2867/2261/2965 2866/2258/2964 2858/2256/2955
f 2861/2243/2959 2868/2263/2966 2708/2262/2806 2699/2242/2797
f 2702/2250/2801 2711/2265/2809 2870/2264/2967 2863/2249/2961
f 2864/2254/2962 2871/2266/2968 2865/2253/2963
f 2866/2258/2964 2869/2267/2969 2862/2246/2960
f 2863/2249/2961 2870/2264/2967 2871/2266/2968 2864/2254/2962
f 2862/2246/2960 2869/2267/2969 2868/2263/2966 2861/2243/2959
f 2865/2253/2963 2871/2266/2968 2867/2261/2965
f 2867/2261/2965 2871/2266/2968 2869/2267/2969 2866/2258/2964
f 2868/2263/2966 2714/2268/2812 2708/2262/2806
f 2711/2265/2809 2714/2268/2812 2870/2264/2967
f 2870/2264/2967 2714/2268/2812 2871/2266/2968
f 2869/2267/2969 2714/2268/2812 2868/2263/2966
f 2871/2266/2968 2714/2268/2812 2869/2267/2969
f 2872/2269/2970 2873/2271/2971 2874/2270/2972
f 2872/2269/2970 2874/2270/2972 2875/2272/2973
f 2872/2269/2970 2875/2272/2973 2876/2273/2974
f 2872/2269/2970 2876/2273/2974 2877/2274/2975
f 2872/2269/2970 2877/2274/2975 2878/2275/2976
f 2872/2269/2970 2878/2275/2976 2879/2276/2977
f 2872/2269/2970 2879/2278/2977 2880/2277/2978
f 2872/2269/2970 2880/2277/2978 2881/2279/2979
f 2872/2269/2970 2881/2279/2979 2882/2280/2980
f 2872/2269/2970 2882/2280/2980 2873/2271/2971
f 2883/2269/2981 2884/2271/2982 2885/2270/2983
f 2883/2269/2981 2885/2270/2983 2886/2272/2984
f 2883/2269/2981 2886/2272/2984 2887/2273/2985
f 2883/2269/2981 2887/2273/2985 2888/2274/2986
f 2883/2269/2981 2888/2274/2986 2889/2275/2987
f 2883/2269/2981 2889/2275/2987 2890/2281/2988
f 2883/2269/2981 2890/2278/2988 2891/2282/2989
f 2883/2269/2981 2891/2282/2989 2892/2279/2990
f 2883/2269/2981 2892/2279/2990 2893/2280/2991
f 2883/2269/2981 2893/2280/2991 2884/2271/2982
f 2894/2283/2992 2895/2285/2993 2896/2284/2994
f 2894/2283/2992 2896/2284/2994 2897/2286/2995
f 2894/2283/2992 2897/2286/2995 2898/2287/2996
f 2894/2283/2992 2898/2287/2996 2899/2288/2997
f 2894/2283/2992 2899/2288/2997 2900/2289/2998
f 2894/2283/2992 2900/2289/2998 2901/2290/2999
f 2894/2283/2992 2901/2292/2999 2902/2291/3000
f 2894/2283/2992 2902/2291/3000 2903/2293/3001
f 2894/2283/2992 2903/2293/3001 2904/2294/3002
f 2894/2283/2992 2904/2294/3002 2895/2285/2993
f 2905/2295/3003 2906/2297/3004 2907/2296/3005
f 2905/2295/3003 2907/2296/3005 2908/2298/3006
f 2905/2295/3003 2908/2298/3006 2909/2299/3007
f 2905/2295/3003 2909/2299/3007 2910/2300/3008
f 2905/2295/3003 2910/2300/3008 2911/2301/3009
f 2905/2295/3003 2911/2301/3009 2912/2302/3010
f 2905/2295/3003 2912/2304/3010 2913/2303/3011
f 2905/2295/3003 2913/2303/3011 2914/2305/3012
f 2905/2295/3003 2914/2305/3012 2915/2306/3013
f 2905/2295/3003 2915/2306/3013 2906/2297/3004
f 2916/2307/3014 2917/2309/3015 2918/2308/3016
f 2916/2307/3014 2918/2308/3016 2919/2310/3017
f 2916/2307/3014 2919/2310/3017 2920/2311/3018
f 2916/2307/3014 2920/2311/3018 2921/2312/3019
f 2916/2307/3014 2921/2312/3019 2922/2313/3020
f 2916/2307/3014 2922/2313/3020 2923/2314/3021
f 2916/2307/3014 2923/2316/3021 2924/2315/3022
f 2916/2307/3014 2924/2315/3022 2925/2317/3023
f 2916/2307/3014 2925/2317/3023 2926/2318/3024
f 2916/2307/3014 2926/2318/3024 2917/2309/3015
