# Blender 5.2.0 LTS
# www.blender.org
mtllib perro.mtl
o Group24122
v -0.059564 0.463278 -0.274286
v -0.056585 0.474344 -0.270456
v -0.049787 0.460382 -0.263653
v -0.045812 0.470858 -0.257726
v -0.058944 0.481333 -0.248865
v -0.063566 0.476294 -0.237010
v -0.054356 0.468058 -0.237816
v -0.048623 0.475703 -0.255034
v -0.068627 0.485136 -0.257565
v -0.080462 0.482767 -0.241632
v -0.060900 0.480885 -0.266925
v -0.054305 0.450542 -0.251398
v -0.050235 0.460477 -0.243306
v -0.104720 0.483278 -0.259412
v -0.107468 0.477965 -0.236466
v -0.095193 0.464351 -0.220210
v 0.001309 0.367004 -0.282053
v 0.010127 0.349508 -0.282361
v 0.025830 0.359865 -0.294459
v 0.010914 0.379408 -0.295142
v -0.017181 0.368390 -0.282694
v -0.015964 0.339666 -0.278320
v -0.014265 0.388737 -0.299474
v 0.011411 0.308565 -0.307003
v 0.022538 0.317942 -0.324576
v 0.032474 0.341572 -0.305766
v 0.026968 0.364933 -0.312901
v 0.014168 0.377912 -0.316670
v 0.029904 0.351791 -0.323619
v 0.016329 0.363549 -0.338414
v 0.017276 0.341006 -0.350662
v 0.021070 0.328867 -0.343484
v -0.011682 0.342824 -0.367974
v -0.008135 0.371215 -0.354513
v -0.014075 0.314559 -0.360226
v -0.013307 0.296544 -0.338194
v -0.060379 0.287693 -0.343887
v -0.060344 0.311333 -0.369009
v -0.052652 0.344535 -0.378217
v -0.097259 0.353649 -0.374319
v -0.111354 0.319621 -0.363219
v -0.075106 0.384278 -0.364266
v -0.040607 0.376056 -0.364890
v -0.059278 0.400346 -0.336055
v -0.033883 0.393615 -0.335323
v -0.007510 0.388000 -0.325826
v -0.036541 0.391336 -0.305254
v -0.056233 0.394304 -0.304657
v -0.038461 0.368033 -0.284024
v -0.057148 0.370980 -0.280191
v -0.042156 0.334949 -0.274697
v -0.065465 0.337667 -0.267294
v -0.048224 0.302956 -0.284374
v -0.083439 0.304888 -0.275704
v -0.012635 0.311516 -0.285744
v 0.016954 0.328933 -0.290216
v -0.011569 0.294935 -0.308906
v -0.054748 0.283789 -0.310781
v -0.102164 0.287380 -0.301571
v -0.112994 0.294321 -0.335523
v -0.157359 0.319390 -0.311571
v -0.142426 0.310011 -0.278223
v -0.153414 0.343457 -0.341436
v -0.173604 0.380455 -0.313199
v -0.178655 0.361259 -0.282152
v -0.131010 0.373831 -0.355408
v -0.148881 0.402582 -0.332479
v -0.101738 0.399146 -0.352550
v -0.117689 0.419396 -0.335349
v -0.080295 0.409882 -0.329112
v -0.093526 0.420626 -0.317820
v -0.073143 0.399805 -0.298566
v -0.082167 0.407351 -0.290031
v -0.071361 0.377840 -0.271894
v -0.079294 0.387763 -0.262068
v -0.093139 0.365996 -0.240948
v -0.083297 0.347530 -0.254771
v -0.127151 0.351565 -0.236439
v -0.112788 0.320698 -0.257493
v -0.161414 0.350292 -0.251330
v -0.155795 0.395804 -0.232033
v -0.123510 0.388382 -0.221702
v -0.175851 0.408873 -0.257378
v -0.150531 0.451153 -0.240114
v -0.133562 0.435396 -0.219907
v -0.172697 0.423663 -0.287753
v -0.148380 0.462800 -0.267415
v -0.148461 0.435704 -0.308875
v -0.127934 0.464825 -0.288599
v -0.118752 0.441831 -0.315052
v -0.104307 0.458838 -0.297186
v -0.095963 0.433259 -0.305349
v -0.088303 0.445979 -0.293050
v -0.084395 0.417396 -0.282075
v -0.079626 0.430716 -0.274900
v -0.076975 0.420270 -0.248559
v -0.081338 0.401966 -0.253791
v -0.086130 0.418593 -0.225291
v -0.093388 0.391151 -0.230272
v -0.108864 0.423224 -0.213863
v -0.081585 0.452287 -0.218364
v -0.070549 0.442212 -0.228696
v -0.065198 0.439320 -0.248553
v -0.067156 0.444987 -0.269263
v -0.071841 0.456895 -0.281205
v -0.081649 0.469216 -0.283659
v -0.094075 0.478780 -0.276747
v 0.055300 0.339981 -0.302304
v 0.077300 0.363507 -0.287593
v 0.087200 0.353131 -0.285313
v 0.073400 0.329704 -0.296408
v 0.098200 0.382698 -0.261459
v 0.110700 0.355460 -0.267137
v 0.102700 0.339409 -0.279470
v 0.085600 0.322816 -0.291832
v 0.058500 0.309157 -0.303035
v 0.040100 0.313819 -0.304941
v 0.075900 0.386884 -0.276627
v 0.066800 0.379113 -0.285730
v 0.044300 0.376371 -0.297034
v 0.027100 0.378931 -0.300284
v 0.026500 0.351761 -0.307521
v 0.022600 0.325360 -0.308523
v 0.098430 0.307055 -0.285871
v 0.121336 0.320794 -0.268520
v 0.131226 0.342936 -0.248202
v 0.118900 0.378129 -0.232355
v 0.078600 0.398258 -0.266442
v 0.095700 0.405233 -0.237844
v 0.073900 0.421608 -0.259251
v 0.082900 0.431715 -0.246776
v 0.087700 0.424813 -0.243743
v 0.035700 0.297580 -0.303250
v 0.018500 0.303571 -0.299762
v 0.000800 0.307061 -0.301886
v 0.000800 0.325218 -0.308858
v 0.000800 0.353908 -0.308671
v 0.000800 0.381243 -0.301318
v 0.015400 0.826837 0.143691
v 0.000800 0.847965 0.137151
v 0.000800 0.826637 0.141417
v 0.012700 0.823114 0.144455
v 0.031700 0.473963 -0.254724
v 0.000800 0.478523 -0.255026
v 0.033900 0.522630 -0.231195
v 0.000800 0.524999 -0.233383
v 0.027500 0.437049 -0.275073
v 0.000800 0.440141 -0.275643
v 0.026400 0.413045 -0.288606
v 0.000800 0.413735 -0.290459
v 0.025900 0.396152 -0.294923
v 0.000800 0.396978 -0.295723
v 0.000800 0.283135 -0.272890
v 0.006600 0.278970 -0.273983
v 0.000800 0.276781 -0.261504
v 0.003902 0.275551 -0.261264
v 0.037300 0.776938 0.145099
v 0.037400 0.780598 0.146712
v 0.035300 0.778472 0.145338
v 0.039600 0.775718 0.144890
v 0.040300 0.780386 0.146946
v 0.042900 0.774873 0.144081
v 0.042700 0.780020 0.146785
v 0.012900 0.694985 0.147375
v 0.013800 0.702814 0.153508
v 0.002800 0.701871 0.155594
v 0.000800 0.695069 0.149823
v 0.010100 0.709062 0.135401
v 0.003000 0.709385 0.145529
v 0.003900 0.710593 0.133254
v 0.000800 0.701744 0.155733
v 0.000800 0.710748 0.133104
v 0.000800 0.709197 0.146432
v 0.001600 0.712184 0.156680
v 0.000800 0.712286 0.157244
v 0.000800 0.714995 0.165471
v 0.001800 0.718965 0.177665
v 0.000800 0.719405 0.176866
v 0.001700 0.718796 0.181869
v 0.000800 0.718905 0.182348
v 0.002100 0.722571 0.187595
v 0.000800 0.722517 0.187469
v 0.002200 0.726885 0.191567
v 0.000800 0.726717 0.191489
v 0.002500 0.734115 0.194234
v 0.000800 0.734125 0.194226
v 0.002500 0.741625 0.194364
v 0.000800 0.741579 0.194464
v 0.027400 0.695430 0.139491
v 0.039000 0.698558 0.127927
v 0.039900 0.703726 0.132560
v 0.029200 0.701961 0.145173
v 0.048320 0.707642 0.108285
v 0.047700 0.708651 0.118103
v 0.055000 0.714820 0.108319
v 0.035300 0.705002 0.135021
v 0.023300 0.706771 0.137692
v 0.035300 0.705722 0.135106
v 0.039600 0.706206 0.129925
v 0.000800 0.750818 0.179759
v 0.000800 0.747632 0.189901
v 0.002300 0.747797 0.189698
v 0.105759 0.290289 -0.281049
v 0.071546 0.279423 -0.296768
v 0.046700 0.709197 0.119820
v 0.033700 0.703872 0.144367
v 0.026500 0.703372 0.150343
v 0.044100 0.706167 0.136522
v 0.031403 0.284928 -0.300142
v 0.015300 0.292656 -0.290867
v 0.000800 0.293697 -0.289451
v 0.006200 0.287198 -0.280051
v 0.014803 0.278869 -0.286994
v 0.000800 0.881359 0.113176
v 0.013600 0.879678 0.117244
v 0.000800 0.902610 0.078256
v 0.025500 0.900807 0.075295
v 0.033400 0.899054 0.021990
v 0.000800 0.901800 0.018334
v 0.038600 0.886596 -0.026152
v 0.000800 0.889023 -0.028941
v 0.000800 0.859251 -0.080831
v 0.040400 0.859979 -0.075757
v 0.038400 0.820943 -0.112203
v 0.000800 0.812736 -0.120020
v 0.000800 0.787023 -0.127978
v 0.035700 0.789475 -0.122493
v 0.038900 0.782093 -0.135396
v 0.000800 0.777972 -0.144303
v 0.041100 0.767339 -0.149211
v 0.000800 0.766738 -0.153835
v 0.040200 0.753595 -0.153742
v 0.000800 0.753984 -0.157266
v 0.036500 0.741777 -0.152877
v 0.000800 0.744262 -0.156317
v 0.040400 0.734786 -0.168795
v 0.000800 0.735273 -0.176198
v 0.042100 0.718741 -0.182009
v 0.000800 0.720558 -0.187604
v 0.040100 0.693829 -0.186333
v 0.000800 0.694944 -0.190852
v 0.038700 0.663557 -0.179509
v 0.000800 0.663429 -0.183428
v 0.038800 0.639834 -0.189616
v 0.000800 0.640631 -0.190028
v 0.037000 0.575932 -0.207627
v 0.000800 0.575520 -0.210244
v 0.012000 0.732171 0.187312
v 0.016400 0.731451 0.188245
v 0.012600 0.733926 0.190753
v 0.010300 0.732953 0.188886
v 0.018200 0.741426 0.189428
v 0.018900 0.730894 0.187102
v 0.011300 0.724048 0.184987
v 0.014500 0.727051 0.185633
v 0.013700 0.727953 0.185754
v 0.011500 0.730454 0.185538
v 0.046200 0.774991 0.142822
v 0.046100 0.779559 0.145598
v 0.009600 0.728656 0.185128
v 0.009100 0.725358 0.187079
v 0.003900 0.722783 0.187806
v 0.006900 0.725853 0.189447
v 0.004400 0.727463 0.191620
v 0.133631 0.364342 -0.203012
v 0.145264 0.328896 -0.227670
v 0.007600 0.729333 0.190374
v 0.008700 0.732011 0.189806
v 0.050300 0.710270 0.122248
v 0.020900 0.732064 0.182274
v 0.002300 0.798702 0.149767
v 0.000800 0.798904 0.149309
v 0.000800 0.787885 0.142818
v 0.003400 0.787926 0.142727
v 0.012400 0.722426 0.180789
v 0.003200 0.809870 0.146490
v 0.000800 0.810233 0.145666
v 0.048400 0.775577 0.141987
v 0.049100 0.778556 0.143408
v 0.050100 0.776672 0.141486
v 0.051900 0.778854 0.141245
v 0.050800 0.781855 0.143113
v 0.047200 0.783550 0.145717
v 0.042500 0.784336 0.147156
v 0.038500 0.784073 0.147258
v 0.035300 0.783330 0.146712
v 0.034200 0.780961 0.145888
v 0.030500 0.784886 0.144666
v 0.032300 0.786859 0.145644
v 0.029400 0.781775 0.143296
v 0.082536 0.308378 -0.103193
v 0.065404 0.298061 -0.076710
v 0.067426 0.292538 -0.112593
v 0.000800 0.779853 0.154360
v 0.031100 0.778282 0.143288
v 0.032600 0.775884 0.142778
v 0.035500 0.774086 0.142642
v 0.038400 0.772519 0.141733
v 0.042400 0.771755 0.140741
v 0.046500 0.771719 0.139086
v 0.050100 0.773187 0.137984
v 0.052800 0.775186 0.137663
v 0.054700 0.777632 0.137320
v 0.056200 0.779741 0.136500
v 0.094300 0.563031 0.077844
v 0.108700 0.584242 0.071778
v 0.101000 0.575478 0.097681
v 0.127700 0.581093 0.079173
v 0.128100 0.609415 0.048624
v 0.091800 0.550073 0.090569
v 0.102700 0.534689 0.106167
v 0.131100 0.610525 0.070106
v 0.094700 0.704210 0.046256
v 0.103902 0.697867 0.055677
v 0.072345 0.683028 0.070762
v 0.064118 0.695787 0.059741
v 0.030316 0.690200 0.067482
v 0.036237 0.677341 0.090765
v 0.000802 0.689149 0.070959
v 0.000071 0.676408 0.100833
v 0.118800 0.722122 0.027864
v 0.129300 0.718164 0.037921
v 0.147400 0.756556 0.004666
v 0.130700 0.749056 -0.008046
v 0.131200 0.769073 -0.047051
v 0.147300 0.786148 -0.033869
v 0.113600 0.782725 -0.076180
v 0.124300 0.810423 -0.062488
v 0.078700 0.789215 -0.106492
v 0.086700 0.822349 -0.092007
v 0.075630 0.668924 0.101173
v 0.034038 0.664157 0.116890
v 0.000189 0.658827 0.121652
v 0.136100 0.718171 0.064941
v 0.152600 0.770269 0.027326
v 0.148900 0.804499 -0.009608
v 0.086500 0.853236 -0.057940
v 0.121600 0.832831 -0.031468
v 0.101269 0.688778 0.078963
v 0.027337 0.671371 0.114248
v 0.000804 0.669767 0.116784
v 0.018647 0.688561 0.111908
v 0.000861 0.685895 0.113000
v 0.053988 0.679870 0.107417
v 0.037245 0.697129 0.109789
v 0.012700 0.689720 0.135112
v 0.000800 0.688482 0.135988
v 0.028710 0.693899 0.129037
v 0.074805 0.697020 0.101749
v 0.062900 0.714602 0.106433
v 0.087100 0.710108 0.103807
v 0.110100 0.707956 0.091464
v 0.063300 0.727410 0.124014
v 0.092500 0.727372 0.122145
v 0.117000 0.728268 0.109363
v 0.137500 0.740230 0.089973
v 0.147900 0.780247 0.050558
v 0.059300 0.721229 0.136636
v 0.052000 0.716147 0.154016
v 0.016800 0.705359 0.156935
v 0.009500 0.708538 0.161539
v 0.003100 0.713990 0.167058
v 0.038200 0.703647 0.148669
v 0.030300 0.703005 0.157506
v 0.022200 0.704717 0.164255
v 0.016100 0.707901 0.168721
v 0.009900 0.712773 0.173294
v 0.004900 0.719260 0.178371
v 0.042000 0.714366 0.166225
v 0.030800 0.714906 0.173509
v 0.021400 0.717685 0.177404
v 0.060200 0.741972 0.133739
v 0.058300 0.736198 0.146526
v 0.075400 0.731647 0.126953
v 0.075300 0.743375 0.135522
v 0.033000 0.729895 0.178213
v 0.044400 0.729346 0.171479
v 0.053000 0.731222 0.161284
v 0.024900 0.744774 0.178636
v 0.019300 0.742917 0.183261
v 0.094300 0.747122 0.134580
v 0.115700 0.753638 0.123965
v 0.131200 0.764566 0.107303
v 0.139700 0.786468 0.075489
v 0.034100 0.748469 0.171953
v 0.005300 0.719920 0.183925
v 0.040600 0.751648 0.163438
v 0.045800 0.755717 0.149578
v 0.049200 0.760033 0.135013
v 0.010900 0.749477 0.180395
v 0.013500 0.755762 0.175679
v 0.000800 0.759912 0.174565
v 0.014100 0.765060 0.167871
v 0.000800 0.768714 0.166870
v 0.013400 0.775326 0.157939
v 0.012600 0.781959 0.149824
v 0.024700 0.755981 0.171272
v 0.028400 0.761477 0.163305
v 0.054800 0.783672 0.139979
v 0.052500 0.785985 0.142419
v 0.010500 0.747558 0.187583
v 0.048500 0.788116 0.144777
v 0.041700 0.789056 0.146612
v 0.035500 0.788335 0.146513
v 0.008900 0.741467 0.193630
v 0.005800 0.734151 0.194080
v 0.009700 0.733869 0.192454
v 0.057900 0.764385 0.134551
v 0.073400 0.768230 0.139391
v 0.089300 0.773132 0.138270
v 0.139700 0.816900 0.019086
v 0.113300 0.846667 0.007709
v 0.079500 0.873262 -0.014880
v 0.106400 0.780064 0.129838
v 0.119100 0.787236 0.116449
v 0.131300 0.800188 0.084532
v 0.056900 0.777122 0.127807
v 0.058300 0.780926 0.129592
v 0.054300 0.773622 0.128561
v 0.049800 0.770059 0.131690
v 0.009200 0.792733 0.153148
v 0.013600 0.799494 0.158638
v 0.025100 0.808288 0.159015
v 0.017400 0.818231 0.150828
v 0.044000 0.767836 0.132022
v 0.040100 0.768436 0.135127
v 0.036500 0.769855 0.137610
v 0.032500 0.772348 0.139145
v 0.029200 0.775072 0.139907
v 0.025500 0.779686 0.138115
v 0.023400 0.783729 0.135634
v 0.015700 0.846430 0.139644
v 0.033700 0.827478 0.143973
v 0.034700 0.844563 0.139914
v 0.051200 0.822806 0.143664
v 0.059900 0.837171 0.137096
v 0.025400 0.820790 0.150971
v 0.036700 0.820970 0.150067
v 0.041200 0.807875 0.156975
v 0.057400 0.785621 0.136795
v 0.053700 0.789241 0.141230
v 0.067700 0.809813 0.141657
v 0.076100 0.826745 0.134472
v 0.049500 0.791330 0.143680
v 0.057700 0.806728 0.150897
v 0.041900 0.792414 0.145686
v 0.033900 0.791681 0.145364
v 0.027800 0.789508 0.142112
v 0.025000 0.787103 0.139633
v 0.060500 0.780230 0.130924
v 0.058500 0.785899 0.137901
v 0.055300 0.790254 0.143643
v 0.050800 0.792549 0.146620
v 0.042300 0.793544 0.149571
v 0.032600 0.791797 0.149567
v 0.026700 0.790126 0.144679
v 0.023800 0.787516 0.141672
v 0.022600 0.784109 0.137003
v 0.073500 0.803545 0.140755
v 0.069000 0.796778 0.145204
v 0.078300 0.794488 0.140481
v 0.088500 0.813843 0.132505
v 0.080700 0.785537 0.137962
v 0.099900 0.793984 0.129044
v 0.019700 0.784862 0.140503
v 0.022200 0.779551 0.146360
v 0.021200 0.788119 0.145762
v 0.023800 0.790988 0.150413
v 0.031100 0.794725 0.153588
v 0.042400 0.796739 0.151743
v 0.052800 0.794928 0.147668
v 0.058000 0.791678 0.144379
v 0.061600 0.786748 0.139695
v 0.063900 0.779263 0.133121
v 0.025500 0.770696 0.154807
v 0.006228 0.259615 -0.245803
v 0.004911 0.267396 -0.241592
v 0.000827 0.267227 -0.241595
v 0.108000 0.395301 -0.206463
v 0.131463 0.306213 -0.259886
v 0.050000 0.514775 0.068599
v 0.070800 0.531125 0.083383
v 0.064500 0.537332 0.112590
v 0.013000 0.785728 0.144491
v 0.016200 0.788666 0.151466
v 0.020300 0.792787 0.156996
v 0.029300 0.797788 0.158543
v 0.042600 0.799821 0.156160
v 0.055400 0.798687 0.151290
v 0.062500 0.792842 0.146203
v 0.062700 0.887777 0.029341
v 0.076400 0.878128 0.013444
v 0.097300 0.860904 0.009994
v 0.110900 0.850287 0.029493
v 0.051800 0.893211 0.063403
v 0.130200 0.821470 0.053792
v 0.112500 0.877448 0.042031
v 0.114400 0.866596 0.057570
v 0.103600 0.864939 0.072313
v 0.105100 0.852401 0.058343
v 0.104100 0.833868 0.106755
v 0.118600 0.810193 0.102060
v 0.094100 0.870631 0.077576
v 0.090900 0.863602 0.072030
v 0.106600 0.884244 0.075868
v 0.096400 0.879116 0.082603
v 0.092000 0.892230 0.037225
v 0.076100 0.900849 0.046869
v 0.061300 0.902441 0.074352
v 0.084500 0.880832 0.082911
v 0.076400 0.875464 0.069340
v 0.089500 0.887004 0.086885
v 0.071400 0.888068 0.087890
v 0.063200 0.883165 0.086098
v 0.077200 0.893198 0.089573
v 0.063400 0.896119 0.085929
v 0.055600 0.888624 0.083415
v 0.076400 0.903701 0.081094
v 0.094500 0.896770 0.082403
v 0.107600 0.887915 0.065618
v 0.091800 0.900593 0.066468
v 0.077400 0.904101 0.068003
v 0.085800 0.850794 0.118073
v 0.007200 0.862037 0.131001
v 0.000800 0.862004 0.130331
v 0.028100 0.886379 0.111454
v 0.052400 0.882467 0.107436
v 0.064100 0.875576 0.108444
v 0.077000 0.863306 0.112984
v 0.076100 0.851209 0.123829
v 0.062400 0.868573 0.118144
v 0.050100 0.876873 0.116664
v 0.032200 0.879878 0.119517
v 0.022700 0.875699 0.123796
v 0.014700 0.862549 0.132319
v 0.057500 0.859438 0.128217
v 0.032100 0.864904 0.131935
v 0.167700 0.614814 -0.023277
v 0.157900 0.608866 0.023766
v 0.171200 0.579441 0.024558
v 0.171300 0.556054 -0.070414
v 0.179700 0.560454 -0.010470
v 0.177300 0.522091 -0.027080
v 0.135800 0.574450 -0.122140
v 0.158800 0.608181 -0.073807
v 0.134991 0.317995 -0.115540
v 0.116367 0.317410 -0.105961
v 0.141889 0.250567 -0.092918
v 0.161347 0.260831 -0.121226
v 0.147984 0.332009 -0.155794
v 0.137500 0.491338 -0.086479
v 0.142700 0.531567 -0.113459
v 0.083370 0.250388 -0.285153
v 0.096861 0.210862 -0.254804
v 0.059365 0.241482 -0.283870
v 0.066942 0.204970 -0.248402
v 0.043640 0.269466 -0.296298
v 0.022632 0.265244 -0.285573
v 0.113746 0.361979 -0.144056
v 0.038300 0.350444 0.004446
v 0.035600 0.302537 -0.045222
v 0.070700 0.358526 -0.012900
v 0.068500 0.315125 -0.054569
v 0.104900 0.489531 -0.194891
v 0.075000 0.508778 -0.218534
v 0.108600 0.535271 -0.175568
v 0.075500 0.559015 -0.198382
v 0.044600 0.480615 0.066650
v 0.051300 0.467996 0.082142
v 0.077700 0.519504 0.102629
v 0.075800 0.489005 0.105391
v 0.064400 0.466198 0.100702
v 0.053500 0.444510 0.073005
v 0.064000 0.444117 0.101751
v 0.131400 0.526119 0.104344
v 0.148400 0.571150 0.071693
v 0.094100 0.501773 0.108291
v 0.119800 0.500454 0.110006
v 0.154900 0.509217 0.095273
v 0.165800 0.553620 0.056885
v 0.137100 0.490731 0.106982
v 0.165100 0.484504 0.075092
v 0.177200 0.523827 0.031467
v 0.148900 0.473056 0.102781
v 0.154800 0.465056 -0.015913
v 0.172900 0.491695 0.005299
v 0.142100 0.433031 0.035728
v 0.161400 0.456444 0.053781
v 0.135600 0.417938 0.111114
v 0.148800 0.446519 0.106487
v 0.131900 0.454778 -0.037123
v 0.116400 0.456634 -0.050734
v 0.085900 0.618791 -0.177554
v 0.081100 0.650743 -0.162829
v 0.114200 0.596143 -0.153203
v 0.106900 0.634829 -0.140977
v 0.077100 0.432235 0.019026
v 0.083600 0.420026 0.037507
v 0.060700 0.435744 0.039984
v 0.065400 0.426432 0.055465
v 0.088100 0.400553 0.102133
v 0.072000 0.417718 0.101353
v 0.046600 0.456343 0.059247
v 0.030900 0.446562 0.063381
v 0.037900 0.402272 0.041694
v 0.026500 0.473744 0.072937
v 0.014026 0.254673 -0.209838
v 0.016736 0.241163 -0.207696
v 0.033611 0.255618 -0.164096
v 0.146900 0.618998 0.024803
v 0.148600 0.623363 -0.074700
v 0.159400 0.633773 -0.031496
v 0.141400 0.624617 0.022203
v 0.157500 0.639381 -0.029642
v 0.139200 0.700790 -0.127138
v 0.094300 0.711878 -0.160737
v 0.132600 0.720209 -0.117402
v 0.090200 0.729456 -0.148632
v 0.060300 0.593417 0.121270
v 0.064400 0.562557 0.131252
v 0.106900 0.594873 0.111316
v 0.104958 0.619635 0.106462
v 0.047940 0.635504 0.120341
v 0.097913 0.654505 0.104251
v 0.045733 0.660753 0.118317
v 0.086585 0.669725 0.093609
v 0.045572 0.667630 0.114602
v 0.087982 0.679021 0.086856
v 0.039677 0.685615 0.087915
v 0.078122 0.692177 0.070929
v 0.000706 0.682926 0.098604
v 0.108500 0.704841 0.052658
v 0.148300 0.746912 -0.013535
v 0.134700 0.721626 0.028634
v 0.087800 0.751280 -0.136303
v 0.088300 0.765636 -0.131795
v 0.083000 0.782080 -0.117591
v 0.127500 0.744422 -0.106981
v 0.127700 0.758534 -0.102810
v 0.119900 0.775552 -0.089021
v 0.152900 0.745955 -0.065518
v 0.142900 0.762569 -0.055578
v 0.083400 0.737792 -0.136235
v 0.122300 0.731992 -0.107786
v 0.159200 0.705994 -0.077085
v 0.147000 0.720592 -0.070811
v 0.152300 0.731452 -0.069540
v 0.155000 0.711155 -0.022150
v 0.158400 0.718294 -0.020319
v 0.159600 0.732348 -0.018382
v 0.142700 0.709274 0.027776
v 0.138900 0.696360 0.024231
v 0.115756 0.693376 0.056392
v 0.110662 0.680127 0.053965
v 0.000562 0.661711 0.120541
v 0.000088 0.653141 0.124165
v 0.090600 0.684470 -0.166371
v 0.135200 0.670533 -0.130626
v 0.166400 0.683811 -0.081940
v 0.160400 0.649768 -0.077696
v 0.166500 0.648911 -0.025767
v 0.173500 0.670820 -0.025536
v 0.168600 0.691770 -0.022077
v 0.160800 0.648800 0.029316
v 0.159800 0.666606 0.029263
v 0.147000 0.687483 0.026181
v 0.128364 0.665229 0.060678
v 0.140320 0.644766 0.065726
v 0.000642 0.627491 0.122019
v 0.147000 0.632500 -0.072270
v 0.155700 0.637127 0.030821
v 0.139704 0.628864 0.071407
v 0.115277 0.265636 -0.270657
v 0.143583 0.281655 -0.243040
v 0.150683 0.232756 -0.214519
v 0.128678 0.222304 -0.241327
v 0.141716 0.199936 -0.208695
v 0.112378 0.202267 -0.233670
v 0.040760 0.238045 -0.275485
v 0.079159 0.197408 -0.234149
v 0.040137 0.207508 -0.229962
v 0.018450 0.238687 -0.254843
v 0.058247 0.195638 -0.218019
v 0.028731 0.216610 -0.194931
v 0.050784 0.190480 -0.186671
v 0.037921 0.227458 -0.157354
v 0.054117 0.183686 -0.162293
v 0.054515 0.239667 -0.121196
v 0.048817 0.271659 -0.131910
v 0.065571 0.177852 -0.139177
v 0.079917 0.246371 -0.099980
v 0.088743 0.174550 -0.126233
v 0.092512 0.326206 -0.076882
v 0.097300 0.370502 -0.039718
v 0.073500 0.404952 0.014775
v 0.092200 0.437274 -0.007393
v 0.096300 0.409289 -0.015206
v 0.127909 0.390564 -0.136787
v 0.135600 0.439267 -0.114131
v 0.121106 0.378215 -0.086427
v 0.123200 0.424601 -0.063353
v 0.167900 0.509837 -0.056265
v 0.133300 0.499916 -0.138512
v 0.138200 0.472080 -0.095845
v 0.125800 0.464744 -0.160569
v 0.118700 0.422276 -0.191288
v 0.099300 0.446292 -0.223810
v 0.112000 0.406226 -0.203013
v 0.122425 0.376683 -0.141373
v 0.104351 0.335244 -0.111938
v 0.111239 0.345499 -0.104101
v 0.099547 0.287503 -0.094907
v 0.074600 0.458470 -0.244187
v 0.020102 0.251055 -0.161986
v 0.038902 0.268129 -0.105716
v 0.120400 0.625191 -0.121215
v 0.111000 0.424096 0.021218
v 0.112000 0.399246 0.106277
v 0.010130 0.261725 -0.267332
v 0.158987 0.302364 -0.198698
v 0.163190 0.248946 -0.170953
v 0.154964 0.194324 -0.170769
v 0.153434 0.188665 -0.146782
v 0.138789 0.180610 -0.126829
v 0.110834 0.250895 -0.089627
v 0.114747 0.175087 -0.122338
v 0.054900 0.407964 -0.280736
v 0.064200 0.433321 -0.261986
v 0.129924 0.038291 -0.236621
v 0.147231 0.037404 -0.200694
v 0.145508 0.035240 -0.174585
v 0.125297 0.035709 -0.140128
v 0.112836 0.040509 -0.245370
v 0.090639 0.040953 -0.244648
v 0.088147 0.041711 -0.140871
v 0.067854 0.040708 -0.173070
v 0.065757 0.040812 -0.207644
v 0.074862 0.042658 -0.232876
v 0.130609 0.084583 -0.233967
v 0.107511 0.086570 -0.243935
v 0.084730 0.088617 -0.242852
v 0.072549 0.088986 -0.231260
v 0.068852 0.086685 -0.214606
v 0.143661 0.086214 -0.206539
v 0.143986 0.077015 -0.187808
v 0.142217 0.070427 -0.169523
v 0.126456 0.065277 -0.140891
v 0.093030 0.062755 -0.140912
v 0.067734 0.072017 -0.194699
v 0.071361 0.064458 -0.168010
v 0.077952 0.083388 -0.189034
v 0.089588 0.078115 -0.164858
v 0.098072 0.083879 -0.175604
v 0.118183 0.084555 -0.172833
v 0.116396 0.079515 -0.156726
v 0.138184 0.086070 -0.184357
v 0.082740 0.153131 -0.240563
v 0.065627 0.149599 -0.222475
v 0.051200 0.393532 -0.288027
v 0.000800 0.261698 -0.105154
v 0.000800 0.249177 -0.160617
v 0.000830 0.254704 -0.210259
v 0.074100 0.484129 0.158471
v 0.087100 0.513249 0.163550
v 0.113500 0.522093 0.164214
v 0.140400 0.504496 0.163309
v 0.023100 0.502921 0.078677
v 0.036000 0.507969 0.074142
v 0.144800 0.470037 0.164422
v 0.126200 0.442341 0.171733
v 0.093200 0.439148 0.172592
v 0.000800 0.499734 0.080660
v 0.000800 0.470232 0.075646
v 0.077900 0.453522 0.168012
v 0.112000 0.522634 0.243697
v 0.136000 0.520794 0.219650
v 0.088600 0.522568 0.220189
v 0.143400 0.497932 0.208961
v 0.127600 0.471573 0.217138
v 0.098200 0.466204 0.218953
v 0.125200 0.481275 0.232648
v 0.094700 0.481574 0.232802
v 0.079900 0.482882 0.208281
v 0.076300 0.489330 0.229958
v 0.143700 0.488188 0.237936
v 0.075900 0.505709 0.205128
v 0.072000 0.483880 0.245066
v 0.078500 0.508704 0.263575
v 0.076400 0.469248 0.274043
v 0.144100 0.512806 0.251088
v 0.146100 0.474020 0.262776
v 0.095300 0.497791 0.292186
v 0.129200 0.501122 0.289258
v 0.135300 0.469256 0.291385
v 0.096300 0.466525 0.299538
v 0.000800 0.440857 0.066813
v 0.000800 0.393580 0.046404
v 0.000800 0.349274 0.012311
v 0.000800 0.299085 -0.041837
v 0.133200 0.621843 -0.089973
v 0.024200 0.581952 0.133440
v 0.000800 0.581218 0.141486
v 0.030200 0.545878 0.146557
v 0.000800 0.542278 0.153839
v 0.028500 0.518126 0.123292
v 0.000800 0.515061 0.128580
v 0.062985 0.143765 -0.197913
v 0.073207 0.132933 -0.171397
v 0.117138 0.154088 -0.239383
v -0.058900 0.780230 0.130924
v -0.062300 0.779303 0.133029
v -0.067500 0.777267 0.134427
v -0.071700 0.768067 0.139585
v -0.055200 0.777122 0.127807
v -0.056700 0.780794 0.129643
v -0.056300 0.764360 0.134582
v -0.052600 0.773571 0.128429
v -0.048100 0.770048 0.131466
v -0.037800 0.760085 0.151351
v -0.038500 0.768476 0.135036
v -0.047600 0.759944 0.135114
v -0.042400 0.767796 0.132114
v -0.044200 0.755557 0.149745
v -0.032900 0.764205 0.151184
v -0.034800 0.769855 0.137610
v -0.030800 0.772257 0.139105
v -0.026800 0.761279 0.163520
v -0.039000 0.751363 0.163713
v -0.023900 0.770696 0.154807
v -0.027500 0.775072 0.139907
v -0.020600 0.779551 0.146360
v -0.024000 0.779880 0.138419
v -0.032300 0.780730 0.146660
v -0.035700 0.780529 0.147118
v -0.033400 0.778098 0.145938
v -0.079100 0.785380 0.138404
v -0.074100 0.778807 0.136272
v -0.071600 0.787871 0.141610
v -0.076800 0.794498 0.140704
v -0.067500 0.796749 0.145519
v -0.072000 0.803556 0.140978
v -0.087700 0.772911 0.138544
v -0.064200 0.786294 0.140478
v -0.060900 0.792922 0.146020
v -0.053700 0.798728 0.151199
v -0.056200 0.806738 0.151120
v -0.040900 0.799861 0.156068
v -0.039500 0.807967 0.157016
v -0.027600 0.797869 0.158360
v -0.023500 0.808288 0.159015
v -0.018700 0.792747 0.157088
v -0.012100 0.799523 0.158324
v -0.014600 0.788322 0.151752
v -0.007600 0.792733 0.153148
v -0.011300 0.785838 0.143993
v -0.001800 0.787926 0.142727
v -0.010900 0.781959 0.149824
v -0.033700 0.705934 0.135003
v -0.038000 0.706583 0.129743
v -0.033700 0.705230 0.134912
v -0.005000 0.279086 -0.274102
v -0.002192 0.275564 -0.261345
v -0.008326 0.261797 -0.267675
v -0.152390 0.193947 -0.173726
v -0.145891 0.138022 -0.187173
v -0.151914 0.188314 -0.149702
v -0.134339 0.147977 -0.221985
v -0.137938 0.199206 -0.211192
v -0.112979 0.152620 -0.240861
v -0.107996 0.201108 -0.235398
v -0.078683 0.150958 -0.240871
v -0.074888 0.195783 -0.235055
v -0.054471 0.193700 -0.218366
v -0.062289 0.147132 -0.222157
v -0.047948 0.188225 -0.186556
v -0.060671 0.141275 -0.197301
v -0.052057 0.181383 -0.161991
v -0.072129 0.130813 -0.171153
v -0.064513 0.175803 -0.139046
v -0.095723 0.126304 -0.154797
v -0.088150 0.172999 -0.126766
v -0.114408 0.174038 -0.123838
v -0.117735 0.126599 -0.152172
v -0.136202 0.131718 -0.162282
v -0.138149 0.180007 -0.129221
v -0.118040 0.083566 -0.174154
v -0.097962 0.082514 -0.176196
v -0.013600 0.292859 -0.290981
v -0.013186 0.279102 -0.287251
v -0.029688 0.285331 -0.300467
v -0.106300 0.395182 -0.206270
v -0.110300 0.406107 -0.202848
v -0.094000 0.405215 -0.237695
v -0.137558 0.085331 -0.186377
v -0.077370 0.081518 -0.188867
v -0.097700 0.446236 -0.223692
v -0.086000 0.424787 -0.243656
v -0.004452 0.259559 -0.246055
v -0.142186 0.085418 -0.208671
v -0.128169 0.083381 -0.235577
v -0.104685 0.084812 -0.244720
v -0.060100 0.786920 0.139552
v -0.056400 0.791718 0.144288
v -0.117100 0.422167 -0.191187
v -0.081200 0.431688 -0.246718
v -0.073000 0.458439 -0.244183
v -0.082021 0.086374 -0.242837
v -0.067243 0.084336 -0.214066
v -0.070170 0.086565 -0.230826
v -0.062600 0.433306 -0.261956
v -0.030000 0.473947 -0.254722
v -0.024300 0.396170 -0.294897
v -0.025500 0.378976 -0.300254
v -0.049600 0.393598 -0.287951
v -0.042700 0.376456 -0.296979
v -0.024700 0.413045 -0.288591
v -0.053300 0.407984 -0.280673
v -0.025900 0.437042 -0.275068
v -0.065100 0.379247 -0.285619
v -0.020815 0.265498 -0.286023
v -0.073400 0.508784 -0.218625
v -0.032300 0.522630 -0.231195
v -0.137231 0.695068 0.022446
v -0.156700 0.718306 -0.020339
v -0.153300 0.711165 -0.022248
v -0.145401 0.686076 0.023681
v -0.099300 0.577656 0.106934
v -0.062700 0.563160 0.141065
v -0.105200 0.596853 0.121569
v -0.021500 0.503023 0.078927
v -0.026900 0.517898 0.126290
v -0.028500 0.545948 0.151841
v -0.062900 0.537806 0.118992
v -0.034400 0.507827 0.073872
v -0.022600 0.583570 0.138993
v -0.058600 0.594434 0.124887
v -0.046140 0.631488 0.113665
v -0.048300 0.515012 0.069029
v -0.138000 0.630849 0.079948
v -0.129500 0.612816 0.079018
v -0.154100 0.637220 0.039005
v -0.126500 0.611622 0.056799
v -0.107100 0.587636 0.084141
v -0.105200 0.641162 -0.142146
v -0.133500 0.673348 -0.131027
v -0.089000 0.685093 -0.166339
v -0.079400 0.655519 -0.163148
v -0.118800 0.631103 -0.123004
v -0.038500 0.693947 -0.186316
v -0.037100 0.664304 -0.179504
v -0.012282 0.254461 -0.210174
v -0.003249 0.267362 -0.241677
v -0.131600 0.626258 -0.092282
v -0.158800 0.659923 -0.083623
v -0.145400 0.638678 -0.076525
v -0.155900 0.634806 -0.021365
v -0.164800 0.646446 -0.020590
v -0.139800 0.623338 0.031981
v -0.134200 0.574515 -0.122172
v -0.157200 0.609183 -0.074520
v -0.146900 0.628386 -0.078073
v -0.145300 0.617937 0.033270
v -0.126000 0.584547 0.087767
v -0.076100 0.519569 0.111054
v -0.090200 0.552996 0.102563
v -0.101100 0.534734 0.111520
v -0.033900 0.302344 -0.045332
v -0.037316 0.267750 -0.105945
v -0.036700 0.350460 0.004307
v -0.036300 0.403260 0.041523
v -0.029300 0.446871 0.063421
v -0.024800 0.473705 0.072881
v -0.142100 0.484448 0.236354
v -0.123600 0.481700 0.233793
v -0.093100 0.481921 0.232660
v -0.074600 0.489829 0.229994
v -0.070400 0.483444 0.245382
v -0.074700 0.470980 0.274164
v -0.094700 0.468555 0.299733
v -0.144500 0.470447 0.264699
v -0.133600 0.472154 0.290965
v -0.093700 0.496119 0.296854
v -0.076900 0.503678 0.275485
v -0.127600 0.503462 0.288030
v -0.142500 0.515294 0.247151
v -0.110400 0.526445 0.221991
v -0.134300 0.521707 0.211743
v -0.086900 0.523744 0.213263
v -0.074200 0.505827 0.204079
v -0.141800 0.498455 0.208843
v -0.078200 0.483850 0.208268
v -0.072500 0.484378 0.158327
v -0.076300 0.453800 0.167963
v -0.085500 0.513484 0.163060
v -0.126000 0.471903 0.217032
v -0.096500 0.466789 0.218768
v -0.091500 0.439441 0.172588
v -0.124600 0.442631 0.171719
v -0.143200 0.470304 0.164322
v -0.138700 0.504463 0.162492
v -0.111800 0.523267 0.166460
v -0.062400 0.444531 0.101751
v -0.062800 0.463362 0.102604
v -0.070400 0.417980 0.101740
v -0.086500 0.400760 0.102774
v -0.043000 0.480589 0.066626
v -0.110400 0.399425 0.106715
v -0.134000 0.418207 0.111398
v -0.147200 0.446864 0.106478
v -0.147300 0.471025 0.104169
v -0.074300 0.387011 -0.276478
v -0.135500 0.483519 0.115085
v -0.118200 0.492413 0.119907
v -0.092400 0.492552 0.119880
v -0.074200 0.480856 0.114105
v -0.018494 0.250786 -0.162380
v -0.077000 0.398317 -0.266294
v -0.143591 0.076565 -0.190182
v -0.142598 0.070480 -0.171810
v -0.117261 0.079397 -0.158203
v -0.128086 0.065937 -0.142473
v -0.094828 0.062757 -0.141115
v -0.090163 0.077235 -0.165204
v -0.071961 0.063364 -0.167380
v -0.067136 0.070132 -0.194026
v -0.068620 0.039539 -0.171819
v -0.065182 0.038825 -0.206350
v -0.090248 0.041818 -0.140361
v -0.073304 0.040348 -0.231997
v -0.127478 0.036319 -0.140961
v -0.146324 0.035275 -0.176198
v -0.147002 0.036846 -0.202439
v -0.128353 0.036868 -0.237778
v -0.088655 0.038750 -0.244344
v -0.110912 0.038677 -0.245904
v -0.072200 0.421600 -0.259184
v -0.140827 0.249561 -0.094656
v -0.109558 0.249418 -0.090826
v -0.098147 0.285978 -0.095647
v -0.114795 0.316213 -0.106478
v -0.078534 0.244782 -0.101028
v -0.065782 0.291273 -0.113119
v -0.159810 0.260202 -0.123272
v -0.161023 0.248435 -0.172884
v -0.069200 0.533753 0.091586
v -0.092700 0.566329 0.090372
v -0.148028 0.232506 -0.216514
v -0.146308 0.331409 -0.156273
v -0.157012 0.302143 -0.199619
v -0.141536 0.281848 -0.244126
v -0.131977 0.364150 -0.203008
v -0.143462 0.328971 -0.228071
v -0.129477 0.306580 -0.260489
v -0.103829 0.290807 -0.281710
v -0.069659 0.279945 -0.297396
v -0.081174 0.250823 -0.286202
v -0.113142 0.266031 -0.271758
v -0.057157 0.241791 -0.284867
v -0.041673 0.269876 -0.296858
v -0.038587 0.238210 -0.276364
v -0.016299 0.238619 -0.255498
v -0.014773 0.240808 -0.208276
v -0.031974 0.255056 -0.164754
v -0.109400 0.427393 0.018952
v -0.081900 0.421618 0.036089
v -0.140400 0.435291 0.034656
v -0.130200 0.456307 -0.037577
v -0.153200 0.469141 -0.016470
v -0.090500 0.440845 -0.008813
v -0.114700 0.456541 -0.050739
v -0.075500 0.435269 0.017554
v -0.166100 0.611503 -0.017822
v -0.178100 0.560814 -0.010280
v -0.169600 0.581576 0.027452
v -0.156300 0.608388 0.029689
v -0.146800 0.575033 0.079752
v -0.164200 0.558069 0.063673
v -0.175600 0.528639 0.035298
v -0.107000 0.535337 -0.175711
v -0.112500 0.599061 -0.153826
v -0.141100 0.531649 -0.113576
v -0.131700 0.499878 -0.138512
v -0.175700 0.522398 -0.025720
v -0.171300 0.496348 0.006489
v -0.169600 0.554441 -0.069032
v -0.166300 0.509795 -0.056238
v -0.063842 0.297819 -0.076897
v -0.066902 0.314885 -0.054721
v -0.047226 0.270789 -0.132427
v -0.103200 0.489494 -0.194874
v -0.071900 0.405991 0.013411
v -0.059000 0.437299 0.039285
v -0.069100 0.358409 -0.013234
v -0.133388 0.316941 -0.116177
v -0.112047 0.361515 -0.144148
v -0.102828 0.334317 -0.112239
v -0.081031 0.307189 -0.103629
v -0.090985 0.325660 -0.077137
v -0.109721 0.344797 -0.104337
v -0.119428 0.377835 -0.086528
v -0.095700 0.370193 -0.039797
v -0.120834 0.376339 -0.141436
v -0.126314 0.390305 -0.136825
v -0.124200 0.464672 -0.160539
v -0.134000 0.439113 -0.114099
v -0.136500 0.472000 -0.095838
v -0.121600 0.424387 -0.063350
v -0.135900 0.491292 -0.086482
v -0.094700 0.410718 -0.016455
v -0.052984 0.238249 -0.122239
v -0.036171 0.226384 -0.158399
v -0.026585 0.215717 -0.195750
v -0.037488 0.206751 -0.230902
v -0.063901 0.204216 -0.249684
v -0.093783 0.210468 -0.256478
v -0.125808 0.222204 -0.243237
v -0.102600 0.618129 0.105534
v -0.138609 0.645229 0.067104
v -0.159200 0.649178 0.032924
v -0.158200 0.665842 0.026690
v -0.171900 0.670497 -0.024732
v -0.157800 0.628268 -0.022312
v -0.045414 0.654597 0.119064
v -0.095617 0.642938 0.095450
v -0.090381 0.662705 0.102876
v -0.130928 0.665648 0.065993
v -0.120293 0.682396 0.070128
v -0.167000 0.691855 -0.022382
v -0.157600 0.707537 -0.077368
v -0.145400 0.722277 -0.070770
v -0.164800 0.687358 -0.083314
v -0.137500 0.700867 -0.127139
v -0.131000 0.720172 -0.117411
v -0.092600 0.711852 -0.160740
v -0.040400 0.718727 -0.182013
v -0.038700 0.734841 -0.168772
v -0.088600 0.729428 -0.148631
v -0.044452 0.666090 0.116562
v -0.040586 0.685708 0.100113
v -0.090011 0.678982 0.095724
v -0.077248 0.693561 0.073978
v -0.119482 0.694532 0.064012
v -0.108053 0.706152 0.054801
v -0.141100 0.708492 0.027074
v -0.133100 0.723207 0.029140
v -0.157900 0.732869 -0.018147
v -0.146700 0.749949 -0.014622
v -0.151300 0.746866 -0.064768
v -0.141300 0.762226 -0.056456
v -0.150700 0.733318 -0.068991
v -0.125800 0.745045 -0.106692
v -0.126000 0.759500 -0.102115
v -0.120700 0.732203 -0.107733
v -0.081800 0.738336 -0.136012
v -0.086200 0.752170 -0.135834
v -0.034900 0.742393 -0.152602
v -0.038500 0.754234 -0.153395
v -0.077000 0.789209 -0.106502
v -0.034100 0.789491 -0.122477
v -0.081400 0.782366 -0.117330
v -0.037300 0.782252 -0.135262
v -0.129100 0.754446 -0.011158
v -0.129500 0.768752 -0.048722
v -0.112000 0.782807 -0.076077
v -0.118300 0.775923 -0.088611
v -0.086700 0.766613 -0.131121
v -0.039400 0.767978 -0.148782
v -0.093500 0.705235 0.047013
v -0.117200 0.724586 0.028127
v -0.062229 0.694674 0.058901
v -0.029050 0.689675 0.069064
v -0.084300 0.623729 -0.177937
v -0.037100 0.641217 -0.189639
v -0.073900 0.559031 -0.198392
v -0.035300 0.575993 -0.207633
v -0.044900 0.457386 0.059691
v -0.051900 0.444696 0.073140
v -0.049700 0.468307 0.084186
v -0.063700 0.427314 0.054665
v -0.159800 0.457620 0.054158
v -0.163500 0.486093 0.078968
v -0.153300 0.509335 0.097325
v -0.129800 0.525777 0.114812
v -0.055900 0.859438 0.128217
v -0.030400 0.864904 0.131935
v -0.048500 0.876873 0.116664
v -0.060700 0.868573 0.118144
v -0.074400 0.851209 0.123829
v -0.030600 0.879878 0.119517
v -0.021100 0.875699 0.123796
v -0.013000 0.862549 0.132319
v -0.033100 0.844563 0.139914
v -0.014100 0.846430 0.139644
v -0.058300 0.837171 0.137096
v -0.074500 0.826745 0.134472
v -0.005600 0.862037 0.131001
v -0.011900 0.879678 0.117244
v -0.026500 0.886379 0.111454
v -0.050700 0.882467 0.107436
v -0.062500 0.875576 0.108444
v -0.075400 0.863306 0.112984
v -0.084200 0.850794 0.118073
v -0.074800 0.875477 0.068996
v -0.089300 0.863627 0.071746
v -0.061500 0.883161 0.086206
v -0.054000 0.888624 0.083455
v -0.050200 0.893172 0.062770
v -0.023900 0.900822 0.075497
v -0.102400 0.833348 0.108396
v -0.086900 0.813843 0.132505
v -0.103500 0.852347 0.058826
v -0.090100 0.900559 0.065024
v -0.106000 0.887941 0.064189
v -0.092900 0.896793 0.081969
v -0.105000 0.884353 0.074254
v -0.112700 0.866612 0.057293
v -0.075800 0.904032 0.066219
v -0.074800 0.903717 0.079864
v -0.059600 0.902415 0.073401
v -0.074500 0.900788 0.046341
v -0.090300 0.892190 0.036893
v -0.110900 0.877434 0.041726
v -0.087800 0.887044 0.086454
v -0.075600 0.893251 0.088841
v -0.094800 0.879227 0.081510
v -0.061700 0.896142 0.085250
v -0.069800 0.888095 0.087496
v -0.082900 0.880852 0.082687
v -0.092400 0.870733 0.076577
v -0.061100 0.887792 0.029447
v -0.074800 0.878165 0.013661
v -0.095600 0.860973 0.010545
v -0.102000 0.865000 0.071775
v -0.117000 0.809525 0.103475
v -0.128600 0.819686 0.059074
v -0.129700 0.797282 0.089652
v -0.117400 0.786776 0.117129
v -0.098200 0.793735 0.129452
v -0.104800 0.779813 0.130175
v -0.109300 0.850281 0.029862
v 0.065800 0.786121 0.140621
v -0.138000 0.815301 0.025560
v -0.111600 0.846704 0.008208
v -0.031700 0.899056 0.021998
v -0.077900 0.873423 -0.014329
v -0.037000 0.886650 -0.026011
v -0.051200 0.794969 0.147576
v -0.040800 0.796780 0.151652
v -0.029400 0.794857 0.153537
v -0.022100 0.791292 0.150219
v -0.019600 0.788119 0.145762
v -0.018000 0.784902 0.140412
v -0.096588 0.307566 -0.286308
v -0.119590 0.321189 -0.268900
v -0.129548 0.343149 -0.248357
v -0.117200 0.378182 -0.232053
v -0.011800 0.775326 0.157939
v -0.012500 0.764936 0.168009
v -0.056900 0.785939 0.137809
v -0.053700 0.790294 0.143551
v -0.049200 0.792549 0.146620
v -0.040700 0.793635 0.149612
v -0.031000 0.791838 0.149476
v -0.025000 0.790349 0.144668
v -0.022200 0.787648 0.141621
v -0.020900 0.784109 0.137003
v -0.066100 0.809864 0.141789
v -0.049500 0.822806 0.143664
v -0.021800 0.783688 0.135725
v -0.023400 0.787143 0.139541
v -0.026200 0.789680 0.141969
v -0.032300 0.791509 0.145507
v -0.040300 0.792373 0.145778
v -0.047900 0.791118 0.143914
v -0.052100 0.789200 0.141321
v -0.055800 0.785753 0.136744
v -0.028000 0.784718 0.145794
v -0.026800 0.781474 0.144475
v -0.030100 0.786914 0.146761
v -0.033800 0.788499 0.147131
v -0.040000 0.789005 0.146480
v -0.046500 0.787940 0.143935
v -0.035100 0.820970 0.150067
v -0.050000 0.786063 0.141251
v -0.032100 0.827478 0.143973
v -0.051800 0.783933 0.138892
v -0.053100 0.780327 0.135665
v -0.023700 0.820699 0.150931
v -0.015800 0.818180 0.150696
v -0.013800 0.826837 0.143691
v -0.011100 0.823022 0.144414
v -0.028800 0.777879 0.144203
v -0.030600 0.775338 0.143521
v -0.033700 0.773661 0.143110
v -0.036700 0.772216 0.141927
v -0.040700 0.771927 0.140598
v -0.044700 0.772326 0.138698
v -0.048000 0.773876 0.137414
v -0.001700 0.809819 0.146358
v -0.000800 0.798743 0.149675
v -0.050200 0.776007 0.137041
v -0.051800 0.778361 0.136657
v -0.138100 0.781197 0.082537
v -0.129600 0.763117 0.108820
v -0.114100 0.753285 0.124290
v -0.092700 0.746817 0.134846
v -0.146300 0.776626 0.054669
v -0.084900 0.852736 -0.058964
v -0.038700 0.859337 -0.076811
v -0.120000 0.832604 -0.032398
v -0.147300 0.804341 -0.008983
v -0.151000 0.770673 0.026869
v -0.073600 0.743101 0.135757
v -0.058600 0.741732 0.133947
v -0.007100 0.731828 0.189944
v -0.008100 0.733660 0.192614
v -0.008700 0.732728 0.189058
v -0.011000 0.733631 0.190979
v -0.005900 0.729210 0.190465
v -0.009700 0.723882 0.185103
v -0.003600 0.719864 0.183962
v -0.007500 0.725223 0.187175
v -0.002300 0.722753 0.187827
v -0.000400 0.722553 0.187608
v -0.000600 0.726876 0.191574
v -0.002800 0.727434 0.191641
v -0.000100 0.718766 0.181889
v -0.000800 0.734104 0.194242
v -0.004200 0.734071 0.194141
v -0.007300 0.741175 0.193868
v -0.016600 0.740848 0.189903
v -0.000800 0.741585 0.194397
v -0.008800 0.746926 0.188128
v -0.000600 0.747563 0.189901
v -0.009200 0.748126 0.181594
v -0.036800 0.784043 0.147573
v -0.033400 0.783179 0.147302
v -0.040800 0.784325 0.146932
v -0.045200 0.783649 0.144995
v -0.048500 0.782126 0.142249
v -0.023100 0.755668 0.171584
v -0.011800 0.755312 0.176118
v -0.023300 0.744241 0.179099
v -0.017700 0.742221 0.183846
v -0.049400 0.779257 0.140330
v -0.032500 0.748119 0.172274
v -0.056600 0.735963 0.146715
v -0.051400 0.730906 0.161524
v -0.042700 0.729019 0.171723
v -0.017300 0.730533 0.187372
v -0.019300 0.731664 0.182577
v -0.012900 0.726804 0.185812
v -0.010800 0.722263 0.180901
v -0.003300 0.719199 0.178412
v -0.000200 0.718957 0.177670
v -0.031400 0.729551 0.178470
v -0.135900 0.739268 0.090643
v -0.115400 0.728216 0.109396
v -0.090800 0.727231 0.122236
v -0.073800 0.731412 0.127120
v -0.050400 0.715920 0.154157
v -0.057600 0.721159 0.136680
v -0.040400 0.714176 0.166343
v -0.029100 0.714676 0.173654
v -0.019800 0.717505 0.177522
v -0.008300 0.712679 0.173352
v -0.061700 0.727190 0.124163
v -0.014500 0.707796 0.168782
v -0.020600 0.704604 0.164317
v -0.028700 0.702862 0.157581
v -0.036600 0.703587 0.148700
v -0.042500 0.706259 0.136477
v -0.001400 0.713978 0.167065
v -0.007800 0.708477 0.161574
v -0.015200 0.705259 0.156988
v -0.024900 0.703241 0.150410
v -0.032100 0.703836 0.144385
v 0.000000 0.712180 0.156682
v -0.002300 0.710615 0.133242
v -0.008500 0.709144 0.135359
v -0.021700 0.706682 0.137737
v -0.048600 0.711069 0.121843
v -0.053400 0.715148 0.108148
v -0.134500 0.717235 0.065179
v -0.108400 0.707315 0.091639
v -0.085500 0.710176 0.103776
v -0.061300 0.714829 0.106317
v -0.012200 0.702689 0.153566
v -0.027600 0.701956 0.145175
v -0.025800 0.695550 0.139442
v -0.011300 0.694769 0.147463
v -0.102646 0.688445 0.084396
v -0.073288 0.696849 0.101651
v -0.077216 0.662136 0.107148
v -0.052993 0.679540 0.109586
v -0.046706 0.708405 0.107886
v -0.035536 0.698453 0.108765
v -0.037400 0.699241 0.127643
v -0.027100 0.694384 0.128788
v -0.011000 0.689894 0.135048
v -0.016936 0.689492 0.111170
v -0.033686 0.658899 0.119331
v -0.026145 0.671760 0.116161
v -0.106159 0.699174 0.061385
v -0.078828 0.680294 0.089948
v -0.127700 0.721069 0.037867
v -0.036700 0.820453 -0.112785
v -0.085100 0.821049 -0.093841
v -0.122700 0.809425 -0.064638
v -0.145700 0.786072 -0.040571
v -0.145800 0.762131 0.000348
v -0.039616 0.673066 0.112693
v -0.047800 0.777217 0.140743
v -0.046300 0.776082 0.141335
v -0.044300 0.775415 0.142353
v -0.041200 0.775085 0.143847
v -0.038000 0.775587 0.144942
v -0.035500 0.776604 0.145608
v -0.056900 0.309700 -0.303194
v -0.038700 0.780346 0.147037
v -0.041000 0.780141 0.146510
v -0.044100 0.779750 0.144917
v -0.046900 0.778919 0.142585
v -0.012000 0.727713 0.185928
v -0.045000 0.710243 0.119307
v -0.009800 0.730233 0.185703
v -0.010400 0.731923 0.187499
v -0.007900 0.728471 0.185264
v 0.069100 0.777226 0.134519
v -0.005300 0.725764 0.189510
v -0.014700 0.731121 0.188493
v -0.004600 0.287288 -0.280120
v -0.016800 0.303725 -0.299812
v -0.034000 0.297995 -0.303423
v -0.046000 0.709641 0.117625
v -0.038300 0.704003 0.132431
v -0.001300 0.709396 0.145523
v -0.001200 0.701899 0.155581
v 0.137578 0.148913 -0.219797
v 0.147637 0.138614 -0.184708
v 0.136921 0.132421 -0.160214
v 0.096090 0.127851 -0.154222
v 0.117995 0.127662 -0.150802
v 0.073200 0.787912 0.141519
v 0.075700 0.778981 0.136028
v -0.024900 0.351830 -0.307502
v 0.039400 0.760238 0.151182
v 0.034500 0.764205 0.151184
v -0.020900 0.325459 -0.308526
v -0.038500 0.314097 -0.304995
v -0.096500 0.382899 -0.261176
v -0.109100 0.355849 -0.266970
v -0.101000 0.339917 -0.279438
v -0.084000 0.323401 -0.291932
v -0.053700 0.340208 -0.302277
v -0.075700 0.363747 -0.287475
v -0.071800 0.330199 -0.296435
v -0.085600 0.353524 -0.285194
vn 0.5875 -0.1045 -0.8024
vn 0.6370 0.3816 -0.6698
vn 0.8548 -0.3227 -0.4064
vn 0.9711 0.1711 -0.1664
vn 0.4347 0.8589 0.2709
vn 0.3088 0.7667 0.5629
vn 0.7302 0.4950 0.4709
vn 0.7892 0.6085 0.0834
vn 0.1088 0.9911 -0.0763
vn 0.0442 0.9126 0.4065
vn 0.3603 0.8317 -0.4225
vn 0.7816 -0.6229 -0.0341
vn 0.9205 -0.2699 0.2827
vn -0.2230 0.9716 -0.0789
vn -0.3435 0.7956 0.4990
vn -0.1020 0.6929 0.7138
vn 0.2433 0.3318 0.9114
vn 0.3261 0.1444 0.9342
vn 0.7433 0.4135 0.5259
vn 0.4623 0.7543 0.4661
vn -0.0056 0.4735 0.8808
vn 0.0291 0.1514 0.9880
vn 0.1441 0.8897 0.4332
vn 0.6411 -0.7673 0.0164
vn 0.8306 -0.5327 -0.1625
vn 0.9976 -0.0645 0.0250
vn 0.8616 0.5048 -0.0537
vn 0.5606 0.8163 -0.1390
vn 0.9460 0.1096 -0.3050
vn 0.6791 0.5591 -0.4755
vn 0.6790 0.0829 -0.7295
vn 0.7538 -0.3980 -0.5229
vn 0.3752 0.0936 -0.9222
vn 0.4476 0.5960 -0.6666
vn 0.3473 -0.4923 -0.7981
vn 0.4220 -0.8557 -0.2996
vn -0.0062 -0.8873 -0.4611
vn -0.0223 -0.4682 -0.8834
vn 0.1041 0.0302 -0.9941
vn -0.2185 0.1022 -0.9705
vn -0.3857 -0.4237 -0.8196
vn 0.0805 0.6191 -0.7812
vn 0.2368 0.6033 -0.7615
vn 0.2753 0.9155 -0.2933
vn 0.2528 0.9437 -0.2132
vn 0.3642 0.9075 -0.2095
vn 0.0976 0.9288 0.3576
vn 0.3045 0.8658 0.3971
vn 0.0689 0.4965 0.8653
vn 0.4206 0.4658 0.7786
vn 0.2079 0.2581 0.9435
vn 0.5066 0.2113 0.8359
vn 0.1765 -0.2902 0.9406
vn 0.2703 -0.3630 0.8917
vn 0.1850 -0.5966 0.7810
vn 0.1651 -0.6383 0.7519
vn 0.2858 -0.5149 0.8082
vn 0.2301 -0.2448 0.9419
vn 0.5616 -0.3311 0.7583
vn 0.4547 -0.1856 0.8711
vn 0.2643 -0.7862 0.5585
vn 0.1068 -0.8266 0.5526
vn 0.5584 -0.6445 0.5223
vn 0.3842 -0.9203 -0.0734
vn 0.1208 -0.9869 -0.1071
vn -0.0489 -0.8190 0.5716
vn -0.3163 -0.9458 -0.0742
vn -0.4460 -0.7946 -0.4120
vn -0.7714 -0.6104 -0.1802
vn -0.7213 -0.6767 0.1480
vn -0.7108 -0.2722 -0.6487
vn -0.9039 0.0504 -0.4247
vn -0.9469 -0.3040 0.1048
vn -0.5099 0.1832 -0.8405
vn -0.5437 0.4051 -0.7351
vn -0.1028 0.5753 -0.8114
vn 0.0095 0.6881 -0.7255
vn 0.3777 0.8854 -0.2710
vn 0.6272 0.7133 -0.3127
vn 0.6119 0.7222 0.3224
vn 0.8881 0.4563 0.0554
vn 0.7609 0.3042 0.5731
vn 0.9514 0.0989 0.2916
vn 0.8461 -0.0349 0.5319
vn 0.7316 0.0934 0.6753
vn 0.3204 -0.4337 0.8422
vn 0.2911 -0.4064 0.8661
vn -0.0211 -0.4510 0.8923
vn -0.0277 -0.6536 0.7564
vn -0.3201 -0.5318 0.7840
vn -0.2064 -0.7196 0.6630
vn -0.3535 -0.2528 0.9006
vn -0.0196 -0.2806 0.9596
vn -0.8537 -0.2979 0.4272
vn -0.7527 0.0639 0.6553
vn -0.9522 0.0868 0.2930
vn -0.7390 0.4691 0.4836
vn -0.5020 0.4232 0.7543
vn -0.8720 0.4264 -0.2405
vn -0.6148 0.7826 -0.0980
vn -0.4878 0.6163 -0.6182
vn -0.2676 0.7983 -0.5396
vn 0.1435 0.6680 -0.7302
vn 0.2515 0.5622 -0.7878
vn 0.7518 0.3842 -0.5359
vn 0.6862 0.0648 -0.7245
vn 0.9735 0.0268 -0.2272
vn 0.8306 -0.3641 -0.4214
vn 0.9192 -0.3916 0.0420
vn 0.9722 -0.1530 0.1773
vn 0.8738 -0.3702 0.3154
vn 0.9014 -0.1954 0.3863
vn 0.3226 -0.3212 0.8904
vn 0.4421 -0.2488 0.8618
vn 0.1187 -0.1007 0.9878
vn 0.4010 0.0635 0.9139
vn 0.6112 -0.1737 0.7722
vn 0.0433 0.2684 0.9623
vn -0.2566 -0.0055 0.9665
vn 0.5857 0.0210 0.8102
vn 0.6688 -0.1664 0.7245
vn 0.3392 0.4026 0.8502
vn 0.7930 -0.5358 0.2900
vn 0.7899 -0.6124 0.0332
vn 0.6898 -0.5491 -0.4719
vn 0.6082 -0.1649 -0.7764
vn 0.3449 0.4110 -0.8439
vn 0.0012 0.8432 -0.5377
vn 0.7858 -0.3283 0.5242
vn 0.6979 -0.1041 0.7086
vn 0.2819 0.1148 -0.9525
vn 0.4558 0.3300 -0.8266
vn 0.4656 0.2571 -0.8468
vn 0.3716 0.1294 -0.9193
vn 0.5824 0.4675 -0.6650
vn 0.5014 0.2542 -0.8270
vn 0.6798 0.4708 -0.5623
vn 0.6769 0.3517 -0.6466
vn 0.5562 0.1770 -0.8120
vn 0.3959 0.0965 -0.9132
vn 0.4378 0.0813 -0.8954
vn 0.3015 -0.0582 -0.9517
vn 0.0238 -0.1031 -0.9944
vn 0.1695 -0.0732 -0.9828
vn 0.5266 0.4101 -0.7447
vn 0.4266 0.3653 -0.8274
vn 0.3036 0.2877 -0.9083
vn 0.1260 0.2620 -0.9568
vn 0.1517 0.1524 -0.9766
vn 0.0594 -0.1602 -0.9853
vn 0.4865 0.0180 -0.8735
vn 0.6690 0.1299 -0.7318
vn 0.8264 0.3286 -0.4573
vn 0.7916 0.5324 -0.2999
vn 0.6336 0.4403 -0.6361
vn 0.8208 0.1727 -0.5445
vn 0.7538 0.5882 -0.2930
vn 0.6734 0.2780 -0.6851
vn 0.6747 0.2568 -0.6920
vn 0.7383 0.1627 -0.6545
vn -0.1777 -0.2028 -0.9630
vn -0.1307 -0.4562 -0.8802
vn 0.0003 -0.4850 -0.8745
vn -0.0003 -0.1830 -0.9831
vn -0.0000 0.1358 -0.9907
vn -0.0004 0.3118 -0.9501
vn -0.1196 0.2255 0.9669
vn -0.0000 0.3218 0.9468
vn -0.0412 0.2535 0.9665
vn -0.1607 0.2840 0.9453
vn 0.2425 0.4373 -0.8660
vn -0.0003 0.4388 -0.8986
vn 0.2087 0.3942 -0.8950
vn -0.0000 0.4192 -0.9079
vn 0.2050 0.4639 -0.8619
vn -0.0000 0.4854 -0.8743
vn 0.2068 0.3912 -0.8968
vn -0.0003 0.4046 -0.9145
vn 0.1449 0.3152 -0.9379
vn -0.0004 0.3193 -0.9477
vn 0.0029 -0.8759 -0.4824
vn -0.4722 -0.8029 -0.3638
vn 0.0011 -0.9094 -0.4159
vn -0.2207 -0.9024 -0.3701
vn -0.1900 -0.4557 0.8696
vn -0.1882 -0.2664 0.9453
vn -0.3112 -0.4238 0.8506
vn -0.0549 -0.5426 0.8382
vn -0.0333 -0.2581 0.9655
vn 0.1627 -0.5999 0.7834
vn 0.1764 -0.2786 0.9441
vn 0.2175 -0.7677 0.6028
vn 0.2830 -0.6093 0.7407
vn 0.1346 -0.6528 0.7455
vn 0.0072 -0.7589 0.6512
vn 0.2048 0.9030 0.3777
vn 0.2390 0.9451 0.2230
vn 0.1251 0.9416 0.3127
vn 0.0600 0.7934 0.6058
vn 0.1246 0.9866 0.1056
vn -0.0073 -0.6654 0.7464
vn 0.0032 0.9941 0.1080
vn 0.0008 0.8937 0.4486
vn 0.0034 0.7804 0.6253
vn -0.2859 -0.9467 0.1486
vn 0.0027 -0.9817 0.1904
vn -0.0035 -0.9982 0.0602
vn -0.2469 -0.9689 0.0145
vn 0.0017 -0.9502 0.3117
vn -0.4315 -0.7938 0.4286
vn 0.0028 -0.9342 0.3566
vn 0.0742 -0.9701 0.2312
vn 0.0184 -0.9644 0.2639
vn -0.1362 -0.9889 -0.0600
vn 0.0026 -0.9962 -0.0869
vn 0.0395 -0.8241 0.5650
vn 0.0071 -0.8209 0.5711
vn 0.0581 -0.5132 0.8563
vn 0.0026 -0.5809 0.8140
vn 0.0235 -0.6811 0.7318
vn 0.0090 -0.6910 0.7228
vn 0.0460 -0.1911 0.9805
vn -0.0043 -0.2137 0.9769
vn 0.0755 0.3147 0.9462
vn 0.0099 0.2374 0.9714
vn 0.4648 -0.7859 0.4078
vn 0.6733 -0.7113 0.2016
vn 0.7211 -0.5350 0.4403
vn 0.4630 -0.6379 0.6154
vn 0.7395 -0.6693 0.0711
vn 0.7997 -0.5756 0.1710
vn 0.7245 -0.6799 0.1133
vn 0.3324 0.8433 0.4224
vn 0.5159 0.4602 0.7225
vn 0.2336 0.7962 0.5581
vn 0.5023 -0.1115 0.8575
vn 0.5214 0.6669 0.5323
vn 0.6962 0.3771 0.6108
vn -0.0495 0.9613 0.2710
vn -0.0138 0.7555 0.6550
vn 0.0874 0.8370 0.5401
vn 0.5464 -0.0774 -0.8340
vn 0.2541 -0.1582 -0.9542
vn 0.8246 0.0731 0.5610
vn 0.8302 -0.1623 0.5333
vn 0.8342 -0.1485 0.5312
vn -0.1662 -0.9683 -0.1864
vn -0.0042 -0.9875 -0.1573
vn -0.0103 -0.9841 -0.1773
vn -0.1069 -0.9899 -0.0928
vn 0.1344 -0.9860 -0.0983
vn 0.1532 -0.9795 -0.1306
vn -0.3252 -0.1870 -0.9270
vn -0.4286 -0.4283 -0.7955
vn -0.0027 -0.7608 -0.6490
vn 0.3133 -0.9382 -0.1471
vn -0.4668 -0.6181 -0.6325
vn -0.0037 -0.7444 -0.6677
vn -0.6942 -0.2559 -0.6728
vn -0.6522 -0.4736 -0.5918
vn -0.0002 0.7735 0.6338
vn -0.1189 0.7757 0.6198
vn 0.0011 0.9429 0.3331
vn 0.1469 0.9686 0.2004
vn 0.2517 0.9565 -0.1475
vn -0.0109 0.9944 -0.1047
vn 0.2731 0.9145 -0.2985
vn -0.0005 0.9292 -0.3695
vn 0.0016 0.7362 -0.6767
vn 0.1906 0.7838 -0.5911
vn 0.2029 0.4773 -0.8550
vn 0.0020 0.4075 -0.9132
vn -0.0001 0.2924 -0.9563
vn 0.1816 0.2920 -0.9390
vn 0.1521 0.8001 -0.5803
vn 0.0010 0.7374 -0.6754
vn 0.0009 0.8761 -0.4821
vn 0.0987 0.8741 -0.4756
vn 0.2119 0.4905 -0.8453
vn -0.0007 0.3985 -0.9172
vn 0.2166 0.0700 -0.9738
vn -0.0054 0.0141 -0.9999
vn 0.1590 -0.1321 -0.9784
vn -0.0061 -0.0969 -0.9953
vn 0.2247 0.7903 -0.5700
vn 0.0002 0.7403 -0.6723
vn 0.0014 0.9140 -0.4056
vn 0.1919 0.9001 -0.3911
vn 0.2733 0.3969 -0.8762
vn -0.0020 0.3036 -0.9528
vn 0.1976 -0.0499 -0.9790
vn -0.0022 -0.0566 -0.9984
vn 0.2506 -0.2087 -0.9453
vn -0.0026 -0.2270 -0.9739
vn 0.1776 0.3091 -0.9343
vn 0.0045 0.2810 -0.9597
vn 0.0054 0.3728 -0.9279
vn 0.2894 0.4156 -0.8623
vn 0.2000 0.3288 -0.9230
vn 0.0003 0.3421 -0.9396
vn 0.1254 -0.7490 0.6506
vn -0.2026 -0.6411 0.7402
vn -0.0193 -0.9141 0.4051
vn 0.3934 -0.7870 0.4753
vn 0.4529 -0.1405 0.8804
vn 0.4176 -0.1877 0.8890
vn 0.6771 0.1626 0.7177
vn 0.7081 -0.1121 0.6972
vn -0.0885 -0.1560 0.9838
vn -0.0466 -0.2409 0.9694
vn -0.1116 -0.2816 0.9530
vn 0.0241 -0.5409 0.8407
vn 0.0471 -0.4755 0.8784
vn 0.3526 -0.5944 0.7228
vn 0.3958 -0.3247 0.8590
vn 0.8381 -0.1730 0.5174
vn 0.6536 -0.3699 0.6603
vn 0.7468 0.2570 0.6134
vn 0.2956 -0.7455 0.5974
vn 0.5680 -0.5244 0.6343
vn 0.1304 -0.6455 0.7526
vn 0.3737 -0.4746 0.7969
vn 0.2673 -0.4568 0.8485
vn 0.8459 0.5331 -0.0177
vn 0.9113 0.2407 -0.3340
vn 0.4404 -0.4066 0.8004
vn -0.1711 -0.0898 0.9811
vn 0.8969 -0.2539 0.3622
vn 0.7119 -0.5496 0.4372
vn 0.3759 -0.9112 -0.1684
vn 0.3608 -0.9216 -0.1427
vn 0.6684 -0.7127 0.2129
vn 0.6422 -0.7611 0.0910
vn 0.6407 -0.7121 0.2872
vn -0.1861 -0.2704 0.9446
vn -0.0372 0.0356 0.9987
vn -0.0196 -0.5262 0.8502
vn 0.0352 -0.5460 0.8370
vn 0.4543 -0.7172 0.5283
vn 0.5299 -0.7829 0.3259
vn -0.2373 0.2730 0.9323
vn 0.0078 0.2821 0.9594
vn 0.4723 -0.5763 0.6669
vn 0.5175 -0.3821 0.7656
vn 0.5697 -0.4992 0.6529
vn 0.6548 -0.3951 0.6443
vn 0.5899 -0.1836 0.7864
vn 0.6703 -0.2591 0.6954
vn 0.4234 -0.0577 0.9041
vn 0.1686 0.0244 0.9854
vn -0.0725 -0.0004 0.9974
vn -0.2961 -0.0703 0.9526
vn -0.3977 -0.1682 0.9020
vn -0.5538 -0.0557 0.8308
vn -0.4308 0.0947 0.8975
vn -0.6707 -0.1705 0.7219
vn 0.7196 -0.6774 0.1526
vn 0.5826 -0.7495 0.3144
vn 0.6639 -0.7276 0.1727
vn -0.1985 -0.3272 -0.9239
vn 0.0549 0.8158 0.5757
vn -0.0000 0.8208 0.5713
vn -0.0000 0.7909 0.6119
vn -0.5304 -0.3630 0.7661
vn -0.3877 -0.3244 0.8628
vn -0.6698 -0.2259 0.7073
vn -0.3916 -0.5431 0.7427
vn -0.2604 -0.6177 0.7420
vn -0.0999 -0.7500 0.6538
vn 0.1234 -0.8026 0.5836
vn 0.3270 -0.7995 0.5038
vn 0.5192 -0.6866 0.5090
vn 0.6683 -0.5923 0.4502
vn 0.7799 -0.4889 0.3907
vn 0.8393 -0.4157 0.3504
vn 0.7951 -0.5825 0.1691
vn 0.7900 -0.6129 0.0155
vn 0.7771 -0.5620 0.2832
vn -0.4527 0.5693 0.6862
vn 0.0721 0.6119 0.7877
vn -0.2071 0.6069 0.7673
vn 0.2702 0.6961 0.6652
vn -0.4904 0.5816 0.6491
vn -0.1401 0.3597 0.9225
vn 0.8026 -0.5837 0.1231
vn 0.0535 -0.7899 -0.6109
vn 0.2574 -0.8467 -0.4657
vn -0.0357 -0.8276 -0.5602
vn -0.1462 -0.7616 -0.6313
vn -0.0442 -0.8932 -0.4475
vn -0.0919 -0.8593 -0.5032
vn -0.0027 -0.9198 -0.3924
vn -0.0871 -0.8233 -0.5609
vn 0.2002 -0.8290 -0.5221
vn 0.5495 -0.7462 -0.3757
vn 0.8884 -0.3948 -0.2342
vn 0.5926 -0.7125 -0.3757
vn 0.7409 -0.5614 -0.3687
vn 0.9271 -0.2956 -0.2306
vn 0.7404 0.0090 -0.6721
vn 0.7278 0.3400 -0.5956
vn 0.8432 0.2120 -0.4939
vn 0.7621 -0.2715 -0.5879
vn 0.4842 0.2340 -0.8431
vn 0.4550 0.4852 -0.7467
vn 0.4794 -0.7692 0.4226
vn 0.2015 -0.6598 0.7239
vn -0.1386 -0.8208 0.5541
vn 0.8326 -0.5453 0.0975
vn 0.9953 -0.0615 0.0741
vn 0.9979 0.0625 -0.0143
vn 0.4930 0.7478 -0.4446
vn 0.7405 0.6320 -0.2284
vn 0.7825 0.5798 -0.2271
vn 0.6200 -0.7639 0.1789
vn 0.0817 0.3338 0.9391
vn 0.0101 0.3143 0.9493
vn 0.0505 0.1739 0.9835
vn -0.0148 0.2264 0.9739
vn 0.2430 0.0947 0.9654
vn 0.1177 0.0480 0.9919
vn 0.2067 -0.9543 0.2159
vn -0.0034 -0.9476 0.3196
vn -0.0222 -0.9954 0.0927
vn 0.3002 -0.9507 0.0781
vn 0.5448 -0.8383 0.0222
vn 0.3690 -0.9229 0.1097
vn 0.3490 -0.1773 0.9202
vn 0.1988 -0.0541 0.9785
vn 0.1527 -0.1790 0.9719
vn 0.2157 -0.2052 0.9546
vn 0.2482 -0.3860 0.8885
vn 0.5374 -0.6188 0.5729
vn 0.0727 -0.7234 0.6866
vn 0.1103 -0.8048 0.5832
vn 0.0216 -0.7859 0.6180
vn 0.1842 -0.7263 0.6622
vn 0.1988 -0.6415 0.7409
vn 0.5764 -0.5185 0.6316
vn 0.8827 -0.2869 0.3722
vn 0.9543 0.2006 0.2216
vn 0.7903 -0.6087 0.0708
vn 0.9256 -0.3620 0.1107
vn 0.7663 -0.6412 0.0406
vn 0.8692 -0.4707 0.1512
vn 0.6816 -0.7238 0.1074
vn 0.7992 -0.5121 0.3148
vn -0.2690 -0.9629 0.0201
vn -0.2519 -0.9656 -0.0641
vn -0.4051 -0.9021 0.1488
vn -0.4972 -0.8195 0.2850
vn 0.0312 -0.9954 -0.0904
vn -0.1208 -0.9927 0.0006
vn -0.2645 -0.9581 0.1102
vn -0.3599 -0.9030 0.2346
vn -0.3691 -0.8195 0.4385
vn -0.1114 -0.6691 0.7348
vn 0.5620 -0.7757 0.2871
vn 0.5879 -0.5766 0.5674
vn 0.3753 -0.7836 0.4951
vn 0.3089 -0.5836 0.7510
vn 0.2094 -0.7537 0.6230
vn 0.0771 -0.6955 0.7143
vn 0.1353 -0.5001 0.8553
vn 0.0011 -0.6367 0.7711
vn 0.0550 -0.5243 0.8497
vn 0.9061 0.3132 0.2844
vn 0.9318 0.1419 0.3342
vn 0.0334 -0.5808 0.8134
vn -0.0724 -0.2951 0.9527
vn 0.0181 -0.3826 0.9237
vn 0.0080 -0.6191 0.7852
vn 0.3685 -0.1145 0.9225
vn 0.4096 -0.0504 0.9109
vn 0.6440 -0.0117 0.7650
vn 0.8404 -0.0046 0.5419
vn 0.4034 0.3896 0.8279
vn 0.4887 0.4039 0.7733
vn 0.2339 -0.3247 0.9165
vn 0.5781 -0.1912 0.7932
vn 0.8460 0.0081 0.5332
vn 0.9087 0.2730 0.3159
vn 0.5181 0.4157 0.7475
vn 0.2420 -0.9692 0.0448
vn 0.2665 -0.8470 0.4600
vn 0.9527 0.0464 0.3003
vn 0.7495 0.6089 0.2599
vn 0.6372 0.5539 0.5358
vn 0.7328 0.5647 0.3795
vn 0.6777 0.6068 0.4153
vn 0.1933 0.5864 0.7866
vn 0.1851 0.5723 0.7989
vn 0.0047 0.5341 0.8454
vn 0.0029 0.5974 0.8020
vn 0.2620 0.6628 0.7015
vn 0.0004 0.7012 0.7130
vn 0.2570 0.7265 0.6373
vn 0.2059 0.7830 0.5870
vn 0.3794 0.5982 0.7059
vn 0.5074 0.6737 0.5373
vn 0.7311 -0.1438 0.6670
vn 0.8461 -0.2308 0.4804
vn 0.5959 -0.0003 0.8031
vn 0.2585 0.9299 0.2615
vn 0.3556 0.8087 0.4685
vn 0.3764 0.1499 0.9143
vn 0.0999 0.1907 0.9766
vn -0.1645 0.1667 0.9722
vn 0.3183 0.2448 0.9158
vn 0.2501 -0.2380 0.9385
vn 0.3951 -0.2376 0.8874
vn 0.6085 -0.7700 0.1917
vn -0.1438 0.2671 0.9529
vn -0.0291 0.1911 0.9811
vn -0.1871 0.1077 0.9764
vn 0.2121 0.0678 0.9749
vn 0.9166 0.3585 0.1767
vn 0.6982 0.7119 -0.0758
vn 0.7511 0.6602 0.0003
vn 0.5632 0.8041 -0.1903
vn 0.5739 0.1356 0.8076
vn 0.7514 0.2854 0.5949
vn 0.8668 0.3751 0.3285
vn 0.8466 -0.4920 0.2030
vn 0.8882 -0.4192 0.1882
vn 0.7645 -0.6034 0.2269
vn 0.5285 -0.7814 0.3318
vn -0.6600 -0.1508 0.7360
vn -0.4956 -0.6526 0.5731
vn -0.4210 -0.6070 0.6740
vn -0.3681 0.0121 0.9297
vn -0.5352 0.3869 0.7509
vn -0.0392 0.3424 0.9387
vn -0.3704 0.4956 0.7856
vn -0.4896 0.4827 0.7261
vn 0.2682 -0.8793 0.3936
vn 0.1272 -0.8818 0.4541
vn -0.0843 -0.8319 0.5485
vn -0.3135 -0.7116 0.6288
vn -0.5343 -0.4731 0.7005
vn -0.7283 -0.2288 0.6459
vn -0.7946 -0.0484 0.6052
vn -0.0667 0.3235 0.9439
vn 0.0196 0.2171 0.9760
vn 0.1214 0.3178 0.9404
vn 0.2195 0.2532 0.9422
vn 0.2921 0.3386 0.8944
vn -0.0647 0.6295 0.7743
vn -0.2450 0.6276 0.7390
vn 0.1431 0.6002 0.7869
vn 0.0705 0.7221 0.6882
vn 0.2410 0.2486 0.9382
vn 0.9486 -0.2032 0.2425
vn 0.8621 -0.1358 0.4882
vn 0.6783 0.0236 0.7344
vn 0.3347 0.2235 0.9154
vn 0.4387 0.2969 0.8482
vn 0.3290 0.5691 0.7536
vn 0.4628 0.1533 0.8731
vn 0.4368 0.1955 0.8781
vn 0.1118 0.2689 0.9566
vn -0.3115 0.2344 0.9209
vn -0.5916 0.1083 0.7989
vn -0.7297 -0.1072 0.6753
vn -0.7937 -0.2612 0.5494
vn -0.3853 -0.7982 0.4630
vn -0.4713 -0.7619 0.4443
vn -0.4264 -0.7694 0.4755
vn -0.3071 -0.8199 0.4832
vn -0.2346 -0.8516 0.4688
vn -0.1879 -0.8643 0.4666
vn -0.1194 -0.8951 0.4295
vn -0.0743 -0.9280 0.3650
vn 0.0098 -0.9520 0.3060
vn 0.0802 -0.9748 0.2080
vn 0.1545 -0.9699 0.1884
vn 0.1819 -0.9785 0.0969
vn 0.3053 -0.8815 0.3603
vn 0.2487 -0.9334 0.2587
vn 0.4194 -0.7936 0.4407
vn 0.4030 -0.8201 0.4062
vn 0.4309 -0.7688 0.4725
vn 0.4444 -0.7691 0.4593
vn 0.4629 0.2541 0.8492
vn 0.5157 0.3550 0.7798
vn 0.4075 -0.0898 0.9088
vn 0.3685 0.1927 0.9094
vn 0.4419 0.0458 0.8959
vn 0.5364 0.2650 0.8012
vn 0.4604 -0.1249 0.8789
vn 0.5664 0.1014 0.8179
vn 0.4736 0.3052 0.8262
vn 0.0452 0.0574 0.9973
vn 0.7109 0.6196 0.3327
vn 0.7492 0.5875 0.3058
vn 0.7229 0.5855 0.3670
vn 0.6097 0.6710 0.4219
vn 0.5390 0.7053 0.4605
vn 0.4013 -0.8208 0.4065
vn 0.4015 -0.8438 0.3561
vn 0.4077 -0.8047 0.4316
vn 0.3836 -0.7888 0.4802
vn 0.2975 -0.9063 0.3002
vn 0.2134 -0.8953 0.3909
vn 0.1448 -0.7956 0.5882
vn 0.1803 -0.7649 0.6184
vn 0.1529 -0.5549 0.8177
vn 0.1938 -0.6021 0.7745
vn 0.2371 -0.5415 0.8066
vn 0.1980 -0.5664 0.8000
vn 0.0979 -0.6658 0.7397
vn 0.1057 -0.6315 0.7682
vn -0.2740 -0.7627 0.5859
vn -0.0608 -0.7229 0.6883
vn -0.3620 -0.7259 0.5848
vn -0.5070 -0.7401 0.4419
vn 0.5508 0.6699 0.4978
vn -0.9487 -0.3162 -0.0081
vn -0.9744 -0.2104 0.0788
vn -0.9468 -0.2735 -0.1696
vn 0.0124 -0.9225 -0.3858
vn 0.0077 -0.9129 -0.4081
vn 0.7655 0.6434 0.0076
vn 0.7738 0.0474 -0.6316
vn 0.4819 -0.8343 0.2676
vn 0.6430 -0.7080 0.2921
vn 0.6208 -0.6706 0.4062
vn 0.2899 0.7772 0.5585
vn 0.2370 -0.8936 0.3813
vn 0.0587 -0.8795 0.4723
vn -0.0627 -0.8844 0.4625
vn 0.1665 -0.8605 0.4814
vn 0.3076 -0.8699 0.3856
vn 0.0686 -0.7121 0.6987
vn 0.2625 -0.8093 0.5255
vn 0.1508 -0.3458 0.9261
vn 0.1683 -0.7860 0.5949
vn 0.2704 -0.4705 0.8399
vn 0.0078 -0.7291 0.6843
vn 0.2389 -0.4841 0.8418
vn -0.0783 -0.7394 0.6688
vn 0.0510 -0.6381 0.7682
vn 0.3831 0.9181 -0.1016
vn 0.4251 0.8899 -0.1652
vn 0.6445 0.7613 -0.0715
vn 0.7466 0.6635 0.0472
vn 0.3215 0.9463 0.0340
vn 0.7855 0.5892 0.1894
vn 0.8839 0.3918 0.2555
vn 0.6157 0.5055 -0.6044
vn 0.8706 0.3881 -0.3026
vn 0.9361 0.1067 -0.3352
vn 0.9555 -0.1379 0.2607
vn 0.7270 -0.3055 0.6149
vn 0.7819 -0.5004 0.3718
vn 0.8241 -0.5283 0.2042
vn 0.7557 0.6156 0.2236
vn 0.7470 0.4538 0.4859
vn 0.7531 0.3649 0.5474
vn 0.7822 0.3812 0.4928
vn -0.1418 -0.5810 0.8014
vn -0.1406 -0.6089 0.7807
vn 0.0986 -0.6677 0.7379
vn 0.0649 -0.7386 0.6710
vn 0.8001 0.0898 0.5932
vn 0.5828 -0.0253 0.8123
vn -0.0020 -0.5110 0.8596
vn 0.2482 0.7539 -0.6083
vn 0.3784 0.7985 -0.4681
vn -0.1000 0.8440 -0.5269
vn -0.0801 0.9572 -0.2780
vn -0.4715 0.8682 0.1549
vn -0.4644 0.8337 -0.2986
vn -0.1639 -0.6241 0.7640
vn -0.2860 -0.7281 0.6230
vn -0.0547 -0.5078 0.8597
vn -0.0655 -0.4510 0.8901
vn -0.0686 -0.2887 0.9550
vn -0.0589 -0.3179 0.9463
vn -0.2572 0.0152 0.9662
vn -0.3264 0.0163 0.9451
vn -0.8166 0.5100 0.2703
vn -0.7639 0.5420 0.3503
vn -0.4285 0.6800 0.5950
vn 0.1374 0.5243 0.8404
vn 0.0433 0.9119 0.4081
vn 0.5485 0.5454 0.6337
vn 0.4406 0.1701 0.8815
vn 0.8029 0.5952 0.0314
vn 0.4032 0.9131 -0.0606
vn 0.0500 0.9972 -0.0564
vn 0.6571 0.5134 0.5520
vn 0.6848 0.6888 0.2378
vn -0.1489 0.5320 0.8336
vn -0.0000 0.5835 0.8121
vn 0.0349 0.8787 0.4762
vn 0.3392 0.9050 0.2569
vn 0.3300 0.8538 0.4026
vn 0.5101 0.7625 0.3981
vn 0.5728 0.7813 0.2480
vn 0.5823 0.6792 0.4469
vn 0.6235 0.7535 0.2086
vn 0.4255 0.4749 0.7704
vn 0.4113 0.6303 0.6585
vn 0.3039 0.6897 0.6572
vn 0.1353 0.7406 0.6582
vn -0.0960 0.6750 0.7316
vn -0.1137 0.5001 0.8585
vn 0.3003 0.4942 0.8158
vn 0.0960 0.5211 0.8481
vn 0.9504 0.3102 0.0216
vn 0.7690 0.5097 0.3858
vn 0.9112 0.2901 0.2924
vn 0.9324 -0.0194 -0.3609
vn 0.9952 0.0979 0.0052
vn 0.9736 -0.1908 -0.1253
vn 0.7790 0.2280 -0.5841
vn 0.8196 0.3729 -0.4350
vn 0.6040 0.4723 0.6420
vn 0.1803 0.3664 0.9128
vn 0.4782 -0.0536 0.8766
vn 0.9392 0.0847 0.3326
vn 0.8495 0.4665 0.2463
vn 0.7025 -0.5226 -0.4830
vn 0.8642 -0.1795 -0.4701
vn 0.3342 -0.3518 -0.8744
vn 0.2100 -0.7101 -0.6720
vn -0.0505 -0.5810 -0.8123
vn -0.2148 -0.8191 -0.5319
vn -0.1142 -0.4135 -0.9033
vn -0.5560 -0.4708 -0.6849
vn 0.6491 0.6448 0.4036
vn 0.3418 -0.6170 0.7089
vn 0.3132 -0.7626 0.5661
vn 0.6180 -0.5034 0.6038
vn 0.5941 -0.6144 0.5192
vn 0.8351 0.1834 -0.5187
vn 0.5659 0.3339 -0.7538
vn 0.7940 0.1616 -0.5860
vn 0.5248 0.2630 -0.8096
vn -0.7966 0.2382 0.5556
vn -0.9221 -0.0236 0.3861
vn -0.8619 -0.0542 0.5041
vn -0.5652 0.2773 0.7770
vn -0.8338 0.3824 0.3982
vn -0.9308 0.0987 0.3518
vn -0.9144 -0.3589 0.1871
vn -0.9545 -0.1338 0.2664
vn 0.2938 0.2653 0.9183
vn 0.6738 0.4220 0.6066
vn -0.2802 0.7335 0.6193
vn 0.2692 0.8208 0.5038
vn 0.7268 0.1455 0.6713
vn 0.8949 0.1923 0.4027
vn 0.6670 0.5416 0.5116
vn 0.9345 -0.1217 0.3344
vn 0.9893 -0.0453 0.1385
vn 0.9580 0.0412 0.2838
vn 0.7471 -0.6085 -0.2675
vn 0.9253 -0.3670 -0.0955
vn 0.6434 -0.7348 -0.2146
vn 0.9267 -0.3717 0.0560
vn 0.7692 -0.6139 0.1775
vn 0.9389 -0.2857 0.1918
vn 0.4383 -0.8010 -0.4079
vn 0.2674 -0.8654 -0.4238
vn 0.5101 0.3014 -0.8056
vn 0.6063 0.3677 -0.7052
vn 0.7843 0.2605 -0.5631
vn 0.7737 0.3195 -0.5471
vn -0.3205 -0.8684 -0.3782
vn -0.2954 -0.8944 -0.3358
vn -0.5629 -0.7677 -0.3062
vn -0.5816 -0.7837 -0.2180
vn -0.4599 -0.8830 0.0937
vn -0.7126 -0.6694 0.2101
vn -0.9044 -0.3681 0.2158
vn -0.8388 -0.5444 -0.0077
vn -0.9215 -0.3635 0.1367
vn -0.8486 -0.5254 -0.0613
vn 0.5901 -0.3129 0.7442
vn 0.4132 -0.3078 0.8570
vn 0.3122 -0.3292 0.8911
vn 0.3574 -0.4611 0.8122
vn 0.3861 -0.1507 0.9101
vn 0.2570 -0.2143 0.9424
vn -0.9518 -0.1778 0.2499
vn -0.9251 -0.3515 0.1438
vn -0.9268 -0.1395 0.3487
vn 0.5893 0.6272 0.5093
vn 0.7847 0.3647 -0.5012
vn 0.9072 0.4170 -0.0553
vn 0.5061 0.7265 0.4648
vn 0.8658 0.4921 0.0908
vn 0.7718 0.2788 -0.5714
vn 0.5272 0.3706 -0.7647
vn 0.6182 0.6676 -0.4149
vn 0.3773 0.7751 -0.5068
vn 0.2632 0.1731 0.9491
vn 0.4907 -0.1077 0.8647
vn 0.5970 -0.1256 0.7923
vn 0.4854 0.1801 0.8555
vn 0.1801 0.0930 0.9792
vn 0.4617 0.4295 0.7761
vn 0.2220 0.1787 0.9585
vn 0.4051 0.7201 0.5634
vn 0.1875 0.6473 0.7388
vn 0.1551 0.4651 0.8716
vn 0.4747 0.4532 0.7545
vn 0.4768 0.5880 0.6534
vn 0.0577 0.9109 0.4087
vn 0.0762 0.8782 0.4721
vn -0.0626 0.9679 0.2435
vn -0.0809 0.9364 0.3414
vn 0.0242 0.8865 0.4620
vn -0.0029 0.9757 0.2191
vn 0.1395 0.7472 0.6498
vn -0.2270 0.8872 0.4018
vn 0.5669 0.7227 0.3953
vn 0.2685 0.7841 0.5596
vn -0.0427 0.8449 0.5333
vn 0.4277 0.6527 0.6253
vn 0.4738 0.0502 -0.8792
vn 0.4575 0.4797 -0.7488
vn 0.4001 0.7436 -0.5357
vn 0.7189 -0.0214 -0.6947
vn 0.7160 0.4211 -0.5569
vn 0.5888 0.7434 -0.3174
vn 0.3017 0.8662 -0.3983
vn 0.5357 0.8318 -0.1449
vn 0.9187 0.3374 -0.2052
vn 0.6854 0.7281 -0.0086
vn 0.5159 0.8271 0.2230
vn 0.3703 0.8251 -0.4267
vn 0.3958 -0.1610 -0.9041
vn 0.5498 0.7589 -0.3491
vn 0.6233 -0.2329 -0.7465
vn 0.8624 0.4762 -0.1720
vn 0.6973 0.7010 -0.1496
vn 0.8084 -0.3532 -0.4708
vn 0.9089 -0.1526 -0.3882
vn 0.8990 -0.4325 -0.0687
vn 0.9728 -0.2298 0.0307
vn 0.9402 0.2666 0.2122
vn 0.8296 0.0479 0.5563
vn 0.8325 -0.4077 0.3752
vn 0.6630 0.0876 0.7434
vn 0.7603 -0.3553 0.5438
vn 0.0371 0.4695 0.8822
vn -0.0240 0.3897 0.9206
vn 0.4562 -0.0841 -0.8859
vn 0.7299 -0.1944 -0.6553
vn 0.9393 0.0368 -0.3411
vn 0.8399 -0.4689 -0.2734
vn 0.8458 -0.5335 -0.0020
vn 0.9997 -0.0148 0.0197
vn 0.8926 0.4092 0.1891
vn 0.7771 0.6011 0.1867
vn 0.9431 -0.1666 0.2877
vn 0.8382 0.3039 0.4529
vn 0.5989 0.5906 0.5409
vn 0.5216 0.6192 0.5869
vn 0.7356 0.3030 0.6059
vn 0.5397 0.6188 0.5708
vn 0.4547 0.7138 0.5326
vn -0.0446 -0.0772 0.9960
vn -0.0417 0.1275 0.9910
vn 0.8385 0.3057 -0.4511
vn 0.8027 -0.5908 0.0814
vn 0.8566 -0.1398 0.4966
vn 0.6309 -0.1857 -0.7533
vn 0.8566 -0.0627 -0.5121
vn 0.9157 -0.1780 -0.3602
vn 0.6303 -0.4087 -0.6601
vn 0.8101 -0.1835 -0.5569
vn 0.3906 -0.3597 -0.8474
vn -0.4208 -0.6341 -0.6487
vn -0.1698 -0.5611 -0.8101
vn -0.6061 -0.7608 -0.2320
vn -0.7636 -0.5832 -0.2769
vn -0.7007 -0.5822 -0.4123
vn -0.8613 -0.4907 0.1319
vn -0.9164 -0.3995 -0.0248
vn -0.9317 -0.2911 0.2175
vn -0.9497 -0.3104 0.0411
vn -0.9028 -0.0239 0.4293
vn -0.8771 -0.1966 0.4382
vn -0.7398 -0.1358 0.6590
vn -0.8327 0.0332 0.5528
vn -0.8792 -0.3722 0.2975
vn -0.7028 -0.4075 0.5831
vn -0.5814 0.0251 0.8133
vn -0.3982 -0.1505 0.9048
vn -0.3676 -0.4422 0.8181
vn 0.7704 -0.5522 0.3186
vn 0.8055 -0.3771 0.4571
vn 0.8139 -0.1939 0.5478
vn 0.7022 -0.3107 0.6406
vn 0.8550 -0.0909 0.5106
vn 0.8350 -0.1744 0.5218
vn 0.9721 -0.2079 -0.1083
vn 0.9939 -0.1087 -0.0199
vn 0.9275 -0.2928 0.2323
vn 0.9237 -0.1360 0.3581
vn 0.8923 -0.0390 0.4497
vn 0.8370 -0.4064 -0.3665
vn 0.9286 -0.0066 -0.3711
vn 0.9939 -0.0926 0.0602
vn 0.9596 0.0156 -0.2809
vn 0.9834 -0.0574 0.1724
vn 0.9501 0.0203 -0.3113
vn 0.9339 -0.0322 -0.3561
vn 0.7954 0.1931 -0.5744
vn 0.9193 -0.2415 -0.3108
vn 0.9053 -0.1916 -0.3792
vn 0.9000 -0.3792 -0.2151
vn 0.8988 -0.3876 -0.2048
vn 0.8461 -0.5328 0.0118
vn 0.8779 -0.4732 0.0738
vn 0.3088 0.5414 0.7820
vn -0.1456 0.2633 0.9537
vn -0.1740 0.1397 0.9748
vn 0.5550 0.3505 -0.7544
vn 0.3272 -0.9400 0.0967
vn 0.4767 -0.8528 0.2132
vn 0.2178 -0.9738 0.0649
vn 0.4419 -0.8526 0.2788
vn 0.8761 0.1794 -0.4475
vn 0.8669 0.3003 -0.3979
vn 0.0120 -0.9376 -0.3475
vn 0.1423 -0.9319 -0.3337
vn 0.2151 -0.9688 0.1230
vn 0.1301 -0.9743 -0.1838
vn -0.8006 -0.4385 -0.4084
vn -0.6367 -0.4370 -0.6353
vn 0.9794 0.1536 -0.1314
vn 0.9961 -0.0704 -0.0532
vn 0.9757 -0.1316 -0.1750
vn -0.6856 0.5091 0.5203
vn 0.9253 -0.2510 0.2844
vn 0.4920 -0.4488 0.7460
vn -0.0330 -0.1773 0.9836
vn 0.0517 -0.4505 0.8913
vn 0.4593 0.3904 -0.7979
vn 0.4857 0.3832 -0.7857
vn 0.0195 -0.9983 -0.0553
vn 0.1017 -0.9919 -0.0757
vn -0.0336 -0.9986 -0.0416
vn -0.1091 -0.9939 -0.0139
vn -0.0557 -0.9978 -0.0347
vn -0.0677 -0.9973 -0.0295
vn -0.0472 -0.9989 -0.0006
vn 0.0532 -0.9986 -0.0055
vn 0.0989 -0.9949 -0.0206
vn -0.0523 -0.9985 -0.0166
vn 0.6128 0.0496 -0.7887
vn 0.7873 0.0288 -0.6159
vn 0.2823 0.0496 -0.9580
vn 0.1070 0.0449 -0.9932
vn -0.2362 0.0049 -0.9717
vn -0.4637 -0.0117 -0.8859
vn -0.7910 -0.0323 -0.6109
vn -0.8656 -0.0267 -0.5000
vn -0.9743 -0.0412 -0.2216
vn 0.9957 0.0635 -0.0682
vn 0.9741 0.1382 -0.1792
vn 0.8821 0.3267 0.3394
vn 0.8033 0.4865 0.3435
vn 0.9336 0.0288 0.3570
vn 0.5307 0.3802 0.7575
vn 0.8625 -0.0208 0.5056
vn -0.3092 0.4586 0.8331
vn -0.0134 0.0160 0.9998
vn -0.6040 0.0695 0.7940
vn -0.9408 0.0111 -0.3388
vn -0.9937 0.0400 -0.1051
vn -0.9828 0.0382 -0.1805
vn -0.9503 0.2628 0.1671
vn -0.8090 0.3841 0.4449
vn -0.9662 0.0545 0.2520
vn -0.6356 0.6817 0.3624
vn -0.7791 0.5258 0.3413
vn -0.3681 0.8165 0.4447
vn -0.1484 0.9296 0.3374
vn 0.3815 0.8025 0.4587
vn 0.0645 0.8828 0.4653
vn 0.7419 0.2178 0.6341
vn -0.3112 0.0573 -0.9486
vn -0.5119 0.0302 -0.8585
vn -0.8821 -0.0800 -0.4643
vn -0.9213 -0.0245 -0.3880
vn 0.3689 0.3369 -0.8663
vn 0.0032 -0.9299 0.3678
vn 0.0199 -0.9983 0.0547
vn 0.0187 -0.9643 -0.2642
vn -0.9871 0.1463 0.0655
vn -0.6588 0.7375 -0.1485
vn 0.1426 0.9682 -0.2055
vn 0.8498 0.5163 -0.1061
vn 0.2832 -0.1535 0.9467
vn 0.3904 -0.1253 0.9121
vn 0.9666 -0.1946 0.1668
vn 0.5365 -0.7239 0.4338
vn -0.4250 -0.7587 0.4937
vn 0.0017 -0.1775 0.9841
vn -0.0011 -0.2617 0.9652
vn 0.4107 -0.1175 0.9042
vn -0.6858 -0.5915 0.4241
vn -0.9731 -0.1328 0.1883
vn 0.0408 0.9991 -0.0107
vn 0.3485 0.9372 0.0116
vn -0.1749 0.9844 0.0209
vn 0.9864 0.1132 0.1189
vn 0.6945 -0.5892 0.4128
vn -0.1831 -0.8288 0.5287
vn 0.4695 -0.8076 0.3569
vn -0.4890 -0.7092 0.5079
vn -0.1698 -0.7283 0.6639
vn 0.5307 -0.6781 0.5085
vn -0.7002 -0.5680 0.4325
vn -0.4054 -0.8922 0.1990
vn -0.5858 -0.7466 0.3155
vn 0.9727 -0.2023 -0.1140
vn 0.9486 -0.3078 -0.0739
vn -0.8950 0.4460 -0.0006
vn -0.9850 -0.1324 0.1111
vn -0.9707 0.2239 -0.0868
vn -0.9766 -0.1869 -0.1062
vn -0.7504 -0.5578 -0.3545
vn -0.9890 0.1174 0.0896
vn -0.6720 0.6603 0.3353
vn -0.8331 0.1338 0.5367
vn 0.7697 0.6092 0.1909
vn 0.9294 0.1334 0.3440
vn 0.7480 0.6631 -0.0276
vn -0.6417 0.7612 0.0932
vn -0.0153 0.9396 0.3420
vn -0.4242 0.5009 0.7545
vn 0.4632 0.5184 0.7188
vn 0.9060 0.1945 0.3758
vn -0.2030 0.1862 0.9613
vn 0.1985 0.1012 0.9749
vn -0.0301 -0.9668 -0.2537
vn 0.0048 -0.9420 -0.3355
vn 0.0210 -0.9409 -0.3380
vn 0.0378 -0.9877 -0.1515
vn 0.0337 -0.9868 -0.1584
vn -0.0140 -0.9966 -0.0814
vn -0.0746 -0.0066 0.9972
vn 0.0143 -0.9123 -0.4093
vn -0.0029 -0.6041 0.7969
vn 0.7149 -0.6973 -0.0516
vn 0.6928 -0.7206 -0.0293
vn -0.0027 -0.3785 0.9256
vn -0.0084 -0.5152 0.8571
vn -0.0033 -0.6427 0.7661
vn 0.0002 -0.7799 0.6260
vn 0.6425 0.3961 -0.6560
vn 0.8988 0.2768 -0.3399
vn 0.7278 -0.6831 -0.0603
vn 0.7597 -0.6341 -0.1441
vn 0.7829 -0.4857 -0.3887
vn 0.7875 -0.3602 -0.5001
vn 0.0076 -0.9278 -0.3731
vn -0.0095 -0.9265 -0.3761
vn 0.4449 -0.2181 -0.8686
vn 0.6010 -0.3046 -0.7390
vn 0.4793 -0.8413 0.2500
vn 0.2461 0.3280 0.9120
vn 0.1107 0.3033 0.9464
vn 0.3621 -0.1646 0.9175
vn 0.0730 -0.3195 0.9448
vn 0.3564 -0.7864 0.5045
vn 0.2470 -0.9261 0.2852
vn 0.0234 -0.8897 0.4560
vn 0.0002 -0.9525 0.3046
vn -0.8065 -0.3822 -0.4511
vn -0.9806 -0.1560 -0.1187
vn -0.9745 -0.0358 -0.2214
vn -0.9296 -0.2769 0.2434
vn -0.9364 -0.1890 0.2957
vn -0.8042 -0.3562 0.4759
vn -0.7734 -0.2772 0.5701
vn 0.4505 0.0774 -0.8894
vn 0.2867 0.0516 -0.9566
vn 0.5089 -0.2512 0.8234
vn 0.4110 -0.8711 0.2687
vn 0.4370 -0.1008 0.8938
vn 0.1925 0.1063 0.9755
vn 0.4762 0.1472 0.8669
vn 0.5230 -0.2077 0.8266
vn 0.1520 0.2728 0.9500
vn 0.1331 0.5134 0.8478
vn 0.0268 0.4201 0.9071
vn -0.5989 0.6974 0.3935
vn -0.5857 0.6833 0.4358
vn -0.6767 0.6061 0.4179
vn -0.5528 0.5881 0.5904
vn -0.7344 0.5675 0.3723
vn 0.0377 0.3385 0.9402
vn 0.0162 0.2079 0.9780
vn -0.5664 0.7160 0.4081
vn -0.5624 0.7329 0.3828
vn -0.6147 0.6861 0.3892
vn -0.5066 0.6760 0.5351
vn -0.6374 0.5508 0.5388
vn -0.5566 0.6663 0.4962
vn -0.6949 0.6304 0.3460
vn -0.5329 0.7078 0.4637
vn -0.6893 0.6400 0.3396
vn 0.2841 -0.3190 0.9042
vn 0.0706 -0.2477 0.9663
vn 0.2118 -0.4312 0.8770
vn -0.2902 -0.3014 0.9083
vn -0.0465 -0.5132 0.8570
vn -0.1836 -0.3610 0.9143
vn -0.4264 -0.0390 0.9037
vn -0.3936 -0.1088 0.9128
vn -0.4658 0.2656 0.8441
vn 0.1770 0.1902 0.9657
vn -0.0430 0.0434 0.9981
vn -0.2102 0.0609 0.9758
vn 0.1133 -0.5912 0.7986
vn 0.2509 -0.6018 0.7582
vn -0.0411 -0.6507 0.7582
vn -0.2254 -0.5041 0.8337
vn -0.4325 0.1869 0.8821
vn -0.2664 -0.4846 0.8332
vn -0.2390 0.2407 0.9407
vn -0.1508 -0.3458 0.9261
vn 0.0490 0.3383 0.9398
vn -0.0843 -0.6968 0.7123
vn 0.3683 0.0253 0.9294
vn -0.0822 -0.8831 0.4618
vn 0.4368 -0.5885 0.6803
vn 0.0803 -0.8994 0.4296
vn 0.4893 -0.6583 0.5720
vn -0.2136 0.7899 0.5749
vn -0.0686 0.8208 0.5670
vn -0.2937 0.7899 0.5383
vn -0.5169 -0.1198 0.8476
vn -0.6959 0.3754 0.6122
vn -0.5177 0.4519 0.7265
vn 0.8119 -0.3680 -0.4532
vn 0.9507 -0.2605 -0.1684
vn 0.8062 -0.4257 -0.4110
vn -0.9710 -0.1188 -0.2073
vn -0.9923 -0.1209 0.0250
vn -0.9378 -0.2385 0.2524
vn -0.8078 0.0495 -0.5874
vn -0.7955 -0.1713 -0.5813
vn -0.4177 0.0856 -0.9045
vn -0.3694 -0.3711 -0.8520
vn 0.3434 0.0431 -0.9382
vn 0.1842 -0.5390 -0.8219
vn 0.7263 -0.5456 -0.4182
vn 0.8960 -0.1023 -0.4320
vn 0.9198 -0.3923 0.0012
vn 0.9808 -0.1766 -0.0826
vn 0.9479 -0.3100 0.0737
vn 0.9129 -0.2971 0.2800
vn 0.8670 -0.3692 0.3347
vn 0.7769 -0.3728 0.5074
vn 0.6816 -0.4029 0.6108
vn 0.2819 -0.4991 0.8194
vn 0.3324 -0.4391 0.8347
vn -0.0936 -0.4452 0.8905
vn -0.2245 -0.4660 0.8558
vn -0.6913 -0.3792 0.6151
vn -0.5284 -0.4377 0.7274
vn -0.2327 -0.4361 0.8693
vn 0.3874 -0.4024 0.8294
vn 0.4284 -0.4259 -0.7969
vn 0.6966 -0.2491 -0.6728
vn 0.3286 -0.1740 -0.9283
vn -0.9191 -0.2416 -0.3112
vn -0.9062 -0.1927 -0.3763
vn -0.8220 0.1716 -0.5430
vn -0.8631 -0.2376 0.4456
vn 0.7437 -0.2951 0.5999
vn -0.8090 0.1746 -0.5613
vn -0.7398 0.1601 -0.6535
vn 0.9521 -0.3056 -0.0063
vn -0.9783 -0.0265 -0.2057
vn -0.6678 0.0917 -0.7387
vn -0.2533 0.0517 -0.9660
vn 0.3367 -0.6430 0.6879
vn 0.1958 -0.7003 0.6865
vn 0.0705 -0.7456 0.6627
vn -0.9335 -0.0315 -0.3572
vn -0.6770 0.2551 -0.6904
vn -0.5838 0.3463 -0.7343
vn 0.5413 0.0129 -0.8407
vn 0.9192 -0.2111 0.3325
vn 0.9808 -0.0598 -0.1855
vn 0.9336 -0.0475 -0.3550
vn -0.4881 0.3815 -0.7850
vn -0.2443 0.4373 -0.8655
vn -0.1476 0.3152 -0.9375
vn -0.1282 0.2626 -0.9564
vn -0.3713 0.3369 -0.8652
vn -0.3061 0.2882 -0.9073
vn -0.2093 0.3908 -0.8964
vn -0.4614 0.3918 -0.7960
vn -0.2072 0.4635 -0.8615
vn -0.4298 0.3662 -0.8253
vn 0.6418 -0.4234 -0.6394
vn 0.5630 -0.4608 -0.6861
vn -0.5434 0.3331 -0.7706
vn -0.2100 0.3941 -0.8948
vn -0.8900 -0.3571 0.2836
vn -0.9626 -0.2638 0.0623
vn -0.9008 -0.4273 -0.0772
vn -0.6434 0.6362 0.4257
vn -0.7803 0.5713 0.2546
vn -0.6855 0.5824 0.4369
vn -0.7825 -0.5665 0.2584
vn -0.4583 -0.0921 0.8840
vn -0.5491 0.0908 0.8308
vn -0.2399 -0.9316 0.2730
vn -0.3143 -0.8082 0.4981
vn -0.2446 -0.2056 0.9476
vn -0.6110 -0.6933 0.3821
vn -0.4772 -0.8481 0.2303
vn -0.1399 0.3922 0.9092
vn -0.1914 0.3897 0.9008
vn -0.2344 0.1005 0.9669
vn -0.4944 -0.8362 0.2373
vn -0.7770 0.0943 0.6224
vn -0.7963 -0.5914 0.1269
vn -0.8286 -0.5393 0.1501
vn -0.6965 -0.7170 -0.0286
vn -0.7748 -0.6318 -0.0206
vn -0.5884 -0.3077 -0.7477
vn -0.7272 -0.1942 -0.6584
vn -0.4511 -0.0842 -0.8885
vn -0.4331 -0.2331 -0.8707
vn -0.7717 -0.3687 -0.5181
vn -0.2000 -0.0511 -0.9785
vn -0.2524 -0.2134 -0.9438
vn 0.9519 -0.1716 0.2538
vn 0.9764 -0.1999 0.0821
vn -0.1175 -0.9797 -0.1621
vn 0.0250 -0.9265 -0.3755
vn -0.7929 -0.4689 -0.3892
vn -0.8521 -0.4191 -0.3136
vn -0.7943 -0.5705 -0.2087
vn -0.7860 -0.6151 -0.0617
vn -0.8658 -0.4998 -0.0238
vn -0.7113 -0.7013 0.0467
vn -0.8794 0.1580 -0.4491
vn -0.9090 0.2396 -0.3409
vn -0.8727 0.2673 -0.4086
vn -0.6765 0.2919 -0.6761
vn -0.7917 0.2069 -0.5748
vn -0.8566 0.3337 -0.3936
vn -0.8429 0.2490 -0.4770
vn -0.8712 0.2425 -0.4269
vn -0.6447 0.6068 0.4650
vn -0.1361 0.5927 0.7939
vn -0.3495 0.6941 0.6294
vn -0.5681 0.6947 0.4411
vn 0.5782 0.2580 0.7740
vn 0.4071 0.5092 0.7582
vn 0.1096 0.3304 0.9375
vn -0.3136 -0.7617 0.5670
vn -0.4331 -0.8569 0.2794
vn -0.3482 -0.6099 0.7119
vn -0.3754 -0.4558 0.8070
vn -0.3202 -0.3362 0.8857
vn -0.2572 -0.2167 0.9417
vn 0.0765 -0.9516 -0.2977
vn 0.0342 -0.5451 0.8377
vn 0.0450 0.0752 0.9962
vn 0.0664 -0.9816 -0.1790
vn 0.0355 -0.9156 -0.4004
vn 0.0315 -0.9585 -0.2834
vn -0.0001 -0.9983 -0.0586
vn 0.0169 -0.9727 -0.2314
vn -0.1189 -0.9866 0.1117
vn 0.3573 0.4630 0.8111
vn 0.1818 0.1104 0.9771
vn 0.8613 0.0345 0.5070
vn 0.6524 0.6276 0.4248
vn -0.4584 0.5730 0.6794
vn -0.2098 0.1294 0.9691
vn -0.7425 0.6460 0.1772
vn -0.9314 0.1586 0.3277
vn -0.9093 0.2071 0.3609
vn 0.0189 0.9572 0.2887
vn -0.6871 0.7262 -0.0229
vn 0.5877 0.7932 0.1594
vn 0.9651 0.2534 -0.0658
vn -0.9750 -0.1583 -0.1561
vn -0.9191 -0.3633 -0.1526
vn 0.9887 0.1319 0.0716
vn 0.6523 -0.6496 -0.3906
vn 0.9742 -0.1991 -0.1064
vn 0.9855 0.1635 0.0451
vn 0.9142 0.4048 -0.0201
vn 0.9847 -0.1325 0.1130
vn 0.9730 -0.1322 0.1894
vn 0.6326 0.7267 -0.2678
vn 0.2970 0.9523 -0.0703
vn -0.5358 -0.6923 0.4834
vn -0.4116 -0.8604 0.3004
vn 0.1785 -0.7406 0.6478
vn 0.5875 -0.7514 0.3004
vn 0.4993 -0.7101 0.4964
vn 0.4084 -0.8950 0.1793
vn 0.4235 -0.7561 0.4990
vn 0.6843 -0.5895 0.4293
vn 0.7015 -0.5638 0.4358
vn 0.1898 -0.8253 0.5319
vn -0.6935 -0.5885 0.4156
vn -0.5378 -0.7219 0.4355
vn -0.9910 0.0910 0.0983
vn -0.9671 -0.1932 0.1653
vn -0.4955 0.8658 -0.0692
vn -0.8370 0.5163 -0.1813
vn -0.1323 0.9407 -0.3123
vn -0.0408 0.9974 -0.0593
vn 0.9523 -0.1415 0.2702
vn 0.9212 0.0388 0.3871
vn 0.9051 -0.3666 0.2152
vn 0.4597 -0.8834 0.0913
vn 0.7142 -0.6689 0.2062
vn -0.3787 -0.1242 0.9172
vn -0.3850 -0.1498 0.9107
vn -0.3872 -0.1198 0.9142
vn -0.2893 -0.1554 0.9445
vn -0.2198 -0.9685 0.1169
vn -0.7591 -0.6320 0.1563
vn -0.9207 -0.3421 0.1877
vn -0.9134 0.1119 0.3913
vn -0.5294 0.4107 -0.7423
vn -0.6961 0.6615 0.2789
vn -0.2824 0.8664 0.4119
vn 0.3203 0.8564 0.4050
vn 0.8567 0.4141 0.3077
vn -0.2575 -0.9636 0.0726
vn -0.6356 0.4395 -0.6347
vn -0.9631 0.1558 -0.2194
vn -0.8957 0.3302 0.2979
vn -0.7583 0.2281 0.6107
vn -0.3797 0.8318 0.4048
vn -0.8041 0.5122 0.3019
vn -0.0665 0.9007 0.4294
vn -0.5548 0.4091 0.7245
vn 0.2796 0.4743 0.8348
vn 0.3601 0.8264 0.4328
vn 0.1446 0.9410 0.3059
vn 0.7955 0.3813 0.4709
vn 0.6305 0.6814 0.3717
vn 0.9470 0.2508 0.2007
vn 0.7722 0.5197 0.3655
vn 0.9566 0.0456 0.2879
vn 0.9975 0.0217 -0.0675
vn 0.5729 0.0812 0.8156
vn 0.9897 0.0182 -0.1418
vn 0.9528 -0.0111 -0.3033
vn -0.0276 0.0406 0.9988
vn -0.9467 0.0507 0.3182
vn -0.8825 0.0032 0.4703
vn -0.9907 0.0811 -0.1093
vn -0.5835 0.0524 -0.8104
vn -0.7638 0.0385 -0.6443
vn 0.8118 -0.0541 -0.5814
vn 0.8815 -0.0488 -0.4696
vn 0.9808 -0.0621 -0.1851
vn 0.4928 -0.0307 -0.8696
vn 0.2704 -0.0102 -0.9627
vn -0.0723 0.0359 -0.9967
vn -0.2474 0.0446 -0.9679
vn -0.0327 -0.9988 -0.0362
vn 0.0389 -0.9992 -0.0123
vn 0.0238 -0.9995 -0.0186
vn 0.0288 -0.9993 0.0244
vn 0.0939 -0.9955 0.0126
vn 0.0290 -0.9996 0.0053
vn 0.0467 -0.9989 -0.0073
vn -0.1266 -0.9919 -0.0033
vn -0.0829 -0.9965 0.0132
vn -0.1045 -0.9929 -0.0570
vn -0.6753 0.2765 -0.6837
vn -0.4986 -0.0570 0.8649
vn 0.0177 -0.1872 0.9822
vn 0.1764 0.1383 0.9746
vn -0.1872 0.3538 0.9164
vn 0.3915 -0.1519 0.9075
vn 0.5749 0.0157 0.8180
vn -0.9387 0.0911 0.3324
vn -0.9946 -0.0791 -0.0676
vn 0.8489 0.1979 0.4901
vn 0.7544 0.4025 0.5186
vn 0.4047 0.5529 0.7284
vn -0.9110 -0.1856 -0.3682
vn -0.8518 0.4614 0.2480
vn -0.9795 0.1506 -0.1335
vn -0.8560 -0.0619 -0.5132
vn -0.8481 0.5297 -0.0135
vn -0.9101 0.2441 -0.3348
vn -0.7740 0.0513 -0.6312
vn -0.5457 -0.0709 -0.8349
vn -0.2261 -0.1828 -0.9568
vn -0.3504 -0.3357 -0.8744
vn -0.6076 -0.2226 -0.7624
vn 0.2009 -0.3146 -0.9277
vn 0.0260 -0.5308 -0.8471
vn 0.1581 -0.4077 -0.8993
vn 0.4274 -0.6208 -0.6572
vn 0.7712 -0.5711 -0.2813
vn 0.9349 -0.3139 0.1654
vn -0.3129 -0.9452 0.0930
vn -0.1492 -0.9235 -0.3533
vn 0.2821 -0.8869 -0.3660
vn -0.6837 -0.6999 -0.2064
vn -0.4652 -0.8054 -0.3674
vn -0.7635 -0.5989 -0.2417
vn 0.0026 -0.9394 -0.3429
vn -0.3004 -0.8787 -0.3711
vn 0.3152 -0.8526 -0.4169
vn -0.9455 0.3253 0.0166
vn -0.9947 0.1023 -0.0111
vn -0.9208 0.2966 0.2535
vn -0.7938 0.5107 0.3301
vn -0.6933 0.4192 0.5861
vn -0.8985 0.1927 0.3944
vn -0.9907 -0.0410 0.1301
vn -0.7948 0.1560 -0.5865
vn -0.7821 0.2368 -0.5764
vn -0.7603 0.2917 -0.5805
vn -0.9287 -0.0063 -0.3707
vn -0.9598 0.0148 -0.2802
vn -0.9729 -0.2010 -0.1146
vn -0.9288 -0.3608 -0.0850
vn -0.9358 -0.0236 -0.3517
vn -0.8366 -0.4100 -0.3632
vn -0.5860 -0.7418 0.3261
vn -0.5933 -0.6143 0.5203
vn -0.4601 -0.8607 0.2179
vn -0.6541 -0.7322 0.1897
vn -0.8186 0.2013 -0.5380
vn -0.7128 -0.2957 0.6360
vn -0.6133 -0.3089 0.7269
vn -0.8265 -0.1781 0.5341
vn -0.6197 -0.4925 0.6110
vn -0.6091 0.4617 0.6448
vn -0.6539 0.6377 0.4073
vn -0.3168 0.5310 0.7860
vn 0.1370 0.2528 0.9578
vn -0.7695 -0.5501 0.3246
vn -0.7160 -0.6771 0.1696
vn -0.8319 -0.5548 0.0112
vn -0.8786 -0.4742 0.0562
vn -0.9274 -0.2916 0.2342
vn -0.8030 -0.3711 0.4664
vn -0.9161 -0.3423 -0.2088
vn -0.9726 -0.2053 -0.1093
vn -0.8809 -0.4297 -0.1984
vn -0.9505 0.0215 -0.3098
vn -0.9940 -0.1079 -0.0198
vn -0.9834 -0.0570 0.1724
vn -0.8896 -0.0408 0.4550
vn -0.9223 -0.1361 0.3618
vn -0.9939 -0.0920 0.0601
vn -0.7067 -0.5245 -0.4749
vn -0.8321 -0.1629 0.5302
vn -0.8524 -0.0880 0.5154
vn 0.7353 -0.1404 0.6631
vn 0.8283 0.0251 0.5598
vn 0.8741 -0.1909 0.4467
vn 0.9007 -0.0273 0.4335
vn 0.8485 -0.5247 0.0694
vn 0.9156 -0.2857 0.2830
vn 0.9177 -0.0827 0.3887
vn 0.6290 -0.7380 -0.2444
vn 0.2236 -0.8074 -0.5460
vn -0.2628 -0.6595 -0.7043
vn -0.6464 -0.4127 -0.6417
vn -0.2707 0.5260 0.8063
vn -0.6633 0.3916 0.6377
vn -0.9450 -0.0482 0.3236
vn -0.8462 0.3493 0.4024
vn -0.9966 -0.0678 0.0466
vn -0.8880 0.4474 0.1064
vn -0.9146 0.4044 0.0071
vn -0.2699 -0.2134 0.9390
vn -0.4746 0.1670 0.8642
vn -0.5578 -0.1255 0.8204
vn -0.7049 0.3151 0.6355
vn -0.7589 0.3220 0.5660
vn -0.8875 0.4338 0.1553
vn -0.8037 0.5572 -0.2087
vn -0.7629 0.6402 -0.0902
vn -0.9466 0.0986 -0.3069
vn -0.7424 0.3304 -0.5828
vn -0.6013 0.6833 -0.4141
vn -0.5138 0.3465 -0.7848
vn -0.2748 0.3963 -0.8760
vn -0.2260 0.7844 -0.5776
vn -0.4236 0.7279 -0.5392
vn -0.1335 0.4584 0.8787
vn -0.0200 0.8559 0.5167
vn -0.1440 0.2401 0.9600
vn -0.3384 0.6110 0.7157
vn -0.0007 0.9338 0.3579
vn -0.5888 0.5428 0.5988
vn -0.0957 0.8338 0.5437
vn -0.3709 0.3589 0.8565
vn -0.6642 0.3438 0.6638
vn -0.8704 0.0265 0.4916
vn -0.4868 0.6113 0.6240
vn -0.9540 0.2515 0.1630
vn -0.5575 0.7400 0.3762
vn -0.8862 0.3838 -0.2594
vn -0.7095 0.7045 -0.0162
vn -0.9255 -0.1203 -0.3592
vn -0.8161 -0.3323 -0.4728
vn -0.7220 -0.0081 -0.6919
vn -0.7153 0.4312 -0.5499
vn -0.6300 -0.2146 -0.7463
vn -0.5995 0.7255 -0.3381
vn -0.3997 -0.1428 -0.9055
vn -0.4755 0.0653 -0.8773
vn -0.3797 0.8117 -0.4438
vn -0.1658 -0.1283 -0.9778
vn -0.2218 0.0760 -0.9721
vn -0.1925 0.8900 -0.4133
vn -0.3456 0.8526 -0.3919
vn -0.1323 0.8574 -0.4974
vn -0.3592 0.7859 -0.5032
vn -0.1481 0.7910 -0.5936
vn -0.3056 0.8054 0.5080
vn -0.5085 0.8389 0.1940
vn -0.5345 0.8341 -0.1362
vn -0.5865 0.7492 -0.3077
vn -0.4577 0.4881 -0.7431
vn -0.2142 0.4958 -0.8416
vn 0.2727 0.8923 0.3599
vn 0.0178 0.8412 0.5405
vn 0.1618 0.9640 0.2111
vn 0.0837 0.9808 0.1761
vn -0.8678 -0.1721 -0.4662
vn -0.5902 0.3642 -0.7204
vn -0.2737 0.4278 -0.8615
vn -0.5265 0.3310 -0.7831
vn -0.1843 0.2949 -0.9376
vn -0.5007 0.2626 -0.8248
vn -0.1693 0.3282 -0.9293
vn -0.4170 -0.3184 0.8513
vn 0.9096 -0.3755 0.1779
vn 0.9253 -0.3612 0.1153
vn 0.8793 -0.0679 0.4714
vn 0.9390 -0.0270 0.3428
vn 0.8507 -0.5195 -0.0796
vn 0.8378 -0.5453 -0.0252
vn 0.5753 -0.7831 -0.2361
vn 0.5637 -0.7524 -0.3407
vn -0.9102 -0.4139 0.0156
vn -0.9450 -0.0935 0.3134
vn -0.7870 0.1020 0.6085
vn -0.3241 0.2486 0.9128
vn -0.7669 0.6417 0.0112
vn -0.3020 0.4939 0.8154
vn -0.0979 0.5211 0.8479
vn -0.3057 0.6893 0.6568
vn -0.4129 0.6298 0.6579
vn -0.4271 0.4744 0.7698
vn -0.1372 0.7404 0.6580
vn 0.0940 0.6751 0.7317
vn 0.1118 0.5001 0.8587
vn -0.1018 0.3015 0.9480
vn 0.0725 0.3405 0.9374
vn -0.2939 0.3384 0.8939
vn -0.4339 0.2983 0.8502
vn 0.1470 0.5321 0.8339
vn 0.1170 0.7758 0.6201
vn -0.0378 0.8784 0.4765
vn -0.3312 0.8534 0.4024
vn -0.5127 0.7604 0.3987
vn -0.5833 0.6780 0.4473
vn -0.6577 0.5149 0.5498
vn -0.6246 0.7529 0.2075
vn -0.6821 0.6919 0.2367
vn -0.5759 0.7791 0.2478
vn -0.3422 0.9045 0.2545
vn -0.3248 0.9453 0.0298
vn -0.1508 0.9667 0.2069
vn -0.7390 0.4508 0.5006
vn -0.5326 0.2640 0.8042
vn -0.7570 0.6152 0.2202
vn -0.4028 0.9126 -0.0698
vn -0.8016 0.5973 0.0250
vn -0.5529 0.5386 0.6357
vn -0.8174 0.0968 0.5679
vn -0.9558 -0.1271 0.2653
vn -0.0480 0.9966 -0.0668
vn -0.0526 0.9202 0.3878
vn 0.4654 0.8730 0.1458
vn 0.0946 0.9515 -0.2926
vn -0.3780 0.7928 -0.4782
vn -0.8736 0.3814 -0.3022
vn -0.4528 0.1628 0.8766
vn -0.1305 0.5455 0.8279
vn -0.6091 -0.0241 0.7928
vn 0.4169 0.6970 0.5834
vn 0.2339 0.0716 0.9696
vn 0.0457 -0.2769 0.9598
vn 0.0432 -0.4201 0.9065
vn 0.7516 0.5617 0.3458
vn 0.8110 0.5228 0.2627
vn 0.0377 -0.2414 0.9697
vn 0.2926 0.0713 0.9536
vn 0.1321 -0.6275 0.7673
vn 0.0251 -0.5003 0.8655
vn 0.2717 -0.7291 0.6281
vn -0.0436 -0.5152 0.8560
vn 0.1326 -0.5613 0.8169
vn 0.1186 -0.5611 0.8192
vn 0.4642 0.8315 -0.3052
vn 0.1044 0.8403 -0.5321
vn -0.2470 0.7488 -0.6150
vn -0.6163 0.4956 -0.6120
vn -0.1037 -0.6333 0.7669
vn -0.7304 -0.2746 0.6254
vn -0.0788 -0.7080 0.7018
vn -0.7665 0.3907 0.5097
vn -0.8829 0.3865 0.2667
vn -0.8628 0.3653 0.3495
vn -0.7426 0.2775 0.6096
vn -0.4730 0.2987 0.8289
vn -0.5687 0.1353 0.8113
vn -0.7486 0.3560 0.5594
vn -0.5604 0.1047 0.8216
vn -0.7882 0.5820 0.1998
vn -0.7551 0.6539 0.0476
vn -0.8312 -0.5178 0.2025
vn -0.7894 -0.4813 0.3810
vn -0.1998 -0.7015 0.6841
vn -0.0906 -0.5898 0.8025
vn -0.9358 0.0990 -0.3384
vn -0.9246 0.3361 0.1794
vn -0.7105 0.6999 -0.0735
vn -0.7593 0.6503 0.0239
vn -0.2569 0.9557 -0.1437
vn -0.3847 0.9174 -0.1016
vn -0.6464 0.7597 -0.0706
vn -0.5647 0.8074 -0.1708
vn -0.4271 0.8892 -0.1638
vn -0.2753 0.9137 -0.2990
vn -0.0157 -0.7321 0.6810
vn -0.1682 -0.7870 0.5936
vn -0.2680 -0.8156 0.5128
vn -0.3694 -0.8558 0.3622
vn -0.2624 -0.8969 0.3559
vn -0.1408 -0.8644 0.4827
vn -0.5794 0.6981 0.4207
vn -0.7940 -0.5892 0.1498
vn -0.6475 -0.7169 0.2585
vn -0.4859 0.0264 -0.8736
vn -0.6692 0.1354 -0.7306
vn -0.8270 0.3310 -0.4544
vn -0.7929 0.5332 -0.2950
vn -0.7548 0.5879 -0.2910
vn 0.2240 -0.9005 -0.3726
vn 0.0015 -0.9221 -0.3868
vn -0.2588 0.7264 0.6368
vn -0.2637 0.6612 0.7024
vn 0.4933 -0.7365 0.4628
vn 0.2564 -0.7567 0.6013
vn 0.3466 -0.7204 0.6008
vn 0.0450 -0.7169 0.6957
vn -0.1155 -0.6650 0.7379
vn -0.1214 -0.6307 0.7665
vn -0.2429 -0.5359 0.8086
vn -0.2116 -0.5635 0.7985
vn -0.1546 -0.5498 0.8209
vn -0.1956 -0.5905 0.7830
vn -0.1312 -0.7914 0.5971
vn -0.1662 -0.7568 0.6322
vn -0.3088 -0.8971 0.3159
vn -0.2033 -0.8906 0.4068
vn -0.4054 -0.8166 0.4109
vn -0.4186 -0.8306 0.3673
vn -0.3717 -0.7898 0.4879
vn -0.3996 -0.8087 0.4316
vn -0.5187 0.3682 0.7716
vn -0.3309 0.5757 0.7477
vn -0.6886 0.6331 0.3537
vn -0.7128 0.6320 0.3040
vn -0.4438 0.0594 0.8941
vn -0.4601 -0.1111 0.8809
vn -0.3741 0.2030 0.9049
vn -0.3316 0.2318 0.9145
vn -0.4224 -0.7690 0.4798
vn -0.4109 -0.8092 0.4199
vn -0.4108 -0.7878 0.4589
vn -0.3894 -0.7661 0.5114
vn -0.2231 -0.9346 0.2770
vn -0.3012 -0.8768 0.3748
vn -0.1642 -0.9783 0.1265
vn -0.1350 -0.9671 0.2155
vn -0.0881 -0.9639 0.2512
vn -0.0176 -0.9330 0.3594
vn 0.0450 -0.9074 0.4179
vn 0.0705 -0.8747 0.4796
vn 0.1175 -0.8531 0.5083
vn 0.1722 -0.8499 0.4980
vn 0.2604 -0.8220 0.5064
vn 0.3586 -0.8004 0.4804
vn 0.4073 -0.7664 0.4968
vn 0.4598 -0.7589 0.4611
vn 0.5586 0.0203 0.8292
vn 0.7153 -0.0890 0.6931
vn 0.8134 0.0555 0.5791
vn 0.8744 -0.1077 0.4731
vn 0.6541 0.3211 0.6849
vn 0.3945 0.2132 0.8938
vn 0.2961 0.4246 0.8556
vn 0.0569 0.2084 0.9764
vn -0.1606 0.1782 0.9708
vn -0.2213 0.1584 0.9622
vn -0.3839 -0.2059 0.9001
vn -0.4624 0.0056 0.8867
vn -0.1412 0.6039 0.7845
vn -0.5073 -0.3437 0.7903
vn -0.5634 -0.2088 0.7994
vn -0.0686 0.7234 0.6870
vn -0.2195 0.2557 0.9415
vn -0.6557 -0.4279 0.6221
vn -0.6678 -0.2891 0.6859
vn -0.7282 -0.3878 0.5651
vn -0.7765 -0.4708 0.4188
vn 0.0705 0.6279 0.7751
vn 0.3726 0.4881 0.7893
vn 0.2432 0.6178 0.7478
vn 0.4818 0.4737 0.7372
vn -0.0274 0.2266 0.9736
vn 0.0920 0.2253 0.9699
vn 0.7055 -0.3246 0.6300
vn 0.5424 -0.4411 0.7150
vn 0.8063 -0.3573 0.4714
vn 0.8718 -0.1920 0.4506
vn 0.3959 -0.6363 0.6621
vn 0.6330 -0.5823 0.5102
vn 0.1822 -0.6867 0.7038
vn 0.3366 -0.7964 0.5024
vn 0.0235 -0.7872 0.6163
vn 0.0548 -0.8555 0.5150
vn -0.2232 -0.7957 0.5631
vn -0.1880 -0.8609 0.4727
vn -0.4110 -0.7474 0.5220
vn -0.2991 -0.8341 0.4634
vn -0.5950 -0.6079 0.5257
vn -0.5789 -0.6946 0.4271
vn 0.5273 0.3838 0.7581
vn 0.6567 -0.1341 0.7421
vn -0.7108 -0.5148 0.4793
vn -0.7631 -0.5303 0.3694
vn -0.7930 -0.4056 0.4546
vn -0.8004 -0.4559 0.3894
vn -0.8095 -0.3681 0.4574
vn -0.7663 -0.4945 0.4102
vn -0.9172 0.2118 0.3374
vn -0.8357 -0.0173 0.5488
vn -0.5645 -0.2102 0.7982
vn -0.2337 -0.3306 0.9144
vn -0.9615 0.1504 0.2300
vn -0.4917 0.7478 -0.4461
vn -0.1894 0.7820 -0.5938
vn -0.7386 0.6356 -0.2247
vn -0.7740 0.6116 -0.1642
vn -0.9947 -0.0866 0.0557
vn -0.9986 0.0484 -0.0214
vn -0.0184 -0.3826 0.9237
vn 0.0727 -0.2941 0.9530
vn -0.7043 -0.5554 0.4423
vn -0.5867 -0.7854 0.1976
vn -0.3730 -0.7966 0.4757
vn 0.0460 -0.9163 0.3979
vn -0.8926 -0.2634 0.3660
vn -0.4408 -0.7258 0.5282
vn -0.2546 -0.8496 0.4620
vn -0.6454 -0.3746 0.6657
vn -0.2833 -0.7468 0.6018
vn -0.1200 -0.6448 0.7549
vn -0.0133 -0.6804 0.7328
vn -0.0513 -0.5127 0.8570
vn -0.2528 -0.4593 0.8515
vn -0.0527 -0.9714 0.2317
vn -0.0276 -0.8232 0.5670
vn -0.0373 -0.2253 0.9736
vn -0.2260 -0.2459 0.9426
vn -0.3712 -0.2505 0.8941
vn -0.4182 -0.4135 0.8088
vn -0.3052 0.2363 0.9225
vn -0.4339 -0.1585 0.8869
vn -0.6724 0.1532 0.7242
vn -0.0535 0.2632 0.9633
vn -0.3442 0.8403 0.4189
vn -0.1177 0.7856 0.6075
vn -0.3899 0.9029 0.1809
vn -0.0490 0.0058 0.9988
vn 0.1686 -0.0793 0.9825
vn -0.2938 0.0266 0.9555
vn -0.5213 -0.0848 0.8491
vn -0.6612 -0.1347 0.7380
vn -0.3824 0.5959 0.7062
vn -0.1839 0.5735 0.7983
vn -0.4077 0.3830 0.8289
vn -0.7582 0.6029 0.2483
vn -0.7333 -0.2341 0.6383
vn -0.5251 0.4125 0.7444
vn -0.2025 0.5946 0.7781
vn -0.4942 0.4020 0.7708
vn -0.9066 0.3118 0.2843
vn -0.9320 0.1397 0.3345
vn -0.8458 -0.0118 0.5334
vn -0.6438 -0.0189 0.7650
vn -0.7088 -0.1266 0.6939
vn -0.9529 0.0410 0.3006
vn -0.6287 -0.7231 0.2862
vn -0.6572 -0.7231 0.2126
vn -0.5175 -0.7915 0.3251
vn -0.2307 -0.9721 0.0436
vn 0.1464 -0.9873 -0.0620
vn -0.4111 -0.0598 0.9096
vn -0.8788 -0.2998 0.3713
vn -0.5644 -0.5239 0.6379
vn -0.2006 -0.6501 0.7329
vn -0.0398 -0.5858 0.8094
vn -0.3724 -0.1290 0.9191
vn -0.7976 -0.5180 0.3090
vn -0.8647 -0.4799 0.1482
vn -0.5875 -0.5823 0.5620
vn -0.3059 -0.5894 0.7477
vn -0.1301 -0.5078 0.8516
vn -0.0467 -0.5329 0.8449
vn 0.0036 -0.6225 0.7826
vn 0.0050 -0.6404 0.7680
vn -0.0743 -0.7338 0.6753
vn -0.9181 -0.3813 0.1078
vn -0.0722 -0.6996 0.7109
vn -0.2044 -0.7581 0.6193
vn -0.3763 -0.7864 0.4898
vn -0.5620 -0.7789 0.2785
vn -0.6805 -0.7276 0.0866
vn 0.3760 -0.8180 0.4353
vn 0.5013 -0.8174 0.2838
vn 0.4400 -0.7915 0.4241
vn 0.1279 -0.6731 0.7284
vn 0.3617 -0.9028 0.2326
vn 0.4088 -0.9008 0.1464
vn 0.2650 -0.9579 0.1101
vn 0.2723 -0.9620 0.0171
vn 0.1189 -0.9929 -0.0009
vn 0.1038 -0.9899 -0.0965
vn -0.0374 -0.9944 -0.0985
vn 0.0042 -0.9818 -0.1897
vn -0.1508 -0.9750 -0.1634
vn 0.2889 -0.9459 0.1480
vn 0.2382 -0.9711 0.0127
vn 0.2486 -0.9662 -0.0683
vn 0.1638 -0.9673 -0.1939
vn -0.7539 -0.6564 0.0262
vn -0.7701 -0.6332 0.0778
vn -0.8269 -0.5603 0.0482
vn -0.5451 -0.5366 0.6441
vn -0.1787 -0.7270 0.6630
vn -0.0137 -0.7978 0.6027
vn -0.0933 -0.8197 0.5651
vn -0.2412 0.9435 0.2273
vn -0.2325 0.7958 0.5592
vn -0.2101 0.9008 0.3799
vn -0.3243 0.8454 0.4244
vn -0.4740 -0.6415 0.6031
vn -0.4759 -0.7919 0.3826
vn -0.2204 -0.7718 0.5964
vn -0.2823 -0.6032 0.7460
vn -0.7121 -0.6363 0.2968
vn -0.3151 -0.0630 0.9470
vn -0.2378 -0.3710 0.8977
vn -0.4395 -0.8261 0.3528
vn -0.1932 0.1973 0.9611
vn -0.1399 -0.1880 0.9721
vn -0.1655 -0.0103 0.9862
vn -0.2059 -0.2396 0.9488
vn -0.0403 0.1437 0.9888
vn -0.6743 -0.7194 0.1668
vn -0.7249 -0.6850 0.0731
vn -0.5386 -0.8425 -0.0087
vn -0.3824 -0.9210 0.0749
vn -0.2247 -0.9555 0.1912
vn -0.3302 -0.9427 0.0471
vn 0.2429 -0.8564 0.4556
vn -0.0485 0.3121 0.9488
vn -0.0083 0.2594 0.9657
vn -0.2931 -0.8482 -0.4411
vn 0.1585 -0.7706 -0.6173
vn -0.5211 -0.7450 -0.4164
vn -0.2001 0.4699 -0.8597
vn -0.4643 0.4854 -0.7408
vn -0.7068 0.3447 -0.6178
vn -0.8320 0.1995 -0.5177
vn -0.9036 -0.3687 -0.2180
vn -0.8881 -0.3951 -0.2349
vn 0.1891 -0.6339 -0.7499
vn -0.1812 0.2826 -0.9420
vn -0.4799 0.2055 -0.8529
vn -0.7144 -0.0400 -0.6986
vn -0.6936 -0.3549 -0.6268
vn -0.7036 -0.6355 -0.3180
vn -0.5717 -0.7465 -0.3405
vn -0.2247 -0.8317 -0.5078
vn -0.1618 -0.8597 -0.4846
vn 0.0064 -0.9336 -0.3582
vn -0.0429 -0.9173 -0.3959
vn 0.0643 0.5733 0.8168
vn -0.7170 -0.3594 0.5973
vn -0.6343 -0.4614 0.6203
vn -0.5559 -0.5332 0.6377
vn -0.4617 -0.5549 0.6921
vn -0.2939 -0.5807 0.7592
vn -0.0881 -0.5531 0.8284
vn 0.0666 -0.4674 0.8815
vn 0.1941 0.2924 0.9364
vn 0.1782 0.2776 0.9440
vn -0.3005 -0.0470 -0.9526
vn 0.2822 -0.1715 0.9439
vn -0.1038 -0.2486 0.9630
vn -0.3170 -0.2718 0.9086
vn -0.4820 -0.3279 0.8125
vn -0.5899 -0.3325 0.7358
vn 0.1332 -0.2701 0.9536
vn 0.1257 -0.2926 0.9480
vn -0.0314 -0.4878 0.8724
vn 0.0599 -0.2517 0.9659
vn -0.2822 -0.9439 -0.1716
vn -0.3247 -0.9304 -0.1697
vn -0.0372 -0.5394 0.8412
vn -0.6310 -0.7706 0.0902
vn -0.0092 -0.5477 0.8366
vn -0.1052 -0.7565 0.6455
vn -0.3229 -0.9317 -0.1662
vn -0.8353 -0.1753 0.5211
vn -0.3390 -0.6519 0.6783
vn -0.2260 -0.6091 0.7602
vn -0.5553 -0.5300 0.6409
vn 0.0993 -0.1659 0.9811
vn 0.1805 -0.0970 0.9788
vn -0.3510 -0.4808 0.8035
vn -0.7468 0.2551 0.6142
vn 0.2204 -0.6474 0.7296
vn -0.4025 -0.2103 0.8909
vn 0.6515 -0.4727 -0.5933
vn 0.4644 -0.6189 -0.6335
vn -0.1415 -0.9799 -0.1409
vn 0.1276 -0.4558 -0.8809
vn 0.1771 -0.2027 -0.9631
vn -0.1687 -0.0655 -0.9835
vn 0.0019 -0.9832 -0.1823
vn -0.8242 -0.1605 0.5431
vn -0.8188 0.0691 0.5699
vn -0.8366 -0.1142 0.5358
vn -0.5179 0.6627 0.5409
vn -0.6993 -0.7030 0.1294
vn -0.8024 -0.5698 0.1776
vn -0.7254 -0.5540 0.4087
vn -0.1265 0.9418 0.3113
vn -0.0597 0.7933 0.6060
vn -0.1193 0.9872 0.1061
vn 0.8288 0.0354 -0.5584
vn 0.6950 0.0809 -0.7144
vn 0.9879 -0.1429 0.0602
vn 0.9844 -0.0474 -0.1697
vn 0.6596 -0.3979 0.6377
vn 0.8401 -0.2580 0.4771
vn -0.4279 -0.3928 0.8140
vn -0.3238 -0.4941 0.8068
vn 0.1815 -0.4730 0.8622
vn 0.1900 -0.4418 0.8768
vn -0.1345 -0.6494 0.7484
vn 0.2114 -0.3512 0.9121
vn 0.0942 -0.5101 0.8550
vn -0.1623 0.1940 0.9675
vn -0.4382 -0.1323 0.8891
vn 0.4334 -0.0366 0.9005
vn 0.3325 -0.3002 0.8941
vn 0.4677 -0.8040 -0.3672
vn -0.1538 0.1530 -0.9762
vn 0.6825 0.6495 0.3353
vn 0.6135 0.6861 0.3911
vn 0.5962 0.6994 0.3941
vn 0.5666 0.7163 0.4072
vn 0.5669 0.7301 0.3815
vn 0.5841 0.6873 0.4318
vn -0.0300 0.4077 0.9126
vn -0.0670 0.3181 0.9457
vn 0.5613 0.5924 0.5778
vn -0.1155 0.5132 0.8505
vn -0.4724 0.1502 0.8685
vn -0.5176 -0.2614 0.8147
vn -0.5339 -0.1936 0.8230
vn -0.4027 -0.8903 0.2126
vn -0.0625 -0.1596 -0.9852
vn -0.0252 -0.1010 -0.9946
vn -0.6806 0.4738 -0.5588
vn -0.5843 0.4698 -0.6617
vn -0.6770 0.3575 -0.6434
vn -0.5567 0.1852 -0.8098
vn -0.4368 0.0913 -0.8949
vn -0.2832 0.1185 -0.9517
vn -0.4576 0.3329 -0.8245
vn -0.3724 0.1367 -0.9180
vn -0.3954 0.1035 -0.9126
vn -0.5018 0.2604 -0.8249
vn -0.4670 0.2624 -0.8444
vt 0.754700 0.233300
vt 0.756400 0.243900
vt 0.746100 0.242500
vt 0.746500 0.254500
vt 0.753900 0.270600
vt 0.751800 0.286300
vt 0.739300 0.276900
vt 0.747900 0.260000
vt 0.763300 0.263800
vt 0.770700 0.282400
vt 0.759500 0.251400
vt 0.732800 0.244900
vt 0.734000 0.264800
vt 0.792300 0.264100
vt 0.796800 0.287900
vt 0.792100 0.310400
vt 0.751500 0.054800
vt 0.749600 0.034800
vt 0.774800 0.026100
vt 0.767200 0.055700
vt 0.743000 0.073400
vt 0.722900 0.053700
vt 0.761600 0.084700
vt 0.853500 0.014800
vt 0.835300 0.024600
vt 0.802100 0.015200
vt 0.786700 0.041000
vt 0.781900 0.059800
vt 0.801500 0.037500
vt 0.802200 0.060300
vt 0.822600 0.055300
vt 0.829100 0.043700
vt 0.834500 0.078800
vt 0.808200 0.085700
vt 0.857500 0.064400
vt 0.876100 0.045800
vt 0.909800 0.077600
vt 0.880500 0.094400
vt 0.848800 0.105900
vt 0.858900 0.136100
vt 0.896200 0.130800
vt 0.822000 0.137000
vt 0.816400 0.111300
vt 0.788400 0.135500
vt 0.786000 0.112100
vt 0.781800 0.085500
vt 0.760500 0.109700
vt 0.759200 0.131200
vt 0.734800 0.096100
vt 0.730000 0.118300
vt 0.704700 0.077500
vt 0.698900 0.103200
vt 0.548400 0.168800
vt 0.568500 0.178900
vt 0.578800 0.197000
vt 0.599600 0.171600
vt 0.548700 0.208100
vt 0.530400 0.187700
vt 0.517000 0.217100
vt 0.504600 0.198200
vt 0.563700 0.233300
vt 0.606300 0.216700
vt 0.536600 0.233800
vt 0.888400 0.021400
vt 0.934700 0.056200
vt 0.633900 0.174500
vt 0.966500 0.110800
vt 0.932700 0.122100
vt 0.938900 0.174400
vt 0.975400 0.178200
vt 0.900000 0.170600
vt 0.888800 0.207600
vt 0.923400 0.224600
vt 0.859600 0.166200
vt 0.851300 0.193200
vt 0.821300 0.160500
vt 0.816200 0.182000
vt 0.788500 0.156800
vt 0.786200 0.174600
vt 0.757000 0.151400
vt 0.754400 0.167000
vt 0.726000 0.139200
vt 0.722300 0.159100
vt 0.692000 0.152600
vt 0.691600 0.126900
vt 0.558700 0.159900
vt 0.545300 0.141600
vt 0.563500 0.118600
vt 0.591300 0.139900
vt 0.577100 0.087300
vt 0.621900 0.121000
vt 0.523600 0.091100
vt 0.528200 0.125100
vt 0.954400 0.243800
vt 0.908900 0.290800
vt 0.889300 0.262700
vt 0.845000 0.285000
vt 0.852300 0.313800
vt 0.864200 0.237600
vt 0.830500 0.258200
vt 0.834700 0.216500
vt 0.811000 0.234200
vt 0.805800 0.201400
vt 0.790800 0.216000
vt 0.781100 0.189500
vt 0.772700 0.204100
vt 0.751800 0.181200
vt 0.749000 0.198200
vt 0.722500 0.202700
vt 0.720100 0.179600
vt 0.700900 0.210000
vt 0.690800 0.181100
vt 0.533400 0.164500
vt 0.505900 0.158000
vt 0.499000 0.139800
vt 0.490500 0.176400
vt 0.509200 0.186100
vt 0.473700 0.168500
vt 0.481900 0.119000
vt 0.492000 0.209300
vt 0.499600 0.216600
vt 0.479500 0.207100
vt 0.710900 0.239000
vt 0.728700 0.227900
vt 0.746200 0.218800
vt 0.761300 0.221000
vt 0.773700 0.229000
vt 0.784400 0.243200
vt 0.495900 0.230000
vt 0.484600 0.208900
vt 0.082900 0.615500
vt 0.109100 0.638700
vt 0.098700 0.649600
vt 0.072400 0.635000
vt 0.138500 0.664200
vt 0.738300 0.895600
vt 0.725100 0.939300
vt 0.712200 0.909600
vt 0.718400 0.887600
vt 0.743800 0.863000
vt 0.729400 0.862300
vt 0.747000 0.834000
vt 0.057200 0.600200
vt 0.051500 0.618800
vt 0.137100 0.638200
vt 0.125900 0.628100
vt 0.120100 0.605000
vt 0.122600 0.588300
vt 0.094500 0.586400
vt 0.069500 0.581500
vt 0.709100 0.853500
vt 0.691800 0.878200
vt 0.683300 0.908300
vt 0.688700 0.948800
vt 0.155800 0.642000
vt 0.177800 0.664400
vt 0.704800 0.976000
vt 0.183900 0.636100
vt 0.200400 0.646600
vt 0.194700 0.652000
vt 0.040900 0.595000
vt 0.046700 0.576700
vt 0.052300 0.558000
vt 0.070700 0.559500
vt 0.097800 0.561600
vt 0.125700 0.563700
vt 0.933700 0.341700
vt 0.913100 0.322600
vt 0.928200 0.322500
vt 0.930900 0.337800
vt 0.237800 0.598000
vt 0.243800 0.570800
vt 0.289000 0.602100
vt 0.291400 0.572200
vt 0.195600 0.592300
vt 0.199900 0.568700
vt 0.165700 0.589500
vt 0.167000 0.566700
vt 0.144400 0.588100
vt 0.144400 0.565100
vt 0.197300 0.983300
vt 0.197900 0.990000
vt 0.210500 0.983700
vt 0.211100 0.986700
vt 0.161700 0.722500
vt 0.165100 0.724000
vt 0.162100 0.724700
vt 0.161500 0.720300
vt 0.166000 0.721800
vt 0.161900 0.717400
vt 0.166500 0.719800
vt 0.020700 0.855300
vt 0.022400 0.845000
vt 0.011800 0.843900
vt 0.010300 0.853300
vt 0.094000 0.715100
vt 0.117300 0.718300
vt 0.106300 0.724500
vt 0.092200 0.725600
vt 0.120300 0.724200
vt 0.010000 0.844400
vt 0.120100 0.727200
vt 0.105500 0.726300
vt 0.092900 0.727300
vt 0.080200 0.387000
vt 0.079200 0.386400
vt 0.079200 0.406600
vt 0.081100 0.408500
vt 0.079300 0.378700
vt 0.078500 0.366800
vt 0.079300 0.367700
vt 0.052000 0.798200
vt 0.052700 0.797600
vt 0.051600 0.802100
vt 0.052800 0.802700
vt 0.051600 0.791500
vt 0.052600 0.791900
vt 0.387200 0.767800
vt 0.386400 0.768900
vt 0.390900 0.772000
vt 0.390000 0.773000
vt 0.382400 0.762400
vt 0.381300 0.763400
vt 0.377300 0.757500
vt 0.376500 0.758200
vt 0.034100 0.861700
vt 0.046700 0.870900
vt 0.050300 0.863900
vt 0.038100 0.852700
vt 0.063100 0.886400
vt 0.060400 0.877300
vt 0.072800 0.882100
vt 0.102600 0.699900
vt 0.114100 0.694800
vt 0.112500 0.706100
vt 0.114700 0.694600
vt 0.116500 0.690700
vt 0.120700 0.691500
vt 0.364100 0.744900
vt 0.371600 0.753000
vt 0.372300 0.752400
vt 0.691300 0.842900
vt 0.711700 0.815600
vt 0.130300 0.680800
vt 0.129800 0.682900
vt 0.141800 0.673600
vt 0.100000 0.406100
vt 0.110900 0.409600
vt 0.110300 0.401700
vt 0.104400 0.395900
vt 0.113000 0.415800
vt 0.118600 0.410600
vt 0.027800 0.591700
vt 0.032600 0.571800
vt 0.034500 0.556700
vt 0.117600 0.427200
vt 0.022000 0.560800
vt 0.014700 0.555300
vt 0.018200 0.572800
vt 0.010000 0.560100
vt 0.875900 0.323100
vt 0.879500 0.333100
vt 0.843300 0.323600
vt 0.842700 0.344400
vt 0.818400 0.354100
vt 0.815200 0.324200
vt 0.789300 0.358900
vt 0.785900 0.325000
vt 0.754800 0.325600
vt 0.758400 0.360100
vt 0.731200 0.360800
vt 0.723200 0.326200
vt 0.704500 0.326400
vt 0.707900 0.362900
vt 0.811400 0.940900
vt 0.816800 0.974300
vt 0.801600 0.975400
vt 0.800500 0.942400
vt 0.827900 0.940600
vt 0.830000 0.974300
vt 0.841200 0.941400
vt 0.842600 0.975200
vt 0.852600 0.943800
vt 0.851100 0.976300
vt 0.464100 0.260000
vt 0.495900 0.268100
vt 0.499500 0.245800
vt 0.467100 0.241300
vt 0.461100 0.281800
vt 0.493000 0.287400
vt 0.458100 0.306500
vt 0.489300 0.312700
vt 0.452800 0.328000
vt 0.485800 0.335900
vt 0.379600 0.608500
vt 0.380100 0.574300
vt 0.391300 0.574500
vt 0.393600 0.609600
vt 0.342000 0.605800
vt 0.341600 0.573300
vt 0.039500 0.785600
vt 0.035500 0.784900
vt 0.039400 0.781700
vt 0.041100 0.784000
vt 0.390200 0.755000
vt 0.394200 0.751700
vt 0.385600 0.746700
vt 0.395200 0.749000
vt 0.039400 0.794000
vt 0.036800 0.790600
vt 0.037600 0.789800
vt 0.039900 0.787900
vt 0.033000 0.786000
vt 0.162900 0.714500
vt 0.167100 0.716800
vt 0.041500 0.789800
vt 0.044700 0.790800
vt 0.044100 0.794000
vt 0.049900 0.791600
vt 0.046800 0.788500
vt 0.391800 0.770500
vt 0.391700 0.765900
vt 0.388300 0.765900
vt 0.655800 0.951400
vt 0.658100 0.906500
vt 0.390200 0.762600
vt 0.041700 0.789700
vt 0.045200 0.785300
vt 0.042900 0.784000
vt 0.126100 0.439400
vt 0.121600 0.425600
vt 0.030600 0.790700
vt 0.034700 0.787100
vt 0.039100 0.791000
vt 0.948700 0.318800
vt 0.948700 0.317700
vt 0.959600 0.320700
vt 0.960000 0.323100
vt 0.042700 0.793300
vt 0.041300 0.797600
vt 0.940900 0.326300
vt 0.940400 0.323600
vt 0.163900 0.712800
vt 0.166900 0.713600
vt 0.165300 0.711500
vt 0.167700 0.710400
vt 0.170500 0.712900
vt 0.168100 0.710500
vt 0.170900 0.717200
vt 0.170000 0.721500
vt 0.168400 0.724700
vt 0.166400 0.726900
vt 0.163900 0.726900
vt 0.165800 0.731800
vt 0.168400 0.730800
vt 0.162500 0.731900
vt 0.171000 0.817800
vt 0.168800 0.854700
vt 0.152600 0.824600
vt 0.743500 0.794900
vt 0.143400 0.547100
vt 0.145100 0.545500
vt 0.145100 0.533700
vt 0.159300 0.727700
vt 0.163700 0.726800
vt 0.160900 0.731100
vt 0.158000 0.725400
vt 0.157800 0.722300
vt 0.157300 0.719300
vt 0.157900 0.715800
vt 0.159000 0.712000
vt 0.161100 0.709100
vt 0.163700 0.707400
vt 0.166200 0.706100
vt 0.168200 0.704300
vt 0.122600 0.316000
vt 0.144900 0.305100
vt 0.121100 0.295900
vt 0.690100 0.468700
vt 0.678700 0.436000
vt 0.695100 0.444300
vt 0.700200 0.406300
vt 0.677800 0.481100
vt 0.651900 0.490600
vt 0.166100 0.281200
vt 0.263700 0.544300
vt 0.263100 0.524500
vt 0.227200 0.532700
vt 0.227500 0.551600
vt 0.193400 0.557000
vt 0.193500 0.536300
vt 0.165300 0.558200
vt 0.165600 0.538700
vt 0.302500 0.536100
vt 0.301000 0.517900
vt 0.355900 0.502200
vt 0.356300 0.526400
vt 0.404700 0.515300
vt 0.408500 0.488900
vt 0.738200 0.457400
vt 0.765100 0.452500
vt 0.784100 0.503400
vt 0.757400 0.498200
vt 0.720100 0.409200
vt 0.746000 0.406600
vt 0.223100 0.499800
vt 0.189800 0.502600
vt 0.165900 0.503500
vt 0.299500 0.482700
vt 0.353600 0.472300
vt 0.401900 0.455500
vt 0.771800 0.403600
vt 0.791900 0.449300
vt 0.818900 0.502800
vt 0.254800 0.492000
vt 0.187800 0.470300
vt 0.166100 0.469600
vt 0.182700 0.448300
vt 0.166300 0.450100
vt 0.212000 0.465300
vt 0.201200 0.442800
vt 0.020800 0.869200
vt 0.011000 0.869300
vt 0.012200 0.898600
vt 0.028900 0.896700
vt 0.047600 0.891400
vt 0.036000 0.872700
vt 0.235700 0.453400
vt 0.214500 0.433600
vt 0.230300 0.429600
vt 0.222900 0.427200
vt 0.251200 0.442300
vt 0.268900 0.461300
vt 0.246200 0.406000
vt 0.228200 0.420400
vt 0.233400 0.426100
vt 0.250000 0.443900
vt 0.267800 0.422400
vt 0.286800 0.438000
vt 0.311300 0.448200
vt 0.348900 0.447400
vt 0.042000 0.486000
vt 0.060600 0.499900
vt 0.051700 0.474900
vt 0.067600 0.488800
vt 0.062500 0.463100
vt 0.079700 0.476000
vt 0.095700 0.389300
vt 0.087200 0.407200
vt 0.088600 0.384300
vt 0.081600 0.377500
vt 0.115100 0.398800
vt 0.108500 0.390000
vt 0.101000 0.383100
vt 0.094900 0.377900
vt 0.088000 0.372200
vt 0.081200 0.365400
vt 0.073100 0.455600
vt 0.090700 0.467600
vt 0.083200 0.449900
vt 0.101000 0.461900
vt 0.093600 0.446900
vt 0.102000 0.447000
vt 0.109800 0.459500
vt 0.111200 0.448100
vt 0.119400 0.458100
vt 0.075900 0.514300
vt 0.082400 0.501800
vt 0.259100 0.408200
vt 0.259200 0.390000
vt 0.270700 0.396700
vt 0.120600 0.450100
vt 0.121200 0.470800
vt 0.110400 0.475200
vt 0.100200 0.481200
vt 0.091300 0.489400
vt 0.122800 0.486200
vt 0.127600 0.479600
vt 0.285200 0.403800
vt 0.303100 0.413100
vt 0.322600 0.420100
vt 0.346300 0.425100
vt 0.115300 0.496400
vt 0.048600 0.801300
vt 0.048800 0.796100
vt 0.394500 0.743400
vt 0.383800 0.740100
vt 0.108300 0.506200
vt 0.100000 0.520000
vt 0.091700 0.534200
vt 0.135700 0.485300
vt 0.133800 0.497400
vt 0.145000 0.486600
vt 0.145100 0.502500
vt 0.133500 0.513900
vt 0.145100 0.518300
vt 0.134200 0.528700
vt 0.135100 0.538000
vt 0.124100 0.503000
vt 0.120100 0.515200
vt 0.173400 0.709100
vt 0.170600 0.704900
vt 0.174700 0.712600
vt 0.373200 0.740200
vt 0.376900 0.746900
vt 0.175200 0.717300
vt 0.173700 0.723700
vt 0.171000 0.728600
vt 0.381500 0.754000
vt 0.384800 0.760200
vt 0.388100 0.757700
vt 0.042600 0.780800
vt 0.277000 0.369700
vt 0.268500 0.367800
vt 0.292200 0.376700
vt 0.305400 0.381100
vt 0.400600 0.428600
vt 0.817800 0.442900
vt 0.842300 0.488100
vt 0.799500 0.397400
vt 0.321600 0.387500
vt 0.336400 0.394600
vt 0.356500 0.407200
vt 0.162700 0.697800
vt 0.166800 0.697600
vt 0.159100 0.700200
vt 0.155800 0.705400
vt 0.040600 0.378200
vt 0.053300 0.377900
vt 0.046100 0.385900
vt 0.039900 0.390800
vt 0.029100 0.377500
vt 0.032400 0.400200
vt 0.021700 0.391700
vt 0.015700 0.385900
vt 0.151600 0.709700
vt 0.151700 0.714500
vt 0.152400 0.718800
vt 0.153500 0.723500
vt 0.154500 0.727500
vt 0.154900 0.733300
vt 0.154700 0.738100
vt 0.916000 0.338400
vt 0.930500 0.360400
vt 0.913800 0.357500
vt 0.926600 0.378700
vt 0.908700 0.381600
vt 0.019000 0.399100
vt 0.011900 0.388700
vt 0.018000 0.409800
vt 0.010000 0.406700
vt 0.031800 0.413900
vt 0.173000 0.698500
vt 0.176200 0.706000
vt 0.178000 0.712200
vt 0.926600 0.399900
vt 0.906400 0.400200
vt 0.013800 0.424000
vt 0.178400 0.717200
vt 0.031200 0.429200
vt 0.176800 0.724700
vt 0.173200 0.731300
vt 0.168700 0.736600
vt 0.165100 0.738800
vt 0.160500 0.741000
vt 0.367800 0.897300
vt 0.359500 0.896400
vt 0.360400 0.894000
vt 0.368800 0.896300
vt 0.373200 0.900700
vt 0.375700 0.899400
vt 0.376100 0.904700
vt 0.379200 0.903800
vt 0.377800 0.912000
vt 0.381500 0.912200
vt 0.375600 0.919100
vt 0.378800 0.921300
vt 0.370200 0.923000
vt 0.372200 0.924800
vt 0.366200 0.924200
vt 0.367600 0.926000
vt 0.361100 0.923600
vt 0.362100 0.924800
vt 0.032900 0.445100
vt 0.026200 0.440300
vt 0.040100 0.440900
vt 0.926500 0.408700
vt 0.927300 0.419000
vt 0.905800 0.418500
vt 0.929800 0.428100
vt 0.914800 0.441000
vt 0.332300 0.373200
vt 0.312400 0.365300
vt 0.120400 0.545200
vt 0.123300 0.549100
vt 0.124300 0.548000
vt 0.128000 0.545900
vt 0.125600 0.539000
vt 0.171600 0.985800
vt 0.173900 0.989900
vt 0.168100 0.988400
vt 0.166200 0.984500
vt 0.176100 0.985100
vt 0.179600 0.990000
vt 0.182900 0.982700
vt 0.186600 0.985400
vt 0.185500 0.974100
vt 0.188800 0.974400
vt 0.182400 0.966300
vt 0.184700 0.964400
vt 0.178700 0.962200
vt 0.180100 0.959700
vt 0.171700 0.959800
vt 0.173400 0.956800
vt 0.163900 0.954700
vt 0.163100 0.958500
vt 0.122000 0.528400
vt 0.711200 0.728600
vt 0.718200 0.722900
vt 0.731800 0.741400
vt 0.232000 0.988400
vt 0.231900 0.984600
vt 0.669500 0.986200
vt 0.673900 0.871100
vt 0.069800 0.358100
vt 0.089500 0.334100
vt 0.074500 0.310800
vt 0.134800 0.543500
vt 0.057600 0.396100
vt 0.051700 0.391900
vt 0.057200 0.386800
vt 0.062200 0.392400
vt 0.053200 0.399900
vt 0.046700 0.396400
vt 0.048000 0.406400
vt 0.042500 0.404200
vt 0.044600 0.416600
vt 0.039600 0.415600
vt 0.044200 0.427000
vt 0.039100 0.427900
vt 0.047800 0.432200
vt 0.044800 0.435600
vt 0.826300 0.383400
vt 0.818500 0.399300
vt 0.809900 0.424500
vt 0.831200 0.437200
vt 0.841700 0.369200
vt 0.865100 0.471100
vt 0.382800 0.406800
vt 0.040400 0.906700
vt 0.046400 0.937000
vt 0.024300 0.927600
vt 0.036400 0.953100
vt 0.045200 0.968700
vt 0.027800 0.971000
vt 0.010000 0.959900
vt 0.847000 0.424500
vt 0.880400 0.426700
vt 0.889800 0.454300
vt 0.359500 0.386300
vt 0.116100 0.973000
vt 0.114500 0.984500
vt 0.105500 0.975300
vt 0.096800 0.990000
vt 0.059600 0.965900
vt 0.063000 0.977900
vt 0.118600 0.962400
vt 0.068500 0.900000
vt 0.067200 0.925300
vt 0.087500 0.906200
vt 0.082900 0.927000
vt 0.101300 0.944000
vt 0.103400 0.923500
vt 0.128700 0.966200
vt 0.132300 0.984400
vt 0.127900 0.956600
vt 0.142600 0.964700
vt 0.146500 0.977600
vt 0.140800 0.956200
vt 0.153900 0.963600
vt 0.155500 0.979300
vt 0.119700 0.938100
vt 0.113800 0.950700
vt 0.100400 0.960400
vt 0.089500 0.972900
vt 0.090100 0.958900
vt 0.075500 0.966900
vt 0.075700 0.978600
vt 0.058400 0.955900
vt 0.075700 0.950100
vt 0.087500 0.946000
vt 0.876600 0.401500
vt 0.847500 0.405200
vt 0.900100 0.328800
vt 0.899700 0.322800
vt 0.869800 0.343400
vt 0.853700 0.364900
vt 0.865200 0.364400
vt 0.864600 0.376200
vt 0.852800 0.373700
vt 0.868800 0.391100
vt 0.844500 0.387200
vt 0.885200 0.393100
vt 0.876300 0.376300
vt 0.874600 0.363700
vt 0.878400 0.348400
vt 0.885200 0.341300
vt 0.900000 0.335800
vt 0.890000 0.374200
vt 0.895300 0.351300
vt 0.667900 0.329800
vt 0.678600 0.372700
vt 0.651500 0.374800
vt 0.605600 0.294800
vt 0.624700 0.345600
vt 0.588400 0.340400
vt 0.612700 0.234200
vt 0.649200 0.282600
vt 0.570700 0.958200
vt 0.556200 0.970700
vt 0.532700 0.920600
vt 0.555500 0.905300
vt 0.606600 0.946600
vt 0.541400 0.281000
vt 0.574200 0.251300
vt 0.676700 0.800800
vt 0.620200 0.776900
vt 0.680900 0.781700
vt 0.626100 0.752500
vt 0.718900 0.790900
vt 0.721800 0.771300
vt 0.603800 0.989900
vt 0.216600 0.921400
vt 0.169400 0.896000
vt 0.226200 0.887600
vt 0.185700 0.866100
vt 0.274200 0.676800
vt 0.281200 0.641300
vt 0.321900 0.682400
vt 0.331800 0.642800
vt 0.710600 0.526300
vt 0.701300 0.557700
vt 0.680700 0.566800
vt 0.662500 0.513300
vt 0.629100 0.560200
vt 0.646400 0.582200
vt 0.686300 0.590300
vt 0.656600 0.602900
vt 0.629200 0.479000
vt 0.660300 0.424900
vt 0.613700 0.540800
vt 0.594000 0.521800
vt 0.606600 0.462200
vt 0.638600 0.411700
vt 0.577200 0.506500
vt 0.580300 0.443300
vt 0.606600 0.392500
vt 0.554100 0.491100
vt 0.540300 0.358300
vt 0.572500 0.374300
vt 0.520900 0.409500
vt 0.550600 0.425400
vt 0.500700 0.466200
vt 0.528300 0.478500
vt 0.519200 0.337300
vt 0.510400 0.320600
vt 0.380200 0.652100
vt 0.401400 0.652200
vt 0.380700 0.686300
vt 0.407900 0.684400
vt 0.462400 0.383700
vt 0.463300 0.402700
vt 0.438900 0.393800
vt 0.439500 0.409700
vt 0.457900 0.446400
vt 0.436300 0.445500
vt 0.669800 0.627000
vt 0.702000 0.612300
vt 0.702200 0.582000
vt 0.717500 0.608500
vt 0.290400 0.922100
vt 0.313700 0.941700
vt 0.301000 0.955400
vt 0.262900 0.940000
vt 0.338300 0.945900
vt 0.327800 0.963100
vt 0.695100 0.696300
vt 0.679200 0.697600
vt 0.675600 0.651400
vt 0.692000 0.376600
vt 0.662600 0.278000
vt 0.682200 0.325800
vt 0.698800 0.377800
vt 0.687100 0.328300
vt 0.364600 0.272800
vt 0.414500 0.276500
vt 0.369000 0.249400
vt 0.417800 0.254200
vt 0.076300 0.239400
vt 0.072300 0.278100
vt 0.120600 0.270400
vt 0.122600 0.238700
vt 0.083400 0.195100
vt 0.129900 0.203100
vt 0.099200 0.161000
vt 0.137900 0.169800
vt 0.778900 0.581200
vt 0.799400 0.572700
vt 0.810700 0.610000
vt 0.791900 0.620200
vt 0.749900 0.598300
vt 0.764900 0.632100
vt 0.730600 0.606600
vt 0.741600 0.638700
vt 0.734500 0.568000
vt 0.718200 0.582000
vt 0.773100 0.666900
vt 0.752000 0.673200
vt 0.791900 0.758200
vt 0.773000 0.762400
vt 0.761800 0.710400
vt 0.783700 0.704700
vt 0.841800 0.896800
vt 0.826900 0.897100
vt 0.808600 0.898300
vt 0.840200 0.850000
vt 0.824600 0.851500
vt 0.804500 0.852800
vt 0.798700 0.898900
vt 0.792300 0.851800
vt 0.821000 0.804300
vt 0.799800 0.807300
vt 0.785400 0.809400
vt 0.420500 0.237700
vt 0.854900 0.897300
vt 0.373100 0.231600
vt 0.853400 0.849400
vt 0.321300 0.242300
vt 0.326200 0.222400
vt 0.849300 0.801200
vt 0.837000 0.802400
vt 0.840700 0.750300
vt 0.832000 0.750500
vt 0.815600 0.753400
vt 0.808800 0.697700
vt 0.827700 0.692900
vt 0.799800 0.656800
vt 0.819400 0.647600
vt 0.763500 0.548300
vt 0.784500 0.539500
vt 0.411900 0.303000
vt 0.360600 0.299100
vt 0.315500 0.265800
vt 0.309800 0.291400
vt 0.259100 0.278600
vt 0.265200 0.255400
vt 0.270700 0.232200
vt 0.276900 0.208900
vt 0.209800 0.255200
vt 0.213300 0.232900
vt 0.218500 0.205000
vt 0.174600 0.205300
vt 0.172200 0.235200
vt 0.220700 0.191500
vt 0.175800 0.179700
vt 0.063600 0.151100
vt 0.041500 0.184700
vt 0.669100 0.280700
vt 0.207400 0.270400
vt 0.168400 0.257600
vt 0.663800 0.829500
vt 0.644800 0.860300
vt 0.593000 0.831200
vt 0.608800 0.804900
vt 0.547200 0.796500
vt 0.572800 0.767800
vt 0.683300 0.766200
vt 0.585800 0.739100
vt 0.637700 0.727200
vt 0.687900 0.740800
vt 0.593700 0.715000
vt 0.645100 0.692800
vt 0.593600 0.681100
vt 0.645800 0.654000
vt 0.590100 0.654700
vt 0.439500 0.990000
vt 0.425200 0.964200
vt 0.463100 0.954100
vt 0.473900 0.982800
vt 0.410400 0.910400
vt 0.434400 0.900900
vt 0.504100 0.984600
vt 0.489500 0.943800
vt 0.456300 0.889700
vt 0.193700 0.832800
vt 0.232300 0.852100
vt 0.286700 0.897300
vt 0.265300 0.898500
vt 0.291100 0.868200
vt 0.266400 0.864200
vt 0.219200 0.755000
vt 0.264900 0.762700
vt 0.228600 0.802500
vt 0.268400 0.812400
vt 0.296300 0.819600
vt 0.569800 0.315000
vt 0.341600 0.741000
vt 0.314700 0.773800
vt 0.306300 0.726800
vt 0.296800 0.770700
vt 0.267700 0.716200
vt 0.219500 0.702200
vt 0.224400 0.665400
vt 0.188600 0.694800
vt 0.199500 0.695900
vt 0.192400 0.754800
vt 0.206000 0.753700
vt 0.190200 0.793000
vt 0.200600 0.795600
vt 0.561000 0.986600
vt 0.526100 0.984300
vt 0.527000 0.961600
vt 0.226500 0.637100
vt 0.090700 0.831200
vt 0.125100 0.834200
vt 0.084200 0.843400
vt 0.132200 0.860400
vt 0.378200 0.724000
vt 0.414600 0.706200
vt 0.481900 0.361300
vt 0.491600 0.394300
vt 0.478100 0.452200
vt 0.044800 0.817400
vt 0.717200 0.750500
vt 0.739400 0.772000
vt 0.622000 0.899400
vt 0.573600 0.869000
vt 0.523100 0.828500
vt 0.687900 0.505900
vt 0.510200 0.847700
vt 0.494500 0.864800
vt 0.512900 0.933600
vt 0.476300 0.877300
vt 0.161200 0.616200
vt 0.195100 0.626700
vt 0.020100 0.756000
vt 0.011400 0.721200
vt 0.010000 0.697500
vt 0.028000 0.665500
vt 0.037100 0.761500
vt 0.057700 0.761000
vt 0.063100 0.666800
vt 0.080900 0.696900
vt 0.082200 0.728300
vt 0.072600 0.750600
vt 0.410400 0.149000
vt 0.449300 0.163400
vt 0.439500 0.178700
vt 0.399400 0.169300
vt 0.431000 0.197700
vt 0.389200 0.187800
vt 0.422700 0.214400
vt 0.382200 0.202100
vt 0.377300 0.217800
vt 0.464100 0.129800
vt 0.416000 0.121600
vt 0.431000 0.108300
vt 0.442000 0.094600
vt 0.473600 0.107400
vt 0.451600 0.066400
vt 0.480200 0.070600
vt 0.432600 0.043000
vt 0.469800 0.044100
vt 0.439600 0.024400
vt 0.348100 0.010000
vt 0.372900 0.010200
vt 0.356300 0.054700
vt 0.378000 0.041800
vt 0.403100 0.036000
vt 0.405300 0.013100
vt 0.379400 0.058000
vt 0.354000 0.050300
vt 0.407600 0.056500
vt 0.398400 0.070900
vt 0.412300 0.084000
vt 0.427700 0.071900
vt 0.423400 0.101700
vt 0.533800 0.718200
vt 0.475800 0.693200
vt 0.540200 0.696100
vt 0.483000 0.679000
vt 0.140800 0.612200
vt 0.109500 0.889800
vt 0.074000 0.858800
vt 0.037900 0.827700
vt 0.594400 0.609600
vt 0.580900 0.584800
vt 0.562700 0.561500
vt 0.534700 0.542900
vt 0.355500 0.970000
vt 0.363000 0.958200
vt 0.505800 0.529300
vt 0.475000 0.519500
vt 0.443800 0.513800
vt 0.347300 0.990000
vt 0.319000 0.986300
vt 0.371800 0.944900
vt 0.424000 0.512600
vt 0.603600 0.638100
vt 0.542300 0.584300
vt 0.522000 0.575400
vt 0.550200 0.603700
vt 0.494600 0.569200
vt 0.463600 0.566700
vt 0.435700 0.563000
vt 0.351600 0.112900
vt 0.374800 0.129600
vt 0.356600 0.157300
vt 0.333800 0.141500
vt 0.409800 0.555500
vt 0.395900 0.142300
vt 0.377800 0.173400
vt 0.307300 0.125500
vt 0.329200 0.089900
vt 0.558100 0.626000
vt 0.560300 0.649600
vt 0.229000 0.152900
vt 0.218600 0.174400
vt 0.190500 0.151800
vt 0.193000 0.128200
vt 0.226500 0.118200
vt 0.200500 0.101100
vt 0.285100 0.098000
vt 0.304500 0.069200
vt 0.281700 0.112600
vt 0.241600 0.131700
vt 0.259000 0.117200
vt 0.234700 0.095700
vt 0.261300 0.080800
vt 0.278100 0.056600
vt 0.218900 0.076400
vt 0.249000 0.054100
vt 0.477700 0.654200
vt 0.446700 0.650900
vt 0.447100 0.586800
vt 0.421700 0.637200
vt 0.421200 0.601000
vt 0.496300 0.593900
vt 0.510200 0.613700
vt 0.474100 0.587400
vt 0.506300 0.641500
vt 0.181700 0.296300
vt 0.209600 0.292500
vt 0.289100 0.982200
vt 0.248400 0.972900
vt 0.205000 0.955700
vt 0.153000 0.924700
vt 0.659700 0.257500
vt 0.429100 0.735100
vt 0.259800 0.292500
vt 0.307100 0.309000
vt 0.326800 0.322800
vt 0.358100 0.326200
vt 0.011700 0.808100
vt 0.013500 0.804600
vt 0.411500 0.323400
vt 0.380100 0.326100
vt 0.053900 0.359500
vt 0.041900 0.237700
vt 0.021100 0.232900
vt 0.037700 0.279900
vt 0.010700 0.276100
vt 0.036000 0.314400
vt 0.040000 0.357200
vt 0.010000 0.311400
vt 0.018800 0.355800
vt 0.737900 0.755200
vt 0.541800 0.671500
vt 0.485000 0.662500
vt 0.379100 0.869800
vt 0.359500 0.815800
vt 0.406800 0.857200
vt 0.385400 0.810600
vt 0.519200 0.746100
vt 0.463800 0.711000
vt 0.288100 0.357300
vt 0.291700 0.359700
vt 0.296500 0.363100
vt 0.282700 0.356700
vt 0.286100 0.359300
vt 0.278900 0.358700
vt 0.273100 0.360600
vt 0.107100 0.524100
vt 0.102700 0.541500
vt 0.097900 0.541800
vt 0.267700 0.358400
vt 0.112400 0.527900
vt 0.107200 0.541000
vt 0.111900 0.541200
vt 0.116000 0.541400
vt 0.022100 0.642300
vt 0.023400 0.639600
vt 0.020500 0.640200
vt 0.342800 0.921500
vt 0.350400 0.918600
vt 0.341000 0.914300
vt 0.334100 0.918100
vt 0.332500 0.909200
vt 0.325400 0.913400
vt 0.303300 0.365700
vt 0.344800 0.908200
vt 0.354200 0.913200
vt 0.337300 0.903900
vt 0.331600 0.896200
vt 0.323700 0.897500
vt 0.332000 0.883900
vt 0.324200 0.882200
vt 0.334900 0.872400
vt 0.324900 0.868400
vt 0.339200 0.864700
vt 0.332400 0.859000
vt 0.344200 0.860200
vt 0.338600 0.854200
vt 0.349700 0.855000
vt 0.345800 0.846100
vt 0.479500 0.798000
vt 0.501000 0.768600
vt 0.431800 0.845200
vt 0.449700 0.833700
vt 0.465200 0.819800
vt 0.423400 0.796500
vt 0.407200 0.805600
vt 0.436800 0.779900
vt 0.443400 0.759400
vt 0.451800 0.731700
vt 0.355100 0.907800
vt 0.346200 0.904400
vt 0.340300 0.900400
vt 0.909400 0.619600
vt 0.924400 0.606400
vt 0.916800 0.599700
vt 0.905800 0.582000
vt 0.935400 0.592700
vt 0.921200 0.569900
vt 0.945100 0.564500
vt 0.926000 0.541100
vt 0.901000 0.554500
vt 0.891800 0.569000
vt 0.896600 0.534000
vt 0.872900 0.556100
vt 0.871500 0.539900
vt 0.847500 0.548400
vt 0.898700 0.511200
vt 0.866400 0.508200
vt 0.933000 0.522400
vt 0.849800 0.552700
vt 0.841600 0.508100
vt 0.963200 0.542100
vt 0.967000 0.605400
vt 0.973600 0.568600
vt 0.957500 0.627900
vt 0.903900 0.647000
vt 0.942700 0.661400
vt 0.916100 0.712400
vt 0.875600 0.700100
vt 0.870800 0.715800
vt 0.882600 0.685900
vt 0.924400 0.695700
vt 0.892900 0.667400
vt 0.932900 0.676700
vt 0.130300 0.785700
vt 0.113100 0.791500
vt 0.130100 0.802500
vt 0.114200 0.801500
vt 0.091100 0.788700
vt 0.142100 0.781600
vt 0.144600 0.794500
vt 0.155800 0.779700
vt 0.137500 0.762700
vt 0.121800 0.761000
vt 0.101100 0.772700
vt 0.130300 0.814100
vt 0.144000 0.808500
vt 0.117600 0.813500
vt 0.154900 0.796000
vt 0.368600 0.785500
vt 0.355600 0.778000
vt 0.357300 0.786600
vt 0.168200 0.786300
vt 0.174200 0.773800
vt 0.361200 0.799400
vt 0.370200 0.801100
vt 0.343400 0.788000
vt 0.342600 0.778400
vt 0.347000 0.806200
vt 0.333300 0.784200
vt 0.330900 0.794800
vt 0.329300 0.806300
vt 0.157900 0.759200
vt 0.142000 0.742000
vt 0.123100 0.735800
vt 0.095200 0.742500
vt 0.320300 0.797100
vt 0.099800 0.804300
vt 0.311500 0.811800
vt 0.064800 0.795400
vt 0.082500 0.806600
vt 0.053700 0.436100
vt 0.052300 0.439900
vt 0.079000 0.763300
vt 0.336700 0.895300
vt 0.337000 0.884900
vt 0.340500 0.874700
vt 0.345700 0.868100
vt 0.350100 0.864400
vt 0.354700 0.860600
vt 0.380100 0.958500
vt 0.388700 0.959700
vt 0.380900 0.954600
vt 0.390400 0.956700
vt 0.395700 0.962200
vt 0.397100 0.959600
vt 0.399500 0.966200
vt 0.401800 0.964300
vt 0.402600 0.974000
vt 0.405900 0.974300
vt 0.400000 0.982700
vt 0.403700 0.985300
vt 0.393200 0.985000
vt 0.396700 0.990000
vt 0.388600 0.985800
vt 0.390900 0.989900
vt 0.383200 0.984400
vt 0.385100 0.988400
vt 0.318600 0.908600
vt 0.306200 0.892300
vt 0.407800 0.780900
vt 0.413200 0.782100
vt 0.411900 0.780300
vt 0.406800 0.779700
vt 0.417800 0.780900
vt 0.415800 0.779100
vt 0.424400 0.777400
vt 0.421200 0.775200
vt 0.427000 0.768400
vt 0.423400 0.768100
vt 0.424700 0.760100
vt 0.421600 0.761000
vt 0.421200 0.755700
vt 0.418800 0.757000
vt 0.414400 0.752600
vt 0.413400 0.753600
vt 0.406100 0.750300
vt 0.405200 0.752700
vt 0.024100 0.647300
vt 0.020800 0.647400
vt 0.023400 0.654300
vt 0.018800 0.656500
vt 0.027000 0.652100
vt 0.026700 0.646300
vt 0.031500 0.646800
vt 0.029300 0.644200
vt 0.035100 0.640200
vt 0.032000 0.639200
vt 0.036700 0.632800
vt 0.033500 0.632800
vt 0.310400 0.878100
vt 0.036300 0.627700
vt 0.033000 0.628200
vt 0.302400 0.875000
vt 0.034500 0.621600
vt 0.031700 0.624700
vt 0.028900 0.620500
vt 0.031300 0.614000
vt 0.311400 0.867400
vt 0.314100 0.860000
vt 0.304300 0.857000
vt 0.308100 0.854100
vt 0.019200 0.646600
vt 0.017600 0.643200
vt 0.013300 0.648800
vt 0.013100 0.653600
vt 0.016300 0.640900
vt 0.012800 0.643000
vt 0.016100 0.637800
vt 0.011800 0.639000
vt 0.015700 0.634900
vt 0.010800 0.634400
vt 0.016300 0.631300
vt 0.010000 0.630000
vt 0.017400 0.627600
vt 0.010000 0.625200
vt 0.019400 0.624700
vt 0.014200 0.621000
vt 0.321600 0.845700
vt 0.333100 0.846400
vt 0.022000 0.623000
vt 0.017500 0.615800
vt 0.024500 0.621600
vt 0.021000 0.613400
vt 0.026500 0.619900
vt 0.025100 0.613200
vt 0.026700 0.640200
vt 0.024800 0.642400
vt 0.028300 0.637000
vt 0.029200 0.632800
vt 0.028800 0.628500
vt 0.026400 0.626000
vt 0.026000 0.625900
vt 0.023600 0.627100
vt 0.022200 0.628300
vt 0.021200 0.630100
vt 0.020200 0.632900
vt 0.019900 0.635800
vt 0.020000 0.638100
vt 0.022300 0.642400
vt 0.024300 0.637300
vt 0.024800 0.635400
vt 0.025400 0.632400
vt 0.025200 0.629100
vt 0.062600 0.439500
vt 0.061700 0.444800
vt 0.048600 0.445900
vt 0.057900 0.450300
vt 0.041600 0.449700
vt 0.050400 0.453100
s 1
usemtl RedDog_Red_Dog_Default
f 1/1/1 2/2/2 3/3/3
f 2/2/2 4/4/4 3/3/3
f 5/5/5 6/6/6 7/7/7
f 5/5/5 7/7/7 8/8/8
f 5/5/5 9/9/9 10/10/10
f 5/5/5 10/10/10 6/6/6
f 5/5/5 8/8/8 11/11/11
f 5/5/5 11/11/11 9/9/9
f 12/12/12 3/3/3 13/13/13
f 3/3/3 4/4/4 13/13/13
f 10/10/10 9/9/9 14/14/14
f 10/10/10 14/14/14 15/15/15
f 10/10/10 15/15/15 16/16/16
f 10/10/10 16/16/16 6/6/6
f 17/17/17 18/18/18 19/19/19
f 17/17/17 19/19/19 20/20/20
f 17/17/17 21/21/21 22/22/22
f 17/17/17 22/22/22 18/18/18
f 17/17/17 20/20/20 21/21/21
f 20/20/20 23/23/23 21/21/21
f 24/24/24 25/25/25 26/26/26
f 27/27/27 28/28/28 20/20/20
f 27/27/27 20/20/20 19/19/19
f 27/27/27 29/29/29 30/30/30
f 27/27/27 30/30/30 28/28/28
f 27/27/27 19/19/19 26/26/26
f 27/27/27 26/26/26 29/29/29
f 31/31/31 30/30/30 29/29/29
f 31/31/31 29/29/29 32/32/32
f 31/31/31 33/33/33 34/34/34
f 31/31/31 34/34/34 30/30/30
f 31/31/31 32/32/32 35/35/35
f 31/31/31 35/35/35 33/33/33
f 35/35/35 32/32/32 36/36/36
f 32/32/32 25/25/25 36/36/36
f 35/35/35 36/36/36 37/37/37
f 35/35/35 37/37/37 38/38/38
f 35/35/35 38/38/38 39/39/39
f 35/35/35 39/39/39 33/33/33
f 39/39/39 38/38/38 40/40/40
f 38/38/38 41/41/41 40/40/40
f 39/39/39 40/40/40 42/42/42
f 39/39/39 42/42/42 43/43/43
f 39/39/39 43/43/43 33/33/33
f 43/43/43 34/34/34 33/33/33
f 43/43/43 42/42/42 44/44/44
f 43/43/43 44/44/44 45/45/45
f 43/43/43 45/45/45 34/34/34
f 45/45/45 46/46/46 34/34/34
f 46/46/46 28/28/28 30/30/30
f 46/46/46 30/30/30 34/34/34
f 46/46/46 45/45/45 47/47/47
f 46/46/46 47/47/47 23/23/23
f 46/46/46 23/23/23 28/28/28
f 23/23/23 20/20/20 28/28/28
f 47/47/47 45/45/45 48/48/48
f 45/45/45 44/44/44 48/48/48
f 47/47/47 48/48/48 49/49/49
f 48/48/48 50/50/50 49/49/49
f 47/47/47 49/49/49 23/23/23
f 49/49/49 21/21/21 23/23/23
f 49/49/49 50/50/50 51/51/51
f 50/50/50 52/52/52 51/51/51
f 49/49/49 51/51/51 22/22/22
f 49/49/49 22/22/22 21/21/21
f 51/53/53 52/54/54 53/55/55
f 52/54/54 54/56/56 53/55/55
f 51/53/53 53/55/55 55/57/57
f 51/53/53 55/57/57 22/58/58
f 55/57/57 56/59/59 22/58/58
f 56/59/59 18/60/60 22/58/58
f 55/57/57 53/55/55 57/61/61
f 53/55/55 58/62/62 57/61/61
f 55/57/57 57/61/61 24/63/63
f 55/57/57 24/63/63 56/59/59
f 57/64/64 58/65/65 36/36/36
f 58/65/65 37/37/37 36/36/36
f 57/64/64 36/36/36 24/24/24
f 36/36/36 25/25/25 24/24/24
f 58/62/62 53/55/55 54/56/56
f 58/62/62 54/56/56 59/66/66
f 58/65/65 59/67/67 37/37/37
f 59/67/67 60/68/68 37/37/37
f 60/68/68 59/67/67 61/69/69
f 59/67/67 62/70/70 61/69/69
f 60/68/68 61/69/69 63/71/71
f 60/68/68 63/71/71 41/41/41
f 60/68/68 41/41/41 37/37/37
f 41/41/41 38/38/38 37/37/37
f 63/71/71 61/69/69 64/72/72
f 61/69/69 65/73/73 64/72/72
f 63/71/71 64/72/72 66/74/74
f 64/72/72 67/75/75 66/74/74
f 63/71/71 66/74/74 41/41/41
f 66/74/74 40/40/40 41/41/41
f 66/74/74 67/75/75 68/76/76
f 67/75/75 69/77/77 68/76/76
f 66/74/74 68/76/76 40/40/40
f 68/76/76 42/42/42 40/40/40
f 68/76/76 69/77/77 70/78/78
f 69/77/77 71/79/79 70/78/78
f 68/76/76 70/78/78 42/42/42
f 70/78/78 44/44/44 42/42/42
f 70/78/78 71/79/79 72/80/80
f 71/79/79 73/81/81 72/80/80
f 70/78/78 72/80/80 48/48/48
f 70/78/78 48/48/48 44/44/44
f 72/80/80 73/81/81 74/82/82
f 73/81/81 75/83/83 74/82/82
f 72/80/80 74/82/82 50/50/50
f 72/80/80 50/50/50 48/48/48
f 74/82/82 75/83/83 76/84/84
f 74/82/82 76/84/84 77/85/85
f 74/82/82 77/85/85 52/52/52
f 74/82/82 52/52/52 50/50/50
f 77/86/86 76/87/87 78/88/88
f 77/86/86 78/88/88 79/89/89
f 77/86/86 79/89/89 54/56/56
f 77/86/86 54/56/56 52/54/54
f 79/89/89 78/88/88 80/90/90
f 79/89/89 80/90/90 62/91/91
f 79/89/89 62/91/91 59/66/66
f 79/89/89 59/66/66 54/56/56
f 80/90/90 78/88/88 81/92/92
f 78/88/88 82/93/93 81/92/92
f 80/94/94 81/95/95 83/96/96
f 80/94/94 83/96/96 65/73/73
f 80/94/94 65/73/73 62/70/70
f 65/73/73 61/69/69 62/70/70
f 83/96/96 81/95/95 84/97/97
f 81/95/95 85/98/98 84/97/97
f 83/96/96 84/97/97 86/99/99
f 84/97/97 87/100/100 86/99/99
f 83/96/96 86/99/99 64/72/72
f 83/96/96 64/72/72 65/73/73
f 86/99/99 87/100/100 88/101/101
f 87/100/100 89/102/102 88/101/101
f 86/99/99 88/101/101 67/75/75
f 86/99/99 67/75/75 64/72/72
f 88/101/101 89/102/102 90/103/103
f 89/102/102 91/104/104 90/103/103
f 88/101/101 90/103/103 69/77/77
f 88/101/101 69/77/77 67/75/75
f 90/103/103 91/104/104 92/105/105
f 91/104/104 93/106/106 92/105/105
f 90/103/103 92/105/105 71/79/79
f 90/103/103 71/79/79 69/77/77
f 92/105/105 93/106/106 94/107/107
f 93/106/106 95/108/108 94/107/107
f 92/105/105 94/107/107 73/81/81
f 92/105/105 73/81/81 71/79/79
f 94/107/107 95/108/108 96/109/109
f 94/107/107 96/109/109 97/110/110
f 94/107/107 97/110/110 75/83/83
f 94/107/107 75/83/83 73/81/81
f 97/110/110 96/109/109 98/111/111
f 97/110/110 98/111/111 99/112/112
f 97/110/110 99/112/112 75/83/83
f 99/112/112 76/84/84 75/83/83
f 99/113/113 98/114/114 100/115/115
f 99/113/113 100/115/115 82/93/93
f 99/113/113 82/93/93 76/87/87
f 82/93/93 78/88/88 76/87/87
f 100/115/115 98/114/114 101/116/116
f 98/114/114 102/117/117 101/116/116
f 100/115/115 101/116/116 16/118/118
f 100/115/115 16/118/118 85/119/119
f 100/115/115 85/119/119 82/93/93
f 85/119/119 81/92/92 82/93/93
f 101/116/116 102/117/117 7/120/120
f 102/117/117 13/121/121 7/120/120
f 101/116/116 7/120/120 6/122/122
f 101/116/116 6/122/122 16/118/118
f 102/123/123 98/111/111 96/109/109
f 102/123/123 96/109/109 103/124/124
f 102/123/123 103/124/124 13/13/13
f 103/124/124 12/12/12 13/13/13
f 103/124/124 96/109/109 95/108/108
f 103/124/124 95/108/108 104/125/125
f 103/124/124 104/125/125 12/12/12
f 104/125/125 3/3/3 12/12/12
f 104/125/125 95/108/108 105/126/126
f 95/108/108 93/106/106 105/126/126
f 104/125/125 105/126/126 1/1/1
f 104/125/125 1/1/1 3/3/3
f 105/126/126 93/106/106 106/127/127
f 93/106/106 91/104/104 106/127/127
f 105/126/126 106/127/127 1/1/1
f 106/127/127 2/2/2 1/1/1
f 106/127/127 91/104/104 107/128/128
f 91/104/104 89/102/102 107/128/128
f 106/127/127 107/128/128 11/11/11
f 106/127/127 11/11/11 2/2/2
f 107/128/128 89/102/102 14/14/14
f 89/102/102 87/100/100 14/14/14
f 107/128/128 14/14/14 9/9/9
f 107/128/128 9/9/9 11/11/11
f 87/100/100 84/97/97 15/15/15
f 87/100/100 15/15/15 14/14/14
f 84/97/97 85/98/98 15/15/15
f 85/98/98 16/16/16 15/15/15
f 32/32/32 29/29/29 25/25/25
f 29/29/29 26/26/26 25/25/25
f 56/59/59 26/129/129 19/130/130
f 56/59/59 19/130/130 18/60/60
f 13/13/13 4/4/4 8/8/8
f 13/13/13 8/8/8 7/7/7
f 11/11/11 8/8/8 2/2/2
f 8/8/8 4/4/4 2/2/2
f 26/129/129 56/59/59 24/63/63
f 108/131/131 109/132/132 110/133/133
f 108/131/131 110/133/133 111/134/134
f 110/133/133 109/132/132 112/135/135
f 110/136/136 112/137/137 113/138/138
f 110/136/136 113/138/138 114/139/139
f 111/140/140 110/136/136 115/141/141
f 110/136/136 114/139/139 115/141/141
f 111/140/140 115/141/141 116/142/142
f 117/143/143 108/131/131 116/144/144
f 108/131/131 111/134/134 116/144/144
f 118/145/145 112/135/135 109/132/132
f 118/145/145 109/132/132 119/146/146
f 119/146/146 109/132/132 120/147/147
f 109/132/132 108/131/131 120/147/147
f 121/148/148 120/147/147 122/149/149
f 120/147/147 108/131/131 122/149/149
f 122/149/149 108/131/131 123/150/150
f 108/131/131 117/143/143 123/150/150
f 116/142/142 115/141/141 124/151/151
f 124/151/151 115/141/141 114/139/139
f 124/151/151 114/139/139 125/152/152
f 125/152/152 114/139/139 113/138/138
f 125/152/152 113/138/138 126/153/153
f 126/153/153 113/138/138 127/154/154
f 113/138/138 112/137/137 127/154/154
f 112/135/135 118/145/145 128/155/155
f 112/135/135 128/155/155 129/156/156
f 127/154/154 112/137/137 129/157/157
f 130/158/158 131/159/159 132/160/160
f 128/155/155 130/158/158 129/156/156
f 130/158/158 132/160/160 129/156/156
f 116/144/144 133/161/161 117/143/143
f 117/143/143 133/161/161 134/162/162
f 117/143/143 134/162/162 123/150/150
f 123/150/150 134/162/162 135/163/163
f 123/150/150 135/163/163 136/164/164
f 122/149/149 123/150/150 137/165/165
f 123/150/150 136/164/164 137/165/165
f 121/148/148 122/149/149 137/165/165
f 121/148/148 137/165/165 138/166/166
f 139/167/167 140/168/168 141/169/169
f 139/167/167 141/169/169 142/170/170
f 143/171/171 144/172/172 145/173/173
f 144/172/172 146/174/174 145/173/173
f 147/175/175 148/176/176 143/171/171
f 148/176/176 144/172/172 143/171/171
f 149/177/177 150/178/178 147/175/175
f 150/178/178 148/176/176 147/175/175
f 151/179/179 152/180/180 150/178/178
f 151/179/179 150/178/178 149/177/177
f 153/181/181 154/182/182 155/183/183
f 154/182/182 156/184/184 155/183/183
f 157/185/185 158/186/186 159/187/187
f 160/188/188 161/189/189 157/185/185
f 161/189/189 158/186/186 157/185/185
f 162/190/190 163/191/191 160/188/188
f 163/191/191 161/189/189 160/188/188
f 164/192/192 165/193/193 166/194/194
f 164/192/192 166/194/194 167/195/195
f 165/196/196 168/197/197 169/198/198
f 165/196/196 169/198/198 166/199/199
f 169/198/198 168/197/197 170/200/200
f 167/195/195 166/194/194 171/201/201
f 172/202/202 173/203/203 169/198/198
f 172/202/202 169/198/198 170/200/200
f 171/204/204 166/199/199 173/203/203
f 166/199/199 169/198/198 173/203/203
f 174/205/205 175/206/206 172/207/207
f 174/205/205 172/207/207 170/208/208
f 176/209/209 175/206/206 174/205/205
f 177/210/210 178/211/211 176/209/209
f 179/212/212 180/213/213 177/214/214
f 180/213/213 178/215/215 177/214/214
f 181/216/216 182/217/217 180/213/213
f 181/216/216 180/213/213 179/212/212
f 183/218/218 184/219/219 181/220/220
f 184/219/219 182/221/221 181/220/220
f 185/222/222 186/223/223 183/218/218
f 186/223/223 184/219/219 183/218/218
f 187/224/224 188/225/225 185/222/222
f 188/225/225 186/223/223 185/222/222
f 189/226/226 190/227/227 191/228/228
f 189/226/226 191/228/228 192/229/229
f 190/227/227 193/230/230 194/231/231
f 190/227/227 194/231/231 191/228/228
f 194/231/231 193/230/230 195/232/232
f 192/233/233 196/234/234 197/235/235
f 196/234/234 198/236/236 197/235/235
f 191/237/237 199/238/238 196/234/234
f 191/237/237 196/234/234 192/233/233
f 200/239/239 201/240/240 202/241/241
f 124/151/151 203/242/242 204/243/243
f 124/151/151 204/243/243 116/142/142
f 191/237/237 194/244/244 199/238/238
f 194/244/244 205/245/245 199/238/238
f 205/245/245 194/244/244 195/246/246
f 197/247/247 198/248/248 206/249/249
f 206/249/249 207/250/250 197/247/247
f 198/248/248 199/251/251 208/252/252
f 198/248/248 208/252/252 206/249/249
f 209/253/253 133/161/161 116/144/144
f 133/161/161 209/253/253 210/254/254
f 133/161/161 210/254/254 134/162/162
f 135/163/163 134/162/162 211/255/255
f 134/162/162 210/254/254 211/255/255
f 208/252/252 199/251/251 205/256/256
f 212/257/257 153/258/258 211/255/255
f 211/255/255 210/254/254 212/257/257
f 210/254/254 213/259/259 212/257/257
f 212/257/257 213/259/259 154/260/260
f 212/257/257 154/260/260 153/258/258
f 214/261/261 215/262/262 216/263/263
f 215/262/262 217/264/264 216/263/263
f 217/264/264 218/265/265 219/266/266
f 217/264/264 219/266/266 216/263/263
f 220/267/267 221/268/268 218/265/265
f 221/268/268 219/266/266 218/265/265
f 222/269/269 221/268/268 223/270/270
f 221/268/268 220/267/267 223/270/270
f 224/271/271 225/272/272 222/269/269
f 224/271/271 222/269/269 223/270/270
f 226/273/273 225/272/272 227/274/274
f 225/272/272 224/271/271 227/274/274
f 228/275/275 229/276/276 226/277/277
f 228/275/275 226/277/277 227/278/278
f 230/279/279 231/280/280 229/276/276
f 230/279/279 229/276/276 228/275/275
f 232/281/281 233/282/282 231/280/280
f 232/281/281 231/280/280 230/279/279
f 234/283/283 235/284/284 233/282/282
f 234/283/283 233/282/282 232/281/281
f 236/285/285 237/286/286 235/287/287
f 236/285/285 235/287/287 234/288/288
f 238/289/289 239/290/290 237/286/286
f 238/289/289 237/286/286 236/285/285
f 240/291/291 241/292/292 239/290/290
f 240/291/291 239/290/290 238/289/289
f 242/293/293 243/294/294 240/291/291
f 243/294/294 241/292/292 240/291/291
f 244/295/295 245/296/296 243/297/297
f 244/295/295 243/297/297 242/298/298
f 246/299/299 247/300/300 245/296/296
f 246/299/299 245/296/296 244/295/295
f 145/173/173 146/174/174 247/300/300
f 145/173/173 247/300/300 246/299/299
f 202/241/241 201/240/240 187/224/224
f 201/240/240 188/225/225 187/224/224
f 248/301/301 249/302/302 250/303/303
f 248/301/301 250/303/303 251/304/304
f 250/305/305 249/306/306 252/307/307
f 252/307/307 249/306/306 253/308/308
f 254/309/309 255/310/310 256/311/311
f 249/302/302 257/312/312 256/311/311
f 249/302/302 256/311/311 253/313/313
f 249/302/302 248/301/301 257/312/312
f 258/314/314 259/315/315 162/190/190
f 259/315/315 163/191/191 162/190/190
f 260/316/316 261/317/317 254/318/318
f 262/319/319 261/317/317 263/320/320
f 262/321/321 263/322/322 264/323/323
f 126/153/153 127/154/154 265/324/324
f 126/153/153 265/324/324 266/325/325
f 264/323/323 263/322/322 267/326/326
f 256/311/311 257/312/312 260/327/327
f 256/311/311 260/327/327 254/309/309
f 260/316/316 267/328/328 261/317/317
f 267/328/328 263/320/320 261/317/317
f 257/312/312 268/329/329 260/316/316
f 268/329/329 267/328/328 260/316/316
f 205/256/256 195/330/330 269/331/331
f 248/301/301 251/304/304 268/329/329
f 248/301/301 268/329/329 257/312/312
f 270/332/332 253/333/333 255/334/334
f 271/335/335 272/336/336 273/337/337
f 271/335/335 273/337/337 274/338/338
f 269/331/331 208/252/252 205/256/256
f 255/310/310 253/313/313 256/311/311
f 255/334/334 254/339/339 275/340/340
f 276/341/341 277/342/342 272/336/336
f 276/341/341 272/336/336 271/335/335
f 278/343/343 279/344/344 258/314/314
f 279/344/344 259/315/315 258/314/314
f 280/345/345 279/344/344 278/343/343
f 281/346/346 279/344/344 280/345/345
f 282/347/347 279/344/344 281/348/348
f 283/349/349 259/315/315 282/347/347
f 259/315/315 279/344/344 282/347/347
f 284/350/350 163/191/191 283/349/349
f 163/191/191 259/315/315 283/349/349
f 285/351/351 161/189/189 284/350/350
f 161/189/189 163/191/191 284/350/350
f 286/352/352 158/186/186 285/351/351
f 158/186/186 161/189/189 285/351/351
f 286/352/352 287/353/353 158/186/186
f 288/354/354 286/352/352 289/355/355
f 290/356/356 287/353/353 288/354/354
f 287/353/353 286/352/352 288/354/354
f 291/357/357 292/358/358 293/359/359
f 116/142/142 204/243/243 209/360/360
f 274/361/361 273/362/362 294/363/363
f 142/170/170 141/169/169 276/341/341
f 141/169/169 277/342/342 276/341/341
f 295/364/364 159/187/187 287/365/365
f 295/364/364 287/365/365 290/366/366
f 296/367/367 159/187/187 295/364/364
f 297/368/368 157/185/185 159/187/187
f 297/368/368 159/187/187 296/367/367
f 298/369/369 160/188/188 297/368/368
f 160/188/188 157/185/185 297/368/368
f 299/370/370 162/190/190 298/369/369
f 162/190/190 160/188/188 298/369/369
f 300/371/371 258/314/314 299/370/370
f 258/314/314 162/190/190 299/370/370
f 301/372/372 278/343/343 300/371/371
f 278/343/343 258/314/314 300/371/371
f 302/373/373 280/345/345 301/372/372
f 280/345/345 278/343/343 301/372/372
f 303/374/374 281/346/346 302/373/373
f 281/346/346 280/345/345 302/373/373
f 304/375/375 281/346/346 303/374/374
f 305/376/376 306/377/377 307/378/378
f 305/379/379 308/380/380 306/381/381
f 308/380/380 309/382/382 306/381/381
f 305/379/379 310/383/383 308/380/380
f 310/383/383 311/384/384 308/380/380
f 306/377/377 312/385/385 307/378/378
f 313/386/386 314/387/387 315/388/388
f 313/386/386 315/388/388 316/389/389
f 317/390/390 316/389/389 318/391/391
f 316/389/389 315/388/388 318/391/391
f 319/392/392 317/390/390 320/393/393
f 317/390/390 318/391/391 320/393/393
f 313/386/386 321/394/394 314/387/387
f 321/394/394 322/395/395 314/387/387
f 323/396/396 322/395/395 324/397/397
f 322/395/395 321/394/394 324/397/397
f 324/397/397 325/398/398 323/396/396
f 325/398/398 326/399/399 323/396/396
f 327/400/400 328/401/401 326/402/402
f 327/400/400 326/402/402 325/403/403
f 328/401/401 327/400/400 329/404/404
f 328/401/401 329/404/404 330/405/405
f 224/271/271 330/405/405 329/404/404
f 224/271/271 329/404/404 227/274/274
f 331/406/406 332/407/407 315/388/388
f 332/407/407 318/391/391 315/388/388
f 318/391/391 332/407/407 333/408/408
f 318/391/391 333/408/408 320/393/393
f 334/409/409 322/395/395 323/396/396
f 334/409/409 323/396/396 335/410/410
f 335/410/410 323/396/396 336/411/411
f 323/396/396 326/399/399 336/411/411
f 328/401/401 330/405/405 337/412/412
f 328/401/401 337/412/412 338/413/413
f 336/414/414 326/402/402 338/413/413
f 326/402/402 328/401/401 338/413/413
f 223/270/270 337/412/412 330/405/405
f 223/270/270 330/405/405 224/271/271
f 314/387/387 322/395/395 339/415/415
f 322/395/395 334/409/409 339/415/415
f 315/388/388 314/387/387 331/406/406
f 314/387/387 339/415/415 331/406/406
f 340/416/416 341/417/417 332/407/407
f 341/417/417 333/408/408 332/407/407
f 342/418/418 343/419/419 341/417/417
f 342/418/418 341/417/417 340/416/416
f 340/416/416 344/420/420 345/421/421
f 340/416/416 345/421/421 342/418/418
f 340/416/416 332/407/407 344/420/420
f 332/407/407 331/406/406 344/420/420
f 346/422/422 347/423/423 343/424/424
f 346/422/422 343/424/424 342/425/425
f 342/425/425 345/426/426 348/427/427
f 342/425/425 348/427/427 346/422/422
f 164/192/192 167/195/195 347/423/423
f 164/192/192 347/423/423 346/422/422
f 346/422/422 348/427/427 189/226/226
f 346/422/422 189/226/226 164/192/192
f 348/427/427 190/227/227 189/226/226
f 348/427/427 345/426/426 190/227/227
f 345/426/426 193/230/230 190/227/227
f 349/428/428 193/429/429 344/420/420
f 193/429/429 345/421/421 344/420/420
f 349/428/428 350/430/430 193/429/429
f 350/430/430 195/431/431 193/429/429
f 349/428/428 351/432/432 350/430/430
f 349/428/428 344/420/420 331/406/406
f 349/428/428 331/406/406 339/415/415
f 334/409/409 352/433/433 339/415/415
f 352/433/433 351/432/432 349/428/428
f 352/433/433 349/428/428 339/415/415
f 165/193/193 164/192/192 192/229/229
f 164/192/192 189/226/226 192/229/229
f 165/196/196 192/233/233 197/235/235
f 165/196/196 197/235/235 168/197/197
f 353/434/434 195/435/435 350/436/436
f 350/436/436 351/437/437 354/438/438
f 350/436/436 354/438/438 353/434/434
f 351/437/437 352/433/433 355/439/439
f 351/437/437 355/439/439 354/438/438
f 356/440/440 355/439/439 352/433/433
f 356/440/440 352/433/433 334/409/409
f 335/410/410 357/441/441 356/440/440
f 335/410/410 356/440/440 334/409/409
f 195/442/442 353/443/443 269/444/444
f 353/443/443 358/445/445 269/444/444
f 269/444/444 358/445/445 208/446/446
f 358/445/445 359/447/447 208/446/446
f 360/448/448 168/449/449 197/247/247
f 360/448/448 197/247/247 207/250/250
f 361/450/450 170/208/208 168/449/449
f 361/450/450 168/449/449 360/448/448
f 174/205/205 170/208/208 361/450/450
f 361/450/450 362/451/451 174/205/205
f 362/451/451 176/209/209 174/205/205
f 176/209/209 362/451/451 177/210/210
f 208/252/252 363/452/452 206/249/249
f 364/453/453 207/250/250 363/452/452
f 207/250/250 206/249/249 363/452/452
f 365/454/454 360/448/448 364/453/453
f 360/448/448 207/250/250 364/453/453
f 366/455/455 361/450/450 360/448/448
f 366/455/455 360/448/448 365/454/454
f 367/456/456 362/451/451 361/450/450
f 367/456/456 361/450/450 366/455/455
f 368/457/457 177/210/210 367/456/456
f 177/210/210 362/451/451 367/456/456
f 363/458/458 208/446/446 359/447/447
f 359/447/447 369/459/459 363/458/458
f 369/459/459 364/460/460 363/458/458
f 369/459/459 370/461/461 364/460/460
f 370/461/461 365/462/462 364/460/460
f 366/463/463 371/464/464 367/465/465
f 371/464/464 275/466/466 367/465/465
f 366/463/463 365/462/462 370/461/461
f 366/463/463 370/461/461 371/464/464
f 353/443/443 372/467/467 373/468/468
f 353/443/443 373/468/468 358/445/445
f 353/434/434 374/469/469 372/470/470
f 374/469/469 375/471/471 372/470/470
f 374/469/469 353/434/434 354/438/438
f 367/465/465 275/466/466 368/472/472
f 275/466/466 371/464/464 270/473/473
f 371/464/464 370/461/461 376/474/474
f 371/464/464 376/474/474 270/473/473
f 370/461/461 369/459/459 377/475/475
f 370/461/461 377/475/475 376/474/474
f 369/459/459 359/447/447 378/476/476
f 369/459/459 378/476/476 377/475/475
f 359/447/447 358/445/445 373/468/468
f 359/447/447 373/468/468 378/476/476
f 270/473/473 376/474/474 379/477/477
f 270/473/473 379/477/477 380/478/478
f 354/438/438 381/479/479 374/469/469
f 381/479/479 375/471/471 374/469/469
f 355/439/439 382/480/480 354/438/438
f 382/480/480 381/479/479 354/438/438
f 356/440/440 383/481/481 355/439/439
f 383/481/481 382/480/480 355/439/439
f 357/441/441 384/482/482 383/481/481
f 357/441/441 383/481/481 356/440/440
f 376/474/474 377/475/475 385/483/483
f 376/474/474 385/483/483 379/477/477
f 177/214/214 368/484/484 179/212/212
f 368/484/484 386/485/485 179/212/212
f 368/484/484 275/340/340 386/485/485
f 275/340/340 254/339/339 386/485/485
f 275/340/340 270/332/332 255/334/334
f 270/486/486 380/487/487 252/307/307
f 270/486/486 252/307/307 253/308/308
f 377/475/475 378/476/476 387/488/488
f 377/475/475 387/488/488 385/483/483
f 378/476/476 373/468/468 387/488/488
f 373/468/468 388/489/489 387/488/488
f 373/468/468 372/467/467 388/489/489
f 372/467/467 389/490/490 388/489/489
f 390/491/491 391/492/492 200/493/493
f 391/492/492 392/494/494 200/493/493
f 380/478/478 379/477/477 390/491/491
f 379/477/477 391/492/492 390/491/491
f 393/495/495 394/496/496 392/494/494
f 393/495/495 392/494/494 391/492/492
f 395/497/497 294/363/363 394/496/496
f 395/497/497 394/496/496 393/495/495
f 274/361/361 294/363/363 396/498/498
f 294/363/363 395/497/497 396/498/498
f 397/499/499 379/477/477 385/483/483
f 385/483/483 387/488/488 397/499/499
f 387/488/488 398/500/500 397/499/499
f 399/501/501 282/347/347 281/348/348
f 399/501/501 281/348/348 304/502/502
f 282/347/347 399/501/501 400/503/503
f 390/504/504 401/505/505 380/487/487
f 401/505/505 252/307/307 380/487/487
f 391/492/492 379/477/477 397/499/499
f 398/500/500 393/495/495 397/499/499
f 393/495/495 391/492/492 397/499/499
f 283/349/349 282/347/347 400/503/503
f 283/349/349 400/503/503 402/506/506
f 284/350/350 283/349/349 402/506/506
f 284/350/350 402/506/506 403/507/507
f 285/351/351 284/350/350 403/507/507
f 285/351/351 403/507/507 404/508/508
f 404/508/508 289/355/355 286/352/352
f 404/508/508 286/352/352 285/351/351
f 200/239/239 202/241/241 390/504/504
f 202/241/241 401/505/505 390/504/504
f 187/224/224 405/509/509 202/241/241
f 405/509/509 401/505/505 202/241/241
f 252/307/307 401/505/505 405/509/509
f 185/222/222 406/510/510 187/224/224
f 406/510/510 405/509/509 187/224/224
f 407/511/511 405/509/509 406/510/510
f 250/305/305 252/307/307 405/509/509
f 250/305/305 405/509/509 407/511/511
f 406/510/510 264/323/323 267/326/326
f 406/510/510 267/326/326 407/511/511
f 406/510/510 185/222/222 264/323/323
f 185/222/222 183/218/218 264/323/323
f 262/319/319 181/216/216 386/485/485
f 181/216/216 179/212/212 386/485/485
f 264/323/323 183/218/218 262/321/321
f 183/218/218 181/220/220 262/321/321
f 261/317/317 262/319/319 386/485/485
f 261/317/317 386/485/485 254/339/339
f 268/329/329 407/512/512 267/328/328
f 251/304/304 250/303/303 407/512/512
f 251/304/304 407/512/512 268/329/329
f 372/470/470 408/513/513 389/514/514
f 372/470/470 375/471/471 409/515/515
f 372/470/470 409/515/515 408/513/513
f 375/471/471 381/479/479 409/515/515
f 381/479/479 410/516/516 409/515/515
f 336/411/411 411/517/517 357/441/441
f 336/411/411 357/441/441 335/410/410
f 338/413/413 412/518/518 411/519/519
f 338/413/413 411/519/519 336/414/414
f 337/412/412 413/520/520 338/413/413
f 413/520/520 412/518/518 338/413/413
f 223/270/270 220/267/267 337/412/412
f 220/267/267 413/520/520 337/412/412
f 357/441/441 411/517/517 384/482/482
f 381/479/479 382/480/480 410/516/516
f 382/480/480 414/521/521 410/516/516
f 382/480/480 383/481/481 414/521/521
f 383/481/481 415/522/522 414/521/521
f 383/481/481 384/482/482 415/522/522
f 384/482/482 416/523/523 415/522/522
f 384/482/482 411/517/517 416/523/523
f 303/374/374 417/524/524 304/375/375
f 417/524/524 418/525/525 304/375/375
f 302/373/373 419/526/526 303/374/374
f 419/526/526 417/524/524 303/374/374
f 301/372/372 420/527/527 302/373/373
f 420/527/527 419/526/526 302/373/373
f 271/528/528 274/529/529 421/530/530
f 422/531/531 276/532/532 271/528/528
f 422/531/531 271/528/528 421/530/530
f 423/533/533 424/534/534 422/531/531
f 424/534/534 276/532/532 422/531/531
f 142/535/535 276/532/532 424/534/534
f 300/371/371 425/536/536 420/527/527
f 300/371/371 420/527/527 301/372/372
f 299/370/370 426/537/537 300/371/371
f 426/537/537 425/536/536 300/371/371
f 298/369/369 427/538/538 299/370/370
f 427/538/538 426/537/537 299/370/370
f 297/368/368 428/539/539 298/369/369
f 428/539/539 427/538/538 298/369/369
f 296/367/367 429/540/540 428/539/539
f 296/367/367 428/539/539 297/368/368
f 295/364/364 430/541/541 429/540/540
f 295/364/364 429/540/540 296/367/367
f 431/542/542 430/541/541 290/366/366
f 430/541/541 295/364/364 290/366/366
f 432/543/543 140/168/168 139/167/167
f 139/167/167 433/544/544 432/543/543
f 433/544/544 434/545/545 432/543/543
f 433/544/544 435/546/546 434/545/545
f 435/546/546 436/547/547 434/545/545
f 437/548/548 139/549/549 424/534/534
f 139/549/549 142/535/535 424/534/534
f 438/550/550 433/551/551 437/548/548
f 433/551/551 139/549/549 437/548/548
f 424/534/534 423/533/533 437/548/548
f 437/548/548 423/533/533 438/550/550
f 423/533/533 439/552/552 438/550/550
f 418/553/553 440/554/554 304/502/502
f 440/554/554 399/501/501 304/502/502
f 400/503/503 399/501/501 441/555/555
f 399/501/501 440/554/554 441/555/555
f 442/556/556 443/557/557 435/546/546
f 443/557/557 436/547/547 435/546/546
f 433/551/551 438/550/550 435/558/558
f 402/506/506 400/503/503 444/559/559
f 400/503/503 441/555/555 444/559/559
f 435/558/558 438/550/550 439/552/552
f 435/558/558 439/552/552 445/560/560
f 403/507/507 402/506/506 446/561/561
f 402/506/506 444/559/559 446/561/561
f 404/508/508 403/507/507 446/561/561
f 404/508/508 446/561/561 447/562/562
f 289/355/355 404/508/508 447/562/562
f 289/355/355 447/562/562 448/563/563
f 288/354/354 289/355/355 448/563/563
f 288/354/354 448/563/563 449/564/564
f 449/564/564 431/565/565 290/356/356
f 449/564/564 290/356/356 288/354/354
f 440/566/566 418/567/567 450/568/568
f 440/566/566 450/568/568 451/569/569
f 441/570/570 440/566/566 451/569/569
f 441/570/570 451/569/569 452/571/571
f 444/572/572 441/570/570 452/571/571
f 444/572/572 452/571/571 453/573/573
f 446/574/574 444/572/572 453/573/573
f 446/574/574 453/573/573 454/575/575
f 447/576/576 446/574/574 454/575/575
f 447/576/576 454/575/575 455/577/577
f 448/578/578 447/576/576 456/579/579
f 447/576/576 455/577/577 456/579/579
f 449/580/580 448/578/578 457/581/581
f 448/578/578 456/579/579 457/581/581
f 431/582/582 449/580/580 458/583/583
f 449/580/580 457/581/581 458/583/583
f 459/584/584 442/585/585 460/586/586
f 443/557/557 442/556/556 459/587/587
f 461/588/588 462/589/589 459/587/587
f 462/589/589 443/557/557 459/587/587
f 463/590/590 464/591/591 461/588/588
f 464/591/591 462/589/589 461/588/588
f 410/516/516 414/521/521 464/592/592
f 410/516/516 464/592/592 463/593/593
f 430/594/594 431/595/595 458/596/596
f 458/596/596 465/597/597 430/594/594
f 465/597/597 466/598/598 430/594/594
f 442/585/585 445/560/560 460/586/586
f 435/558/558 445/560/560 442/585/585
f 457/599/599 467/600/600 465/601/601
f 457/599/599 465/601/601 458/602/602
f 456/603/603 468/604/604 467/600/600
f 456/603/603 467/600/600 457/599/599
f 455/605/605 469/606/606 468/604/604
f 455/605/605 468/604/604 456/603/603
f 454/607/607 470/608/608 455/605/605
f 470/608/608 469/606/606 455/605/605
f 453/609/609 471/610/610 470/608/608
f 453/609/609 470/608/608 454/607/607
f 452/611/611 472/612/612 471/610/610
f 452/611/611 471/610/610 453/609/609
f 451/613/613 473/614/614 452/611/611
f 473/614/614 472/612/612 452/611/611
f 474/615/615 473/614/614 451/613/613
f 474/615/615 451/613/613 450/616/616
f 475/617/617 395/497/497 393/495/495
f 475/617/617 393/495/495 398/500/500
f 466/598/598 396/498/498 395/497/497
f 466/598/598 395/497/497 475/617/617
f 476/618/618 477/619/619 156/620/620
f 477/621/621 478/622/622 156/184/184
f 478/622/622 155/183/183 156/184/184
f 127/154/154 129/157/157 479/623/623
f 127/154/154 479/623/623 265/324/324
f 126/153/153 266/325/325 480/624/624
f 126/153/153 480/624/624 125/152/152
f 125/152/152 480/624/624 203/242/242
f 125/152/152 203/242/242 124/151/151
f 481/625/625 482/626/626 483/627/627
f 482/626/626 305/376/376 483/627/627
f 305/376/376 307/378/378 483/627/627
f 465/597/597 484/628/628 466/598/598
f 484/628/628 396/498/498 466/598/598
f 467/629/629 485/630/630 484/631/631
f 467/629/629 484/631/631 465/632/632
f 468/633/633 486/634/634 485/630/630
f 468/633/633 485/630/630 467/629/629
f 469/635/635 487/636/636 486/634/634
f 469/635/635 486/634/634 468/633/633
f 470/637/637 488/638/638 469/635/635
f 488/638/638 487/636/636 469/635/635
f 471/639/639 489/640/640 470/637/637
f 489/640/640 488/638/638 470/637/637
f 472/641/641 490/642/642 471/639/639
f 490/642/642 489/640/640 471/639/639
f 491/643/643 492/644/644 218/265/265
f 492/644/644 220/267/267 218/265/265
f 413/520/520 220/267/267 492/644/644
f 493/645/645 413/520/520 492/644/644
f 412/518/518 413/520/520 493/645/645
f 494/646/646 412/518/518 493/645/645
f 495/647/647 491/643/643 218/265/265
f 495/647/647 218/265/265 217/264/264
f 494/646/646 496/648/648 411/519/519
f 494/646/646 411/519/519 412/518/518
f 416/523/523 411/517/517 496/649/649
f 493/650/650 497/651/651 494/652/652
f 497/651/651 498/653/653 494/652/652
f 499/654/654 500/655/655 498/653/653
f 500/655/655 494/656/656 498/653/653
f 496/648/648 494/646/646 500/657/657
f 501/658/658 502/659/659 496/648/648
f 501/658/658 496/648/648 500/657/657
f 462/589/589 464/591/591 502/659/659
f 462/589/589 502/659/659 501/658/658
f 464/592/592 414/521/521 415/522/522
f 415/522/522 502/660/660 464/592/592
f 415/522/522 416/523/523 502/660/660
f 416/523/523 496/649/649 502/660/660
f 503/661/661 504/662/662 499/663/663
f 504/662/662 500/664/664 499/663/663
f 498/653/653 505/665/665 499/654/654
f 505/665/665 506/666/666 499/654/654
f 503/661/661 499/663/663 506/667/667
f 492/668/668 507/669/669 493/650/650
f 507/669/669 497/651/651 493/650/650
f 492/668/668 491/670/670 507/669/669
f 491/670/670 508/671/671 507/669/669
f 509/672/672 508/671/671 495/673/673
f 508/671/671 491/670/670 495/673/673
f 510/674/674 511/675/675 503/661/661
f 511/675/675 504/662/662 503/661/661
f 503/661/661 506/667/667 510/674/674
f 506/667/667 512/676/676 510/674/674
f 513/677/677 514/678/678 511/675/675
f 513/677/677 511/675/675 510/674/674
f 510/674/674 512/676/676 515/679/679
f 510/674/674 515/679/679 513/677/677
f 516/680/680 517/681/681 514/678/678
f 516/680/680 514/678/678 513/677/677
f 509/672/672 495/682/682 517/683/683
f 509/672/672 517/683/683 516/684/684
f 513/677/677 515/679/679 516/680/680
f 515/685/685 518/686/686 516/684/684
f 518/686/686 509/672/672 516/684/684
f 519/687/687 512/688/688 506/666/666
f 519/687/687 506/666/666 505/665/665
f 518/686/686 515/685/685 519/687/687
f 515/685/685 512/688/688 519/687/687
f 520/689/689 498/653/653 497/651/651
f 497/651/651 507/669/669 520/689/689
f 507/669/669 521/690/690 520/689/689
f 507/669/669 508/671/671 521/690/690
f 508/671/671 522/691/691 521/690/690
f 508/671/671 509/672/672 522/691/691
f 509/672/672 518/686/686 522/691/691
f 518/686/686 519/687/687 521/690/690
f 518/686/686 521/690/690 522/691/691
f 498/653/653 520/689/689 505/665/665
f 519/687/687 505/665/665 520/689/689
f 519/687/687 520/689/689 521/690/690
f 523/692/692 501/658/658 500/657/657
f 523/692/692 500/657/657 504/693/693
f 443/557/557 462/589/589 501/658/658
f 443/557/557 501/658/658 523/692/692
f 524/694/694 525/695/695 140/168/168
f 524/694/694 140/168/168 432/543/543
f 214/261/261 525/695/695 215/262/262
f 525/695/695 524/694/694 215/262/262
f 215/262/262 526/696/696 217/264/264
f 217/264/264 526/696/696 517/697/697
f 217/264/264 517/697/697 495/647/647
f 526/696/696 527/698/698 517/697/697
f 527/698/698 528/699/699 514/700/700
f 527/698/698 514/700/700 517/697/697
f 528/699/699 529/701/701 511/702/702
f 528/699/699 511/702/702 514/700/700
f 529/701/701 523/692/692 504/693/693
f 529/701/701 504/693/693 511/702/702
f 530/703/703 523/692/692 529/701/701
f 443/557/557 523/692/692 530/703/703
f 529/701/701 528/699/699 531/704/704
f 529/701/701 531/704/704 530/703/703
f 528/699/699 527/698/698 532/705/705
f 528/699/699 532/705/705 531/704/704
f 527/698/698 526/696/696 533/706/706
f 527/698/698 533/706/706 532/705/705
f 526/696/696 215/262/262 534/707/707
f 526/696/696 534/707/707 533/706/706
f 215/262/262 524/694/694 534/707/707
f 524/694/694 535/708/708 534/707/707
f 524/694/694 432/543/543 535/708/708
f 530/703/703 436/547/547 443/557/557
f 536/709/709 434/545/545 436/547/547
f 536/709/709 436/547/547 530/703/703
f 537/710/710 434/545/545 536/709/709
f 535/708/708 432/543/543 537/710/710
f 432/543/543 434/545/545 537/710/710
f 534/707/707 535/708/708 537/710/710
f 533/706/706 534/707/707 537/710/710
f 537/710/710 532/705/705 533/706/706
f 536/709/709 530/703/703 531/704/704
f 531/704/704 532/705/705 536/709/709
f 532/705/705 537/710/710 536/709/709
f 538/711/711 539/712/712 540/713/713
f 541/714/714 542/715/715 543/716/716
f 544/717/717 545/718/718 541/714/714
f 546/719/719 547/720/720 548/721/721
f 546/719/719 549/722/722 550/723/723
f 541/714/714 545/718/718 538/711/711
f 551/724/724 552/725/725 541/714/714
f 553/726/726 554/727/727 555/728/728
f 554/727/727 556/729/729 555/728/728
f 204/243/243 553/726/726 557/730/730
f 553/726/726 555/728/728 557/730/730
f 209/360/360 204/243/243 557/730/730
f 557/730/730 558/731/731 209/360/360
f 550/723/723 265/324/324 559/732/732
f 265/324/324 479/623/623 559/732/732
f 560/733/733 561/734/734 562/735/735
f 561/734/734 563/736/736 562/735/735
f 564/737/737 565/738/738 566/739/739
f 565/738/738 567/740/740 566/739/739
f 481/741/741 568/742/742 569/743/743
f 481/741/741 569/743/743 570/744/744
f 570/744/744 569/743/743 571/745/745
f 569/743/743 572/746/746 571/745/745
f 573/747/747 574/748/748 572/746/746
f 573/747/747 572/746/746 569/743/743
f 308/380/380 311/384/384 575/749/749
f 308/380/380 575/749/749 576/750/750
f 577/751/751 578/752/752 575/749/749
f 577/751/751 575/749/749 311/384/384
f 576/750/750 575/749/749 579/753/753
f 576/750/750 579/753/753 580/754/754
f 578/752/752 581/755/755 575/749/749
f 581/755/755 579/753/753 575/749/749
f 580/754/754 579/753/753 582/756/756
f 580/754/754 582/756/756 583/757/757
f 581/755/755 584/758/758 579/753/753
f 584/758/758 582/756/756 579/753/753
f 585/759/759 586/760/760 587/761/761
f 586/760/760 588/762/762 587/761/761
f 583/757/757 582/756/756 588/762/762
f 583/757/757 588/762/762 586/760/760
f 587/761/761 588/762/762 589/763/763
f 588/762/762 590/764/764 589/763/763
f 582/756/756 584/758/758 588/762/762
f 584/758/758 590/764/764 588/762/762
f 551/724/724 591/765/765 592/766/766
f 593/767/767 594/768/768 595/769/769
f 594/768/768 596/770/770 595/769/769
f 567/740/740 593/767/767 595/769/769
f 567/740/740 595/769/769 566/739/739
f 597/771/771 598/772/772 599/773/773
f 598/772/772 600/774/774 599/773/773
f 601/775/775 602/776/776 600/774/774
f 601/775/775 600/774/774 598/772/772
f 574/748/748 573/747/747 602/777/777
f 573/747/747 600/778/778 602/777/777
f 600/778/778 573/747/747 603/779/779
f 600/778/778 603/779/779 599/780/780
f 569/743/743 568/742/742 603/779/779
f 569/743/743 603/779/779 573/747/747
f 599/781/781 603/782/782 604/783/783
f 599/781/781 604/783/783 605/784/784
f 568/785/785 606/786/786 603/782/782
f 606/786/786 604/783/783 603/782/782
f 607/787/787 608/788/788 609/789/789
f 565/738/738 145/173/173 567/740/740
f 145/173/173 246/299/299 567/740/740
f 567/740/740 246/299/299 593/767/767
f 246/299/299 244/295/295 593/767/767
f 593/767/767 244/295/295 242/298/298
f 593/767/767 242/298/298 594/768/768
f 576/750/750 539/712/712 610/790/790
f 576/750/750 610/790/790 308/380/380
f 541/714/714 552/725/725 544/717/717
f 538/711/711 542/715/715 541/714/714
f 545/718/718 611/791/791 612/792/792
f 545/718/718 612/792/792 538/711/711
f 613/793/793 610/790/790 614/794/794
f 610/790/790 612/792/792 614/794/794
f 539/712/712 538/711/711 612/792/792
f 539/712/712 612/792/792 610/790/790
f 615/795/795 616/796/796 617/797/797
f 616/796/796 618/798/798 617/797/797
f 619/799/799 620/800/800 621/801/801
f 619/799/799 621/801/801 622/802/802
f 623/803/803 619/799/799 622/802/802
f 623/803/803 622/802/802 624/804/804
f 625/805/805 623/803/803 624/804/804
f 625/805/805 624/804/804 626/806/806
f 627/807/807 625/808/808 626/809/809
f 627/807/807 626/809/809 628/810/810
f 629/811/811 627/807/807 628/810/810
f 629/811/811 628/810/810 630/812/812
f 317/813/813 629/811/811 316/814/814
f 629/811/811 630/812/812 316/814/814
f 631/815/815 629/811/811 317/813/813
f 631/815/815 317/813/813 319/816/816
f 632/817/817 313/818/818 630/812/812
f 313/818/818 316/814/814 630/812/812
f 633/819/819 324/820/820 321/821/821
f 633/819/819 321/821/821 634/822/822
f 632/817/817 634/822/822 321/821/821
f 632/817/817 321/821/821 313/818/818
f 232/281/281 230/279/279 635/823/823
f 230/279/279 636/824/824 635/823/823
f 228/275/275 637/825/825 636/824/824
f 228/275/275 636/824/824 230/279/279
f 638/826/826 635/823/823 636/824/824
f 638/826/826 636/824/824 639/827/827
f 636/824/824 637/825/825 639/827/827
f 637/825/825 640/828/828 639/827/827
f 329/829/829 327/830/830 640/828/828
f 329/829/829 640/828/828 637/825/825
f 641/831/831 639/827/827 640/828/828
f 641/831/831 640/828/828 642/832/832
f 640/828/828 327/830/830 642/832/832
f 327/830/830 325/833/833 642/832/832
f 633/819/819 642/832/832 325/833/833
f 633/819/819 325/833/833 324/820/820
f 637/825/825 228/275/275 329/829/829
f 228/275/275 227/278/278 329/829/829
f 236/285/285 234/288/288 618/798/798
f 234/288/288 643/834/834 618/798/798
f 232/281/281 635/823/823 643/835/835
f 232/281/281 643/835/835 234/283/283
f 618/798/798 643/834/834 617/797/797
f 643/834/834 644/836/836 617/797/797
f 635/823/823 638/826/826 644/837/837
f 635/823/823 644/837/837 643/835/835
f 645/838/838 617/797/797 646/839/839
f 617/797/797 644/836/836 646/839/839
f 644/837/837 638/826/826 646/840/840
f 638/826/826 647/841/841 646/840/840
f 639/827/827 641/831/831 647/841/841
f 639/827/827 647/841/841 638/826/826
f 648/842/842 646/840/840 647/841/841
f 648/842/842 647/841/841 649/843/843
f 647/841/841 641/831/831 649/843/843
f 641/831/831 650/844/844 649/843/843
f 642/832/832 633/819/819 641/831/831
f 633/819/819 650/844/844 641/831/831
f 649/843/843 650/844/844 651/845/845
f 649/843/843 651/845/845 652/846/846
f 633/819/819 634/822/822 650/844/844
f 634/822/822 651/845/845 650/844/844
f 652/846/846 651/845/845 653/847/847
f 652/846/846 653/847/847 654/848/848
f 634/822/822 632/817/817 651/845/845
f 632/817/817 653/847/847 651/845/845
f 654/848/848 653/847/847 628/810/810
f 654/848/848 628/810/810 626/809/809
f 653/847/847 632/817/817 630/812/812
f 653/847/847 630/812/812 628/810/810
f 625/808/808 627/807/807 655/849/849
f 625/808/808 655/849/849 656/850/850
f 629/811/811 631/815/815 627/807/807
f 631/815/815 655/849/849 627/807/807
f 618/798/798 616/796/796 236/285/285
f 616/796/796 238/289/289 236/285/285
f 238/289/289 616/796/796 657/851/851
f 238/289/289 657/851/851 240/291/291
f 616/796/796 615/795/795 658/852/852
f 616/796/796 658/852/852 657/851/851
f 658/852/852 615/795/795 659/853/853
f 658/852/852 659/853/853 660/854/854
f 617/797/797 645/838/838 615/795/795
f 645/838/838 659/853/853 615/795/795
f 661/855/855 660/854/854 662/856/856
f 660/854/854 659/853/853 662/856/856
f 659/853/853 645/838/838 662/856/856
f 645/838/838 663/857/857 662/856/856
f 646/839/839 648/858/858 645/838/838
f 648/858/858 663/857/857 645/838/838
f 664/859/859 662/856/856 665/860/860
f 662/856/856 663/857/857 665/860/860
f 663/857/857 648/858/858 666/861/861
f 663/857/857 666/861/861 665/860/860
f 665/860/860 666/861/861 667/862/862
f 665/860/860 667/862/862 668/863/863
f 652/864/864 654/865/865 666/861/861
f 654/865/865 667/862/862 666/861/861
f 668/863/863 667/862/862 624/804/804
f 668/863/863 624/804/804 622/802/802
f 667/862/862 654/865/865 626/806/806
f 667/862/862 626/806/806 624/804/804
f 625/805/805 656/866/866 623/803/803
f 656/866/866 669/867/867 623/803/803
f 612/792/792 611/791/791 670/868/868
f 612/792/792 670/868/868 614/794/794
f 662/856/856 664/859/859 661/855/855
f 664/859/859 671/869/869 661/855/855
f 671/869/869 664/859/859 672/870/870
f 671/869/869 672/870/870 312/385/385
f 665/860/860 668/863/863 664/859/859
f 668/863/863 672/870/870 664/859/859
f 672/870/870 668/863/863 622/802/802
f 672/870/870 622/802/802 621/801/801
f 203/242/242 480/624/624 673/871/871
f 480/624/624 674/872/872 673/871/871
f 674/872/872 675/873/873 676/874/874
f 674/872/872 676/874/874 673/871/871
f 677/875/875 678/876/876 676/874/874
f 677/875/875 676/874/874 675/873/873
f 673/871/871 676/874/874 553/726/726
f 676/874/874 554/727/727 553/726/726
f 676/874/874 678/876/876 554/727/727
f 556/729/729 679/877/877 555/728/728
f 678/876/876 680/878/878 554/727/727
f 680/878/878 556/729/729 554/727/727
f 679/877/877 556/729/729 681/879/879
f 679/877/877 681/879/879 682/880/880
f 680/878/878 683/881/881 556/729/729
f 683/881/881 681/879/879 556/729/729
f 682/880/880 681/879/879 608/788/788
f 681/879/879 684/882/882 608/788/788
f 683/881/881 685/883/883 684/882/882
f 683/881/881 684/882/882 681/879/879
f 608/788/788 684/882/882 609/789/789
f 684/882/882 686/884/884 609/789/789
f 685/883/883 687/885/885 686/884/884
f 685/883/883 686/884/884 684/882/882
f 609/886/886 686/887/887 688/888/888
f 609/886/886 688/888/888 689/889/889
f 687/890/890 690/891/891 686/887/887
f 690/891/891 688/888/888 686/887/887
f 689/889/889 688/888/888 293/892/892
f 688/888/888 691/893/893 293/892/892
f 690/891/891 692/894/894 688/888/888
f 692/894/894 691/893/893 688/888/888
f 563/736/736 693/895/895 694/896/896
f 563/736/736 694/896/896 562/735/735
f 597/897/897 695/898/898 696/899/899
f 695/898/898 697/900/900 696/899/899
f 562/735/735 694/896/896 697/900/900
f 562/735/735 697/900/900 695/898/898
f 698/901/901 699/902/902 700/903/903
f 699/902/902 701/904/904 700/903/903
f 696/899/899 697/900/900 592/905/905
f 697/900/900 701/904/904 592/905/905
f 694/896/896 700/903/903 701/904/904
f 694/896/896 701/904/904 697/900/900
f 541/714/714 702/906/906 551/724/724
f 585/759/759 591/765/765 702/906/906
f 591/765/765 551/724/724 702/906/906
f 552/907/907 551/908/908 703/909/909
f 551/908/908 704/910/910 703/909/909
f 592/905/905 704/910/910 551/908/908
f 701/904/904 699/902/902 704/910/910
f 701/904/904 704/910/910 592/905/905
f 566/739/739 703/909/909 564/737/737
f 703/909/909 705/911/911 564/737/737
f 704/910/910 699/902/902 703/909/909
f 699/902/902 705/911/911 703/909/909
f 564/737/737 705/911/911 706/912/912
f 564/737/737 706/912/912 707/913/913
f 699/902/902 698/901/901 705/911/911
f 698/901/901 706/912/912 705/911/911
f 479/914/914 708/915/915 559/916/916
f 708/915/915 709/917/917 559/916/916
f 706/912/912 698/901/901 709/917/917
f 706/912/912 709/917/917 708/915/915
f 559/916/916 709/917/917 710/918/918
f 709/917/917 711/919/919 710/918/918
f 698/901/901 700/903/903 711/919/919
f 698/901/901 711/919/919 709/917/917
f 694/896/896 693/895/895 700/903/903
f 693/895/895 711/919/919 700/903/903
f 711/919/919 693/895/895 291/357/357
f 711/919/919 291/357/357 710/918/918
f 563/736/736 292/358/358 693/895/895
f 292/358/358 291/357/357 693/895/895
f 710/920/920 291/921/921 547/720/720
f 291/921/921 712/922/922 547/720/720
f 293/892/892 712/922/922 291/921/921
f 710/920/920 547/720/720 546/719/719
f 710/920/920 546/719/719 559/732/732
f 548/721/721 549/722/722 546/719/719
f 550/723/723 559/732/732 546/719/719
f 562/735/735 695/898/898 560/733/733
f 695/898/898 605/784/784 560/733/733
f 597/897/897 599/781/781 695/898/898
f 599/781/781 605/784/784 695/898/898
f 564/737/737 707/913/913 565/738/738
f 707/913/913 713/923/923 565/738/738
f 609/924/924 689/925/925 714/926/926
f 689/925/925 715/927/927 714/926/926
f 293/359/359 292/358/358 715/927/927
f 293/359/359 715/927/927 689/925/925
f 563/736/736 561/734/734 292/358/358
f 561/734/734 715/927/927 292/358/358
f 585/759/759 702/906/906 543/716/716
f 585/759/759 543/716/716 586/760/760
f 543/716/716 702/906/906 541/714/714
f 583/757/757 586/760/760 543/716/716
f 583/757/757 543/716/716 542/715/715
f 703/909/909 566/739/739 552/907/907
f 566/739/739 544/928/928 552/907/907
f 716/929/929 544/928/928 595/769/769
f 716/929/929 595/769/769 596/770/770
f 595/769/769 544/928/928 566/739/739
f 580/754/754 583/757/757 540/713/713
f 583/757/757 542/715/715 540/713/713
f 576/750/750 580/754/754 540/713/713
f 576/750/750 540/713/713 539/712/712
f 540/713/713 542/715/715 538/711/711
f 597/771/771 696/930/930 717/931/931
f 597/771/771 717/931/931 598/772/772
f 592/766/766 591/765/765 696/930/930
f 591/765/765 717/931/931 696/930/930
f 585/759/759 587/761/761 717/931/931
f 585/759/759 717/931/931 591/765/765
f 589/763/763 718/932/932 587/761/761
f 718/932/932 717/931/931 587/761/761
f 601/775/775 598/772/772 718/932/932
f 598/772/772 717/931/931 718/932/932
f 577/751/751 311/384/384 570/744/744
f 577/751/751 570/744/744 571/745/745
f 609/924/924 714/926/926 607/933/933
f 682/880/880 608/788/788 476/618/618
f 608/788/788 607/787/787 476/618/618
f 719/934/934 682/880/880 476/618/618
f 679/877/877 682/880/880 719/934/934
f 679/877/877 719/934/934 558/731/731
f 679/877/877 558/731/731 557/730/730
f 679/877/877 557/730/730 555/728/728
f 558/731/731 213/935/935 209/360/360
f 673/871/871 553/726/726 203/242/242
f 553/726/726 204/243/243 203/242/242
f 674/872/872 480/624/624 266/325/325
f 674/872/872 266/325/325 720/936/936
f 550/723/723 720/936/936 265/324/324
f 720/936/936 266/325/325 265/324/324
f 675/873/873 674/872/872 720/936/936
f 675/873/873 720/936/936 721/937/937
f 549/722/722 721/937/937 720/936/936
f 549/722/722 720/936/936 550/723/723
f 677/875/875 675/873/873 722/938/938
f 675/873/873 721/937/937 722/938/938
f 482/939/939 570/744/744 310/383/383
f 482/939/939 310/383/383 305/379/379
f 570/744/744 482/939/939 481/741/741
f 723/940/940 722/938/938 721/937/937
f 723/940/940 721/937/937 549/722/722
f 548/721/721 724/941/941 723/940/940
f 548/721/721 723/940/940 549/722/722
f 725/942/942 726/943/943 724/941/941
f 725/942/942 724/941/941 548/721/721
f 692/894/894 726/943/943 691/893/893
f 726/943/943 725/942/942 691/893/893
f 293/892/892 691/893/893 712/922/922
f 691/893/893 725/942/942 712/922/922
f 547/720/720 712/922/922 548/721/721
f 712/922/922 725/942/942 548/721/721
f 727/944/944 728/945/945 130/158/158
f 727/944/944 130/158/158 128/155/155
f 131/159/159 130/158/158 728/945/945
f 729/946/946 730/947/947 731/948/948
f 731/948/948 732/949/949 733/950/950
f 732/949/949 734/951/951 733/950/950
f 735/952/952 736/953/953 737/954/954
f 737/954/954 738/955/955 735/952/952
f 738/955/955 734/951/951 732/949/949
f 738/955/955 732/949/949 735/952/952
f 731/948/948 733/950/950 729/946/946
f 739/956/956 729/957/957 733/958/958
f 739/956/956 733/958/958 740/959/959
f 740/959/959 733/958/958 734/960/960
f 740/959/959 734/960/960 741/961/961
f 741/961/961 734/960/960 738/962/962
f 741/961/961 738/962/962 742/963/963
f 743/964/964 742/963/963 738/962/962
f 730/965/965 729/957/957 744/966/966
f 729/957/957 739/956/956 744/966/966
f 744/966/966 745/967/967 730/965/965
f 730/965/965 745/967/967 746/968/968
f 730/965/965 746/968/968 731/969/969
f 746/968/968 747/970/970 731/969/969
f 747/970/970 732/971/971 731/969/969
f 747/970/970 748/972/972 732/973/973
f 748/972/972 735/974/974 732/973/973
f 738/975/975 737/976/976 743/977/977
f 737/976/976 749/978/978 743/977/977
f 748/972/972 750/979/979 735/974/974
f 750/979/979 736/980/980 735/974/974
f 737/976/976 736/980/980 749/978/978
f 736/980/980 750/979/979 749/978/978
f 751/981/981 743/982/982 749/978/978
f 749/978/978 750/979/979 751/981/981
f 750/979/979 752/983/983 751/981/981
f 753/984/984 751/981/981 752/983/983
f 750/979/979 748/972/972 752/983/983
f 754/985/985 753/984/984 755/986/986
f 753/984/984 752/983/983 755/986/986
f 755/986/986 752/983/983 748/972/972
f 755/986/986 748/972/972 747/970/970
f 755/986/986 747/970/970 746/968/968
f 755/986/986 746/968/968 754/985/985
f 746/968/968 745/967/967 754/985/985
f 756/987/987 754/985/985 745/967/967
f 756/987/987 745/967/967 744/966/966
f 757/988/988 741/989/989 758/990/990
f 741/989/989 742/991/991 758/990/990
f 727/944/944 128/155/155 118/145/145
f 727/944/944 118/145/145 759/992/992
f 714/926/926 715/927/927 760/993/993
f 714/926/926 760/993/993 761/994/994
f 761/994/994 762/995/995 714/926/926
f 762/995/995 607/933/933 714/926/926
f 763/996/996 764/997/997 571/745/745
f 763/996/996 571/745/745 572/746/746
f 764/997/997 577/751/751 571/745/745
f 765/998/998 578/752/752 577/751/751
f 765/998/998 577/751/751 764/997/997
f 766/999/999 581/755/755 765/998/998
f 581/755/755 578/752/752 765/998/998
f 766/999/999 584/758/758 581/755/755
f 759/992/992 118/145/145 119/146/146
f 767/1000/1000 606/786/786 568/785/785
f 767/1000/1000 568/785/785 768/1001/1001
f 769/1002/1002 590/764/764 584/758/758
f 769/1002/1002 584/758/758 766/999/999
f 770/1003/1003 589/763/763 590/764/764
f 770/1003/1003 590/764/764 769/1002/1002
f 770/1003/1003 718/932/932 589/763/763
f 771/1004/1004 601/775/775 718/932/932
f 771/1004/1004 718/932/932 770/1003/1003
f 772/1005/1005 773/1006/1006 606/786/786
f 772/1005/1005 606/786/786 767/1000/1000
f 768/1001/1001 568/785/785 481/1007/1007
f 774/1008/1008 602/776/776 771/1004/1004
f 602/776/776 601/775/775 771/1004/1004
f 774/1009/1009 574/748/748 602/777/777
f 763/996/996 572/746/746 574/748/748
f 763/996/996 574/748/748 774/1009/1009
f 775/1010/1010 776/1011/1011 765/998/998
f 776/1011/1011 766/999/999 765/998/998
f 764/997/997 777/1012/1012 765/998/998
f 777/1012/1012 775/1010/1010 765/998/998
f 769/1002/1002 766/999/999 778/1013/1013
f 766/999/999 776/1011/1011 778/1013/1013
f 770/1003/1003 769/1002/1002 779/1014/1014
f 769/1002/1002 778/1013/1013 779/1014/1014
f 771/1004/1004 770/1003/1003 780/1015/1015
f 770/1003/1003 779/1014/1014 780/1015/1015
f 781/1016/1016 782/1017/1017 780/1018/1018
f 781/1016/1016 780/1018/1018 779/1019/1019
f 780/1015/1015 783/1020/1020 771/1004/1004
f 783/1020/1020 774/1008/1008 771/1004/1004
f 782/1017/1017 784/1021/1021 783/1022/1022
f 782/1017/1017 783/1022/1022 780/1018/1018
f 778/1023/1023 785/1024/1024 781/1016/1016
f 778/1023/1023 781/1016/1016 779/1019/1019
f 763/996/996 786/1025/1025 764/997/997
f 786/1025/1025 777/1012/1012 764/997/997
f 774/1009/1009 783/1026/1026 763/996/996
f 783/1026/1026 786/1025/1025 763/996/996
f 786/1027/1027 783/1028/1028 784/1029/1029
f 786/1027/1027 784/1029/1029 787/1030/1030
f 788/1031/1031 786/1027/1027 787/1030/1030
f 788/1031/1031 787/1030/1030 789/1032/1032
f 790/1033/1033 791/1034/1034 785/1024/1024
f 790/1033/1033 785/1024/1024 778/1023/1023
f 778/1023/1023 776/1035/1035 790/1033/1033
f 788/1031/1031 777/1036/1036 786/1027/1027
f 775/1037/1037 777/1036/1036 788/1031/1031
f 775/1037/1037 788/1031/1031 792/1038/1038
f 775/1037/1037 793/1039/1039 790/1033/1033
f 775/1037/1037 790/1033/1033 776/1035/1035
f 775/1037/1037 792/1038/1038 793/1039/1039
f 794/1040/1040 791/1034/1034 793/1039/1039
f 791/1034/1034 790/1033/1033 793/1039/1039
f 792/1038/1038 795/1041/1041 793/1039/1039
f 795/1041/1041 794/1042/1042 793/1039/1039
f 788/1031/1031 789/1032/1032 792/1038/1038
f 789/1032/1032 795/1041/1041 792/1038/1038
f 785/1043/1043 791/1044/1044 789/1045/1045
f 791/1044/1044 794/1046/1046 795/1047/1047
f 791/1044/1044 795/1047/1047 789/1045/1045
f 785/1043/1043 784/1048/1048 782/1049/1049
f 785/1043/1043 789/1045/1045 787/1050/1050
f 785/1043/1043 787/1050/1050 784/1048/1048
f 782/1049/1049 781/1051/1051 785/1043/1043
f 671/869/869 309/1052/1052 613/1053/1053
f 796/1054/1054 604/783/783 773/1006/1006
f 604/783/783 606/786/786 773/1006/1006
f 796/1054/1054 797/1055/1055 605/784/784
f 796/1054/1054 605/784/784 604/783/783
f 798/1056/1056 560/733/733 605/784/784
f 798/1056/1056 605/784/784 797/1055/1055
f 799/1057/1057 561/734/734 560/733/733
f 799/1057/1057 560/733/733 798/1056/1056
f 760/993/993 715/927/927 561/734/734
f 760/993/993 561/734/734 799/1057/1057
f 311/384/384 310/383/383 570/744/744
f 613/793/793 309/382/382 610/790/790
f 309/382/382 308/380/380 610/790/790
f 611/791/791 800/1058/1058 670/868/868
f 611/791/791 545/718/718 800/1058/1058
f 545/718/718 544/717/717 800/1058/1058
f 716/929/929 800/1059/1059 544/928/928
f 671/869/869 613/1053/1053 661/855/855
f 613/1053/1053 614/1060/1060 661/855/855
f 660/854/854 661/855/855 614/1060/1060
f 660/854/854 614/1060/1060 670/1061/1061
f 670/1061/1061 800/1062/1062 660/854/854
f 660/854/854 800/1062/1062 658/852/852
f 800/1062/1062 716/1063/1063 658/852/852
f 762/995/995 478/1064/1064 477/1065/1065
f 762/995/995 477/1065/1065 607/933/933
f 477/619/619 476/618/618 607/787/787
f 657/851/851 594/1066/1066 242/293/293
f 657/851/851 242/293/293 240/291/291
f 596/1067/1067 658/852/852 716/1063/1063
f 594/1066/1066 657/851/851 596/1067/1067
f 657/851/851 658/852/852 596/1067/1067
f 309/1052/1052 312/385/385 306/377/377
f 309/1052/1052 671/869/869 312/385/385
f 672/870/870 307/378/378 312/385/385
f 307/378/378 672/870/870 621/801/801
f 483/627/627 307/378/378 620/800/800
f 483/627/627 768/1068/1068 481/625/625
f 669/867/867 801/1069/1069 623/803/803
f 801/1069/1069 619/799/799 623/803/803
f 669/867/867 802/1070/1070 801/1069/1069
f 803/1071/1071 620/800/800 801/1069/1069
f 620/800/800 619/799/799 801/1069/1069
f 804/1072/1072 803/1071/1071 802/1070/1070
f 803/1071/1071 801/1069/1069 802/1070/1070
f 483/627/627 805/1073/1073 768/1068/1068
f 805/1073/1073 767/1074/1074 768/1068/1068
f 620/800/800 803/1071/1071 483/627/627
f 803/1071/1071 805/1073/1073 483/627/627
f 805/1073/1073 803/1071/1071 804/1072/1072
f 805/1073/1073 804/1072/1072 806/1075/1075
f 767/1074/1074 805/1073/1073 806/1075/1075
f 767/1074/1074 806/1075/1075 772/1076/1076
f 621/801/801 620/800/800 307/378/378
f 666/861/861 648/858/858 652/864/864
f 648/842/842 649/843/843 652/846/846
f 145/173/173 565/738/738 143/171/171
f 565/738/738 713/923/923 143/171/171
f 558/731/731 719/934/934 154/1077/1077
f 558/731/731 154/1077/1077 213/935/935
f 119/146/146 120/147/147 759/992/992
f 728/945/945 147/175/175 143/171/171
f 728/945/945 727/944/944 147/175/175
f 727/944/944 149/177/177 147/175/175
f 727/944/944 759/992/992 149/177/177
f 759/992/992 151/179/179 149/177/177
f 120/147/147 121/148/148 151/179/179
f 120/147/147 151/179/179 759/992/992
f 121/148/148 138/166/166 151/179/179
f 138/166/166 152/180/180 151/179/179
f 728/945/945 143/171/171 713/923/923
f 728/945/945 713/923/923 131/159/159
f 758/990/990 742/991/991 807/1078/1078
f 742/991/991 743/1079/1079 807/1078/1078
f 807/1080/1080 743/1081/1081 808/1082/1082
f 743/1081/1081 751/1083/1083 808/1082/1082
f 757/988/988 809/1084/1084 740/1085/1085
f 757/988/988 740/1085/1085 741/989/989
f 131/159/159 713/923/923 707/913/913
f 131/159/159 707/913/913 132/160/160
f 707/913/913 706/912/912 708/915/915
f 810/1086/1086 811/1087/1087 812/1088/1088
f 810/1086/1086 812/1088/1088 813/515/1089
f 810/1086/1086 813/515/1089 814/1089/1090
f 815/1090/1091 810/1086/1086 814/1089/1090
f 813/515/1089 816/513/1092 814/1089/1090
f 816/513/1092 817/1091/1093 814/1089/1090
f 817/1091/1093 816/513/1092 818/1092/1094
f 819/1093/1095 820/1094/1096 821/490/1097
f 820/1094/1096 822/1095/1098 821/490/1097
f 819/1093/1095 821/490/1097 823/489/1099
f 822/1096/1100 818/1092/1094 821/514/1101
f 818/1092/1094 816/513/1092 821/514/1101
f 824/1097/1102 825/1098/1103 820/1094/1096
f 824/1097/1102 820/1094/1096 819/1093/1095
f 825/1098/1103 824/1097/1102 826/1099/1104
f 826/1099/1104 824/1097/1102 827/500/1105
f 827/500/1105 824/1097/1102 828/488/1106
f 824/1097/1102 819/1093/1095 828/488/1106
f 819/1093/1095 823/489/1099 828/488/1106
f 829/617/1107 826/1099/1104 827/500/1105
f 826/1099/1104 829/617/1107 830/1100/1108
f 829/617/1107 831/598/1109 830/1100/1108
f 831/598/1109 832/594/1110 830/1100/1108
f 833/1101/1111 834/1102/1112 835/1103/1113
f 836/1104/1114 837/1105/1115 838/1106/1116
f 836/1104/1114 838/1106/1116 839/1107/1117
f 838/1106/1116 840/1108/1118 839/1107/1117
f 840/1108/1118 841/1109/1119 839/1107/1117
f 837/1110/1120 836/593/1121 842/516/1122
f 837/1110/1120 842/516/1122 813/515/1089
f 812/1088/1088 837/1110/1120 813/515/1089
f 843/1111/1123 838/1106/1116 837/1105/1115
f 843/1111/1123 837/1105/1115 812/1112/1124
f 844/1113/1125 840/1108/1118 843/1111/1123
f 840/1108/1118 838/1106/1116 843/1111/1123
f 845/1114/1126 846/1115/1127 840/1108/1118
f 845/1114/1126 840/1108/1118 844/1113/1125
f 847/1116/1128 848/1117/1129 846/1115/1127
f 847/1116/1128 846/1115/1127 845/1114/1126
f 849/1118/1130 850/1119/1131 848/1117/1129
f 849/1118/1130 848/1117/1129 847/1116/1128
f 851/1120/1132 852/1121/1133 849/1118/1130
f 852/1121/1133 850/1119/1131 849/1118/1130
f 853/1122/1134 854/1123/1135 851/1120/1132
f 854/1123/1135 852/1121/1133 851/1120/1132
f 855/1124/1136 856/1125/1137 854/1123/1135
f 855/1124/1136 854/1123/1135 853/1122/1134
f 857/498/1138 856/361/1139 855/628/1140
f 858/236/1141 859/238/1142 860/234/1143
f 861/1077/1144 862/620/1145 863/934/1146
f 864/938/1147 865/1126/1148 866/940/1149
f 865/1126/1148 864/938/1147 867/1127/1150
f 864/938/1147 868/875/1151 867/1127/1150
f 867/1127/1150 868/875/1151 869/1084/1152
f 868/875/1151 870/876/1153 869/1084/1152
f 869/1084/1152 870/876/1153 871/988/1154
f 870/876/1153 872/878/1155 871/988/1154
f 871/988/1154 872/878/1155 873/881/1156
f 871/988/1154 873/881/1156 874/990/1157
f 874/990/1157 873/881/1156 875/883/1158
f 874/990/1157 875/883/1158 876/1078/1159
f 875/883/1158 877/885/1160 876/1078/1159
f 876/1080/1161 877/890/1162 878/1082/1163
f 877/890/1162 879/891/1164 878/1082/1163
f 878/1082/1163 879/891/1164 880/1128/1165
f 879/891/1164 881/894/1166 880/1128/1165
f 880/1128/1165 881/894/1166 882/943/1167
f 880/1128/1165 882/943/1167 883/1129/1168
f 883/1129/1168 882/943/1167 884/1130/1169
f 882/943/1167 885/941/1170 884/1130/1169
f 884/1130/1169 885/941/1170 866/940/1149
f 884/1130/1169 866/940/1149 865/1126/1148
f 880/1128/1165 883/1129/1168 886/1131/1171
f 880/1128/1165 886/1131/1171 887/1132/1172
f 888/254/1173 889/259/1174 890/253/1175
f 891/914/1176 892/915/1177 893/156/1178
f 894/1133/1179 886/1131/1171 884/1130/1169
f 886/1131/1171 883/1129/1168 884/1130/1169
f 880/1128/1165 887/1132/1172 878/1082/1163
f 887/1132/1172 895/1083/1180 878/1082/1163
f 893/156/1178 892/915/1177 896/913/1181
f 893/156/1178 896/913/1181 897/160/1182
f 862/620/1145 898/618/1183 863/934/1146
f 899/1134/1184 894/1133/1179 865/1126/1148
f 894/1133/1179 884/1130/1169 865/1126/1148
f 900/1135/1185 899/1134/1184 867/1127/1150
f 899/1134/1184 865/1126/1148 867/1127/1150
f 901/1085/1186 900/1135/1185 867/1127/1150
f 901/1085/1186 867/1127/1150 869/1084/1152
f 812/1112/1124 811/1136/1187 843/1111/1123
f 811/1136/1187 902/1137/1188 843/1111/1123
f 903/1138/1189 844/1113/1125 902/1137/1188
f 844/1113/1125 843/1111/1123 902/1137/1188
f 892/915/1177 904/912/1190 896/913/1181
f 897/160/1182 896/913/1181 905/159/1191
f 896/913/1181 906/923/1192 905/159/1191
f 907/989/1193 901/1085/1186 871/988/1154
f 901/1085/1186 869/1084/1152 871/988/1154
f 878/1082/1163 895/1083/1180 908/1081/1194
f 878/1082/1163 908/1081/1194 876/1080/1161
f 876/1078/1159 908/1079/1195 909/991/1196
f 876/1078/1159 909/991/1196 874/990/1157
f 905/159/1191 906/923/1192 910/945/1197
f 906/923/1192 911/171/1198 910/945/1197
f 912/179/1199 152/180/180 138/166/166
f 912/179/1199 138/166/166 913/148/1200
f 914/992/1201 912/179/1199 915/147/1202
f 912/179/1199 913/148/1200 915/147/1202
f 916/177/1203 912/179/1199 914/992/1201
f 916/177/1203 914/992/1201 917/944/1204
f 918/175/1205 916/177/1203 917/944/1204
f 918/175/1205 917/944/1204 910/945/1197
f 911/171/1198 918/175/1205 910/945/1197
f 914/992/1201 915/147/1202 919/146/1206
f 889/935/1207 861/1077/1144 920/731/1208
f 861/1077/1144 863/934/1146 920/731/1208
f 911/171/1198 906/923/1192 921/738/1209
f 911/171/1198 921/738/1209 922/173/1210
f 923/846/1211 924/843/1212 925/842/1213
f 923/864/1214 925/858/1215 926/861/1216
f 927/378/1217 928/800/1218 929/801/1219
f 772/1076/1076 806/1075/1075 930/1074/1220
f 806/1075/1075 931/1073/1221 930/1074/1220
f 806/1075/1075 804/1072/1072 931/1073/1221
f 804/1072/1072 932/1071/1222 931/1073/1221
f 933/627/1223 931/1073/1221 932/1071/1222
f 933/627/1223 932/1071/1222 928/800/1218
f 934/1068/1224 930/1074/1220 931/1073/1221
f 934/1068/1224 931/1073/1221 933/627/1223
f 802/1070/1070 935/1069/1225 932/1071/1222
f 802/1070/1070 932/1071/1222 804/1072/1072
f 935/1069/1225 936/799/1226 928/800/1218
f 935/1069/1225 928/800/1218 932/1071/1222
f 935/1069/1225 802/1070/1070 669/867/867
f 937/803/1227 936/799/1226 935/1069/1225
f 937/803/1227 935/1069/1225 669/867/867
f 938/625/1228 934/1068/1224 933/627/1223
f 928/800/1218 927/378/1217 933/627/1223
f 929/801/1219 939/870/1229 927/378/1217
f 940/385/1230 927/378/1217 939/870/1229
f 940/385/1230 941/869/1231 942/1052/1232
f 943/377/1233 940/385/1230 942/1052/1232
f 944/1067/1234 945/852/1235 946/851/1236
f 944/1067/1234 946/851/1236 947/1066/1237
f 948/1063/1238 945/852/1235 944/1067/1234
f 949/291/1239 950/293/1240 946/851/1236
f 950/293/1240 947/1066/1237 946/851/1236
f 951/787/1241 898/618/1183 952/619/1242
f 951/933/1243 952/1065/1244 762/995/995
f 952/1065/1244 478/1064/1064 762/995/995
f 945/852/1235 948/1063/1238 953/1062/1245
f 945/852/1235 953/1062/1245 954/854/1246
f 954/854/1246 953/1062/1245 955/1061/1247
f 955/1061/1247 956/1060/1248 954/854/1246
f 956/1060/1248 957/855/1249 954/854/1246
f 957/855/1249 956/1060/1248 958/1053/1250
f 957/855/1249 958/1053/1250 941/869/1231
f 959/928/1251 953/1059/1252 948/929/1253
f 953/1058/1254 959/717/1255 960/718/1256
f 953/1058/1254 960/718/1256 961/791/1257
f 955/868/1258 953/1058/1254 961/791/1257
f 962/790/1259 963/380/1260 942/382/1261
f 962/790/1259 942/382/1261 958/793/1262
f 964/744/1263 965/383/1264 966/384/1265
f 799/1057/1057 967/734/1266 760/993/993
f 967/734/1266 968/927/1267 760/993/993
f 798/1056/1056 969/733/1268 799/1057/1057
f 969/733/1268 967/734/1266 799/1057/1057
f 797/1055/1055 970/784/1269 798/1056/1056
f 970/784/1269 969/733/1268 798/1056/1056
f 971/783/1270 970/784/1269 796/1054/1054
f 970/784/1269 797/1055/1055 796/1054/1054
f 773/1006/1006 972/786/1271 971/783/1270
f 773/1006/1006 971/783/1270 796/1054/1054
f 958/1053/1250 942/1052/1232 941/869/1231
f 973/1043/1272 974/1051/1273 975/1049/1274
f 976/1048/1275 977/1050/1276 973/1043/1272
f 977/1050/1276 978/1045/1277 973/1043/1272
f 975/1049/1274 976/1048/1275 973/1043/1272
f 978/1045/1277 979/1047/1278 980/1044/1279
f 979/1047/1278 981/1046/1280 980/1044/1279
f 978/1045/1277 980/1044/1279 973/1043/1272
f 982/1038/1281 979/1041/1282 978/1032/1283
f 982/1038/1281 978/1032/1283 983/1031/1284
f 984/1039/1285 981/1042/1286 979/1041/1282
f 984/1039/1285 979/1041/1282 982/1038/1281
f 984/1039/1285 985/1033/1287 980/1034/1288
f 984/1039/1285 980/1034/1288 981/1040/1289
f 984/1039/1285 982/1038/1281 986/1037/1290
f 987/1035/1291 985/1033/1287 986/1037/1290
f 985/1033/1287 984/1039/1285 986/1037/1290
f 982/1038/1281 983/1031/1284 986/1037/1290
f 983/1031/1284 988/1036/1292 986/1037/1290
f 989/1027/1293 988/1036/1292 983/1031/1284
f 985/1033/1287 987/1035/1291 990/1023/1294
f 990/1023/1294 973/1024/1295 985/1033/1287
f 973/1024/1295 980/1034/1288 985/1033/1287
f 978/1032/1283 977/1030/1296 983/1031/1284
f 977/1030/1296 989/1027/1293 983/1031/1284
f 977/1030/1296 976/1029/1297 989/1027/1293
f 976/1029/1297 991/1028/1298 989/1027/1293
f 992/996/1299 989/1025/1300 991/1026/1301
f 992/996/1299 991/1026/1301 993/1009/1302
f 994/997/1303 988/1012/1304 989/1025/1300
f 994/997/1303 989/1025/1300 992/996/1299
f 995/1019/1305 974/1016/1306 990/1023/1294
f 974/1016/1306 973/1024/1295 990/1023/1294
f 996/1018/1307 991/1022/1308 975/1017/1309
f 991/1022/1308 976/1021/1310 975/1017/1309
f 997/1004/1311 993/1008/1312 991/1020/1313
f 997/1004/1311 991/1020/1313 996/1015/1314
f 995/1019/1305 996/1018/1307 974/1016/1306
f 996/1018/1307 975/1017/1309 974/1016/1306
f 996/1015/1314 995/1014/1315 998/1003/1316
f 996/1015/1314 998/1003/1316 997/1004/1311
f 995/1014/1315 990/1013/1317 999/1002/1318
f 995/1014/1315 999/1002/1318 998/1003/1316
f 990/1013/1317 987/1011/1319 1000/999/1320
f 990/1013/1317 1000/999/1320 999/1002/1318
f 1001/998/1321 986/1010/1322 988/1012/1304
f 1001/998/1321 988/1012/1304 994/997/1303
f 1001/998/1321 1000/999/1320 987/1011/1319
f 1001/998/1321 987/1011/1319 986/1010/1322
f 993/1009/1302 1002/748/1323 992/996/1299
f 1002/748/1323 1003/746/1324 992/996/1299
f 1004/777/1325 1002/748/1323 993/1009/1302
f 997/1004/1311 1005/775/1326 1004/776/1327
f 997/1004/1311 1004/776/1327 993/1008/1312
f 938/1007/1328 1006/785/1329 934/1001/1330
f 930/1000/1331 972/786/1271 772/1005/1005
f 972/786/1271 773/1006/1006 772/1005/1005
f 998/1003/1316 1007/932/1332 997/1004/1311
f 1007/932/1332 1005/775/1326 997/1004/1311
f 1008/763/1333 1007/932/1332 998/1003/1316
f 999/1002/1318 1009/764/1334 998/1003/1316
f 1009/764/1334 1008/763/1333 998/1003/1316
f 1000/999/1320 1010/758/1335 999/1002/1318
f 1010/758/1335 1009/764/1334 999/1002/1318
f 934/1001/1330 1006/785/1329 930/1000/1331
f 1006/785/1329 972/786/1271 930/1000/1331
f 919/146/1206 1011/145/1336 914/992/1201
f 1012/755/1337 1010/758/1335 1000/999/1320
f 1001/998/1321 1013/752/1338 1012/755/1337
f 1001/998/1321 1012/755/1337 1000/999/1320
f 994/997/1303 1014/751/1339 1001/998/1321
f 1014/751/1339 1013/752/1338 1001/998/1321
f 1015/745/1340 1014/751/1339 994/997/1303
f 1003/746/1324 1015/745/1340 992/996/1299
f 1015/745/1340 994/997/1303 992/996/1299
f 1016/926/1341 951/933/1243 761/994/994
f 951/933/1243 762/995/995 761/994/994
f 761/994/994 760/993/993 1016/926/1341
f 760/993/993 968/927/1267 1016/926/1341
f 914/992/1201 1011/145/1336 917/944/1204
f 1011/145/1336 1017/155/1342 917/944/1204
f 874/990/1157 909/991/1196 907/989/1193
f 874/990/1157 907/989/1193 871/988/1154
f 899/1139/1343 1018/1140/1344 894/1141/1345
f 1018/1140/1344 886/1142/1346 894/1141/1345
f 886/1142/1346 1018/1140/1344 1019/1143/1347
f 886/1142/1346 1019/1143/1347 1020/1144/1348
f 1019/1143/1347 1021/1145/1349 1020/1144/1348
f 1021/1145/1349 1022/1146/1350 1020/1144/1348
f 1022/1146/1350 1023/1147/1351 1020/1144/1348
f 1020/1144/1348 1023/1147/1351 887/1148/1352
f 1020/1144/1348 887/1148/1352 886/1142/1346
f 1023/1147/1351 1022/1146/1350 1024/1149/1353
f 1023/1147/1351 895/1150/1354 887/1148/1352
f 895/1150/1354 1023/1147/1351 1024/1149/1353
f 895/1150/1354 1024/1149/1353 1025/1151/1355
f 1025/1151/1355 908/1152/1356 895/1150/1354
f 1025/1151/1355 1024/1149/1353 1026/1153/1357
f 1025/1151/1355 1026/1153/1357 1027/1154/1358
f 1028/1155/1359 1026/1153/1357 1024/1149/1353
f 1028/1155/1359 1024/1149/1353 1022/1146/1350
f 908/1156/1360 1025/1151/1355 1027/1154/1358
f 908/1156/1360 1027/1154/1358 1029/1157/1361
f 1030/1158/1362 1028/1155/1359 1022/1146/1350
f 1030/1158/1362 1022/1146/1350 1021/1145/1349
f 1031/1159/1363 1030/1160/1364 1021/1145/1349
f 1031/1159/1363 1021/1145/1349 1019/1143/1347
f 1031/1159/1363 1019/1143/1347 1032/1161/1365
f 1019/1143/1347 1018/1140/1344 1032/1161/1365
f 1032/1161/1365 1018/1140/1344 899/1139/1343
f 899/1139/1343 900/1162/1366 1033/1163/1367
f 899/1139/1343 1033/1163/1367 1032/1161/1365
f 1029/1164/1368 909/1165/1369 908/1166/1370
f 909/1165/1369 1029/1164/1368 907/1167/1371
f 1029/1164/1368 1034/1168/1372 907/1167/1371
f 907/1167/1371 1034/1168/1372 901/1169/1373
f 1034/1168/1372 1035/1170/1374 901/1169/1373
f 901/1169/1373 1035/1170/1374 900/1162/1366
f 1035/1170/1374 1033/1163/1367 900/1162/1366
f 1033/946/1375 1035/950/1376 1031/948/1377
f 1028/952/1378 1030/949/1379 1029/955/1380
f 1030/949/1379 1034/951/1381 1029/955/1380
f 1028/952/1378 1029/955/1380 1027/954/1382
f 1027/954/1382 1026/953/1383 1028/952/1378
f 1035/950/1376 1034/951/1381 1030/949/1379
f 1035/950/1376 1030/949/1379 1031/948/1377
f 1031/948/1377 1032/947/1384 1033/946/1375
f 910/945/1197 1036/158/1385 905/159/1191
f 1017/155/1342 1036/158/1385 917/944/1204
f 1036/158/1385 910/945/1197 917/944/1204
f 1037/721/1386 1038/942/1387 1039/922/1388
f 1037/721/1386 1039/922/1388 1040/720/1389
f 1039/922/1388 1038/942/1387 1041/893/1390
f 1039/922/1388 1041/893/1390 1042/892/1391
f 1041/893/1390 1038/942/1387 882/943/1167
f 1041/893/1390 882/943/1167 881/894/1166
f 1037/721/1386 885/941/1170 1038/942/1387
f 885/941/1170 882/943/1167 1038/942/1387
f 1043/722/1392 866/940/1149 1037/721/1386
f 866/940/1149 885/941/1170 1037/721/1386
f 1043/722/1392 1044/937/1393 866/940/1149
f 1044/937/1393 864/938/1147 866/940/1149
f 938/741/1394 1045/939/1395 964/744/1263
f 1046/379/1396 965/383/1264 1045/939/1395
f 965/383/1264 964/744/1263 1045/939/1395
f 864/938/1147 1044/937/1393 1047/873/1397
f 864/938/1147 1047/873/1397 868/875/1151
f 1048/723/1398 1049/936/1399 1043/722/1392
f 1049/936/1399 1044/937/1393 1043/722/1392
f 1044/937/1393 1049/936/1399 1047/873/1397
f 1049/936/1399 1050/872/1400 1047/873/1397
f 1051/324/1401 1052/325/1402 1049/936/1399
f 1051/324/1401 1049/936/1399 1048/723/1398
f 1049/936/1399 1052/325/1402 1050/872/1400
f 1052/325/1402 1053/624/1403 1050/872/1400
f 1054/242/1404 1055/243/1405 1056/726/1406
f 1054/242/1404 1056/726/1406 1057/871/1407
f 890/360/1408 889/935/1207 920/731/1208
f 1058/728/1409 1059/730/1410 1060/877/1411
f 1059/730/1410 920/731/1208 1060/877/1411
f 920/731/1208 863/934/1146 1060/877/1411
f 863/934/1146 1061/880/1412 1060/877/1411
f 898/618/1183 1061/880/1412 863/934/1146
f 898/618/1183 951/787/1241 1062/788/1413
f 898/618/1183 1062/788/1413 1061/880/1412
f 951/933/1243 1016/926/1341 1063/924/1414
f 1015/745/1340 964/744/1263 1014/751/1339
f 964/744/1263 966/384/1265 1014/751/1339
f 1007/932/1332 1064/931/1415 1065/772/1416
f 1007/932/1332 1065/772/1416 1005/775/1326
f 1066/761/1417 1064/931/1415 1007/932/1332
f 1066/761/1417 1007/932/1332 1008/763/1333
f 1067/765/1418 1064/931/1415 1068/759/1419
f 1064/931/1415 1066/761/1417 1068/759/1419
f 1069/930/1420 1064/931/1415 1067/765/1418
f 1069/930/1420 1067/765/1418 1070/766/1421
f 1065/772/1416 1064/931/1415 1071/771/1422
f 1064/931/1415 1069/930/1420 1071/771/1422
f 1072/711/1423 1073/715/1424 1074/713/1425
f 1075/712/1426 1074/713/1425 1076/750/1427
f 1074/713/1425 1077/754/1428 1076/750/1427
f 1074/713/1425 1073/715/1424 1078/757/1429
f 1074/713/1425 1078/757/1429 1077/754/1428
f 1079/739/1430 959/928/1251 1080/769/1431
f 944/770/1432 1080/769/1431 948/929/1253
f 1080/769/1431 959/928/1251 948/929/1253
f 1081/907/1433 959/928/1251 1079/739/1430
f 1081/907/1433 1079/739/1430 1082/909/1434
f 1073/715/1424 1083/716/1435 1078/757/1429
f 1083/716/1435 1084/760/1436 1078/757/1429
f 1085/714/1437 1086/906/1438 1083/716/1435
f 1084/760/1436 1083/716/1435 1068/759/1419
f 1083/716/1435 1086/906/1438 1068/759/1419
f 1087/358/1439 968/927/1267 967/734/1266
f 1087/358/1439 967/734/1266 1088/736/1440
f 1089/925/1441 968/927/1267 1042/359/1442
f 968/927/1267 1087/358/1439 1042/359/1442
f 1016/926/1341 968/927/1267 1089/925/1441
f 1016/926/1341 1089/925/1441 1063/924/1414
f 921/738/1209 906/923/1192 1090/737/1443
f 906/923/1192 896/913/1181 1090/737/1443
f 1091/898/1444 970/784/1269 1092/781/1445
f 1091/898/1444 1092/781/1445 1071/897/1446
f 969/733/1268 970/784/1269 1091/898/1444
f 969/733/1268 1091/898/1444 1093/735/1447
f 1094/719/1448 1095/732/1449 1048/723/1398
f 1094/719/1448 1043/722/1392 1037/721/1386
f 1095/732/1449 1094/719/1448 1096/920/1450
f 1094/719/1448 1040/720/1389 1096/920/1450
f 1097/921/1451 1039/922/1388 1042/892/1391
f 1040/720/1389 1039/922/1388 1097/921/1451
f 1040/720/1389 1097/921/1451 1096/920/1450
f 1098/895/1452 1097/357/1453 1087/358/1439
f 1098/895/1452 1087/358/1439 1088/736/1440
f 1096/918/1454 1097/357/1453 1099/919/1455
f 1097/357/1453 1098/895/1452 1099/919/1455
f 1100/903/1456 1099/919/1455 1098/895/1452
f 1100/903/1456 1098/895/1452 1101/896/1457
f 1102/917/1458 1099/919/1455 1103/901/1459
f 1099/919/1455 1100/903/1456 1103/901/1459
f 1096/918/1454 1099/919/1455 1095/916/1460
f 1099/919/1455 1102/917/1458 1095/916/1460
f 892/915/1177 1102/917/1458 904/912/1190
f 1102/917/1458 1103/901/1459 904/912/1190
f 1095/916/1460 1102/917/1458 892/915/1177
f 1095/916/1460 892/915/1177 891/914/1176
f 1104/911/1461 904/912/1190 1103/901/1459
f 1104/911/1461 1103/901/1459 1105/902/1462
f 896/913/1181 904/912/1190 1090/737/1443
f 904/912/1190 1104/911/1461 1090/737/1443
f 1082/909/1434 1104/911/1461 1105/902/1462
f 1082/909/1434 1105/902/1462 1106/910/1463
f 1090/737/1443 1104/911/1461 1082/909/1434
f 1090/737/1443 1082/909/1434 1079/739/1430
f 1070/905/1464 1106/910/1463 1107/904/1465
f 1106/910/1463 1105/902/1462 1107/904/1465
f 1108/908/1466 1106/910/1463 1070/905/1464
f 1082/909/1434 1106/910/1463 1108/908/1466
f 1082/909/1434 1108/908/1466 1081/907/1433
f 1086/906/1438 1108/724/1467 1067/765/1418
f 1086/906/1438 1067/765/1418 1068/759/1419
f 1108/724/1467 1086/906/1438 1085/714/1437
f 1109/900/1468 1107/904/1465 1101/896/1457
f 1107/904/1465 1100/903/1456 1101/896/1457
f 1070/905/1464 1107/904/1465 1109/900/1468
f 1070/905/1464 1109/900/1468 1069/899/1469
f 1100/903/1456 1107/904/1465 1105/902/1462
f 1100/903/1456 1105/902/1462 1103/901/1459
f 1091/898/1444 1109/900/1468 1093/735/1447
f 1109/900/1468 1101/896/1457 1093/735/1447
f 1069/899/1469 1109/900/1468 1091/898/1444
f 1069/899/1469 1091/898/1444 1071/897/1446
f 1093/735/1447 1101/896/1457 1088/736/1440
f 1101/896/1457 1098/895/1452 1088/736/1440
f 1110/888/1470 1041/893/1390 881/894/1166
f 1110/888/1470 881/894/1166 879/891/1164
f 1042/892/1391 1041/893/1390 1110/888/1470
f 1042/892/1391 1110/888/1470 1089/889/1471
f 1111/887/1472 1110/888/1470 879/891/1164
f 1111/887/1472 879/891/1164 877/890/1162
f 1089/889/1471 1110/888/1470 1063/886/1473
f 1110/888/1470 1111/887/1472 1063/886/1473
f 1112/882/1474 1111/884/1475 875/883/1158
f 1111/884/1475 877/885/1160 875/883/1158
f 1063/789/1476 1111/884/1475 1062/788/1413
f 1111/884/1475 1112/882/1474 1062/788/1413
f 1113/879/1477 1112/882/1474 873/881/1156
f 1112/882/1474 875/883/1158 873/881/1156
f 1062/788/1413 1112/882/1474 1113/879/1477
f 1062/788/1413 1113/879/1477 1061/880/1412
f 1114/729/1478 1113/879/1477 873/881/1156
f 1114/729/1478 873/881/1156 872/878/1155
f 1061/880/1412 1113/879/1477 1060/877/1411
f 1113/879/1477 1114/729/1478 1060/877/1411
f 1115/727/1479 1114/729/1478 872/878/1155
f 1115/727/1479 872/878/1155 870/876/1153
f 1058/728/1409 1060/877/1411 1114/729/1478
f 1115/727/1479 870/876/1153 1116/874/1480
f 1056/726/1406 1115/727/1479 1057/871/1407
f 1115/727/1479 1116/874/1480 1057/871/1407
f 1047/873/1397 1116/874/1480 868/875/1151
f 1116/874/1480 870/876/1153 868/875/1151
f 1057/871/1407 1116/874/1480 1050/872/1400
f 1116/874/1480 1047/873/1397 1050/872/1400
f 1057/871/1407 1050/872/1400 1053/624/1403
f 1057/871/1407 1053/624/1403 1054/242/1404
f 929/801/1219 1117/802/1481 939/870/1229
f 1117/802/1481 1118/863/1482 939/870/1229
f 1119/859/1483 939/870/1229 1118/863/1482
f 1119/859/1483 1118/863/1482 1120/860/1484
f 940/385/1230 939/870/1229 941/869/1231
f 939/870/1229 1119/859/1483 941/869/1231
f 957/855/1249 941/869/1231 1119/859/1483
f 957/855/1249 1119/859/1483 1121/856/1485
f 956/794/1486 955/868/1258 1122/792/1487
f 955/868/1258 961/791/1257 1122/792/1487
f 937/803/1227 669/867/867 656/866/866
f 937/803/1227 656/866/866 1123/805/1488
f 1124/804/1489 1125/806/1490 1126/862/1491
f 1125/806/1490 1127/865/1492 1126/862/1491
f 1117/802/1481 1124/804/1489 1118/863/1482
f 1124/804/1489 1126/862/1491 1118/863/1482
f 926/861/1216 1126/862/1491 1127/865/1492
f 926/861/1216 1127/865/1492 923/864/1214
f 1118/863/1482 1126/862/1491 1120/860/1484
f 1126/862/1491 926/861/1216 1120/860/1484
f 1120/860/1484 926/861/1216 1128/857/1493
f 926/861/1216 925/858/1215 1128/857/1493
f 1120/860/1484 1128/857/1493 1121/856/1485
f 1120/860/1484 1121/856/1485 1119/859/1483
f 1129/838/1494 1128/857/1493 1130/839/1495
f 1128/857/1493 925/858/1215 1130/839/1495
f 1121/856/1485 1128/857/1493 1131/853/1496
f 1128/857/1493 1129/838/1494 1131/853/1496
f 1121/856/1485 1131/853/1496 954/854/1246
f 1121/856/1485 954/854/1246 957/855/1249
f 1132/795/1497 1131/853/1496 1129/838/1494
f 1132/795/1497 1129/838/1494 1133/797/1498
f 954/854/1246 1131/853/1496 945/852/1235
f 1131/853/1496 1132/795/1497 945/852/1235
f 946/851/1236 945/852/1235 1134/796/1499
f 945/852/1235 1132/795/1497 1134/796/1499
f 949/291/1239 946/851/1236 1135/289/1500
f 946/851/1236 1134/796/1499 1135/289/1500
f 1136/285/1501 1135/289/1500 1134/796/1499
f 1136/285/1501 1134/796/1499 1137/798/1502
f 1138/807/1503 655/849/849 631/815/815
f 1138/807/1503 631/815/815 1139/811/1504
f 656/850/850 655/849/849 1123/808/1505
f 655/849/849 1138/807/1503 1123/808/1505
f 1140/810/1506 1141/812/1507 1142/847/1508
f 1141/812/1507 1143/817/1509 1142/847/1508
f 1125/809/1510 1140/810/1506 1127/848/1511
f 1140/810/1506 1142/847/1508 1127/848/1511
f 1144/845/1512 1142/847/1508 1143/817/1509
f 1144/845/1512 1143/817/1509 1145/822/1513
f 1127/848/1511 1142/847/1508 923/846/1211
f 1142/847/1508 1144/845/1512 923/846/1211
f 1146/844/1514 1144/845/1512 1145/822/1513
f 1146/844/1514 1145/822/1513 1147/819/1515
f 923/846/1211 1144/845/1512 924/843/1212
f 1144/845/1512 1146/844/1514 924/843/1212
f 1148/831/1516 1146/844/1514 1149/832/1517
f 1146/844/1514 1147/819/1515 1149/832/1517
f 924/843/1212 1146/844/1514 1150/841/1518
f 1146/844/1514 1148/831/1516 1150/841/1518
f 924/843/1212 1150/841/1518 925/842/1213
f 1150/841/1518 1130/840/1519 925/842/1213
f 1151/826/1520 1150/841/1518 1152/827/1521
f 1150/841/1518 1148/831/1516 1152/827/1521
f 1130/840/1519 1150/841/1518 1151/826/1520
f 1130/840/1519 1151/826/1520 1153/837/1522
f 1130/839/1495 1153/836/1523 1129/838/1494
f 1153/836/1523 1133/797/1498 1129/838/1494
f 1154/835/1524 1153/837/1522 1155/823/1525
f 1153/837/1522 1151/826/1520 1155/823/1525
f 1133/797/1498 1153/836/1523 1154/834/1526
f 1133/797/1498 1154/834/1526 1137/798/1502
f 1156/283/1527 1154/835/1524 1157/281/1528
f 1154/835/1524 1155/823/1525 1157/281/1528
f 1137/798/1502 1154/834/1526 1156/288/1529
f 1137/798/1502 1156/288/1529 1136/285/1501
f 1158/829/1530 1159/278/1531 1160/825/1532
f 1159/278/1531 1161/275/1533 1160/825/1532
f 1162/820/1534 1163/833/1535 1147/819/1515
f 1163/833/1535 1149/832/1517 1147/819/1515
f 1149/832/1517 1163/833/1535 1164/830/1536
f 1149/832/1517 1164/830/1536 1165/828/1537
f 1149/832/1517 1165/828/1537 1148/831/1516
f 1165/828/1537 1152/827/1521 1148/831/1516
f 1160/825/1532 1165/828/1537 1158/829/1530
f 1165/828/1537 1164/830/1536 1158/829/1530
f 1152/827/1521 1165/828/1537 1160/825/1532
f 1152/827/1521 1160/825/1532 1166/824/1538
f 1152/827/1521 1166/824/1538 1151/826/1520
f 1166/824/1538 1155/823/1525 1151/826/1520
f 1167/279/1539 1166/824/1538 1161/275/1533
f 1166/824/1538 1160/825/1532 1161/275/1533
f 1155/823/1525 1166/824/1538 1167/279/1539
f 1155/823/1525 1167/279/1539 1157/281/1528
f 1168/818/1540 1169/821/1541 1143/817/1509
f 1169/821/1541 1145/822/1513 1143/817/1509
f 1145/822/1513 1169/821/1541 1147/819/1515
f 1169/821/1541 1162/820/1534 1147/819/1515
f 1141/812/1507 1170/814/1542 1168/818/1540
f 1141/812/1507 1168/818/1540 1143/817/1509
f 319/816/816 1171/813/1543 631/815/815
f 1171/813/1543 1139/811/1504 631/815/815
f 1170/814/1542 1141/812/1507 1139/811/1504
f 1170/814/1542 1139/811/1504 1171/813/1543
f 1141/812/1507 1140/810/1506 1139/811/1504
f 1140/810/1506 1138/807/1503 1139/811/1504
f 1140/810/1506 1125/809/1510 1138/807/1503
f 1125/809/1510 1123/808/1505 1138/807/1503
f 1125/806/1490 1124/804/1489 1123/805/1488
f 1124/804/1489 937/803/1227 1123/805/1488
f 1124/804/1489 1117/802/1481 937/803/1227
f 1117/802/1481 936/799/1226 937/803/1227
f 1117/802/1481 929/801/1219 936/799/1226
f 929/801/1219 928/800/1218 936/799/1226
f 1133/797/1498 1137/798/1502 1132/795/1497
f 1137/798/1502 1134/796/1499 1132/795/1497
f 962/790/1259 1122/792/1487 1075/712/1426
f 1122/792/1487 1072/711/1423 1075/712/1426
f 956/794/1486 1122/792/1487 962/790/1259
f 956/794/1486 962/790/1259 958/793/1262
f 1072/711/1423 1122/792/1487 960/718/1256
f 1122/792/1487 961/791/1257 960/718/1256
f 1085/714/1437 1073/715/1424 1072/711/1423
f 959/717/1255 1081/725/1544 1085/714/1437
f 963/380/1260 962/790/1259 1076/750/1427
f 962/790/1259 1075/712/1426 1076/750/1427
f 947/768/1545 950/298/1546 1172/767/1547
f 950/298/1546 1173/295/1548 1172/767/1547
f 1172/767/1547 1173/295/1548 1174/740/1549
f 1173/295/1548 1175/299/1550 1174/740/1549
f 1174/740/1549 1175/299/1550 922/173/1210
f 1174/740/1549 922/173/1210 921/738/1209
f 1063/789/1476 1062/788/1413 951/787/1241
f 1176/782/1551 971/783/1270 972/786/1271
f 1176/782/1551 972/786/1271 1006/785/1329
f 970/784/1269 971/783/1270 1092/781/1445
f 971/783/1270 1176/782/1551 1092/781/1445
f 1177/747/1552 1176/779/1553 1178/743/1554
f 1176/779/1553 1006/742/1555 1178/743/1554
f 1092/780/1556 1176/779/1553 1179/778/1557
f 1176/779/1553 1177/747/1552 1179/778/1557
f 1004/777/1325 1179/778/1557 1177/747/1552
f 1004/777/1325 1177/747/1552 1002/748/1323
f 1065/772/1416 1179/774/1558 1005/775/1326
f 1179/774/1558 1004/776/1327 1005/775/1326
f 1092/773/1559 1179/774/1558 1065/772/1416
f 1092/773/1559 1065/772/1416 1071/771/1422
f 1079/739/1430 1080/769/1431 1174/740/1549
f 1080/769/1431 1172/767/1547 1174/740/1549
f 1080/769/1431 944/770/1432 947/768/1545
f 1080/769/1431 947/768/1545 1172/767/1547
f 1070/766/1421 1067/765/1418 1108/724/1467
f 1180/762/1560 1009/764/1334 1181/756/1561
f 1009/764/1334 1010/758/1335 1181/756/1561
f 1008/763/1333 1009/764/1334 1066/761/1417
f 1009/764/1334 1180/762/1560 1066/761/1417
f 1084/760/1436 1180/762/1560 1078/757/1429
f 1180/762/1560 1181/756/1561 1078/757/1429
f 1066/761/1417 1180/762/1560 1084/760/1436
f 1066/761/1417 1084/760/1436 1068/759/1419
f 1182/753/1562 1181/756/1561 1010/758/1335
f 1182/753/1562 1010/758/1335 1012/755/1337
f 1078/757/1429 1181/756/1561 1077/754/1428
f 1181/756/1561 1182/753/1562 1077/754/1428
f 1183/749/1563 1182/753/1562 1012/755/1337
f 1183/749/1563 1012/755/1337 1013/752/1338
f 1077/754/1428 1182/753/1562 1076/750/1427
f 1182/753/1562 1183/749/1563 1076/750/1427
f 966/384/1265 1183/749/1563 1014/751/1339
f 1183/749/1563 1013/752/1338 1014/751/1339
f 1076/750/1427 1183/749/1563 963/380/1260
f 1183/749/1563 966/384/1265 963/380/1260
f 1178/743/1554 1003/746/1324 1177/747/1552
f 1003/746/1324 1002/748/1323 1177/747/1552
f 1015/745/1340 1003/746/1324 1178/743/1554
f 1015/745/1340 1178/743/1554 964/744/1263
f 964/744/1263 1178/743/1554 938/741/1394
f 1178/743/1554 1006/742/1555 938/741/1394
f 1079/739/1430 1174/740/1549 921/738/1209
f 1079/739/1430 921/738/1209 1090/737/1443
f 1093/735/1447 1088/736/1440 967/734/1266
f 1093/735/1447 967/734/1266 969/733/1268
f 1095/732/1449 891/623/1564 1051/324/1401
f 1095/732/1449 1051/324/1401 1048/723/1398
f 890/360/1408 920/731/1208 1059/730/1410
f 1059/730/1410 1055/243/1405 890/360/1408
f 1059/730/1410 1058/728/1409 1055/243/1405
f 1058/728/1409 1056/726/1406 1055/243/1405
f 1058/728/1409 1114/729/1478 1115/727/1479
f 1058/728/1409 1115/727/1479 1056/726/1406
f 1085/714/1437 1081/725/1544 1108/724/1467
f 1072/711/1423 960/718/1256 1085/714/1437
f 1048/723/1398 1043/722/1392 1094/719/1448
f 1037/721/1386 1040/720/1389 1094/719/1448
f 1085/714/1437 960/718/1256 959/717/1255
f 1083/716/1435 1073/715/1424 1085/714/1437
f 1074/713/1425 1075/712/1426 1072/711/1423
f 1184/709/1565 1185/710/1566 1186/705/1567
f 1184/709/1565 1186/705/1567 1187/704/1568
f 1187/704/1568 1188/703/1569 1184/709/1565
f 1189/706/1570 1186/705/1567 1185/710/1566
f 1185/710/1566 1190/707/1571 1189/706/1570
f 1185/710/1566 1191/708/1572 1190/707/1571
f 1185/710/1566 1192/545/1573 1193/543/1574
f 1185/710/1566 1193/543/1574 1191/708/1572
f 1184/709/1565 1192/545/1573 1185/710/1566
f 1188/703/1569 1194/547/1575 1184/709/1565
f 1194/547/1575 1192/545/1573 1184/709/1565
f 1195/557/1576 1194/547/1575 1188/703/1569
f 1191/708/1572 1193/543/1574 1196/694/1577
f 1190/707/1571 1191/708/1572 1196/694/1577
f 1190/707/1571 1196/694/1577 1197/262/1578
f 1189/706/1570 1190/707/1571 1198/696/1579
f 1190/707/1571 1197/262/1578 1198/696/1579
f 1186/705/1567 1189/706/1570 1199/698/1580
f 1189/706/1570 1198/696/1579 1199/698/1580
f 1187/704/1568 1186/705/1567 1200/699/1581
f 1186/705/1567 1199/698/1580 1200/699/1581
f 1188/703/1569 1187/704/1568 1201/701/1582
f 1187/704/1568 1200/699/1581 1201/701/1582
f 1188/703/1569 1202/692/1583 1195/557/1576
f 1201/701/1582 1202/692/1583 1188/703/1569
f 1203/702/1584 1204/693/1585 1201/701/1582
f 1204/693/1585 1202/692/1583 1201/701/1582
f 1205/700/1586 1203/702/1584 1200/699/1581
f 1203/702/1584 1201/701/1582 1200/699/1581
f 1206/697/1587 1205/700/1586 1199/698/1580
f 1205/700/1586 1200/699/1581 1199/698/1580
f 1206/697/1587 1199/698/1580 1198/696/1579
f 1207/647/1588 1206/697/1587 1208/264/1589
f 1206/697/1587 1198/696/1579 1208/264/1589
f 1208/264/1589 1198/696/1579 1197/262/1578
f 1197/262/1578 1196/694/1577 525/695/695
f 1197/262/1578 525/695/695 214/261/261
f 1193/543/1574 140/168/168 1196/694/1577
f 140/168/168 525/695/695 1196/694/1577
f 1202/692/1583 1209/658/1590 1195/557/1576
f 1209/658/1590 1210/589/1591 1195/557/1576
f 1204/693/1585 1211/657/1592 1202/692/1583
f 1211/657/1592 1209/658/1590 1202/692/1583
f 1212/1171/1593 1213/1172/1594 1214/1173/1595
f 1213/1172/1594 1215/1174/1596 1214/1173/1595
f 1215/1174/1596 1213/1172/1594 1216/1175/1597
f 1217/1176/1598 1212/1171/1593 1218/1177/1599
f 1212/1171/1593 1214/1173/1595 1218/1177/1599
f 1217/1176/1598 1218/1177/1599 1219/1178/1600
f 1217/1176/1598 1219/1178/1600 1220/1179/1601
f 1212/1171/1593 1217/1176/1598 1220/1179/1601
f 1212/1171/1593 1220/1179/1601 1221/1180/1602
f 1213/1172/1594 1212/1171/1593 1221/1180/1602
f 1213/1172/1594 1221/1180/1602 1222/1181/1603
f 1222/1181/1603 1216/1175/1597 1213/1172/1594
f 1214/1173/1595 1223/1182/1604 1224/1183/1605
f 1214/1173/1595 1224/1183/1605 1218/1177/1599
f 1215/1174/1596 1225/1184/1606 1214/1173/1595
f 1225/1184/1606 1223/1182/1604 1214/1173/1595
f 1226/1185/1607 1219/1178/1600 1218/1177/1599
f 1226/1185/1607 1218/1177/1599 1224/1183/1605
f 1226/1186/1608 1224/1187/1609 1227/1188/1610
f 1226/1185/1607 1206/1189/1611 1219/1178/1600
f 1206/1189/1611 1207/1190/1612 1219/1178/1600
f 1227/1188/1610 1205/1191/1613 1226/1186/1608
f 1205/1191/1613 1206/1192/1614 1226/1186/1608
f 1227/1188/1610 1224/1187/1609 1228/1193/1615
f 1224/1187/1609 1223/1194/1616 1228/1193/1615
f 1228/1193/1615 1203/1195/1617 1227/1188/1610
f 1203/1195/1617 1205/1191/1613 1227/1188/1610
f 1228/1193/1615 1223/1194/1616 1225/1196/1618
f 1228/1193/1615 1225/1196/1618 1229/1197/1619
f 1229/1197/1619 1204/1198/1620 1203/1195/1617
f 1229/1197/1619 1203/1195/1617 1228/1193/1615
f 1207/1199/1621 1230/1200/1622 1220/1179/1601
f 1207/1199/1621 1220/1179/1601 1219/1178/1600
f 1221/1180/1602 1220/1179/1601 1230/1200/1622
f 1221/1180/1602 1230/1200/1622 1231/1201/1623
f 1232/1202/1624 1222/1181/1603 1221/1180/1602
f 1232/1202/1624 1221/1180/1602 1231/1201/1623
f 1225/1196/1618 1233/1203/1625 1229/1197/1619
f 1233/1204/1626 1225/1184/1606 1215/1174/1596
f 1233/1204/1626 1215/1174/1596 1216/1175/1597
f 1233/1203/1625 1211/1205/1627 1204/1198/1620
f 1233/1203/1625 1204/1198/1620 1229/1197/1619
f 1234/660/1628 1235/649/1629 1236/523/1630
f 1234/660/1628 1236/523/1630 1237/522/1631
f 1238/592/1632 1234/660/1628 1237/522/1631
f 1237/522/1631 1239/521/1633 1238/592/1632
f 1209/658/1590 1234/659/1634 1210/589/1591
f 1234/659/1634 1238/591/1635 1210/589/1591
f 1211/657/1592 1235/648/1636 1209/658/1590
f 1235/648/1636 1234/659/1634 1209/658/1590
f 1211/657/1592 1240/646/1637 1235/648/1636
f 1216/1175/1597 1240/1206/1638 1211/1207/1639
f 1216/1175/1597 1211/1207/1639 1233/1204/1626
f 473/1208/1640 1241/1209/1641 490/642/642
f 473/1208/1640 490/642/642 472/641/641
f 1240/1210/1642 1216/1175/1597 1222/1181/1603
f 1240/1210/1642 1222/1181/1603 1232/1202/1624
f 1235/649/1629 1242/517/1643 1236/523/1630
f 1243/518/1644 1242/519/1645 1240/646/1637
f 1242/519/1645 1235/648/1636 1240/646/1637
f 1208/264/1589 1244/265/1646 1207/647/1588
f 1244/265/1646 1230/643/1647 1207/647/1588
f 1232/645/1648 1243/518/1644 1240/646/1637
f 1232/645/1648 1245/520/1649 1243/518/1644
f 1231/644/1650 1245/520/1649 1232/645/1648
f 1231/644/1650 1246/267/1651 1245/520/1649
f 1244/265/1646 1246/267/1651 1231/644/1650
f 1244/265/1646 1231/644/1650 1230/643/1647
f 1247/1211/1652 845/1114/1126 844/1113/1125
f 1247/1211/1652 844/1113/1125 903/1138/1189
f 1248/1212/1653 847/1116/1128 845/1114/1126
f 1248/1212/1653 845/1114/1126 1247/1211/1652
f 1249/1213/1654 849/1118/1130 847/1116/1128
f 1249/1213/1654 847/1116/1128 1248/1212/1653
f 1250/1214/1655 851/1120/1132 1249/1213/1654
f 851/1120/1132 849/1118/1130 1249/1213/1654
f 1251/1215/1656 853/1122/1134 1250/1214/1655
f 853/1122/1134 851/1120/1132 1250/1214/1655
f 1252/1216/1657 855/1124/1136 1251/1215/1656
f 855/1124/1136 853/1122/1134 1251/1215/1656
f 831/598/1109 857/498/1138 855/628/1140
f 831/598/1109 855/628/1140 1252/597/1658
f 933/627/1223 927/378/1217 1046/376/1659
f 933/627/1223 1046/376/1659 1045/626/1660
f 933/627/1223 1045/626/1660 938/625/1228
f 1253/151/1661 1054/242/1404 1254/152/1662
f 1054/242/1404 1053/624/1403 1254/152/1662
f 1254/152/1662 1053/624/1403 1255/153/1663
f 1053/624/1403 1052/325/1402 1255/153/1663
f 1051/324/1401 891/623/1564 1256/154/1664
f 891/623/1564 893/157/1665 1256/154/1664
f 862/184/1666 155/183/183 478/622/622
f 862/184/1666 478/622/622 952/621/1667
f 862/620/1145 952/619/1242 898/618/1183
f 829/617/1107 1257/497/1668 831/598/1109
f 1257/497/1668 857/498/1138 831/598/1109
f 827/500/1105 1258/495/1669 829/617/1107
f 1258/495/1669 1257/497/1668 829/617/1107
f 810/1217/1670 1259/1218/1671 811/1219/1672
f 1259/1218/1671 902/1220/1673 811/1219/1672
f 1260/1221/1674 903/1222/1675 902/1220/1673
f 1260/1221/1674 902/1220/1673 1259/1218/1671
f 1261/1223/1676 1247/1224/1677 1260/1221/1674
f 1247/1224/1677 903/1222/1675 1260/1221/1674
f 1262/1225/1678 1248/1226/1679 1261/1223/1676
f 1248/1226/1679 1247/1224/1677 1261/1223/1676
f 1263/1227/1680 1249/1228/1681 1248/1226/1679
f 1263/1227/1680 1248/1226/1679 1262/1225/1678
f 1264/1229/1682 1250/1230/1683 1263/1227/1680
f 1250/1230/1683 1249/1228/1681 1263/1227/1680
f 1265/1231/1684 1251/1232/1685 1264/1229/1682
f 1251/1232/1685 1250/1230/1683 1264/1229/1682
f 1266/1233/1686 1252/1234/1687 1265/1231/1684
f 1252/1234/1687 1251/1232/1685 1265/1231/1684
f 1267/1235/1688 846/1115/1127 1268/1236/1689
f 840/1108/1118 846/1115/1127 1267/1235/1688
f 832/594/1110 831/598/1109 1252/597/1658
f 832/594/1110 1252/597/1658 1266/596/1690
f 1266/596/1690 1269/595/1691 832/594/1110
f 836/593/1121 1238/592/1632 842/516/1122
f 1238/592/1632 1239/521/1633 842/516/1122
f 839/588/1692 1210/589/1591 1238/591/1635
f 839/588/1692 1238/591/1635 836/590/1693
f 841/587/1694 1195/557/1576 1210/589/1591
f 841/587/1694 1210/589/1591 839/588/1692
f 841/587/1694 1267/556/1695 1195/557/1576
f 840/1108/1118 1267/1235/1688 841/1109/1119
f 1266/1237/1696 1265/1238/1697 1270/1239/1698
f 1266/1237/1696 1270/1239/1698 1269/1240/1699
f 1265/1238/1697 1264/1241/1700 1271/1242/1701
f 1265/1238/1697 1271/1242/1701 1270/1239/1698
f 1264/1241/1700 1263/1243/1702 1272/1244/1703
f 1264/1241/1700 1272/1244/1703 1271/1242/1701
f 1263/1243/1702 1262/1245/1704 1272/1244/1703
f 1262/1245/1704 1273/1246/1705 1272/1244/1703
f 1262/1245/1704 1261/1247/1706 1273/1246/1705
f 1261/1247/1706 1274/1248/1707 1273/1246/1705
f 1261/1247/1706 1260/1249/1708 1274/1248/1707
f 1260/1249/1708 1275/1250/1709 1274/1248/1707
f 1260/1249/1708 1259/1251/1710 1275/1250/1709
f 1259/1251/1710 1276/1252/1711 1275/1250/1709
f 1259/1251/1710 810/1253/1712 1276/1252/1711
f 810/1253/1712 815/1254/1713 1276/1252/1711
f 1277/1255/1714 1278/1256/1715 1270/1257/1716
f 1278/1256/1715 1269/1258/1717 1270/1257/1716
f 1270/1257/1716 1271/1259/1718 1277/1255/1714
f 1271/1259/1718 1279/1260/1719 1277/1255/1714
f 1271/1259/1718 1272/1261/1720 1279/1260/1719
f 1272/1261/1720 1280/1262/1721 1279/1260/1719
f 1272/1261/1720 1273/1263/1722 1280/1262/1721
f 1273/1263/1722 1281/1264/1723 1280/1262/1721
f 1273/1263/1722 1274/1265/1724 1282/1266/1725
f 1273/1263/1722 1282/1266/1725 1281/1264/1723
f 846/1115/1127 848/1117/1129 1268/1236/1689
f 848/1117/1129 1283/1267/1726 1268/1236/1689
f 1274/1265/1724 1275/1268/1727 1284/1269/1728
f 1274/1265/1724 1284/1269/1728 1282/1266/1725
f 1268/1236/1689 1283/1267/1726 1285/1270/1729
f 1268/546/1730 1194/547/1575 1195/557/1576
f 1268/546/1730 1195/557/1576 1267/556/1695
f 1275/1268/1727 1276/1271/1731 1286/1272/1732
f 1275/1268/1727 1286/1272/1732 1284/1269/1728
f 1287/1273/1733 1286/1272/1732 1276/1271/1731
f 1287/1273/1733 1276/1271/1731 815/1274/1734
f 1283/1267/1726 848/1117/1129 850/1119/1131
f 1283/1267/1726 850/1119/1131 1288/1275/1735
f 1288/1275/1735 850/1119/1131 1289/1276/1736
f 1288/1275/1735 1290/1277/1737 1285/1270/1729
f 1288/1275/1735 1285/1270/1729 1283/1267/1726
f 1289/1276/1736 1291/1278/1738 1290/1277/1737
f 1289/1276/1736 1290/1277/1737 1288/1275/1735
f 1192/545/1573 1194/547/1575 1268/546/1730
f 1192/545/1573 1268/546/1730 1285/544/1739
f 1193/543/1574 1192/545/1573 1290/167/1740
f 1192/545/1573 1285/544/1739 1290/167/1740
f 1290/167/1740 140/168/168 1193/543/1574
f 1278/1279/1741 1292/1280/1742 832/1281/1743
f 1278/1279/1741 832/1281/1743 1269/1282/1744
f 1293/1283/1745 830/1284/1746 1292/1280/1742
f 830/1284/1746 832/1281/1743 1292/1280/1742
f 1294/1285/1747 826/1286/1748 1293/1283/1745
f 826/1286/1748 830/1284/1746 1293/1283/1745
f 1295/1287/1749 825/1288/1750 826/1286/1748
f 1295/1287/1749 826/1286/1748 1294/1285/1747
f 1296/1289/1751 820/1290/1752 825/1288/1750
f 1296/1289/1751 825/1288/1750 1295/1287/1749
f 1297/1291/1753 822/1292/1754 820/1290/1752
f 1297/1291/1753 820/1290/1752 1296/1289/1751
f 1298/1293/1755 818/1294/1756 1297/1291/1753
f 818/1294/1756 822/1292/1754 1297/1291/1753
f 1289/1276/1736 1299/1295/1757 1291/1278/1738
f 852/1121/1133 1299/1295/1757 1289/1276/1736
f 852/1121/1133 1289/1276/1736 850/1119/1131
f 854/1123/1135 1300/1296/1758 852/1121/1133
f 1300/1296/1758 1299/1295/1757 852/1121/1133
f 854/1123/1135 856/1125/1137 1300/1296/1758
f 1301/1297/1759 817/1298/1760 818/1294/1756
f 1301/1297/1759 818/1294/1756 1298/1293/1755
f 1302/1299/1761 814/1300/1762 817/1298/1760
f 1302/1299/1761 817/1298/1760 1301/1297/1759
f 1287/1301/1763 815/1302/1764 814/1300/1762
f 1287/1301/1763 814/1300/1762 1302/1299/1761
f 1236/523/1630 1242/517/1643 1303/482/1765
f 1237/522/1631 1236/523/1630 1303/482/1765
f 1237/522/1631 1303/482/1765 1304/481/1766
f 1239/521/1633 1237/522/1631 1304/481/1766
f 1239/521/1633 1304/481/1766 1305/480/1767
f 842/516/1122 1239/521/1633 1305/480/1767
f 842/516/1122 1305/480/1767 1306/479/1768
f 1303/482/1765 1242/517/1643 1307/441/1769
f 1308/412/1770 1245/520/1649 1246/267/1651
f 1308/412/1770 1246/267/1651 1309/270/1771
f 1310/413/1772 1243/518/1644 1245/520/1649
f 1310/413/1772 1245/520/1649 1308/412/1770
f 1311/414/1773 1242/519/1645 1310/413/1772
f 1242/519/1645 1243/518/1644 1310/413/1772
f 1312/410/1774 1307/441/1769 1311/411/1775
f 1307/441/1769 1242/517/1643 1311/411/1775
f 813/515/1089 842/516/1122 1306/479/1768
f 813/515/1089 1306/479/1768 1313/471/1776
f 816/513/1092 813/515/1089 1314/470/1777
f 813/515/1089 1313/471/1776 1314/470/1777
f 821/514/1101 816/513/1092 1314/470/1777
f 1315/329/1778 1316/512/1779 1317/304/1780
f 1316/512/1779 1318/303/1781 1317/304/1780
f 1319/328/1782 1316/512/1779 1315/329/1778
f 1320/339/1783 1321/485/1784 1322/317/1785
f 1321/485/1784 1323/319/1786 1322/317/1785
f 1323/321/1787 1324/220/1788 1325/218/1789
f 1323/321/1787 1325/218/1789 1326/323/1790
f 1321/485/1784 1327/212/1791 1324/216/1792
f 1321/485/1784 1324/216/1792 1323/319/1786
f 1326/323/1790 1325/218/1789 1328/222/1793
f 1326/323/1790 1328/222/1793 1329/510/1794
f 1316/511/1795 1319/326/1796 1329/510/1794
f 1319/326/1796 1326/323/1790 1329/510/1794
f 1316/511/1795 1330/509/1797 1318/305/1798
f 1330/509/1797 1331/307/1799 1318/305/1798
f 1329/510/1794 1330/509/1797 1316/511/1795
f 1332/224/1800 1330/509/1797 1329/510/1794
f 1332/224/1800 1329/510/1794 1328/222/1793
f 1330/509/1797 1333/505/1801 1331/307/1799
f 1334/241/1802 1333/505/1801 1330/509/1797
f 1334/241/1802 1330/509/1797 1332/224/1800
f 1335/504/1803 1333/505/1801 200/239/239
f 1333/505/1801 1334/241/1802 200/239/239
f 1336/1303/1804 1337/1304/1805 1280/1262/1721
f 1337/1304/1805 1279/1260/1719 1280/1262/1721
f 1280/1262/1721 1281/1264/1723 1336/1303/1804
f 1281/1264/1723 1338/1305/1806 1336/1303/1804
f 1281/1264/1723 1282/1266/1725 1338/1305/1806
f 1282/1266/1725 1339/1306/1807 1338/1305/1806
f 1282/1266/1725 1284/1269/1728 1340/1307/1808
f 1282/1266/1725 1340/1307/1808 1339/1306/1807
f 1341/499/1809 1342/492/1810 1258/495/1669
f 1341/499/1809 1258/495/1669 827/500/1105
f 1341/499/1809 1343/477/1811 1342/492/1810
f 1344/487/1812 1331/307/1799 1333/505/1801
f 1344/487/1812 1333/505/1801 1335/504/1803
f 1284/1269/1728 1286/1272/1732 1340/1307/1808
f 1287/1273/1733 1345/1308/1813 1286/1272/1732
f 1345/1308/1813 1340/1307/1808 1286/1272/1732
f 1341/499/1809 827/500/1105 828/488/1106
f 1341/499/1809 828/488/1106 1346/483/1814
f 1346/483/1814 1343/477/1811 1341/499/1809
f 857/498/1138 1257/497/1668 294/363/363
f 857/498/1138 294/363/363 856/361/1139
f 1258/495/1669 394/496/496 1257/497/1668
f 394/496/496 294/363/363 1257/497/1668
f 1342/492/1810 392/494/494 1258/495/1669
f 392/494/494 394/496/496 1258/495/1669
f 1335/491/1815 1342/492/1810 1343/477/1811
f 1335/491/1815 1343/477/1811 1344/478/1816
f 200/493/493 392/494/494 1342/492/1810
f 200/493/493 1342/492/1810 1335/491/1815
f 823/489/1099 821/490/1097 1314/467/1817
f 823/489/1099 1314/467/1817 1347/468/1818
f 828/488/1106 823/489/1099 1347/468/1818
f 828/488/1106 1347/468/1818 1348/476/1819
f 1346/483/1814 828/488/1106 1349/475/1820
f 828/488/1106 1348/476/1819 1349/475/1820
f 1350/308/1821 1331/307/1799 1351/486/1822
f 1331/307/1799 1344/487/1812 1351/486/1822
f 1352/334/1823 1351/332/1824 1353/340/1825
f 1321/485/1784 1320/339/1783 1353/340/1825
f 1321/485/1784 1353/340/1825 1354/484/1826
f 1327/212/1791 1321/485/1784 1354/484/1826
f 1327/212/1791 1354/484/1826 1355/214/1827
f 1343/477/1811 1346/483/1814 1356/474/1828
f 1346/483/1814 1349/475/1820 1356/474/1828
f 1357/440/1829 1304/481/1766 1307/441/1769
f 1304/481/1766 1303/482/1765 1307/441/1769
f 1358/439/1830 1305/480/1767 1304/481/1766
f 1358/439/1830 1304/481/1766 1357/440/1829
f 1359/438/1831 1306/479/1768 1305/480/1767
f 1359/438/1831 1305/480/1767 1358/439/1830
f 1360/469/1832 1313/471/1776 1306/479/1768
f 1360/469/1832 1306/479/1768 1359/438/1831
f 1344/478/1816 1343/477/1811 1351/473/1833
f 1343/477/1811 1356/474/1828 1351/473/1833
f 1348/476/1819 1347/468/1818 1361/447/1834
f 1347/468/1818 1362/445/1835 1361/447/1834
f 1349/475/1820 1348/476/1819 1363/459/1836
f 1348/476/1819 1361/447/1834 1363/459/1836
f 1356/474/1828 1349/475/1820 1364/461/1837
f 1349/475/1820 1363/459/1836 1364/461/1837
f 1351/473/1833 1356/474/1828 1365/464/1838
f 1356/474/1828 1364/461/1837 1365/464/1838
f 1351/473/1833 1365/464/1838 1353/466/1839
f 1354/472/1840 1353/466/1839 1366/465/1841
f 1359/438/1831 1367/434/1842 1360/469/1832
f 1314/470/1777 1313/471/1776 1360/469/1832
f 1314/470/1777 1360/469/1832 1367/434/1842
f 1362/445/1835 1347/468/1818 1367/443/1843
f 1347/468/1818 1314/467/1817 1367/443/1843
f 1365/464/1838 1364/461/1837 1368/463/1844
f 1364/461/1837 1369/462/1845 1368/463/1844
f 1366/465/1841 1353/466/1839 1365/464/1838
f 1366/465/1841 1365/464/1838 1368/463/1844
f 1370/460/1846 1369/462/1845 1364/461/1837
f 1370/460/1846 1364/461/1837 1363/459/1836
f 1371/458/1847 1370/460/1846 1363/459/1836
f 1371/458/1847 1363/459/1836 1361/447/1834
f 1361/447/1834 1372/446/1848 1371/458/1847
f 1366/456/1849 1373/451/1850 1355/210/1851
f 1366/456/1849 1355/210/1851 1354/457/1852
f 1368/455/1853 1374/450/1854 1366/456/1849
f 1374/450/1854 1373/451/1850 1366/456/1849
f 1369/454/1855 1375/448/1856 1368/455/1853
f 1375/448/1856 1374/450/1854 1368/455/1853
f 1370/453/1857 1376/250/1858 1375/448/1856
f 1370/453/1857 1375/448/1856 1369/454/1855
f 1371/452/1859 1377/249/1860 1376/250/1858
f 1371/452/1859 1376/250/1858 1370/453/1857
f 1377/249/1860 1371/452/1859 1372/252/1861
f 1355/210/1851 1373/451/1850 176/209/209
f 1378/205/1862 176/209/209 1373/451/1850
f 1378/205/1862 1373/451/1850 1374/450/1854
f 1374/450/1854 1379/208/1863 1378/205/1862
f 1375/448/1856 1380/449/1864 1374/450/1854
f 1380/449/1864 1379/208/1863 1374/450/1854
f 1376/250/1858 1381/247/1865 1375/448/1856
f 1381/247/1865 1380/449/1864 1375/448/1856
f 1372/446/1848 1361/447/1834 1362/445/1835
f 1372/446/1848 1362/445/1835 1382/444/1866
f 1382/444/1866 1362/445/1835 1367/443/1843
f 1382/444/1866 1367/443/1843 1383/442/1867
f 1384/409/1868 1357/440/1829 1312/410/1774
f 1357/440/1829 1307/441/1769 1312/410/1774
f 1384/409/1868 1385/433/1869 1357/440/1829
f 1385/433/1869 1358/439/1830 1357/440/1829
f 1359/438/1831 1358/439/1830 1386/437/1870
f 1358/439/1830 1385/433/1869 1386/437/1870
f 1367/434/1842 1359/438/1831 1387/436/1871
f 1359/438/1831 1386/437/1870 1387/436/1871
f 1387/436/1871 1383/435/1872 1367/434/1842
f 1380/197/1873 1381/235/1874 1388/196/1875
f 1381/235/1874 1389/233/1876 1388/196/1875
f 1389/229/1877 1390/226/1878 1391/192/1879
f 1389/229/1877 1391/192/1879 1388/193/1880
f 1392/415/1881 1393/428/1882 1385/433/1869
f 1393/428/1882 1386/432/1883 1385/433/1869
f 1392/415/1881 1385/433/1869 1384/409/1868
f 1392/415/1881 1394/406/1884 1393/428/1882
f 1394/406/1884 1395/420/1885 1393/428/1882
f 1387/430/1886 1386/432/1883 1393/428/1882
f 1396/429/1887 1383/431/1888 1387/430/1886
f 1396/429/1887 1387/430/1886 1393/428/1882
f 1395/420/1885 1397/421/1889 1396/429/1887
f 1395/420/1885 1396/429/1887 1393/428/1882
f 1398/227/1890 1396/230/1891 1397/426/1892
f 1398/227/1890 1397/426/1892 1399/427/1893
f 1390/226/1878 1398/227/1890 1399/427/1893
f 1391/192/1879 1390/226/1878 1400/422/1894
f 1390/226/1878 1399/427/1893 1400/422/1894
f 1400/422/1894 347/423/423 1391/192/1879
f 347/423/423 167/195/195 1391/192/1879
f 1400/422/1894 1399/427/1893 1401/425/1895
f 1399/427/1893 1397/426/1892 1401/425/1895
f 1401/425/1895 343/424/424 1400/422/1894
f 343/424/424 347/423/423 1400/422/1894
f 1395/420/1885 1394/406/1884 1402/407/1896
f 1395/420/1885 1402/407/1896 1403/416/1897
f 1401/418/1898 1397/421/1889 1403/416/1897
f 1397/421/1889 1395/420/1885 1403/416/1897
f 1403/416/1897 341/417/417 1401/418/1898
f 341/417/417 343/419/419 1401/418/1898
f 1402/407/1896 333/408/408 341/417/417
f 1402/407/1896 341/417/417 1403/416/1897
f 1394/406/1884 1392/415/1881 1404/387/1899
f 1394/406/1884 1404/387/1899 1405/388/1900
f 1392/415/1881 1384/409/1868 1406/395/1901
f 1392/415/1881 1406/395/1901 1404/387/1899
f 1407/271/1902 1408/405/1903 1309/270/1771
f 1408/405/1903 1308/412/1770 1309/270/1771
f 1310/413/1772 1409/401/1904 1410/402/1905
f 1310/413/1772 1410/402/1905 1311/414/1773
f 1310/413/1772 1308/412/1770 1409/401/1904
f 1308/412/1770 1408/405/1903 1409/401/1904
f 1311/411/1775 1410/399/1906 1411/396/1907
f 1311/411/1775 1411/396/1907 1312/410/1774
f 1312/410/1774 1411/396/1907 1384/409/1868
f 1411/396/1907 1406/395/1901 1384/409/1868
f 320/393/393 333/408/408 1412/391/1908
f 333/408/408 1402/407/1896 1412/391/1908
f 1405/388/1900 1412/391/1908 1402/407/1896
f 1405/388/1900 1402/407/1896 1394/406/1884
f 1159/274/1909 1158/404/1910 1407/271/1902
f 1158/404/1910 1408/405/1903 1407/271/1902
f 1408/405/1903 1158/404/1910 1409/401/1904
f 1158/404/1910 1164/400/1911 1409/401/1904
f 1163/403/1912 1410/402/1905 1164/400/1911
f 1410/402/1905 1409/401/1904 1164/400/1911
f 1411/396/1907 1410/399/1906 1163/398/1913
f 1411/396/1907 1163/398/1913 1162/397/1914
f 1162/397/1914 1169/394/1915 1406/395/1901
f 1162/397/1914 1406/395/1901 1411/396/1907
f 1404/387/1899 1406/395/1901 1169/394/1915
f 1404/387/1899 1169/394/1915 1168/386/1916
f 320/393/393 1412/391/1908 1171/390/1917
f 320/393/393 1171/390/1917 319/392/392
f 1412/391/1908 1405/388/1900 1170/389/1918
f 1412/391/1908 1170/389/1918 1171/390/1917
f 1170/389/1918 1405/388/1900 1168/386/1916
f 1405/388/1900 1404/387/1899 1168/386/1916
f 927/378/1217 940/385/1230 943/377/1233
f 963/380/1260 966/384/1265 965/383/1264
f 963/380/1260 965/383/1264 1046/379/1396
f 943/381/1919 942/382/1261 963/380/1260
f 943/381/1919 963/380/1260 1046/379/1396
f 927/378/1217 943/377/1233 1046/376/1659
f 1302/1299/1761 1345/1309/1920 1287/1301/1763
f 1301/1297/1759 1413/1310/1921 1345/1309/1920
f 1301/1297/1759 1345/1309/1920 1302/1299/1761
f 1298/1293/1755 1414/1311/1922 1413/1310/1921
f 1298/1293/1755 1413/1310/1921 1301/1297/1759
f 1297/1291/1753 1415/1312/1923 1414/1311/1922
f 1297/1291/1753 1414/1311/1922 1298/1293/1755
f 1296/1289/1751 1416/1313/1924 1415/1312/1923
f 1296/1289/1751 1415/1312/1923 1297/1291/1753
f 1295/1287/1749 1417/1314/1925 1416/1313/1924
f 1295/1287/1749 1416/1313/1924 1296/1289/1751
f 1294/1285/1747 1418/1315/1926 1417/1314/1925
f 1294/1285/1747 1417/1314/1925 1295/1287/1749
f 1293/1283/1745 835/1103/1113 1294/1285/1747
f 835/1103/1113 1418/1315/1926 1294/1285/1747
f 1292/1280/1742 835/1103/1113 1293/1283/1745
f 1278/1279/1741 833/1101/1111 1292/1280/1742
f 833/1101/1111 835/1103/1113 1292/1280/1742
f 1299/341/1927 277/342/342 1291/170/1928
f 277/342/342 141/169/169 1291/170/1928
f 294/363/363 273/362/362 856/361/1139
f 890/360/1408 1055/243/1405 1419/142/1929
f 1042/359/1442 1087/358/1439 1097/357/1453
f 1277/1255/1714 1337/1304/1805 833/1316/1930
f 1277/1255/1714 833/1316/1930 1278/1256/1715
f 1279/1260/1719 1337/1304/1805 1277/1255/1714
f 834/1102/1112 833/1316/1930 1337/1304/1805
f 1336/1303/1804 1420/1317/1931 834/1102/1112
f 1336/1303/1804 834/1102/1112 1337/1304/1805
f 1338/1305/1806 1421/1318/1932 1420/1317/1931
f 1338/1305/1806 1420/1317/1931 1336/1303/1804
f 1339/1306/1807 1422/1319/1933 1421/1318/1932
f 1339/1306/1807 1421/1318/1932 1338/1305/1806
f 1340/1307/1808 1423/1320/1934 1339/1306/1807
f 1423/1320/1934 1422/1319/1933 1339/1306/1807
f 1345/1308/1813 1423/1320/1934 1340/1307/1808
f 1413/1310/1921 1423/1320/1934 1345/1309/1920
f 1414/1311/1922 1423/1320/1934 1413/1310/1921
f 1415/1312/1923 1422/1319/1933 1423/1320/1934
f 1415/1312/1923 1423/1320/1934 1414/1311/1922
f 1300/335/1935 272/336/336 1299/341/1927
f 272/336/336 277/342/342 1299/341/1927
f 1353/340/1825 1320/339/1783 1352/334/1823
f 1424/311/1936 1350/313/1937 1352/310/1938
f 1425/256/1939 1372/252/1861 1382/331/1940
f 856/338/1941 273/337/337 1300/335/1935
f 273/337/337 272/336/336 1300/335/1935
f 1352/334/1823 1350/333/1942 1351/332/1824
f 1426/312/1943 1315/329/1778 1427/301/1944
f 1315/329/1778 1317/304/1780 1427/301/1944
f 1382/331/1940 1383/330/1945 1425/256/1939
f 1428/316/1946 1319/328/1782 1315/329/1778
f 1428/316/1946 1315/329/1778 1426/312/1943
f 1241/1209/1641 473/1208/1640 474/1321/1947
f 1241/1209/1641 474/1321/1947 1429/1322/1948
f 1322/317/1785 1430/320/1949 1319/328/1782
f 1322/317/1785 1319/328/1782 1428/316/1946
f 1320/309/1950 1428/327/1951 1424/311/1936
f 1428/327/1951 1426/312/1943 1424/311/1936
f 1319/326/1796 1430/322/1952 1326/323/1790
f 1052/325/1402 1051/324/1401 1255/153/1663
f 1051/324/1401 1256/154/1664 1255/153/1663
f 1326/323/1790 1430/322/1952 1323/321/1787
f 1430/320/1949 1322/317/1785 1323/319/1786
f 1320/318/1953 1322/317/1785 1428/316/1946
f 1416/1313/1924 1421/1318/1932 1422/1319/1933
f 1416/1313/1924 1422/1319/1933 1415/1312/1923
f 1426/312/1943 1427/301/1944 1431/302/1954
f 1350/313/1937 1424/311/1936 1431/302/1954
f 1424/311/1936 1426/312/1943 1431/302/1954
f 1424/311/1936 1352/310/1938 1320/309/1950
f 1350/308/1821 1431/306/1955 1331/307/1799
f 1331/307/1799 1431/306/1955 1318/305/1798
f 1317/304/1780 1318/303/1781 1427/301/1944
f 1318/303/1781 1431/302/1954 1427/301/1944
f 1332/224/1800 188/225/225 201/240/240
f 1332/224/1800 201/240/240 1334/241/1802
f 1175/299/1550 247/300/300 922/173/1210
f 247/300/300 146/174/174 922/173/1210
f 1173/295/1548 245/296/296 1175/299/1550
f 245/296/296 247/300/300 1175/299/1550
f 950/298/1546 243/297/297 1173/295/1548
f 243/297/297 245/296/296 1173/295/1548
f 949/291/1239 241/292/292 243/294/294
f 949/291/1239 243/294/294 950/293/1240
f 1135/289/1500 239/290/290 949/291/1239
f 239/290/290 241/292/292 949/291/1239
f 1136/285/1501 237/286/286 1135/289/1500
f 237/286/286 239/290/290 1135/289/1500
f 1156/288/1529 235/287/287 1136/285/1501
f 235/287/287 237/286/286 1136/285/1501
f 1157/281/1528 233/282/282 1156/283/1527
f 233/282/282 235/284/284 1156/283/1527
f 1167/279/1539 231/280/280 1157/281/1528
f 231/280/280 233/282/282 1157/281/1528
f 1161/275/1533 229/276/276 1167/279/1539
f 229/276/276 231/280/280 1167/279/1539
f 1159/278/1531 226/277/277 1161/275/1533
f 226/277/277 229/276/276 1161/275/1533
f 1159/274/1909 1407/271/1902 225/272/272
f 1159/274/1909 225/272/272 226/273/273
f 1309/270/1771 222/269/269 1407/271/1902
f 222/269/269 225/272/272 1407/271/1902
f 1309/270/1771 1246/267/1651 221/268/268
f 1309/270/1771 221/268/268 222/269/269
f 1244/265/1646 219/266/266 221/268/268
f 1244/265/1646 221/268/268 1246/267/1651
f 216/263/263 219/266/266 1208/264/1589
f 219/266/266 1244/265/1646 1208/264/1589
f 216/263/263 1208/264/1589 1197/262/1578
f 216/263/263 1197/262/1578 214/261/261
f 153/258/258 861/260/1956 1432/257/1957
f 861/260/1956 889/259/1174 1432/257/1957
f 1432/257/1957 889/259/1174 888/254/1173
f 1432/257/1957 888/254/1173 211/255/255
f 211/255/255 153/258/258 1432/257/1957
f 1425/256/1939 859/251/1958 1372/252/1861
f 211/255/255 888/254/1173 1433/162/1959
f 211/255/255 1433/162/1959 135/163/163
f 1433/162/1959 888/254/1173 1434/161/1960
f 888/254/1173 890/253/1175 1434/161/1960
f 1419/144/1961 1434/161/1960 890/253/1175
f 1377/249/1860 1372/252/1861 858/248/1962
f 1372/252/1861 859/251/1958 858/248/1962
f 1381/247/1865 1376/250/1858 1377/249/1860
f 1377/249/1860 858/248/1962 1381/247/1865
f 1383/246/1963 1435/244/1964 1425/245/1965
f 859/238/1142 1425/245/1965 1435/244/1964
f 859/238/1142 1435/244/1964 1436/237/1966
f 1419/142/1929 1055/243/1405 1253/151/1661
f 1055/243/1405 1054/242/1404 1253/151/1661
f 1334/241/1802 201/240/240 200/239/239
f 1389/233/1876 860/234/1143 1436/237/1966
f 860/234/1143 859/238/1142 1436/237/1966
f 1381/235/1874 858/236/1141 860/234/1143
f 1381/235/1874 860/234/1143 1389/233/1876
f 1383/232/1967 1396/230/1891 1435/231/1968
f 1436/228/1969 1435/231/1968 1398/227/1890
f 1435/231/1968 1396/230/1891 1398/227/1890
f 1389/229/1877 1436/228/1969 1390/226/1878
f 1436/228/1969 1398/227/1890 1390/226/1878
f 1328/222/1793 186/223/223 1332/224/1800
f 186/223/223 188/225/225 1332/224/1800
f 1325/218/1789 184/219/219 186/223/223
f 1325/218/1789 186/223/223 1328/222/1793
f 1324/220/1788 182/221/221 184/219/219
f 1324/220/1788 184/219/219 1325/218/1789
f 1327/212/1791 180/213/213 1324/216/1792
f 180/213/213 182/217/217 1324/216/1792
f 1355/214/1827 178/215/215 180/213/213
f 1355/214/1827 180/213/213 1327/212/1791
f 176/209/209 178/211/211 1355/210/1851
f 1378/205/1862 175/206/206 176/209/209
f 1379/208/1863 172/207/207 1378/205/1862
f 172/207/207 175/206/206 1378/205/1862
f 173/203/203 1437/198/1970 1438/199/1971
f 173/203/203 1438/199/1971 171/204/204
f 1379/200/1972 1437/198/1970 172/202/202
f 1437/198/1970 173/203/203 172/202/202
f 809/1084/1084 1439/1127/1973 740/1085/1085
f 1439/1127/1973 739/1135/1974 740/1085/1085
f 1439/1127/1973 1440/1126/1975 744/1134/1976
f 1439/1127/1973 744/1134/1976 739/1135/1974
f 1440/1126/1975 1441/1130/1977 756/1133/1978
f 1440/1126/1975 756/1133/1978 744/1134/1976
f 719/934/934 476/618/618 156/620/620
f 132/160/160 707/913/913 129/156/156
f 707/913/913 708/915/915 129/156/156
f 808/1082/1082 751/1083/1083 753/1132/1979
f 808/1082/1082 753/1132/1979 1442/1128/1980
f 1441/1130/1977 1443/1129/1981 754/1131/1982
f 1441/1130/1977 754/1131/1982 756/1133/1978
f 129/156/156 708/915/915 479/914/914
f 209/253/253 213/259/259 210/254/254
f 753/1132/1979 754/1131/1982 1442/1128/1980
f 754/1131/1982 1443/1129/1981 1442/1128/1980
f 1440/1126/1975 723/940/940 1441/1130/1977
f 723/940/940 724/941/941 1441/1130/1977
f 1441/1130/1977 724/941/941 726/943/943
f 1441/1130/1977 726/943/943 1443/1129/1981
f 1443/1129/1981 726/943/943 1442/1128/1980
f 726/943/943 692/894/894 1442/1128/1980
f 1442/1128/1980 692/894/894 690/891/891
f 1442/1128/1980 690/891/891 808/1082/1082
f 808/1082/1082 690/891/891 687/890/890
f 808/1082/1082 687/890/890 807/1080/1080
f 807/1078/1078 687/885/885 685/883/883
f 807/1078/1078 685/883/883 758/990/990
f 685/883/883 683/881/881 758/990/990
f 758/990/990 683/881/881 757/988/988
f 683/881/881 680/878/878 757/988/988
f 757/988/988 680/878/878 678/876/876
f 757/988/988 678/876/876 809/1084/1084
f 809/1084/1084 678/876/876 677/875/875
f 809/1084/1084 677/875/875 1439/1127/1973
f 1439/1127/1973 677/875/875 722/938/938
f 1439/1127/1973 722/938/938 1440/1126/1975
f 723/940/940 1440/1126/1975 722/938/938
f 719/934/934 156/620/620 154/1077/1077
f 196/234/234 199/238/238 198/236/236
f 171/201/201 1438/194/1983 167/195/195
f 484/628/628 274/361/361 396/498/498
f 485/630/630 421/530/530 484/631/631
f 421/530/530 274/529/529 484/631/631
f 486/634/634 422/531/531 421/530/530
f 486/634/634 421/530/530 485/630/630
f 487/636/636 423/533/533 422/531/531
f 487/636/636 422/531/531 486/634/634
f 488/638/638 439/552/552 487/636/636
f 439/552/552 423/533/533 487/636/636
f 489/640/640 445/560/560 488/638/638
f 445/560/560 439/552/552 488/638/638
f 490/642/642 460/586/586 489/640/640
f 460/586/586 445/560/560 489/640/640
f 1241/1209/1641 1444/1323/1984 460/586/586
f 1241/1209/1641 460/586/586 490/642/642
f 1429/1322/1948 1445/1324/1985 1241/1209/1641
f 1445/1324/1985 1444/1323/1984 1241/1209/1641
f 409/515/515 1445/1110/1986 1429/1088/1987
f 409/515/515 410/516/516 1445/1110/1986
f 410/516/516 463/593/593 1445/1110/1986
f 461/1325/1988 459/584/584 460/586/586
f 461/1325/1988 460/586/586 1444/1323/1984
f 461/1325/1988 1444/1323/1984 463/1326/1989
f 1444/1323/1984 1445/1324/1985 463/1326/1989
f 1379/200/1972 1380/197/1873 1437/198/1970
f 1438/199/1971 1437/198/1970 1388/196/1875
f 1437/198/1970 1380/197/1873 1388/196/1875
f 167/195/195 1438/194/1983 1391/192/1879
f 1438/194/1983 1388/193/1880 1391/192/1879
f 1417/1314/1925 1420/1317/1931 1421/1318/1932
f 1417/1314/1925 1421/1318/1932 1416/1313/1924
f 1418/1315/1926 834/1102/1112 1420/1317/1931
f 1418/1315/1926 1420/1317/1931 1417/1314/1925
f 835/1103/1113 834/1102/1112 1418/1315/1926
f 155/183/183 862/184/1666 861/182/1990
f 155/183/183 861/182/1990 153/181/181
f 916/177/1203 150/178/178 912/179/1199
f 150/178/178 152/180/180 912/179/1199
f 918/175/1205 148/176/176 150/178/178
f 918/175/1205 150/178/178 916/177/1203
f 911/171/1198 144/172/172 148/176/176
f 911/171/1198 148/176/176 918/175/1205
f 922/173/1210 146/174/174 144/172/172
f 922/173/1210 144/172/172 911/171/1198
f 1291/170/1928 141/169/169 1290/167/1740
f 141/169/169 140/168/168 1290/167/1740
f 138/166/166 137/165/165 913/148/1200
f 137/165/165 1446/149/1991 913/148/1200
f 159/187/187 158/186/186 287/365/365
f 429/1100/1992 430/594/594 466/598/598
f 429/1100/1992 466/598/598 475/617/617
f 429/1100/1992 475/617/617 428/1099/1993
f 398/500/500 428/1099/1993 475/617/617
f 387/488/488 388/489/489 1447/1093/1994
f 387/488/488 1447/1093/1994 1448/1097/1995
f 387/488/488 1448/1097/1995 398/500/500
f 398/500/500 1448/1097/1995 428/1099/1993
f 428/1099/1993 1448/1097/1995 427/1098/1996
f 1447/1093/1994 426/1094/1997 1448/1097/1995
f 426/1094/1997 427/1098/1996 1448/1097/1995
f 389/514/514 408/513/513 420/1092/1998
f 389/514/514 420/1092/1998 425/1096/1999
f 388/489/489 389/490/490 1447/1093/1994
f 389/490/490 425/1095/2000 426/1094/1997
f 389/490/490 426/1094/1997 1447/1093/1994
f 420/1092/1998 408/513/513 419/1091/2001
f 417/1089/2002 419/1091/2001 408/513/513
f 417/1089/2002 408/513/513 409/515/515
f 417/1089/2002 450/1086/2003 418/1090/2004
f 417/1089/2002 409/515/515 450/1086/2003
f 409/515/515 1429/1088/1987 450/1086/2003
f 1429/1088/1987 474/1087/2005 450/1086/2003
f 137/165/165 136/164/164 1449/150/2006
f 137/165/165 1449/150/2006 1446/149/1991
f 136/164/164 135/163/163 1449/150/2006
f 135/163/163 1433/162/1959 1449/150/2006
f 1449/150/2006 1433/162/1959 1450/143/2007
f 1433/162/1959 1434/161/1960 1450/143/2007
f 1450/143/2007 1434/161/1960 1419/144/1961
f 893/156/1178 897/160/1182 1036/158/1385
f 893/156/1178 1036/158/1385 1017/155/1342
f 897/160/1182 905/159/1191 1036/158/1385
f 893/157/1665 1451/137/2008 1256/154/1664
f 893/156/1178 1017/155/1342 1451/135/2009
f 1017/155/1342 1011/145/1336 1451/135/2009
f 1256/154/1664 1451/137/2008 1452/138/2010
f 1256/154/1664 1452/138/2010 1255/153/1663
f 1255/153/1663 1452/138/2010 1254/152/1662
f 1452/138/2010 1453/139/2011 1254/152/1662
f 1254/152/1662 1453/139/2011 1253/151/1661
f 1453/139/2011 1454/141/2012 1253/151/1661
f 1253/151/1661 1454/141/2012 1419/142/1929
f 1449/150/2006 1450/143/2007 1455/131/2013
f 1449/150/2006 1455/131/2013 1446/149/1991
f 1446/149/1991 1455/131/2013 915/147/1202
f 1446/149/1991 915/147/1202 913/148/1200
f 915/147/1202 1455/131/2013 1456/132/2014
f 915/147/1202 1456/132/2014 919/146/1206
f 919/146/1206 1456/132/2014 1011/145/1336
f 1456/132/2014 1451/135/2009 1011/145/1336
f 1419/144/1961 1457/134/2015 1455/131/2013
f 1419/144/1961 1455/131/2013 1450/143/2007
f 1419/142/1929 1454/141/2012 1457/140/2016
f 1454/141/2012 1453/139/2011 1458/136/2017
f 1454/141/2012 1458/136/2017 1457/140/2016
f 1453/139/2011 1452/138/2010 1458/136/2017
f 1452/138/2010 1451/137/2008 1458/136/2017
f 1451/135/2009 1456/132/2014 1458/133/2018
f 1457/134/2015 1458/133/2018 1455/131/2013
f 1458/133/2018 1456/132/2014 1455/131/2013
