# Blender 5.2.0 LTS
# www.blender.org
mtllib Luna-MarioGalaxy.mtl
o mesh0
v 0.000000 -9.999937 0.000002
v -0.482732 -9.925767 0.664732
v -0.253676 -9.925767 0.781286
v -0.717709 -9.816692 1.408931
v -0.481485 -9.820432 1.482166
v -0.720202 -9.657443 2.216704
v -0.247131 -9.816692 1.561946
v -0.370541 -9.648094 2.341049
v 0.000000 -9.657443 2.330765
v -0.447517 -9.507233 2.883304
v 0.000000 -9.511908 2.903249
v 0.000000 -9.422154 3.194322
v 0.447517 -9.507233 2.883304
v 0.467150 -9.412805 3.179675
v 0.751366 -9.364813 3.250729
v 0.652576 -9.283163 3.463268
v 1.129699 -9.074051 3.893333
v 0.903447 -9.127342 4.097146
v 1.043062 -8.897974 4.565541
v 0.779414 -8.744335 4.490125
v 0.675014 -8.572620 4.840097
v 0.000000 -8.744335 4.490125
v 0.389551 -8.447342 5.096266
v 0.000000 -8.401218 5.190071
v 0.521375 -8.500319 5.376743
v 0.000000 -8.438928 5.502335
v 0.670028 -8.226076 5.497036
v 0.000000 -8.195847 5.652545
v 0.000000 -7.952144 5.917752
v -0.915290 -7.947156 5.851685
v 0.000000 -7.546387 6.392694
v -1.002238 -7.533298 6.328496
v -1.087939 -7.017220 6.870439
v -1.975181 -7.546387 6.079805
v -2.248801 -7.009429 6.621749
v -3.134797 -7.135332 6.097569
v -3.046914 -6.745158 6.553812
v -3.306823 -6.905028 6.269595
v -3.802955 -6.576870 6.328184
v -4.175366 -6.903160 5.738871
v -4.303762 -6.752014 5.903105
v -4.862223 -6.573132 5.557806
v -4.480463 -6.576870 6.144938
v -4.934835 -6.462499 5.908092
v -4.489189 -6.269281 6.148678
v -4.822956 -6.185451 5.974471
v -4.725101 -5.642882 6.475902
v -5.130546 -5.956082 5.934893
v -5.329684 -5.642882 6.040226
v -5.624186 -5.724222 5.997221
v -5.674671 -5.297896 6.299201
v -5.837348 -5.091279 6.090714
v -5.627925 -4.718245 6.619567
v -6.451904 -4.894321 5.644754
v -6.331611 -4.640646 5.982262
v -7.021895 -4.548711 5.281069
v -6.248714 -4.356118 6.257752
v -7.342262 -3.796721 5.334361
v -6.419182 -3.789243 6.419182
v -6.604920 -3.065923 6.604920
v -5.503269 -3.803890 7.252822
v -5.608603 -3.041928 7.559476
v -4.989061 -3.269114 7.871741
v -5.238374 -2.628690 7.961181
v -4.908658 -2.253474 8.232620
v -5.322829 -1.945262 8.098303
v -5.276706 -1.326654 8.240101
v -5.823947 -1.577214 7.835901
v -6.008439 -0.804032 7.788220
v -6.858284 -1.551972 6.858284
v -6.921859 -0.776608 6.921859
v -7.920045 -0.778167 5.754140
v -6.943362 0.000002 6.943362
v -7.944664 0.000000 5.771903
v -7.920045 0.778168 5.754140
v -8.749010 0.000000 4.457713
v -8.722209 0.776610 4.444001
v -9.310587 0.778168 3.025099
v -8.641806 1.551973 4.403176
v -9.224574 1.553531 2.997052
v -9.082466 2.316116 2.950928
v -9.579533 1.551972 1.517068
v -9.432438 2.311130 1.493695
v -9.549616 2.316116 -0.000000
v -9.264464 2.995182 1.401449
v -9.361384 3.029462 -0.000000
v -9.159753 3.639032 -0.000000
v -9.264464 2.995182 -1.401450
v -8.966846 3.773661 -1.456299
v -8.926022 3.155988 -2.726859
v -8.593189 3.860609 -2.878005
v -8.322685 3.065924 -4.240499
v -8.088642 3.789243 -4.121141
v -7.342262 3.796721 -5.334361
v -7.804114 4.484826 -3.985889
v -7.081730 4.503836 -5.147065
v -6.783178 5.164515 -4.937017
v -6.189814 4.504457 -6.189815
v -5.928658 5.174174 -5.928659
v -4.924863 5.184147 -6.778817
v -5.622939 5.832361 -5.622940
v -4.672122 5.837971 -6.430401
v -4.394762 6.444424 -6.049264
v -3.610049 5.832361 -7.085472
v -3.398757 6.432580 -6.670677
v -2.310507 6.444424 -7.111338
v -3.157858 7.017220 -6.197606
v -2.147518 7.023453 -6.609907
v -1.975181 7.546387 -6.079805
v -1.087939 7.017220 -6.870439
v -1.002238 7.533298 -6.328496
v 0.000000 7.546387 -6.392694
v -0.905629 8.029742 -5.718614
v 0.000000 8.036287 -5.780941
v 0.000000 8.463236 -5.152050
v 0.905629 8.029742 -5.718614
v 0.809332 8.449834 -5.109979
v 1.591862 8.463236 -4.899932
v 0.701192 8.845306 -4.428109
v 1.381505 8.851540 -4.251719
v 1.170212 9.172530 -3.601325
v 2.035327 8.845306 -3.994616
v 1.732412 9.160377 -3.400317
v 2.225740 9.172530 -3.063433
v 1.393035 9.444281 -2.734028
v 1.793494 9.449579 -2.468510
v 1.369974 9.657443 -1.885742
v 2.169645 9.444281 -2.169646
v 1.676005 9.648094 -1.676007
v 2.468508 9.449579 -1.793496
v 2.734027 9.444281 -1.393037
v 3.063431 9.172530 -2.225742
v 3.400315 9.160377 -1.732414
v 3.994614 8.845306 -2.035329
v 3.601324 9.172530 -1.170214
v 4.251718 8.851540 -1.381506
v 0.000000 9.961605 -0.044566
v 0.781284 9.906756 -0.253678
v 0.821797 9.906756 -0.000002
v 1.561945 9.812328 -0.247133
v 1.558517 9.815758 -0.000002
v 2.330763 9.657443 -0.000002
v 1.561945 9.812328 0.247130
v 2.341047 9.648094 0.370539
v 2.216702 9.657443 0.720201
v 3.030709 9.444281 0.479925
v 2.897327 9.455189 0.922456
v 3.583248 9.194657 1.088872
v 2.715951 9.466407 1.311695
v 3.397822 9.179386 1.636114
v 2.503724 9.455189 1.775729
v 3.079948 9.157260 2.274354
v 2.202367 9.428076 2.231036
v 2.698499 9.160377 2.698498
v 2.225740 9.172530 3.063429
v 3.170012 8.845306 3.170011
v 2.627757 8.851540 3.616904
v 3.028216 8.463236 4.168198
v 2.035327 8.845306 3.994613
v 2.348527 8.449834 4.609794
v 1.591862 8.463236 4.899930
v 2.628380 8.029742 5.158905
v 1.786326 8.036287 5.498281
v 1.975181 7.546389 6.079803
v 0.905629 8.029742 5.718612
v 1.002238 7.533299 6.328494
v 0.000000 7.546389 6.392692
v 1.087939 7.017221 6.870437
v 0.000000 7.023455 6.949905
v 0.000000 6.444426 7.477201
v -1.087939 7.017221 6.870437
v -1.171147 6.432582 7.394618
v -2.175254 6.465618 7.159952
v -1.243759 5.832363 7.854288
v -2.437033 5.882848 7.584095
v -2.414283 5.217806 8.035040
v -3.073092 5.765983 7.430768
v -3.107061 5.307870 7.735865
v -3.582937 5.866643 7.112583
v -3.923249 5.324077 7.309227
v -3.861856 6.072949 7.084222
v -4.151682 5.641016 7.247211
v -3.989629 5.969484 6.812784
v -4.206219 5.646625 6.934635
v -4.620078 5.957953 6.342206
v -4.533753 5.407284 6.897550
v -4.884038 5.315351 6.711812
v -5.059180 5.197862 6.948970
v -5.433461 5.305067 6.567833
v -5.508566 4.983452 6.512050
v -5.723598 5.329373 6.000958
v -5.979768 4.883728 6.126238
v -5.994103 5.219987 5.824258
v -6.252766 5.164515 5.612654
v -6.165817 5.536614 5.381415
v -6.338467 5.588659 5.383286
v -6.379603 5.812418 5.080683
v -6.425726 5.612967 4.999344
v -6.556615 5.674673 4.756265
v -6.798760 5.219053 4.935458
v -6.752014 5.614213 4.561178
v -6.960190 5.448110 4.466437
v -6.816524 5.814288 4.494485
v -7.095131 5.591775 4.367648
v -6.743912 5.801509 4.377308
v -7.031245 5.531940 4.169445
v -7.312345 5.678101 3.359801
v -7.283362 5.149558 4.181286
v -7.636451 5.244919 3.324274
v -7.889192 4.723855 3.575457
v -7.935004 5.458392 2.398077
v -8.380339 4.512562 2.729352
v -8.589450 4.654047 1.376830
v -8.814142 4.044166 1.714337
v -8.911999 4.463011 -0.000000
v -8.966846 3.773661 1.456298
v 0.253676 -9.925767 -0.781282
v 0.000000 -9.925767 -0.821484
v 0.247131 -9.816692 -1.561943
v 0.000000 -9.820432 -1.558515
v 0.000000 -9.657443 -2.330762
v -0.247131 -9.816692 -1.561943
v -0.370541 -9.648094 -2.341046
v -0.720202 -9.657443 -2.216701
v -0.498314 -9.488534 -2.920698
v -0.914666 -9.488845 -2.815675
v -1.057710 -9.329597 -3.256647
v -1.313255 -9.488534 -2.655803
v -1.413292 -9.337700 -3.088049
v -1.636115 -9.291265 -3.098333
v -1.557270 -9.106150 -3.634356
v -1.879195 -8.990220 -3.780827
v -1.803155 -9.040707 -3.940699
v -1.955859 -8.909817 -4.159472
v -1.772303 -8.849981 -4.175676
v -1.776977 -8.760540 -4.359546
v -1.397087 -8.852475 -4.300022
v -1.679745 -8.695720 -4.527520
v -1.506784 -8.672658 -4.634725
v -1.821542 -8.685747 -4.670875
v -1.570671 -8.652713 -4.826384
v -1.910048 -8.519330 -4.690507
v -1.587188 -8.511851 -4.885594
v -2.106382 -8.237607 -5.105615
v -1.623026 -8.260045 -5.254267
v -2.237582 -7.977699 -5.449666
v -1.711532 -7.985803 -5.628548
v -1.833384 -7.567892 -6.124056
v -0.950193 -7.973024 -5.804001
v -1.002238 -7.533299 -6.328494
v 0.000000 -7.546389 -6.392692
v -1.087939 -7.017221 -6.870437
v 0.000000 -7.023455 -6.949905
v 0.000000 -6.444426 -7.477201
v 1.087939 -7.017221 -6.870437
v 1.171147 -6.432582 -7.394618
v 2.145337 -6.430401 -7.208568
v 1.243759 -5.832363 -7.854288
v 2.437656 -5.846386 -7.613078
v 2.412413 -5.188825 -8.055921
v 3.081506 -5.627614 -7.525506
v 3.342661 -4.827631 -7.941858
v 3.906420 -4.956028 -7.567890
v 4.502589 -4.507888 -7.564149
v 4.702039 -4.838540 -7.422665
v 5.164826 -4.673681 -7.211061
v 5.018044 -4.755020 -6.952398
v 5.320335 -4.805193 -6.686881
v 4.837604 -5.408218 -6.560042
v 5.493296 -5.016798 -6.387705
v 5.490491 -5.333426 -6.134340
v 5.791537 -5.018980 -6.466238
v 5.788108 -5.436578 -6.132472
v 6.002518 -4.738814 -6.227521
v 5.995038 -5.308495 -5.747283
v 6.523582 -4.724166 -5.715806
v 6.282371 -5.492985 -5.299767
v 6.808109 -5.192874 -4.985009
v 6.462811 -5.838284 -4.764989
v 7.255938 -5.590218 -3.673311
v 6.370566 -6.246222 -4.334302
v 7.311721 -6.184206 -3.408106
v 6.622372 -6.676287 -3.919820
v 6.962060 -6.370566 -3.068728
v 6.439126 -6.743913 -3.456722
v 6.306679 -7.220411 -2.094227
v 5.880978 -7.244720 -3.479470
v 5.436889 -7.738982 -3.131367
v 5.300391 -7.988918 -3.490378
v 5.022095 -8.457625 -2.664529
v 4.264496 -8.540211 -2.705666
v 4.473607 -8.777369 -1.453492
v 3.877438 -8.924776 -1.982658
v 4.122699 -8.935682 -1.339743
v 3.601324 -9.172530 -1.170210
v -0.253676 -9.925767 -0.781282
v -0.481485 -9.820432 -1.482163
v -0.717709 -9.816692 -1.408927
v -1.076096 -9.648094 -2.111989
v -1.369974 -9.657443 -1.885738
v -1.795987 -9.432438 -2.582879
v -1.888545 -9.208057 -3.191514
v -2.100772 -9.119863 -3.314300
v -2.336373 -8.878653 -3.787683
v -2.317674 -9.162557 -3.042238
v -2.648637 -8.905766 -3.514686
v -3.064366 -8.915115 -3.116409
v -2.853385 -8.702576 -3.843155
v -3.235145 -8.729376 -3.443320
v -3.392212 -8.442978 -3.940076
v -3.479784 -8.659257 -3.359177
v -3.809812 -8.256306 -3.947867
v -3.794541 -8.524317 -3.350451
v -4.075953 -8.376287 -3.401248
v -4.272598 -8.444848 -2.964016
v -4.454285 -8.018212 -3.762752
v -4.767173 -8.033483 -3.315235
v -5.257072 -7.569449 -3.634669
v -5.158906 -8.029742 -2.628379
v -5.709263 -7.533298 -2.908857
v -6.079804 -7.546387 -1.975179
v -6.197605 -7.017221 -3.157857
v -6.609906 -7.023454 -2.147517
v -7.111337 -6.444425 -2.310506
v -6.870438 -7.017221 -1.087937
v -7.394618 -6.432582 -1.171146
v -7.477203 -6.444425 0.000000
v -7.854289 -5.832362 -1.243759
v -7.948404 -5.837971 0.000000
v -8.378780 -5.184148 0.000000
v -7.854289 -5.832362 1.243760
v -8.281237 -5.174176 1.311386
v -7.968972 -5.184148 2.589114
v -8.645857 -4.504459 1.369351
v -8.323620 -4.508822 2.704421
v -8.631209 -3.796722 2.804458
v -7.799439 -4.504457 3.974046
v -8.088642 -3.789243 4.121141
v -8.322685 -3.065924 4.240499
v -7.556672 -3.069040 5.490180
v -7.725892 -2.316116 5.613278
v -6.752949 -2.311129 6.752949
v -5.891573 -2.314557 7.584407
v -0.764767 9.908626 0.235287
v -0.821797 9.906756 -0.000002
v -1.427627 9.831651 0.487093
v -1.561945 9.812328 0.247130
v -2.216702 9.657443 0.720201
v -2.341047 9.648094 0.370539
v -3.030709 9.444281 0.479925
v -2.330763 9.657443 -0.000002
v -3.051277 9.449579 -0.000002
v -3.030709 9.444281 -0.479929
v -3.786750 9.172530 -0.000002
v -3.769298 9.160377 -0.596794
v -4.353002 8.891742 -0.696208
v -3.601324 9.172530 -1.170214
v -4.213387 8.877406 -1.352212
v -3.979344 8.853098 -2.023175
v -4.746293 8.566076 -1.475310
v -4.548400 8.481934 -2.300536
v -4.981894 8.193043 -2.403689
v -4.220866 8.489413 -2.907301
v -4.662773 8.077735 -3.403122
v -3.989316 8.396855 -3.447686
v -3.946933 8.291521 -3.730033
v -3.340168 8.644921 -3.531829
v -3.268491 8.523693 -3.879621
v -3.246988 8.761787 -3.604130
v -3.187776 8.668295 -3.886477
v -3.079325 8.708185 -3.592288
v -3.034760 8.638377 -3.803269
v -2.657051 8.805729 -3.657421
v -2.889224 8.613445 -3.975295
v -2.681359 8.639935 -4.062242
v -2.714705 8.670165 -4.233020
v -2.427995 8.765215 -4.204039
v -2.326400 8.642118 -4.272912
v -2.077087 8.826920 -4.065981
v -1.773861 8.783291 -4.293168
v -1.647646 8.980558 -3.920446
v -1.370909 8.868680 -4.266990
v -1.100716 9.171284 -3.640592
v -0.701192 8.845306 -4.428109
v -0.596793 9.160377 -3.769300
v 0.000000 9.172530 -3.786752
v -0.479927 9.444281 -3.030711
v 0.000000 9.449579 -3.051279
v 0.000000 9.657443 -2.330765
v 0.479927 9.444281 -3.030711
v 0.370541 9.648094 -2.341049
v 0.720202 9.657443 -2.216704
v 0.247131 9.812328 -1.561946
v 0.481485 9.815758 -1.482166
v 0.253676 9.906756 -0.781286
v 1.482165 9.815758 -0.481487
v 2.216702 9.657443 -0.720204
v 2.341047 9.648094 -0.370543
v 3.030709 9.444281 -0.479929
v 3.051277 9.449579 -0.000002
v 3.786750 9.172530 -0.000002
v 3.769298 9.160377 0.596791
v 4.428107 8.845306 0.701191
v 4.162277 8.899844 1.412355
v 4.010820 8.830036 2.083942
v 3.620957 8.847800 2.639909
v 4.168199 8.463236 3.028214
v 3.658354 8.449834 3.658352
v 4.089354 8.031301 4.096209
v 3.396887 8.036599 4.677420
v 3.752781 7.547946 5.173552
v 2.908857 7.533299 5.709262
v 3.157858 7.017221 6.197604
v 2.147518 7.023455 6.609904
v 2.310507 6.444426 7.111336
v 1.171147 6.432582 7.394618
v 1.243759 5.832363 7.854288
v 0.000000 5.837973 7.948402
v 0.000000 5.184149 8.378780
v -1.311385 5.174177 8.281237
v -1.369351 4.504459 8.645857
v -2.848087 4.571151 8.297131
v -3.341727 5.009007 7.819384
v -3.714138 4.762187 7.797568
v -4.489812 4.975661 7.257184
v -4.589849 5.320649 7.197659
v -8.709120 4.391957 -1.456922
v -8.586333 4.650307 -1.412981
v -8.390935 4.496980 -2.656428
v -8.049999 4.988126 -2.800096
v -7.488733 5.095017 -3.854065
v -7.265910 5.575881 -3.614101
v -6.505818 5.856980 -4.578630
v -6.747963 6.191995 -3.668328
v -5.980702 6.476522 -4.469556
v -6.397055 6.560666 -3.697622
v -6.061106 7.025322 -3.427428
v -6.487119 7.051501 -2.609060
v -6.005011 7.491539 -2.434228
v -6.422298 7.520209 -1.921268
v -5.858228 8.093941 -1.116923
v -6.293279 7.058669 -1.436355
v -5.872875 7.486241 -0.836758
v -6.867945 6.474654 -0.017764
v -5.718924 7.642684 -0.017765
v -5.872875 7.486241 0.800916
v -5.858228 8.093941 1.080769
v -6.422298 7.520209 1.885427
v -6.012490 7.499952 2.398077
v -6.503948 7.051501 2.576335
v -5.663141 7.438249 3.241378
v -6.045836 7.103547 3.311809
v -5.160152 7.522704 3.840662
v -5.664075 6.997900 4.175676
v -4.830436 7.150292 4.847887
v -5.177292 6.882593 4.873442
v -4.762187 6.750769 5.446238
v -5.529135 6.655095 4.788363
v -5.294158 6.359660 5.380794
v -5.860410 6.184516 4.999032
v -5.646312 5.858852 5.624807
v -5.930529 5.828000 5.349006
v -5.960446 5.461822 5.650986
v -6.269594 5.801198 5.051076
v 0.482732 -9.925767 0.664732
v 0.664730 -9.925767 0.482734
v 0.858883 -9.844740 1.182056
v 1.288636 -9.818874 0.960168
v 1.325721 -9.750625 1.428876
v 1.536702 -9.722576 1.381818
v 1.737087 -9.627838 1.731168
v 1.822165 -9.661807 1.449756
v 2.125392 -9.551173 1.789756
v 2.192706 -9.548368 1.730544
v 2.556391 -9.403144 2.005723
v 2.571662 -9.446151 1.757034
v 3.150067 -9.165051 2.177437
v 3.397822 -9.179386 1.636117
v 3.465136 -9.098983 1.927190
v 4.010820 -8.830036 2.083945
v 3.550215 -8.898598 2.644899
v 3.056575 -9.116123 2.489390
v 3.020113 -9.044134 2.767997
v 2.567610 -9.294694 2.376265
v 2.497803 -9.199954 2.765504
v 2.344164 -9.356709 2.732470
v 2.152193 -9.329909 2.962773
v 2.053714 -9.283786 2.825339
v 1.844915 -9.299368 2.907924
v 1.810011 -9.416233 2.490948
v 1.627078 -9.345802 2.878630
v 1.457857 -9.411247 2.745559
v 1.581267 -9.413116 3.034139
v 1.355015 -9.500688 2.855880
v 1.467829 -9.299368 3.162223
v 1.192338 -9.440229 2.926622
v 1.096353 -9.424959 2.999547
v 1.056463 -9.549928 2.574780
v 0.961724 -9.548058 2.625266
v 0.784400 -9.689854 2.067740
v 0.643850 -9.660872 2.239142
v 0.529478 -9.815445 1.556025
v 0.247131 -9.816692 1.561946
v 0.253676 -9.925767 0.781286
v 0.000000 -9.925767 0.821487
v 4.899931 8.463236 -1.591864
v 4.609794 8.449834 -2.348528
v 5.037989 8.138193 -2.588804
v 4.168199 8.463236 -3.028217
v 4.579565 8.141622 -3.327704
v 4.018922 8.138193 -3.991812
v 4.782131 7.967412 -3.475734
v 4.230215 7.966791 -4.122077
v 4.628804 7.740850 -4.093093
v 4.111168 7.889814 -4.367339
v 4.609170 7.430456 -4.620390
v 4.086860 7.683821 -4.727595
v 4.153552 7.453828 -5.036431
v 3.663029 7.526442 -5.298210
v 4.432470 7.122242 -5.287614
v 3.918886 7.150914 -5.641638
v 4.201232 6.938998 -5.782500
v 3.114852 7.153096 -6.091024
v 3.630618 6.787229 -6.216928
v 3.002661 6.895679 -6.434142
v 3.360113 6.356229 -6.762610
v 2.823156 6.624553 -6.781310
v 2.778903 6.322260 -7.087029
v 2.155309 6.416998 -7.215114
v 2.957785 5.806807 -7.441365
v 2.269682 5.782810 -7.708441
v 2.559819 5.158905 -8.049376
v 1.601523 5.318152 -8.145049
v 1.922513 4.985943 -8.291833
v 1.090120 4.583927 -8.656452
v 2.078957 4.421249 -8.575114
v 1.385868 4.311241 -8.755554
v 1.498058 3.934778 -8.893612
v 0.981046 4.173808 -9.066260
v 1.133127 3.646198 -9.276930
v 0.881944 3.563302 -9.068754
v 0.766637 3.163155 -9.228002
v 0.020568 3.563302 -9.068754
v 0.451256 2.870212 -9.344868
v 0.020568 2.763007 -9.387562
v 0.565317 2.732155 -9.641238
v 8.860888 3.182478 -2.878940
v 8.992713 2.770489 -2.921946
v 9.188736 3.195255 -1.498370
v 9.390678 2.605319 -1.312009
v 9.379148 3.027593 -0.150834
v 9.571742 2.301469 0.116865
v 9.225197 3.062496 1.456298
v 9.432438 2.311130 1.493695
v 9.082466 2.316116 2.950928
v 9.579533 1.551972 1.517068
v 9.224574 1.553531 2.997052
v 9.310587 0.778168 3.025099
v 8.641806 1.551973 4.403176
v 8.722209 0.776610 4.444001
v 8.028808 0.727059 5.651298
v 8.750879 0.159561 4.481709
v 8.041585 0.141485 5.695240
v 8.041585 -0.160183 5.707705
v 7.310475 0.105647 6.598999
v 7.094819 -0.269569 6.804681
v 6.492105 0.000002 7.437313
v 6.827743 -0.685609 7.026258
v 6.392692 -0.445957 7.487487
v 6.137770 -0.755416 7.708440
v 6.305744 -0.346232 7.713427
v 6.110657 -0.586195 7.854289
v 6.126551 -0.262400 7.711245
v 5.981014 -0.441594 7.816580
v 5.784369 -0.016515 7.962116
v 5.782499 -0.507038 7.960870
v 5.584607 -0.440970 8.105783
v 5.580555 -0.584949 8.241346
v 5.387338 -0.344362 8.383454
v 5.142077 -0.444710 8.395609
v 5.064167 0.000002 8.474142
v 3.995549 0.000002 8.993649
v 4.089665 0.907500 8.891430
v 2.893587 0.727060 9.382264
v 3.208968 1.477492 9.216160
v 1.517069 1.551974 9.579533
v 2.950929 2.316118 9.082466
v 1.493695 2.311132 9.432438
v -5.701784 -0.065443 8.068386
v -5.242737 -0.643225 8.327047
v -4.815165 -0.262088 8.577919
v -4.030141 -0.436607 8.962796
v -4.454908 0.162990 8.764904
v -3.080260 -0.161740 9.470771
v -3.039123 0.168911 9.352658
v -1.547921 0.162990 9.709488
v -3.025099 0.778169 9.310587
v -1.531092 0.776611 9.668663
v -1.517069 1.551974 9.579533
v 0.000000 0.778169 9.789890
v 0.000000 1.553532 9.699515
v 0.000000 2.316118 9.549616
v 1.460973 3.065926 9.225821
v 2.886107 3.069042 8.883327
v 4.240499 3.065926 8.322685
v 2.804457 3.796724 8.631209
v 4.121140 3.789245 8.088642
v 3.974046 4.504459 7.799438
v 5.341216 3.787062 7.335405
v 5.202535 4.557127 7.051813
v 6.127797 4.377310 6.347816
v 5.663764 4.970675 6.366826
v 6.462811 4.921124 5.603928
v 6.072637 5.365212 5.621068
v 6.567834 5.599256 5.304752
v 5.847944 5.845140 5.357109
v 6.185451 6.347506 4.896814
v 5.622939 6.325068 5.092836
v 5.638209 6.693114 4.636282
v 4.982828 6.599310 5.395751
v 4.843836 7.124426 4.863158
v 4.191883 6.986681 5.621068
v -3.806383 -5.174177 -7.470657
v -2.589114 -5.184149 -7.968972
v -3.909537 -4.560245 -7.807541
v -2.699746 -4.552454 -8.313959
v -2.785447 -3.970620 -8.592566
v -1.423888 -4.560866 -8.615005
v -1.638297 -4.014248 -8.842502
v -0.119982 -4.427174 -8.817572
v -0.754483 -3.555826 -9.167233
v 0.166105 -3.738447 -9.125784
v -0.957361 -3.149757 -9.295317
v 0.001870 -3.026036 -9.405638
v -0.576224 -2.210783 -9.601971
v 0.229368 -2.290875 -9.591998
v -0.602402 -1.551974 -9.728498
v 0.228433 -1.553532 -9.736600
v 0.232484 -0.803412 -9.824794
v 1.517069 -1.551974 -9.579533
v 1.531092 -0.776611 -9.668663
v 3.025099 -0.778169 -9.310587
v 1.536078 -0.000002 -9.698580
v 3.034448 -0.000002 -9.339570
v 3.025099 0.778166 -9.310587
v 4.457713 -0.000002 -8.749010
v 4.444001 0.776608 -8.722209
v 5.754140 0.778166 -7.920045
v 4.403176 1.551971 -8.641806
v 5.701161 1.553529 -7.847121
v 5.613278 2.316116 -7.725892
v 6.858284 1.551972 -6.858284
v 6.752949 2.311129 -6.752949
v 7.674160 2.302092 -5.722041
v 6.604920 3.065923 -6.604920
v 7.675718 3.028527 -5.392013
v 7.342262 3.796721 -5.334361
v 8.314582 3.195567 -4.188767
v 8.088642 3.789243 -4.121141
v 8.631209 3.796722 -2.804458
v 7.799439 4.504457 -3.974046
v 8.323620 4.508822 -2.704421
v 7.968972 5.184148 -2.589114
v -0.482732 -9.925767 -0.664729
v -0.664730 -9.925767 -0.482730
v -1.118168 -9.816692 -1.118166
v -1.260900 -9.820432 -0.915911
v -1.885740 -9.657443 -1.369972
v -1.408929 -9.816692 -0.717708
v -2.111991 -9.648094 -1.076095
v -2.216702 -9.657443 -0.720201
v -2.734027 -9.444281 -1.393034
v -2.902001 -9.449579 -0.942712
v -3.601324 -9.172530 -1.170210
v -3.030709 -9.444281 -0.479925
v -3.769298 -9.160377 -0.596791
v -3.786750 -9.172530 0.000002
v -4.428107 -8.845306 -0.701191
v -4.470802 -8.851540 0.000002
v -5.152049 -8.463236 0.000002
v -4.428107 -8.845306 0.701194
v -5.109978 -8.449834 0.809333
v -4.899931 -8.463236 1.591864
v -5.718613 -8.029742 0.905630
v -5.498282 -8.036287 1.786328
v -6.079804 -7.546387 1.975182
v -5.158906 -8.029742 2.628382
v -5.709263 -7.533298 2.908859
v -5.171683 -7.546387 3.757457
v -6.197605 -7.017221 3.157860
v -5.603929 -7.009118 4.184093
v -6.146807 -6.447852 4.292857
v -5.299456 -6.743910 4.916760
v -5.685267 -6.446293 4.886220
v -5.405414 -6.173295 5.491739
v -5.893444 -6.093515 5.093151
v -5.767540 -5.636339 5.693995
v -6.171739 -5.653479 5.267045
v -6.436634 -5.222479 5.379237
v -6.905653 -5.196301 4.787430
v -9.340505 -3.069041 0.000000
v -9.225821 -3.065924 -1.460973
v -9.549616 -2.316116 0.000000
v -9.432438 -2.311130 -1.493695
v -9.563328 -1.703118 -1.543869
v -9.189671 -2.328270 -2.734026
v -9.264153 -1.664163 -3.012322
v -8.634326 -2.060882 -4.220866
v -8.411814 -1.430744 -4.941380
v -8.528992 -1.818114 -5.249593
v -8.119806 -1.623963 -5.910272
v -7.836525 -1.971442 -5.709575
v -7.449778 -2.119159 -6.141821
v -7.535168 -3.064368 -5.481142
v -7.086093 -2.519930 -6.397367
v -6.842702 -3.066860 -6.407339
v -7.115387 -2.357877 -6.830860
v -6.789412 -3.089921 -6.844260
v -6.707449 -2.100149 -6.869191
v -6.384278 -3.006713 -6.888513
v -5.650052 -2.306144 -7.791960
v -5.422554 -3.019803 -7.716543
v -5.161710 -2.206732 -8.116067
v -4.674927 -3.145395 -8.091136
v -3.720059 -3.055642 -8.624665
v -4.764679 -3.551461 -7.868001
v -3.863414 -4.011755 -8.121054
v -5.131481 -4.424057 -7.215424
v -4.831059 -5.132418 -6.916247
v -3.610049 -5.832363 -7.085470
v -2.456043 -5.837973 -7.559474
v -1.243759 -5.832363 -7.854288
v -2.310507 -6.444426 -7.111336
v -1.171147 -6.432582 -7.394618
v -0.915913 -9.820432 -1.260898
v -1.676005 -9.648094 -1.676004
v -2.169645 -9.444281 -2.169643
v -2.468508 -9.449579 -1.793492
v -3.063431 -9.172530 -2.225738
v -3.400315 -9.160377 -1.732411
v -3.994614 -8.845306 -2.035326
v -4.251718 -8.851540 -1.381503
v -4.899931 -8.463236 -1.591861
v -5.109978 -8.449834 -0.809330
v -5.718613 -8.029742 -0.905627
v -5.780941 -8.036287 0.000002
v -6.392692 -7.546387 0.000002
v -6.328494 -7.533298 1.002239
v -6.870438 -7.017221 1.087940
v -6.609906 -7.023454 2.147520
v -7.111337 -6.444425 2.310508
v -6.670676 -6.432580 3.398757
v -7.085470 -5.832361 3.610050
v -6.474654 -5.853552 4.675862
v -8.722209 -0.776609 4.444001
v -9.310587 -0.778167 3.025099
v -8.641806 -1.551972 4.403176
v -9.224574 -1.553530 2.997052
v -9.082466 -2.316116 2.950929
v -9.579533 -1.551972 1.517069
v -9.432438 -2.311130 1.493695
v -9.225821 -3.065924 1.460973
v -9.075610 -3.796722 0.000000
v -8.966224 -3.789243 -1.419836
v -8.748386 -3.767117 -2.599397
v -8.645857 -4.504459 -1.369350
v -8.396544 -4.467062 -2.712212
v -8.073060 -5.133351 -2.451368
v -7.628037 -4.498850 -4.385724
v -7.250639 -5.363031 -3.948491
v -7.022207 -4.702663 -5.093461
v -6.699970 -5.323142 -4.863158
v -6.000025 -5.365524 -5.669061
v -5.640703 -5.880355 -5.558116
v -4.805504 -5.763802 -6.426349
v -4.394762 -6.444426 -6.049263
v -3.398757 -6.432582 -6.670674
v -3.227666 -6.933702 -6.270527
v -2.250360 -7.084537 -6.560977
v -2.888289 -7.278066 -6.050509
v -2.566675 -7.430458 -6.016851
v -3.425246 -7.504941 -5.482699
v -1.616170 3.558004 -9.031046
v -1.138736 3.646198 -9.276930
v -1.503668 3.934466 -8.892676
v -0.986344 4.173808 -9.066260
v -1.391477 4.310929 -8.754619
v -1.095730 4.583615 -8.655829
v -2.081762 4.421249 -8.574802
v -1.925007 4.986256 -8.291209
v -2.742441 5.137402 -7.971156
v -1.603705 5.318152 -8.144738
v -2.374393 5.786861 -7.651412
v -1.215088 5.930840 -7.798193
v -1.171147 6.432580 -7.394619
v 0.000000 6.444424 -7.477203
v 0.000000 7.023453 -6.949907
v 1.087939 7.017220 -6.870439
v 1.002238 7.533298 -6.328496
v 1.975181 7.546387 -6.079805
v 1.786326 8.036287 -5.498283
v 2.628380 8.029742 -5.158906
v 2.348527 8.449834 -4.609796
v 3.028216 8.463236 -4.168200
v 2.627757 8.851540 -3.616907
v 3.170012 8.845306 -3.170014
v 2.698499 9.160377 -2.698501
v 4.880610 7.029685 -4.994671
v 4.951041 7.449778 -4.596705
v 5.150491 7.122242 -4.894011
v 5.052948 7.257806 -4.416577
v 5.202223 7.012856 -4.638777
v 5.611720 7.015350 -4.070344
v 5.460886 6.768842 -4.708585
v 5.760061 6.590583 -4.607302
v 5.897183 6.556925 -4.851941
v 6.244351 6.470913 -4.524094
v 6.258063 6.256193 -4.536247
v 6.502078 6.298888 -3.978721
v 6.422298 6.046146 -4.498228
v 6.951465 6.000958 -3.649628
v 7.155590 5.724534 -3.672690
v 7.032179 6.088219 -3.329573
v 7.525196 5.899676 -2.577272
v 7.020337 6.297642 -2.963706
v 7.169302 6.472784 -2.143467
v 6.903783 6.546019 -2.730599
v 6.484003 7.023142 -2.597841
v 6.254635 7.038412 -3.089921
v 6.071390 7.456635 -2.391222
v 5.811793 7.437313 -2.951864
v 5.756010 7.687249 -2.424257
v 5.316907 7.744902 -3.139160
v 5.420996 7.891997 -2.560755
v 5.225908 7.967726 -2.750234
v 4.335550 -2.311128 8.509357
v 5.492361 -2.274044 7.860210
v 4.240499 -3.065923 8.322685
v 5.669685 -3.018553 7.507743
v 5.334359 -3.796721 7.342264
v 6.592765 -3.224549 6.563785
v 6.419182 -3.789243 6.419182
v 7.342262 -3.796721 5.334361
v 6.189814 -4.504457 6.189815
v 7.080484 -4.508821 5.144258
v 6.778815 -5.184147 4.924863
v 7.799439 -4.504457 3.974046
v 7.470659 -5.174174 3.806385
v 7.968972 -5.184148 2.589114
v 7.085470 -5.832361 3.610050
v 7.559165 -5.837348 2.459161
v 7.110401 -6.441931 2.322661
v 7.853354 -5.829868 1.255914
v 7.390878 -6.422610 1.219453
v 7.473775 -6.469356 0.387059
v 6.838027 -7.025635 1.216648
v 6.937441 -7.110090 0.286088
v 6.317587 -7.518340 1.182368
v 5.981949 -7.928771 0.267390
v 5.749154 -7.985801 1.028105
v 5.221233 -8.411814 0.282972
v 5.122132 -8.427708 0.851405
v 4.431224 -8.839698 0.711790
v 4.903048 -8.457625 1.602460
v 4.162589 -8.898909 1.413917
v -0.781284 -9.925767 -0.253674
v -1.482165 -9.820432 -0.481484
v -1.561945 -9.816692 -0.247130
v -2.341047 -9.648094 -0.370539
v -2.330763 -9.657443 0.000002
v -3.051277 -9.449579 0.000002
v -3.030709 -9.444281 0.479929
v -3.769298 -9.160377 0.596794
v -3.601324 -9.172530 1.170214
v -4.251718 -8.851540 1.381506
v -3.994614 -8.845306 2.035329
v -4.609794 -8.449834 2.348528
v -4.168199 -8.463236 3.028217
v -4.677108 -8.036287 3.397824
v -4.094028 -8.029742 4.094028
v -4.530637 -7.533298 4.530637
v -3.757456 -7.546387 5.171683
v -4.831682 -7.135332 4.864717
v -4.030141 -7.138136 5.545030
v -5.754140 0.778169 7.920045
v -4.444001 0.776611 8.722209
v -4.403176 1.551974 8.641806
v -2.997052 1.553532 9.224574
v -2.950929 2.316118 9.082466
v -1.493695 2.311132 9.432438
v -1.460973 3.065926 9.225821
v 0.000000 3.069042 9.340505
v 0.000000 3.796724 9.075610
v 1.419836 3.789245 8.966224
v 1.369351 4.504459 8.645857
v 2.704421 4.508822 8.323620
v 2.589114 5.184149 7.968972
v 3.806383 5.174177 7.470657
v 3.610049 5.832363 7.085470
v 4.785560 5.199731 6.905028
v 4.596393 5.794654 6.546019
v 5.321270 5.659713 6.084477
v 4.346146 6.380228 6.164569
v 5.099382 6.175791 5.755698
v 2.865851 1.636114 -9.309963
v 1.512705 1.410797 -9.614125
v 1.807829 1.922200 -9.476379
v 0.646343 1.890724 -9.667727
v 0.802787 2.264382 -9.553355
v 0.401394 2.203612 -9.631577
v -0.002493 2.590982 -9.697645
v -0.409808 2.870212 -9.344868
v -0.724877 3.163155 -9.228002
v -0.840496 3.563302 -9.068754
v -0.986344 3.118590 -9.487288
v -1.508343 3.182788 -9.179698
v -2.218261 3.408728 -8.993649
v -2.264695 3.860919 -8.802612
v -3.015438 3.814796 -8.590384
v -2.882368 4.488254 -8.305856
v -3.974046 4.504457 -7.799440
v -3.806383 5.174174 -7.470659
v 0.000000 9.947893 0.258660
v -0.381449 9.932311 0.296057
v 0.000000 9.941349 0.394224
v -0.585262 9.908937 0.541007
v -0.477122 10.041385 0.761337
v -0.826160 9.990587 1.106947
v -0.617361 9.818250 1.203556
v -0.713035 9.766207 1.556333
v 0.000000 9.766207 1.556333
v -0.617361 9.714474 1.909111
v -0.356517 9.676454 2.167150
v -0.826160 9.851596 2.051219
v -0.477122 9.800798 2.396829
v -1.028104 9.649652 2.127572
v -0.593053 9.587636 2.557324
v -1.167719 9.545564 2.523356
v -0.783777 9.535903 2.713145
v -1.415785 9.418415 2.836867
v -0.958608 9.419350 3.026033
v -1.170212 9.172530 3.601322
v -0.492704 9.413740 3.155675
v -0.596793 9.160377 3.769296
v 0.000000 9.172530 3.786748
v -0.701192 8.845306 4.428106
v 0.000000 8.851540 4.470800
v 0.000000 8.463236 5.152049
v 0.701192 8.845306 4.428106
v 0.809332 8.449834 5.109976
v 4.511939 7.539844 4.538739
v 5.077567 7.543272 3.933844
v 5.653791 7.061163 4.179729
v 5.776578 7.190495 3.629370
v 6.112527 6.918744 4.161964
v 6.368073 7.160576 3.297161
v 6.176102 6.391136 3.901122
v 6.369631 6.574379 3.245116
v 7.106038 5.458081 3.532762
v 6.760740 6.458448 2.666399
v 7.244095 6.074818 2.319854
v 7.521456 6.501766 2.076463
v 8.110146 5.777513 2.048104
v 7.664811 6.001271 1.550413
v 8.019458 5.544717 1.531092
v 8.021952 5.689942 0.775674
v 8.258175 5.087540 1.792870
v 8.401218 5.097824 0.849845
v 8.686994 4.507887 1.076408
v 8.409009 5.165138 -0.115308
v 8.762099 4.509757 -0.073236
v 8.645857 4.504459 -1.369351
v 9.074986 3.793606 -0.004675
v 8.966224 3.789243 -1.419837
v 6.231574 5.957643 4.458025
v 6.521089 5.390455 4.767484
v 6.967670 4.841655 4.745668
v 7.451025 4.457715 4.399124
v 7.156525 4.875313 5.276392
v 7.794454 4.368896 4.819215
v 7.240356 4.142644 5.297896
v 7.627726 3.807631 5.008694
v 7.495590 3.483525 5.313478
v 7.934069 3.683285 4.519729
v 8.235425 3.294981 4.278519
v 8.240101 3.558941 4.030765
v 8.526187 3.362607 3.646823
v 8.419605 3.752158 3.505026
v 8.797937 3.579509 2.664219
v 8.599111 3.945064 2.978976
v 8.548002 4.287557 2.516813
v 8.565764 4.458025 3.190892
v 8.492529 5.029574 2.456042
v 7.980503 4.958520 2.607500
v 7.690677 5.525707 2.298352
v -7.470659 -5.174174 3.806385
v -7.559476 -5.837971 2.456043
v -7.394618 -6.432582 1.171147
v -6.949906 -7.023454 0.000002
v -6.328494 -7.533298 -1.002236
v -5.498282 -8.036287 -1.786325
v -4.609794 -8.449834 -2.348525
v -3.637785 -8.825673 -2.752412
v -0.821486 -9.925767 0.000002
v -1.558517 -9.820432 0.000002
v -1.561945 -9.816692 0.247133
v -2.341047 -9.648094 0.370543
v -2.216702 -9.657443 0.720204
v -2.902001 -9.449579 0.942716
v -2.734027 -9.444281 1.393037
v -3.400315 -9.160377 1.732414
v -3.063431 -9.172530 2.225742
v -3.616906 -8.851540 2.627759
v -3.170012 -8.845306 3.170014
v -3.658354 -8.449834 3.658356
v -3.025099 -8.460119 4.171939
v -3.397199 -8.035664 4.678044
v -2.625576 -8.026626 5.162958
v -2.908857 -7.533298 5.709264
v 0.482732 -9.925767 -0.664729
v 0.717709 -9.816692 -1.408927
v 0.481485 -9.820432 -1.482163
v 0.720202 -9.657443 -2.216701
v 0.370541 -9.648094 -2.341046
v 0.479927 -9.444281 -3.030707
v -0.048616 -9.440853 -3.105501
v 0.079780 -9.171595 -3.801707
v -0.454373 -9.271320 -3.524035
v -0.277672 -9.156637 -3.828196
v -0.868855 -9.106462 -3.856244
v -0.693090 -8.989596 -4.166017
v -1.000056 -9.141055 -4.010196
v -0.859194 -9.046627 -4.254210
v -1.114117 -9.008918 -4.072524
v -1.017196 -8.944098 -4.240809
v -1.021871 -8.854656 -4.424678
v -1.126894 -8.764592 -4.575202
v -1.018754 -8.786095 -4.740058
v -1.276793 -8.689176 -4.851939
v -1.215712 -8.526187 -4.920811
v 0.664730 -9.925767 -0.482730
v 1.118168 -9.816692 -1.118166
v 0.915913 -9.820432 -1.260898
v 1.369974 -9.657443 -1.885738
v 1.076096 -9.648094 -2.111989
v 1.393035 -9.444281 -2.734025
v 0.942714 -9.449579 -2.901999
v 1.170212 -9.172530 -3.601322
v 0.596793 -9.160377 -3.769296
v 0.701192 -8.845306 -4.428106
v 0.016517 -8.869304 -4.480773
v 0.129019 -8.481310 -5.143322
v -0.354647 -8.785160 -4.628491
v -0.292943 -8.521512 -5.074450
v -0.885372 -8.645234 -4.778703
v -0.440660 -8.397167 -5.254267
v -0.696829 -8.292768 -5.383910
v -0.987590 -8.223271 -5.451223
v -2.893898 -3.328951 -8.955940
v -3.727226 -2.924441 -9.000193
v -4.296906 -2.357878 -8.911686
v -3.476979 -2.546732 -8.872108
v -3.902680 -2.123524 -8.806352
v -2.967446 -1.551351 -9.204941
v -4.077823 -1.546988 -8.847177
v -3.955348 -0.971698 -8.983988
v -4.531260 -1.586254 -8.966536
v -4.367649 -0.816190 -9.149468
v -4.633479 -1.559765 -8.557351
v -4.465504 -0.623907 -8.724702
v -5.255514 -0.877271 -8.299935
v -4.906788 0.081337 -8.538964
v -5.875679 -0.093806 -7.948092
v -5.912454 0.711163 -7.845251
v -6.986991 0.066066 -6.906899
v -6.921859 0.776608 -6.921859
v -7.847744 0.731733 -5.904039
v -6.858284 1.551972 -6.858284
v -8.007615 1.486839 -5.579621
v -7.725892 2.316116 -5.613278
v -8.645234 1.699067 -4.371389
v -8.509357 2.311130 -4.335550
v -9.082466 2.316116 -2.950929
v 0.000000 -0.047371 -9.872787
v -0.601156 -0.877895 -9.807966
v -1.020624 0.080090 -9.796746
v -1.462843 -0.634814 -9.690789
v -2.159672 -0.013091 -9.629084
v -1.793494 -0.826474 -9.979369
v -2.363174 -0.259910 -9.891174
v -2.032211 -0.979178 -9.603841
v -2.440149 -0.573733 -9.540578
v -2.457913 -0.555969 -9.538085
v -3.020113 -0.399526 -9.382577
v -2.457601 -0.554723 -9.539331
v -3.115787 -0.050488 -9.683310
v -3.048784 0.201942 -9.478250
v -1.757032 1.014390 -9.614436
v -0.817123 0.509531 -9.802045
v -0.065445 1.513327 -9.785839
v 0.178259 0.711475 -9.823236
v 1.531092 0.776608 -9.668663
v -2.898885 -6.447541 6.911263
v -3.031332 -6.096010 7.172420
v -2.185538 -6.448164 7.171173
v -2.448564 -5.854487 7.600925
v -1.243759 -5.832361 7.854290
v -2.420827 -5.196925 8.045948
v -1.311385 -5.174174 8.281237
v -1.371532 -4.655916 8.582594
v 0.000000 -5.184147 8.378780
v -0.096920 -4.493238 8.793886
v 1.369351 -4.504457 8.645857
v 0.187608 -3.803889 9.102410
v 1.419836 -3.789241 8.966224
v 1.460973 -3.065923 9.225821
v 2.804457 -3.796721 8.631209
v 2.886107 -3.069039 8.883327
v 2.950929 -2.316114 9.082466
v 4.434029 -1.686288 8.614381
v 5.584607 -1.657929 7.958688
v 6.371189 -1.628011 7.346002
v 5.632288 -1.245627 8.008862
v 6.571574 -1.125957 7.233811
v 1.493695 -2.311128 9.432438
v 1.517069 -1.551971 9.579533
v 0.307278 -2.314556 9.598854
v 0.104400 -1.577525 9.762466
v -0.458112 -1.945261 9.679570
v -0.578406 -1.326966 9.767452
v -0.876958 -2.254098 9.544006
v -1.220386 -1.204802 9.684245
v -1.763888 -1.578148 9.935428
v -2.335749 -0.999119 9.848791
v -2.455420 -1.258405 9.448020
v -3.005154 -1.090119 9.239222
v -2.928491 -2.245372 9.002686
v -3.534321 -1.231292 8.967158
v -3.901122 -1.644216 8.704445
v -3.814486 -0.962969 9.290019
v -4.324954 -1.515820 8.967470
v -4.712012 -1.204179 8.548625
v -5.461197 -0.880384 8.194912
v -0.664730 -9.925767 0.482734
v -1.118168 -9.816692 1.118170
v -0.915913 -9.820432 1.260901
v -1.369974 -9.657443 1.885742
v -1.076096 -9.648094 2.111993
v -1.426069 -9.466407 2.657365
v -0.998809 -9.446151 2.945944
v -1.784456 -9.189047 3.293736
v -1.168654 -9.243584 3.435221
v -1.815309 -9.002062 3.753718
v -1.129699 -9.074051 3.893333
v -1.303594 -8.787965 4.479528
v -0.903447 -9.127342 4.097146
v -1.043062 -8.897974 4.565541
v -0.675014 -8.915738 4.140152
v -0.779414 -8.744335 4.490125
v -0.675014 -8.572620 4.840097
v -0.389551 -8.447342 5.096266
v -0.521375 -8.500319 5.376743
v -0.781284 -9.925767 0.253678
v -1.482165 -9.820432 0.481487
v -1.408929 -9.816692 0.717711
v -2.111991 -9.648094 1.076098
v -1.885740 -9.657443 1.369976
v -2.468508 -9.449579 1.793496
v -2.169645 -9.444281 2.169646
v -2.698499 -9.160377 2.698501
v -2.259086 -9.194657 2.987081
v -2.505594 -8.899533 3.628750
v -2.028160 -8.755866 4.184717
v -2.336373 -8.437992 4.625378
v -1.728049 -8.428330 4.933901
v -1.722751 -8.070879 5.524774
v 0.781284 -9.925767 -0.253674
v 1.482165 -9.820432 -0.481484
v 1.408929 -9.816692 -0.717708
v 2.216702 -9.657443 -0.720201
v 2.111991 -9.648094 -1.076095
v 2.734027 -9.444281 -1.393034
v 1.885740 -9.657443 -1.369972
v 2.468508 -9.449579 -1.793492
v 2.169645 -9.444281 -2.169643
v 3.063431 -9.172530 -2.225738
v 2.698499 -9.160377 -2.698498
v 3.161598 -8.840944 -3.182165
v 2.225740 -9.172530 -3.063429
v 2.625576 -8.850605 -3.619708
v 2.035327 -8.845306 -3.994613
v 3.019802 -8.459184 -4.180352
v 2.348527 -8.449834 -4.609794
v 2.628380 -8.029742 -5.158905
v 1.591862 -8.463236 -4.899930
v 1.786326 -8.036287 -5.498281
v 0.905629 -8.029742 -5.718612
v 1.975181 -7.546389 -6.079803
v 1.002238 -7.533299 -6.328494
v 2.704421 -4.508821 8.323620
v 2.589114 -5.184147 7.968974
v 3.974046 -4.504457 7.799440
v 3.806383 -5.174174 7.470659
v 4.924863 -5.184147 6.778817
v 3.610049 -5.832361 7.085472
v 4.672122 -5.837971 6.430401
v 4.394762 -6.444424 6.049264
v 5.622939 -5.832361 5.622940
v 5.293846 -6.432580 5.293848
v 6.049264 -6.444424 4.394763
v 4.918630 -7.017220 4.918632
v 5.622627 -7.023453 4.084991
v 5.171683 -7.546387 3.757457
v 6.197605 -7.017221 3.157860
v 5.709263 -7.533298 2.908859
v 6.077000 -7.542648 2.020370
v 5.158906 -8.029742 2.628382
v 5.505762 -8.025379 1.816869
v 1.260900 -9.820432 -0.915911
v 1.676005 -9.648094 -1.676004
v 1.793494 -9.449579 -2.468507
v 1.732412 -9.160377 -3.400314
v 1.381505 -8.851540 -4.251718
v 0.809332 -8.449834 -5.109976
v -0.087571 -8.096745 -5.741673
v 2.924128 4.547777 -8.300559
v 3.320847 4.939820 -7.877350
v 3.710398 4.682094 -7.853666
v 3.863725 5.181653 -7.436378
v 4.494175 4.802387 -7.372805
v 4.094651 5.507630 -7.360961
v 4.580500 5.151425 -7.300191
v 4.152617 5.515421 -7.013170
v 4.515678 5.249280 -6.967982
v 4.607612 5.864149 -6.353116
v 4.903360 5.147686 -6.757936
v 5.211884 5.238061 -6.439439
v 5.512618 5.136467 -6.593079
v 5.708640 5.481764 -6.135900
v 5.845762 5.205963 -5.984444
v 5.758191 5.789353 -5.572765
v 6.437568 5.268914 -5.338724
v 6.168934 5.746347 -5.179787
v 6.905965 5.208144 -4.777458
v 6.618944 5.739803 -4.601380
v -9.432438 2.311130 -1.493695
v -9.563640 1.700002 -1.544805
v -9.216784 1.692522 -2.994559
v -9.409065 1.041504 -3.057198
v -9.172219 0.904382 -3.538684
v -9.344556 0.767883 -3.502222
v -9.246388 0.444711 -3.810435
v -9.178451 0.328469 -3.580755
v -9.159129 -0.001247 -3.667703
v -9.380395 -0.000624 -3.045979
v -9.199331 -0.330651 -3.587923
v -9.287837 -0.571862 -3.362918
v -9.274125 -0.437544 -3.819472
v -9.392860 -0.760404 -3.518427
v -9.003309 -0.554410 -3.930728
v -9.159441 -0.951129 -3.556447
v -8.452639 -0.505482 -5.019914
v -7.984866 -1.308893 -5.799951
v -7.602170 -1.821543 -6.488989
v 8.722209 -0.776610 -4.444001
v 7.920045 -0.778168 -5.754140
v 8.641806 -1.551973 -4.403176
v 7.847121 -1.553532 -5.701161
v 7.725892 -2.316118 -5.613278
v 6.858284 -1.551973 -6.858284
v 6.752949 -2.311131 -6.752949
v 5.613278 -2.316118 -7.725892
v 6.577496 -3.003285 -6.666936
v 5.492673 -3.027593 -7.579110
v 5.344955 -3.631243 -7.432014
v 4.292543 -3.009519 -8.322062
v 3.806072 -3.795789 -8.246021
v 2.994559 -3.159418 -8.845931
v 2.639599 -3.856871 -8.687616
v 1.460973 -3.065926 -9.225821
v 1.419836 -3.789245 -8.966224
v 1.369351 -4.504459 -8.645857
v 0.000000 -5.184149 -8.378780
v -1.311385 -5.174177 -8.281237
v -3.769298 9.160377 0.596791
v -4.353313 8.891742 0.691530
v -3.583248 9.194657 1.088872
v -4.137969 8.916361 1.391164
v -3.327703 9.249194 1.407057
v -3.996173 8.837516 2.069606
v -3.079948 9.157260 2.274354
v -3.617217 8.849670 2.636481
v -3.170012 8.845306 3.170011
v -4.153552 8.471026 3.014190
v -3.658354 8.449834 3.658352
v -4.094028 8.029742 4.094028
v -3.028216 8.463236 4.168198
v -3.397822 8.036287 4.677107
v -2.628380 8.029742 5.158905
v -3.757456 7.546389 5.171681
v -2.908857 7.533299 5.709262
v -3.118903 7.151227 6.090712
v -1.975181 7.546389 6.079803
v -2.241010 7.022209 6.613333
v 8.088642 -3.789243 4.121141
v 8.631209 -3.796722 2.804458
v 8.279678 -3.225484 4.241436
v 8.892988 -3.020113 3.070287
v 8.493153 -2.844347 4.088730
v 8.707250 -2.529902 3.832561
v 8.371924 -2.180552 4.673057
v 8.564207 -1.535767 4.624441
v 8.606901 -1.582824 4.991866
v 8.579477 -1.074538 5.140207
v 8.297753 -1.179873 5.208768
v 8.159386 -0.900954 5.453406
v 7.857093 -1.555712 5.708329
v 7.939990 -0.797489 5.766605
v 7.698468 -0.897526 6.063911
v 8.100485 -0.563135 5.886587
v 7.777313 -0.696829 6.284553
v 8.043455 -0.354024 5.843892
v 7.599678 -0.479927 6.277073
v -0.569368 5.392323 -8.265031
v -0.000312 5.799639 -8.037845
v 1.215088 5.930840 -7.798193
v 1.171147 6.432580 -7.394619
v 2.272175 6.999455 -6.646369
v 2.908857 7.533298 -5.709264
v 3.519985 8.014161 -4.682096
v 3.658354 8.449834 -3.658356
v 3.616906 8.851540 -2.627759
v 0.000000 -5.837971 7.948404
v 0.000000 -6.444424 7.477203
v 1.243759 -5.832361 7.854290
v 1.171147 -6.432580 7.394619
v 2.310507 -6.444424 7.111338
v 1.087939 -7.017220 6.870439
v 2.147518 -7.023453 6.609907
v 1.975181 -7.546387 6.079805
v 3.157858 -7.017220 6.197606
v 2.908857 -7.533298 5.709264
v 3.757456 -7.546387 5.171683
v 2.625576 -8.026626 5.162958
v 3.397199 -8.035664 4.678044
v 3.025099 -8.460119 4.171939
v 4.094028 -8.029742 4.094028
v 3.658354 -8.449834 3.658356
v 4.168199 -8.463236 3.028217
v 3.221433 -8.805106 3.254469
v 0.000000 -9.820432 1.558518
v 0.370541 -9.648094 2.341049
v 0.892852 -9.474510 2.918208
v 1.047426 -9.279423 3.400005
v 1.400515 -9.181255 3.493809
v 1.858627 -8.985545 3.775221
v 1.831514 -9.071558 3.572966
v 2.160919 -9.056911 3.454854
v 1.861432 -9.201824 3.223305
v 2.232596 -9.187489 3.072782
v 1.872962 -9.350477 3.073094
v 0.596793 9.160377 -3.769300
v 0.000000 8.851540 -4.470802
v -0.809332 8.449834 -5.109979
v -1.467206 8.480998 -4.931408
v -1.858004 8.096434 -5.433774
v -2.697565 7.972712 -5.227156
v -2.908857 7.533298 -5.709264
v -3.757456 7.546387 -5.171683
v -4.084991 7.023453 -5.622629
v -4.918630 7.017220 -4.918632
v -5.293846 6.432580 -5.293848
v -0.000312 1.922200 -9.738158
v -0.648525 1.890724 -9.667416
v -0.403887 2.203300 -9.630954
v -0.808085 2.263759 -9.552732
v -0.570615 2.732155 -9.641238
v -1.104456 2.535510 -9.440541
v -1.400826 2.807260 -9.328350
v -2.206730 2.869900 -9.179386
v -2.942203 3.092412 -8.916985
v -4.240499 3.065923 -8.322685
v -4.121140 3.789241 -8.088642
v -5.334359 3.796721 -7.342264
v -5.144258 4.508821 -7.080484
v -2.715951 9.466407 1.311695
v -2.500607 9.455189 1.776975
v -2.175878 9.429010 2.242567
v -2.698499 9.160377 2.698498
v -2.225740 9.172530 3.063429
v -2.627757 8.851540 3.616904
v -2.035327 8.845306 3.994613
v -2.348527 8.449834 4.609794
v -1.591862 8.463236 4.899930
v -1.786326 8.036287 5.498281
v -0.905629 8.029742 5.718612
v -1.002238 7.533299 6.328494
v -0.781284 9.906756 -0.253678
v -1.561945 9.812328 -0.247133
v -1.482165 9.815758 -0.481487
v -2.216702 9.657443 -0.720204
v -1.408929 9.812328 -0.718023
v -2.111991 9.648094 -1.076098
v -1.885740 9.657443 -1.369976
v -2.734027 9.444281 -1.393037
v -2.483779 9.440229 -1.866731
v -3.122020 9.170972 -2.172139
v -2.585062 9.267269 -2.450435
v -2.932542 9.154455 -2.483781
v -2.611863 9.097114 -2.997677
v -2.956850 8.983988 -3.033827
v -2.649884 9.113941 -3.149757
v -2.936593 9.018891 -3.178740
v -2.847152 8.900468 -3.274414
v -3.010452 8.804170 -3.398759
v -5.080684 4.927045 6.988236
v -5.062920 4.708585 7.052746
v -6.093828 4.391646 6.379601
v -6.514855 4.800830 5.662205
v -6.865140 4.566165 5.512618
v -6.662885 4.979089 5.623250
v -6.941492 4.756267 5.496411
v -6.637331 4.990308 5.404478
v -6.845506 4.823893 5.309739
v -7.041217 4.763433 5.114652
v -7.172106 4.825140 4.871572
v -7.378413 4.758135 4.909904
v -7.419549 4.981894 4.607612
v -7.412382 4.788054 4.435274
v -0.664730 9.906756 -0.483045
v -1.260900 9.815758 -0.915915
v -1.118168 9.812328 -1.118170
v -1.676005 9.648094 -1.676007
v -1.369974 9.657443 -1.885742
v -2.070543 9.487599 -2.122589
v -1.741762 9.487599 -2.397456
v -2.019122 9.324923 -2.779216
v -1.378700 9.487599 -2.625266
v -1.675071 9.333337 -2.965889
v -1.530469 9.267269 -3.216449
v -2.040314 9.097114 -3.412159
v -1.454429 9.154455 -3.557072
v -1.967701 8.983675 -3.752783
v 2.908857 -7.533299 -5.709262
v 3.122955 -7.138138 -6.100996
v 3.723799 -7.541714 -5.212819
v 4.046659 -7.070825 -5.655348
v 4.703286 -7.129725 -4.994669
v 4.410967 -6.828680 -5.677164
v 5.271408 -6.685636 -5.003396
v 4.477346 -6.656031 -5.836411
v 5.099070 -6.416689 -5.498905
v 4.688328 -6.397057 -6.176413
v 5.150803 -6.232197 -5.965119
v 4.656852 -6.061730 -6.167686
v 5.007760 -5.936762 -6.007503
v 5.312856 -5.669998 -5.995348
v 2.979600 -9.191852 2.310508
v 2.423321 -9.440229 2.029408
v 2.297106 -9.513153 2.174321
v 2.070854 -9.600725 1.996374
v 2.161854 -9.420908 2.236338
v 1.992944 -9.486353 2.103267
v 1.774796 -9.532786 2.073973
v 1.566308 -9.548368 2.156558
v 1.499928 -9.683933 2.067428
v 1.308269 -9.656820 2.297731
v 1.115363 -9.626591 2.190215
v 0.843924 -9.730991 1.847098
v -4.127374 -8.003565 -4.165082
v -4.266054 -7.709689 -4.506951
v -4.132672 -7.869872 -4.621013
v -4.053826 -7.722466 -4.950105
v -3.864972 -7.712492 -4.847887
v -3.687337 -7.671044 -5.054817
v -3.421507 -7.968974 -4.702038
v -3.438335 -7.709376 -5.167007
v -3.184659 -7.817515 -5.154541
v -3.482589 -7.718726 -5.377054
v -3.143211 -7.863328 -5.360537
v -2.986144 -7.694107 -5.460885
v -2.341047 -7.619311 -5.886898
v -1.558517 9.815758 -0.000002
v -2.341047 9.648094 -0.370543
v -2.902001 9.449579 -0.942716
v -3.400315 9.160377 -1.732414
v -3.631241 8.869926 -2.620591
v -3.532451 8.783914 -3.014194
v -3.929793 8.522135 -3.222058
v -5.125871 -4.396008 7.218853
v -5.189446 -4.619766 7.142501
v -3.982149 -4.507886 7.826553
v -3.737511 -4.642203 7.867066
v -2.845282 -4.618207 8.282795
v -3.381305 -4.896814 7.875793
v -3.133239 -5.225285 7.778872
v -3.109554 -5.656596 7.491539
v -3.648381 -5.642261 7.233189
v -3.569848 -6.177970 6.824627
v -4.029830 4.377934 7.857092
v -5.155477 4.390711 7.171171
v -5.321893 3.789867 7.358156
v -6.368696 3.761196 6.483068
v -7.053994 3.827265 5.757878
v -7.188935 4.525963 5.222791
v -7.406460 3.851883 5.380482
v -7.658890 3.824147 4.928290
v -7.574123 3.202112 5.502645
v -8.334528 3.058134 4.223359
v -7.725892 2.316118 5.613278
v -8.509357 2.311130 4.335550
v -1.701560 9.587324 1.967700
v -1.427004 9.566755 2.277782
v -1.807829 9.426829 2.566674
v -1.732412 9.160377 3.400314
v -1.381505 8.851540 4.251718
v -0.809332 8.449834 5.109976
v 0.000000 8.036287 5.780941
v 4.757512 8.007928 3.401248
v 5.358356 7.682576 3.213641
v 5.079125 8.105783 2.591294
v 5.717366 7.688184 2.497490
v 5.538172 8.011979 1.860807
v 6.123746 7.567891 1.831201
v 5.713315 8.034105 0.901887
v 6.307614 7.550439 0.987589
v 6.387394 7.550750 -0.003430
v 6.735186 7.159640 1.085132
v 6.997276 7.000704 0.090998
v 7.234123 6.668806 0.865115
v 7.528312 6.400483 -0.111880
v 7.599055 6.256194 0.722383
v 0.000000 -5.837973 -7.948402
v 1.311385 -5.174177 -8.281237
v 2.717198 -4.546532 -8.351045
v 3.582314 -4.425303 -8.064647
v 5.167008 -4.340848 -7.302372
v 5.563415 -4.739748 -6.861087
v -9.498818 0.920587 -2.531772
v -9.488845 0.886307 -3.085246
v -9.640615 0.768507 -2.670452
v -9.472952 0.570303 -2.729040
v -9.759038 0.445646 -2.369407
v -9.561459 0.329093 -2.504035
v -9.812641 0.004363 -2.262514
v -9.601660 -0.000312 -2.424256
v -9.787086 -0.436609 -2.378756
v -9.582337 -0.330028 -2.511204
v -9.688919 -0.759781 -2.686657
v -9.509103 -0.571550 -2.741194
v -9.544629 -0.878516 -3.103945
v -9.401274 -0.660056 -3.052835
v 8.857149 -0.244950 4.270105
v 9.332714 -0.056095 3.222057
v 9.698580 0.000000 1.536078
v 9.668663 0.776610 1.531092
v 9.808277 0.831458 0.143355
v 9.738158 1.582201 -0.066068
v 9.597919 1.860185 -1.134373
v 9.391613 1.957417 -2.288692
v 9.273813 2.256904 -2.579141
v 9.486040 1.891349 -2.492817
v 9.386316 2.125080 -2.709096
v 9.354840 1.796299 -2.600333
v 9.350788 -0.113126 -3.038188
v 9.702008 -0.129331 -1.578462
v 9.356398 0.325041 -3.040058
v 9.714474 0.409496 -1.424199
v 9.484795 0.850468 -2.655181
v 9.736600 0.662549 -1.158370
v 9.513153 1.131880 -2.336684
v 9.496948 1.559763 -2.226675
v 9.568937 1.252485 -2.518371
v 9.552732 1.571917 -2.423009
v 9.416856 1.319176 -2.619343
v 9.405014 1.557893 -2.547977
v 9.263218 1.557893 -3.008271
v 9.280358 1.971129 -2.761763
v 9.280669 2.210469 -3.013569
v 9.189047 2.341670 -2.985521
v 8.966224 -3.789243 -1.419836
v 9.075610 -3.796722 0.000000
v 9.225821 -3.065924 -1.460973
v 9.340505 -3.069041 0.000000
v 9.549616 -2.316116 0.000000
v 9.225821 -3.065924 1.460973
v 9.432438 -2.311130 1.493695
v 9.174399 -2.275602 2.791057
v 9.579533 -1.551972 1.517069
v 9.305601 -1.551349 2.842478
v 9.392860 -0.816811 2.857125
v 8.964976 -1.543869 3.783945
v 8.987727 -0.550046 3.962204
v 8.527744 -0.894098 4.805816
v 8.327983 -0.466838 5.271096
v 0.781284 -9.925767 0.253678
v 1.408929 -9.816692 0.717711
v 1.482165 -9.820432 0.481487
v 2.216702 -9.657443 0.720204
v 1.561945 -9.816692 0.247133
v 2.341047 -9.648094 0.370543
v 2.330763 -9.657443 0.000002
v 3.030709 -9.444281 0.479929
v 3.051277 -9.449579 0.000002
v 3.786750 -9.172530 0.000002
v 3.030709 -9.444281 -0.479925
v 3.769298 -9.160377 -0.596791
v 4.303451 -8.924151 -0.675948
v 1.922202 -9.660872 1.313569
v 2.111991 -9.648094 1.076098
v 2.715951 -9.466407 1.311699
v 2.897327 -9.455189 0.922459
v 3.583248 -9.194657 1.088875
v 3.769298 -9.160377 0.596794
v 4.526586 -8.836581 0.002495
v 5.052636 -8.528992 -0.355892
v 5.125871 -8.617809 -1.693456
v 0.000000 -7.023453 6.949907
v 1.002238 -7.533298 6.328496
v 0.915290 -7.947156 5.851685
v 1.722751 -8.070879 5.524774
v 1.728049 -8.428330 4.933901
v 2.336373 -8.437992 4.625378
v 2.028160 -8.755866 4.184717
v 2.564806 -8.872108 3.672068
v 2.521487 -9.035408 3.283140
v 2.903559 -8.999257 3.036320
v -9.668663 -0.776609 1.531092
v -9.698580 0.000000 1.536078
v -9.819809 -0.733291 0.166416
v -9.845986 0.000000 0.152081
v -9.802045 -0.000312 -0.927444
v -9.819809 0.732668 0.165793
v -9.788021 0.594611 -0.867609
v -9.757792 1.488397 -0.191659
v 2.456043 -5.837971 7.559476
v 3.398757 -6.432580 6.670677
v 4.084991 -7.023453 5.622629
v 4.530637 -7.533298 4.530637
v 4.677108 -8.036287 3.397824
v 4.609794 -8.449834 2.348528
v -6.569392 -4.496357 -5.859474
v -7.312968 -4.549026 -5.299455
v -7.830604 -4.351444 -4.720426
v -7.620246 -4.009574 -4.820463
v -7.984242 -3.608492 -4.564917
v -8.227634 -3.061873 -4.554945
v -8.285600 -2.515878 -4.793351
v -8.643052 -3.083376 -4.365468
v -8.720651 -2.352267 -4.684276
v -8.559220 -2.979912 -3.888033
v -2.804457 3.796724 8.631209
v -4.121140 3.789245 8.088642
v -4.240499 3.065926 8.322685
v -5.487063 3.067172 7.560411
v -6.592143 3.058758 6.620813
v -5.613278 2.316118 7.725892
v -6.752949 2.311131 6.752949
v -6.858284 1.551973 6.858284
v -7.847121 1.553532 5.701161
v 6.921859 0.776608 -6.921859
v 6.943362 -0.000002 -6.943362
v 5.771903 -0.000002 -7.944664
v 5.754140 -0.778169 -7.920045
v 4.444001 -0.776611 -8.722209
v 4.403176 -1.551974 -8.641806
v 2.997052 -1.553532 -9.224574
v 2.950929 -2.316118 -9.082466
v 1.493695 -2.311132 -9.432438
v -7.931575 5.454341 -2.434228
v -8.528056 5.379858 -1.116922
v -8.734674 5.169813 -0.017764
v -8.528056 5.379858 1.080771
v -7.963986 5.953279 1.885427
v -7.442299 5.890950 1.400514
v -6.867945 6.474654 1.619910
v -6.293279 7.058669 1.400514
v -0.712723 9.909560 0.322858
v -1.482165 9.804850 0.776608
v -2.111991 9.648094 1.076095
v -1.902257 9.663988 1.316058
v -1.777600 9.625656 1.695637
v 7.232253 -0.905628 6.597440
v 7.075809 -1.531092 6.685323
v 7.372803 -1.573163 6.625488
v 7.400228 -2.081137 6.477458
v 7.416744 -1.931862 6.207889
v 7.555113 -2.210469 5.963251
v 7.774508 -2.313934 5.650363
v 8.016030 -2.214209 5.353057
v 7.879220 -2.592541 5.731078
v 8.202391 -2.459158 5.333113
v 7.736488 -2.754905 5.620758
v 8.055921 -2.638351 5.054506
v 7.612767 -2.932853 5.531005
v -7.309852 -1.464090 -6.458448
v -7.096689 -0.512028 -6.776322
v -7.900412 -0.581523 -5.864460
v -7.890750 0.037396 -5.897494
v -8.485985 0.021191 -4.993735
v -8.433006 0.590559 -5.043598
v -8.991155 -0.000000 -4.049464
v -9.015151 0.531036 -3.911095
v -9.220523 0.003116 -3.926365
v 5.952967 6.066092 -5.065103
v 5.370821 6.345323 -5.320960
v 5.635716 5.959198 -5.770034
v 5.312856 6.440372 -5.593957
v 5.303819 5.852930 -5.824572
v 5.062608 6.212563 -5.693058
v 4.699547 6.478704 -5.738246
v 4.311865 6.580298 -5.948294
v 4.307814 6.932454 -5.935827
v 3.894889 6.811536 -6.361840
v 5.694305 -4.385101 -6.799071
v 6.614892 -3.750288 -6.243727
v 6.515790 -4.361105 -5.987557
v 7.433261 -3.848455 -5.213441
v 7.127230 -4.568657 -5.135531
v 7.849926 -4.442443 -3.958152
v 7.281804 -5.082866 -4.298776
v 7.671667 -4.925798 -3.742808
v 7.896360 -5.473663 -2.571661
v 7.769834 -5.992234 -2.552027
v 7.309228 -6.225341 -2.419580
v -2.517436 -8.675463 -4.115530
v -3.000480 -8.519954 -4.150745
v -2.684476 -8.435811 -4.463634
v -3.104879 -8.465105 -4.282569
v -2.866786 -8.409634 -4.558996
v -3.155988 -8.267213 -4.348949
v -2.978042 -8.225764 -4.555880
v -2.919141 -8.115755 -4.801764
v -2.994559 -7.966168 -5.020847
v -2.888912 -8.062153 -5.181653
v -0.421650 9.525930 2.841853
v 0.000000 9.527178 2.868966
v 0.000000 9.573300 2.710340
v 0.421650 9.525930 2.841853
v 0.593053 9.587636 2.557324
v 0.783777 9.535903 2.713145
v 1.028104 9.649652 2.127572
v 1.346289 9.575481 2.304272
v 1.173328 9.757169 1.543245
v 1.542623 9.611632 2.007590
v 1.803778 9.624410 1.684106
v -2.287757 9.148534 -3.148823
v -2.177124 9.115811 -3.495991
v -2.371900 9.149157 -3.266000
v -2.279654 8.972768 -3.511573
v -2.425190 8.998011 -3.339547
v -2.278408 8.970898 -3.517182
v -2.235090 8.902961 -3.722554
v -2.117601 9.022319 -3.778649
v -4.481086 -2.283704 8.731558
v -4.007392 -2.218259 8.521512
v -3.824458 -2.799469 8.467598
v -3.401561 -3.232027 8.557038
v -2.851827 -3.400314 8.765839
v -3.668950 -3.640589 8.731870
v -2.918206 -3.865594 8.968093
v -3.765558 -4.070031 8.140998
v -2.772358 -4.356740 8.515279
v -0.483044 9.906756 -0.664732
v -0.915913 9.815758 -1.260901
v -0.718021 9.812328 -1.408931
v -1.076096 9.648094 -2.111993
v -0.720202 9.657443 -2.216704
v -1.007535 9.440229 -2.939400
v 9.310587 -0.778168 -3.025099
v 8.777058 -0.129955 -4.425303
v 8.695720 0.405445 -4.559620
v 9.232677 0.840807 -3.431479
v 8.555481 0.657562 -4.792104
v 9.062833 1.120038 -3.716942
v 8.981806 1.559763 -3.800462
v 9.174088 1.571917 -3.655238
v 9.157883 1.891349 -3.559875
v 9.109891 1.796299 -3.397511
v 9.138873 1.971129 -3.222057
v 9.201512 2.035016 -2.989261
v 7.470659 5.174174 -3.806385
v 7.020649 4.558683 -5.273591
v 6.452216 4.950728 -5.596450
v 6.317898 4.691132 -5.952968
v 5.612967 4.821710 -6.546021
v 5.099694 5.015550 -7.019092
v 4.023909 4.363286 -7.869872
v 3.014815 3.814796 -8.590696
v 2.262202 3.861230 -8.802924
v 2.215456 3.408728 -8.993960
v 1.610561 3.558315 -9.031669
v 1.502733 3.183100 -9.180321
v 0.981046 3.118590 -9.487288
v 2.902001 9.449579 -0.942716
v 3.769298 9.160377 -0.596794
v 4.428107 8.845306 -0.701194
v 4.470802 8.851540 -0.000002
v 5.152049 8.463236 -0.000002
v 5.109978 8.449834 0.809330
v 4.899931 8.463236 1.591861
v 5.431280 -0.755105 8.221089
v 4.324643 -1.168340 8.748698
v 4.089976 -0.905004 8.891430
v 3.208968 -1.476865 9.216160
v 2.893587 -0.727057 9.382264
v 1.531092 -0.776608 9.668663
v 0.282035 -0.804344 9.832585
v 1.536078 0.000002 9.698580
v -0.130266 -0.065443 9.879021
v 1.098846 2.536133 -9.441164
v 2.194888 2.235711 -9.339570
v 3.185595 2.352265 -9.036343
v 4.335550 2.311128 -8.509357
v 4.240499 3.065923 -8.322685
v 5.490180 3.069040 -7.556672
v 5.334359 3.796721 -7.342264
v 6.419182 3.789243 -6.419182
v -3.928547 -6.150547 6.881347
v -3.979033 -5.724222 7.183639
v -4.120829 -5.642882 6.911888
v -4.319656 -5.329683 7.016911
v -4.627246 -5.100317 6.977332
v -4.961325 -5.016172 6.803123
v -4.668383 -4.985631 7.272768
v -5.122755 -4.871572 7.035608
v -4.568657 -4.721673 7.389633
v -1.260900 -9.820432 0.915915
v -1.676005 -9.648094 1.676007
v -1.801597 -9.455189 2.449500
v 8.281237 -5.174176 1.311386
v 8.394362 -5.215001 0.216279
v 8.645857 -4.504459 1.369351
v 8.748075 -4.580188 -0.077287
v 8.676085 -4.443689 -1.412045
v 8.631209 -3.796723 -2.804457
v 8.883327 -3.069041 -2.886107
v 9.082466 -2.316116 -2.950928
v 7.849926 0.830835 -5.882847
v 8.102667 0.081961 -5.631977
v 9.224574 -1.553531 -2.997052
v 1.394905 2.807884 -9.328974
v 2.203925 2.869900 -9.180010
v 2.941580 3.092412 -8.916985
v 4.121140 3.789241 -8.088642
v -2.691643 -7.986424 -5.231829
v -2.573843 -8.244775 -4.865963
v -2.228233 -8.363822 -4.818593
v -2.401194 -8.552987 -4.395383
v -2.081139 -8.646791 -4.389462
v -1.962715 -8.779861 -4.426859
v 6.502390 6.591517 -3.433661
v 6.445359 6.560042 -4.091536
v 6.445983 6.800630 -3.670197
v 6.169558 6.593077 -4.039180
v 6.170180 6.772893 -3.724112
v 6.021216 7.017531 -3.502223
v 5.762554 7.261858 -3.432415
v 5.900300 7.455076 -3.279399
v 5.499841 7.693480 -3.414651
v 7.192363 0.905941 6.637331
v 7.773573 1.477180 5.899988
v 6.984499 1.170213 6.816213
v 6.822757 1.686602 6.878852
v 5.739804 1.257162 7.900100
v 5.697421 1.673202 7.841823
v 4.433717 1.686914 8.614381
v 5.613278 2.316118 7.725892
v 4.335550 2.311132 8.509357
v 8.105160 -4.964442 -2.635859
v 8.357589 -4.453973 -2.715951
v 8.088642 -3.789243 -4.121140
v 8.322685 -3.065925 -4.240499
v 7.479384 -3.152251 -5.593956
v 6.309173 -3.538996 -6.666935
v -1.749864 -4.070343 8.797626
v -2.190213 -3.676427 9.290954
v -1.679745 -3.123888 9.613191
v -1.955859 -2.846216 9.300926
v -1.849589 -2.272173 9.483548
v -2.032523 -1.690962 9.537461
v 6.141198 0.759159 7.704701
v 5.822701 0.836446 8.014472
v 5.431280 0.761652 8.220467
v 5.584918 0.551918 8.244152
v 5.389832 0.311954 8.385014
v 5.442187 0.229058 8.213299
v 5.387961 -0.015580 8.251319
v 5.440317 -0.261154 8.212052
v -1.232540 -1.559765 -9.654326
v -1.387737 -2.432048 -9.420285
v -2.026602 -3.063433 -9.167543
v -6.951776 6.453774 -2.807886
v -7.193298 6.736744 -2.215769
v -7.963986 5.953279 -1.921268
v -7.862703 5.463379 -0.836757
v -8.016653 5.306935 -0.017764
v -7.862703 5.463379 0.800917
v 0.764767 9.908626 0.235287
v 0.381449 9.932311 0.296057
v 0.712723 9.909560 0.322858
v 0.585262 9.908937 0.541007
v 0.962971 9.885253 0.494261
v 1.306399 9.819497 0.969513
v 1.482165 9.804850 0.776608
v 1.902257 9.663988 1.316058
v 2.111991 9.648094 1.076095
v -4.530637 7.533299 4.530635
v -4.021104 7.155279 5.532563
v -4.228657 6.902850 5.798391
v -3.712891 6.766663 6.194488
v -2.998298 6.825874 6.502388
v -2.857748 6.517037 6.866385
v -2.981158 6.196047 7.107595
v -1.559140 -1.598097 -9.924831
v -1.722751 -2.367850 -9.741587
v -1.979544 -2.131315 -9.426206
v -2.241010 -2.930050 -9.479184
v -2.366602 -2.551095 -9.230184
v -2.974613 -3.133864 -9.207746
v -2.914778 -2.703488 -9.027305
v 4.354560 -6.011557 -6.433205
v 4.289427 -6.330987 -6.526385
v 3.900187 -6.558175 -6.296393
v 3.864972 -6.818395 -6.062352
v 3.108931 -6.794086 -6.476212
v 2.288692 -6.984189 -6.652287
v -9.405326 -1.053658 -3.055952
v -9.499130 -0.969827 -2.506217
v -9.658690 -1.259965 -1.355015
v -9.788333 -0.597104 -0.864492
v -9.757792 -1.491514 -0.189789
v 8.964042 3.776466 1.400826
v 8.896728 3.066236 2.977730
v 8.359459 2.942203 4.279766
v 8.509357 2.311130 4.335550
v 7.725892 2.316118 5.613278
v 1.332265 9.773685 1.278038
v 1.005354 9.860945 0.972007
v 0.826160 9.990587 1.106947
v 0.477122 10.041385 0.761337
v 0.356517 9.855958 0.945206
v 0.000000 9.869983 0.850778
v 8.473831 1.444456 -4.807063
v 7.915682 1.582512 -5.672801
v 8.426461 1.862366 -4.732269
v 8.365692 2.607812 -4.462388
v 2.988637 -6.069521 -7.217916
v 2.895768 -6.560044 -6.806239
v 3.568290 -6.163013 -6.839584
v 4.061306 -6.052070 -6.921235
v 4.181599 -5.799953 -6.732379
v 4.930472 7.866754 -3.585742
v 5.152673 7.779806 -3.742810
v 5.463379 7.439806 -3.533386
v 5.203782 7.504314 -3.778337
v 5.053571 7.437624 -4.101820
v 5.144258 -4.508821 7.080484
v 5.928658 -5.174174 5.928659
v 6.430401 -5.837971 4.672122
v 6.670676 -6.432580 3.398757
v 0.092557 -3.041926 9.412182
v -0.445958 -2.629002 9.519074
v -0.595858 -3.269424 9.299991
v -1.071733 -3.303081 9.222705
v -0.668782 -3.817912 9.073428
v -0.961724 -4.202789 8.867434
v 0.821486 -9.925767 0.000002
v 1.558517 -9.820432 0.000002
v 1.561945 -9.816692 -0.247130
v 2.341047 -9.648094 -0.370539
v 2.902001 -9.449579 -0.942712
v 6.853297 4.477347 5.586788
v 6.445983 3.750288 6.392380
v 6.611464 3.055953 6.598064
v 5.491738 3.066549 7.554801
v -4.137346 7.972712 -4.180665
v -3.831938 8.222025 -4.003964
v -3.231405 8.254436 -4.447742
v -3.024476 8.506553 -4.162901
v -2.681671 8.521823 -4.309372
v -2.992689 8.634949 -4.116778
v 7.528312 -3.223303 5.469613
v 6.518595 -2.836555 6.811226
v 6.347504 -2.521174 7.087652
v -3.438024 -8.413373 -4.132359
v -3.777401 -8.268771 -4.148876
v -3.658354 -8.120741 -4.249225
v -3.848455 -7.972089 -4.382918
v -3.924184 -7.822503 -4.602003
v 7.985489 -5.862902 0.107205
v 7.673537 -6.269906 -0.287644
v 7.009430 -7.273078 -0.295434
v 6.273022 -7.933757 -0.325663
v 6.174543 -7.697221 -0.731731
v 5.651609 -8.070255 -1.119725
v 5.304441 -8.215793 -1.768873
v -4.140463 -6.945232 -5.696796
v -3.978721 -7.233189 -5.468365
v -4.966934 -6.934013 -5.005888
v -4.724478 -7.200778 -4.880610
v -4.865651 -7.282116 -4.606365
v -4.165706 -7.512732 -4.929536
v 6.170180 7.527377 -1.845851
v 6.681272 7.025012 -2.007592
v 6.870438 7.017221 -1.087940
v 7.394618 6.432582 -1.171147
v 7.854289 5.832362 -1.243760
v 7.990476 5.802444 -0.116866
v -4.821398 6.794398 5.711133
v -5.259565 6.474031 5.661582
v -5.033937 6.268971 5.749775
v -5.250528 5.946112 5.871627
v -5.298209 5.626679 6.119382
v -5.163892 5.395753 6.426971
v -5.612967 5.614213 6.156156
v 5.899053 7.320136 3.078701
v 6.252453 7.223216 2.632119
v 6.883839 7.007872 2.533641
v 6.605855 7.126295 2.185538
v 6.958009 6.791904 1.877948
v -5.321270 8.261914 -1.412982
v -5.429410 7.739604 -2.898263
v -5.655038 7.437624 -3.258208
v -5.158282 7.522702 -3.844717
v -5.588346 7.025634 -4.152306
v 4.786806 6.773517 -5.394196
v 4.820463 6.862646 -5.254580
v 5.287925 6.584661 -5.118392
v 5.496724 6.795331 -4.987504
v -4.810491 8.635261 -0.789077
v -5.074762 8.548313 -0.017765
v -5.651609 8.303675 -0.017765
v -5.617952 1.460348 -7.957442
v -5.613278 2.316116 -7.725892
v -4.345522 1.611182 -8.665802
v -4.335550 2.311128 -8.509357
v -3.186218 2.352265 -9.036343
v -0.253676 9.906756 -0.781286
v -0.481485 9.815758 -1.482166
v -0.247131 9.812328 -1.561946
v -0.370541 9.648094 -2.341049
v 5.151738 4.721983 -7.088587
v 5.195056 4.367337 -7.150292
v 6.240923 4.364532 -6.258376
v -0.001247 5.369575 -8.346993
v 0.566875 5.392323 -8.265344
v 1.196078 5.568400 -8.058103
v 0.794685 4.856613 -8.557663
v 0.396096 4.954156 -8.560779
v 3.578885 -5.579621 -7.311098
v 4.299711 -5.190071 -7.438559
v 4.667448 -4.879987 -7.112583
v 0.950193 -9.750313 1.703432
v 1.140918 -9.753740 1.570361
v 1.370909 -9.663988 1.886988
v -7.203270 4.675551 5.235257
v -7.371557 4.557127 4.823267
v -8.136323 3.758391 4.051956
v -8.605344 3.852818 2.860553
v -8.928204 3.154742 2.724054
v -6.419182 3.789243 -6.419182
v -6.604920 3.065923 -6.604920
v -7.556672 3.069040 -5.490180
v 9.679881 1.444768 -1.101339
v 8.468844 -2.089241 5.062608
v 8.318010 -1.559451 5.098135
v -1.849589 8.521200 -4.734763
v -2.046235 8.395921 -4.861600
v -2.328582 8.290898 -4.907723
v -6.841767 6.140265 3.554265
v -6.105982 6.457827 4.351755
v -6.453774 5.914012 4.694248
v 1.732412 9.160377 3.400314
v 1.415785 9.418415 2.836867
v 1.170212 9.172530 3.601322
v 0.958608 9.419350 3.026033
v 0.492704 9.413740 3.155675
v 3.327703 -9.249194 1.407061
v 6.180777 -0.017450 7.673225
v 6.128420 0.227811 7.712492
v 6.378357 -0.018074 7.662318
v 6.308549 0.310084 7.714985
v 6.395497 0.446271 7.484683
v -1.194832 -9.159129 -3.677362
v -1.545116 -9.137314 -3.829131
v -1.251239 -9.174088 -3.854374
v -1.489332 -9.006737 -3.948178
v -1.287077 -9.031981 -3.965630
v 5.109978 8.449834 -0.809333
v 5.718613 8.029742 -0.905630
v 5.779694 8.037222 -0.000625
v 9.699515 -1.553530 0.000000
v 9.579533 -1.551972 -1.517068
v 9.789890 -0.778168 0.000000
v 9.668663 -0.776610 -1.531092
v 8.402465 -4.931719 -1.483099
v 8.008551 -5.617330 -1.319175
v 8.409945 -5.093461 -0.812136
v -1.569424 1.470009 -9.600725
v -3.015750 0.947387 -9.319313
v -4.213387 1.013766 -8.817883
v -3.859674 -0.010909 -9.086828
v -5.076321 0.507662 -8.422722
v 0.565317 4.560243 -8.912310
v -0.002493 4.701416 -8.855903
v -0.002493 5.051700 -8.563584
v -0.401394 4.954156 -8.560155
v 7.309852 6.457513 1.570047
v -0.800294 4.856613 -8.557038
v 0.000000 9.417169 3.185904
v 0.596793 9.160377 3.769296
v 1.381505 8.851540 4.251718
v 0.483044 9.906756 -0.664732
v 0.718021 9.812328 -1.408931
v 0.915913 9.815758 -1.260901
v 1.118168 9.812328 -1.118170
v 0.000000 2.143153 -9.709488
v 9.668663 -0.776609 1.531092
v 3.624697 -8.433006 -3.706656
v 4.024220 -7.986424 -4.231462
v 4.033258 -8.413684 -3.319598
v 4.629739 -7.930642 -3.782074
v -2.066180 -8.833776 -4.058812
v -4.551829 8.480687 2.291806
v -4.747851 8.566388 1.459725
v -4.983452 8.194289 2.387480
v -5.323140 8.264096 1.376829
v 9.425582 0.784089 -3.062496
v 9.340505 1.018754 -3.369151
v 9.240779 1.252485 -3.585430
v 9.171595 1.319176 -3.416520
v 9.121732 1.557893 -3.468565
v 5.823012 -0.830833 8.014784
v 5.845139 -0.673455 8.047505
v -5.544405 -7.085472 -4.166017
v -6.049264 -6.444426 -4.394762
v -5.293846 -6.432582 -5.293846
v -3.122020 -0.774115 9.591687
v -2.014759 -0.436919 9.618800
v -1.149644 -0.262088 9.769634
v -0.656628 -0.643537 9.817627
v 1.779159 -9.663364 1.957107
v -4.530637 7.533298 -4.530637
v 7.873299 -6.152417 -1.580953
v 7.595003 -6.621125 -0.754794
v 7.176781 -6.702152 -1.057397
v 6.732692 -7.196414 -0.708982
v -1.306399 9.819497 0.969513
v -1.173328 9.757169 1.543245
v -1.005354 9.860945 0.972007
v -0.954245 9.921092 1.579083
v 6.752949 2.311131 6.752949
v 7.594692 2.990509 5.484882
v -5.853865 -1.589682 -7.823124
v -5.210014 -1.551039 -8.235425
v -5.823012 -0.861377 -7.942483
v -7.193298 6.736744 2.179928
v -6.960502 6.463746 2.772046
v -6.356542 6.702152 3.508142
v -5.341216 -3.709465 -7.456634
v -6.281125 -3.872452 -6.508934
v -6.712124 -3.820719 -6.525451
v -6.784737 -3.612855 -6.169244
v 0.766637 3.963137 -8.909194
v 0.451256 4.256081 -8.792328
v 0.020568 4.363286 -8.749633
v -0.570615 4.560243 -8.912310
v 0.000000 10.059772 0.634811
v 1.157435 -8.448277 5.057312
v 0.903447 -8.668295 5.033938
v 0.000000 9.906756 -0.821799
v 0.000000 9.815758 -1.558518
v 8.310220 4.216192 4.055696
v 8.035975 4.525341 3.164714
v 7.842134 4.342095 3.820407
v 3.481342 5.781876 -7.223217
v 3.698867 6.466238 -6.819017
v 4.003340 6.489923 -6.266790
v 0.664730 9.906756 -0.483045
v 1.260900 9.815758 -0.915915
v 2.111991 9.648094 -1.076098
v 1.408929 9.812328 -0.718023
v -6.903783 -4.354873 -5.960134
v -7.233811 -4.157291 -5.253019
v 1.173640 -9.280046 3.347026
v 4.065045 -5.634159 -7.255002
v 4.362351 -5.146752 -7.124735
v -7.957130 4.361416 3.850948
v 6.003453 -5.969172 -5.118392
v 5.670620 -5.934580 -5.505137
v 5.553443 -5.880666 -5.948915
v -1.157435 -8.448277 5.057312
v -0.903447 -8.668295 5.033938
v 5.916193 -6.450971 -4.634412
v 5.405725 -7.092328 -4.376686
v 5.885964 -7.336966 -3.949738
v 8.966224 -3.789243 1.419837
v -6.442243 5.283563 5.581801
v -6.394874 5.445928 5.225285
v 5.701161 -1.553532 -7.847121
v 4.335550 -2.311132 -8.509357
v 0.675014 -8.915738 4.140152
v 0.389551 -9.041329 3.883984
v 0.000000 -9.087140 3.790180
v -0.389551 -9.041329 3.883984
v -0.521375 -9.295317 3.754030
v -0.409808 4.256081 -8.792328
v -0.724877 3.963137 -8.909194
v 7.308917 -2.620589 6.093205
v 7.585654 -2.454173 6.149924
v -4.927668 -7.437314 -4.290360
v -4.872196 -7.624921 -4.039490
v -3.941947 6.289228 6.565029
v -4.076265 6.519843 6.257440
v -3.798281 6.500833 6.752636
v -3.977786 6.809669 6.340960
v -3.464201 6.378357 6.688749
v 0.356517 9.676454 2.167150
v 0.617361 9.714474 1.909111
v 0.713035 9.766207 1.556333
v 0.826160 9.851596 2.051219
v 0.954245 9.921092 1.579083
v 0.000000 9.662430 2.261889
v 0.000000 9.782100 2.523356
v 0.477122 9.800798 2.396829
v 5.540354 8.014472 -1.900700
v 6.328494 7.533298 -1.002239
v 5.588035 0.408251 8.107964
v 5.786239 0.473696 7.963363
v 5.984130 0.407628 7.818762
v 6.115332 0.550671 7.857093
v -2.633055 8.971522 -3.252911
v 0.000000 -9.378525 3.336742
v 0.521375 -9.295317 3.754030
v -9.596674 -0.574666 -2.087060
v -9.659002 -0.000000 -1.977986
v -4.249848 -5.297896 7.326682
v -4.002094 -5.096264 7.423913
v -0.706179 -8.830972 -4.504147
v -0.347480 -8.983363 -4.232396
v -0.866050 -8.916985 -4.521286
v 5.806495 6.296082 -4.944185
v 4.827008 6.796577 -5.654727
v -9.359514 0.658497 -3.039123
v -9.251687 0.569991 -3.350764
v 8.496892 4.630363 2.054649
v -5.353369 -6.150547 5.853866
v -0.751366 -9.364813 3.250729
v -6.921859 0.776611 6.921859
v -1.419836 3.789245 8.966224
v 8.932255 1.962403 -3.687960
v 9.196837 2.125080 -3.325210
v -4.335550 2.311132 8.509357
v 1.427627 9.831651 0.487093
v 7.059916 -2.160918 6.496469
v 8.509357 -2.311130 -4.335550
v -1.810011 1.921888 -9.476068
v -2.865227 1.654812 -9.310899
v -2.197692 2.235399 -9.339258
v 1.076096 9.648094 -2.111993
v -3.849390 -0.253989 -9.411870
v -3.568290 -0.551606 -9.180010
v -8.317387 -3.815109 -4.378555
v -8.164995 -3.864661 -3.903304
v 8.281237 5.174176 -1.311386
v -7.847121 -1.553530 5.701161
v -8.883327 -3.069041 2.886108
v -8.994583 -3.058134 -2.675438
v -8.751815 -4.508822 0.000000
v -0.467150 -9.412805 3.179675
v -0.652576 -9.283163 3.463268
v -4.805816 8.676085 -0.008728
v -4.384166 8.904830 -0.002183
v -6.867945 6.474654 -1.656062
v -7.442299 5.890950 -1.436355
v 1.311385 5.174177 8.281237
v 7.396176 -1.552283 6.318833
v 7.510860 -1.066435 6.555057
v 3.856558 6.231884 -6.608348
v 3.771791 5.988804 -7.184885
v 3.398757 6.432582 6.670674
v -7.202647 4.992489 4.645631
v -7.315773 5.286991 4.409097
v -4.706714 6.508311 5.786861
v -4.352067 6.917184 5.959822
v -7.598431 -5.763801 -2.581321
v -7.030310 -5.879733 -3.645576
v -6.670676 -6.432582 -3.398757
v -4.083744 -5.956082 6.689686
v -4.112103 -6.462499 6.501144
v -5.366458 -5.329683 6.262115
v -5.491115 -4.985631 6.679402
v -2.303962 8.807286 -3.916083
v -2.467262 8.710990 -4.040426
v -2.209535 8.893923 -4.037621
v 1.383374 -9.478250 2.544239
v 1.422953 -9.528112 2.328584
v 1.254978 -9.589818 2.586310
v 2.236648 -9.354217 2.437658
v 2.197069 -9.304043 2.653313
v 2.397143 -9.424025 2.443891
v 1.770433 9.463914 2.483465
v -9.668663 0.776610 1.531092
v 1.303594 -8.787965 4.479528
v -6.410767 -5.872564 -4.656538
v 8.394052 -0.701504 5.467741
v -4.381361 -2.420206 -8.457003
v -4.438080 -4.202789 7.737113
v -4.796779 -3.817914 7.731192
v -2.787941 -8.262227 -4.888089
v -4.760005 8.026003 3.326455
v -5.433773 7.742721 2.880186
v -5.449043 -2.305207 7.943418
v -1.666968 -8.940046 -4.024843
v -2.897327 9.455189 0.922456
v 2.918830 0.000002 9.400651
v 1.531092 0.776611 9.668663
v -1.304529 -8.697901 -4.652176
v -5.490180 3.069040 -7.556672
v -0.670028 -8.226076 5.497036
v -1.417343 -8.291833 5.271409
v -1.857069 -1.555714 -9.563016
v -2.886107 3.069042 8.883327
v 9.446151 0.933365 -3.064678
v 9.246078 1.144346 -3.255090
v 3.380370 -8.025379 -4.711388
v -1.523613 -2.356004 9.849414
v 1.311385 -5.174174 8.281237
v 9.011412 2.263760 -3.375072
v -4.810802 8.635884 0.770998
v -3.448931 7.984241 -4.746916
v -6.752949 2.311129 -6.752949
v 7.387762 -6.346569 -1.683483
v 0.942714 9.449579 -2.902003
v 0.617361 9.818250 1.203556
v 6.601803 -7.025635 2.179618
v -3.857804 -7.481256 -5.288548
v 3.911406 5.875055 -6.881658
v 4.609794 8.449834 2.348525
v -7.125360 5.220299 4.497291
v -5.549391 6.041785 5.824570
v 5.583672 -8.425838 -0.837378
v 5.225908 -8.094563 -2.504969
v 8.323620 -4.508822 2.704421
v 0.000000 4.508822 8.751815
v 3.400315 -9.160377 -1.732411
v -4.356118 6.600245 5.972600
v 5.358667 5.496411 -6.097880
v -4.946054 -6.904717 5.078503
v 3.654926 -8.837205 -2.667334
v -8.142244 -2.116667 -5.215936
v 5.661582 6.276761 -5.109979
v -6.472473 5.217806 5.373624
v -4.218684 -6.185451 6.410457
v -3.404990 -8.228881 -4.236759
v 6.246533 7.128476 -3.372891
v -5.231829 -5.100317 6.541346
v 2.456043 5.837973 7.559474
v 9.325233 1.080459 -3.027281
v 9.387562 1.144346 -2.794797
v 9.529982 1.018754 -2.753348
v -6.554434 5.895002 4.755330
v 0.000000 -9.357021 3.628750
v -5.701161 1.553532 7.847121
v -9.594492 0.548488 -2.113549
v 5.140830 0.450011 8.395609
v 5.317531 -0.015892 8.436122
v 4.396943 -7.514288 -4.695806
v 4.121140 -3.789241 8.088642
v -4.563048 -3.302458 8.086773
v -4.240811 -3.061560 8.645234
v -0.356517 9.855958 0.945206
v 4.184404 -5.483325 -6.985433
v 8.215169 -1.937783 5.150803
v 6.019346 6.526385 -4.362351
v -8.509357 -2.311130 4.335550
v -8.966224 -3.789243 1.419837
v -6.927780 -4.012067 -5.746660
v 3.077455 5.261435 -7.782611
v -3.219563 8.828790 -3.233277
v -3.217382 8.980871 -2.779840
v -2.322660 -3.259140 9.038213
v -2.302404 9.333649 -2.509647
v 6.921859 -0.776611 -6.921859
v 7.499330 -1.173640 6.265854
v -4.031700 -8.069943 -4.327757
v 5.850437 0.639177 8.050934
v 5.309428 6.505816 -5.191006
v -0.670963 -9.337388 -3.329883
v 4.324643 1.171460 8.748698
v -2.624329 8.221402 -4.882169
v -3.188087 -7.199532 -5.999712
v 9.865308 0.082585 -0.206930
v -9.339570 0.000000 3.034448
v 9.432438 -2.311130 -1.493695
v -8.281237 -5.174176 -1.311385
v -1.171147 -6.432580 7.394619
v -2.698499 -9.160377 -2.698498
v -3.815732 -7.666994 -5.226842
v 4.951664 7.690364 -4.175367
v -3.155365 8.890183 -3.345156
vn -0.0413 -0.9958 0.0811
vn -0.0620 -0.9901 0.1261
vn -0.0636 -0.9901 0.1250
vn -0.0578 -0.9899 0.1292
vn -0.0561 -0.9899 0.1305
vn -0.0768 -0.9783 0.1927
vn -0.0810 -0.9779 0.1926
vn -0.0752 -0.9784 0.1927
vn -0.0476 -0.9779 0.2034
vn -0.0511 -0.9783 0.2009
vn -0.0525 -0.9784 0.2000
vn -0.0465 -0.9778 0.2042
vn -0.0134 -0.9783 0.2070
vn -0.0189 -0.9778 0.2086
vn -0.0176 -0.9779 0.2082
vn -0.0179 -0.9684 0.2487
vn -0.0175 -0.9683 0.2491
vn -0.0209 -0.9689 0.2465
vn -0.0211 -0.9690 0.2463
vn -0.0262 -0.9537 0.2997
vn -0.0237 -0.9551 0.2954
vn -0.0231 -0.9553 0.2946
vn 0.0237 -0.9551 0.2954
vn 0.0262 -0.9537 0.2997
vn 0.0231 -0.9553 0.2946
vn 0.0283 -0.9551 0.2949
vn 0.0863 -0.9509 0.2973
vn 0.0601 -0.9222 0.3821
vn 0.0603 -0.9221 0.3822
vn 0.0600 -0.9221 0.3822
vn 0.0598 -0.9222 0.3821
vn 0.3194 -0.9418 0.1051
vn 0.3178 -0.9422 0.1058
vn 0.3175 -0.9423 0.1060
vn 0.4515 -0.8472 0.2801
vn 0.4518 -0.8470 0.2801
vn 0.4507 -0.8476 0.2801
vn -0.5388 -0.6820 0.4946
vn -0.5387 -0.6820 0.4946
vn -0.5389 -0.6819 0.4946
vn -0.5389 -0.8087 0.2360
vn -0.5388 -0.8087 0.2361
vn -0.5388 -0.8087 0.2360
vn -0.0000 -0.8980 0.4400
vn -0.0000 -0.8979 0.4402
vn 0.0002 -0.8979 0.4401
vn 0.0001 -0.8980 0.4400
vn -0.1445 -0.9824 -0.1180
vn -0.1446 -0.9825 -0.1176
vn -0.1443 -0.9824 -0.1186
vn 0.1549 -0.4661 0.8711
vn 0.1712 -0.5179 0.8381
vn 0.1229 -0.7307 0.6715
vn -0.0528 -0.7353 0.6757
vn -0.0512 -0.7591 0.6489
vn -0.0513 -0.7590 0.6491
vn -0.0510 -0.7593 0.6487
vn -0.0515 -0.7588 0.6493
vn -0.0536 -0.7277 0.6838
vn -0.0533 -0.7273 0.6842
vn -0.0535 -0.7275 0.6840
vn -0.1608 -0.7273 0.6672
vn -0.1459 -0.7386 0.6581
vn -0.2555 -0.7481 0.6124
vn -0.2549 -0.7460 0.6153
vn -0.2558 -0.7482 0.6122
vn -0.2848 -0.7007 0.6541
vn -0.2845 -0.7008 0.6542
vn -0.2874 -0.6999 0.6539
vn -0.2842 -0.7009 0.6542
vn -0.3468 -0.6455 0.6805
vn -0.3468 -0.6457 0.6803
vn -0.3469 -0.6452 0.6807
vn -0.3805 -0.6860 0.6202
vn -0.2062 -0.7950 0.5705
vn -0.4795 -0.7998 0.3612
vn -0.4481 -0.8470 0.2860
vn -0.3433 -0.9137 0.2174
vn -0.4670 -0.0234 0.8840
vn -0.4670 -0.0235 0.8839
vn -0.4668 -0.0240 0.8840
vn -0.4671 -0.0231 0.8839
vn -0.4917 -0.5414 0.6819
vn -0.4917 -0.5415 0.6819
vn -0.4919 -0.5414 0.6818
vn -0.4915 -0.5417 0.6819
vn -0.4915 -0.5414 0.6821
vn -0.0424 -0.3426 0.9385
vn -0.0424 -0.3425 0.9385
vn 0.0392 -0.5745 0.8175
vn 0.0393 -0.5745 0.8176
vn 0.0392 -0.5745 0.8176
vn -0.8746 -0.3449 0.3407
vn -0.8574 -0.1942 0.4765
vn -0.6049 -0.5178 0.6050
vn -0.6049 -0.5179 0.6049
vn -0.6048 -0.5181 0.6047
vn -0.6047 -0.5183 0.6047
vn -0.6593 -0.4691 0.5876
vn -0.6791 -0.3988 0.6162
vn -0.7023 -0.3434 0.6236
vn -0.7025 -0.3822 0.6004
vn -0.7145 -0.3411 0.6108
vn -0.7148 -0.3406 0.6107
vn -0.7150 -0.3404 0.6107
vn -0.6357 -0.3411 0.6925
vn -0.6405 -0.3613 0.6776
vn -0.5238 -0.3792 0.7628
vn -0.5236 -0.3794 0.7628
vn -0.5164 -0.3124 0.7973
vn -0.4017 -0.2782 0.8725
vn -0.4502 -0.2288 0.8631
vn -0.4181 -0.1732 0.8917
vn -0.5424 -0.1491 0.8268
vn -0.5666 -0.0847 0.8196
vn -0.6838 -0.1182 0.7200
vn -0.6836 -0.1187 0.7202
vn -0.6851 -0.1158 0.7192
vn -0.6854 -0.1152 0.7190
vn -0.7551 -0.1150 0.6455
vn -0.7550 -0.1149 0.6455
vn -0.7550 -0.1148 0.6456
vn -0.7595 -0.0390 0.6493
vn -0.7596 -0.0389 0.6493
vn -0.7596 0.0389 0.6493
vn -0.7595 0.0390 0.6493
vn -0.8522 0.0387 0.5217
vn -0.8523 0.0389 0.5216
vn -0.8523 0.0388 0.5217
vn -0.8522 0.0386 0.5217
vn -0.9230 0.0389 0.3829
vn -0.9230 0.0387 0.3828
vn -0.9230 0.0386 0.3828
vn -0.9175 0.1153 0.3805
vn -0.9176 0.1154 0.3805
vn -0.9175 0.1152 0.3806
vn -0.9176 0.1155 0.3804
vn -0.9066 0.1917 0.3759
vn -0.9066 0.1917 0.3760
vn -0.9544 0.1919 0.2286
vn -0.9544 0.1917 0.2287
vn -0.9544 0.1918 0.2287
vn -0.9544 0.1920 0.2286
vn -0.9783 0.1919 0.0774
vn -0.9646 0.2533 0.0735
vn -0.9656 0.2486 0.0760
vn -0.9659 0.2475 0.0766
vn -0.9643 0.2545 0.0729
vn -0.9469 0.3132 0.0731
vn -0.9469 0.3132 -0.0731
vn -0.9323 0.3500 -0.0911
vn -0.9208 0.3384 -0.1941
vn -0.9015 0.3764 -0.2139
vn -0.9003 0.3795 -0.2134
vn -0.9005 0.3788 -0.2135
vn -0.8686 0.3333 -0.3668
vn -0.8693 0.3320 -0.3662
vn -0.8651 0.3391 -0.3695
vn -0.8642 0.3407 -0.3703
vn -0.8018 0.3406 -0.4911
vn -0.8018 0.3410 -0.4908
vn -0.8018 0.3405 -0.4912
vn -0.7768 0.4120 -0.4763
vn -0.7775 0.4109 -0.4760
vn -0.7777 0.4107 -0.4759
vn -0.7766 0.4123 -0.4764
vn -0.7470 0.4841 -0.4557
vn -0.7471 0.4828 -0.4569
vn -0.7471 0.4831 -0.4566
vn -0.6661 0.4818 -0.5693
vn -0.6660 0.4820 -0.5694
vn -0.6660 0.4819 -0.5694
vn -0.5692 0.4822 -0.6660
vn -0.5692 0.4824 -0.6659
vn -0.5691 0.4818 -0.6663
vn -0.5432 0.5485 -0.6357
vn -0.5433 0.5484 -0.6357
vn -0.5438 0.5479 -0.6357
vn -0.5431 0.5487 -0.6357
vn -0.5137 0.6117 -0.6016
vn -0.5138 0.6125 -0.6007
vn -0.5138 0.6123 -0.6009
vn -0.4127 0.6124 -0.6743
vn -0.4126 0.6125 -0.6743
vn -0.4133 0.6119 -0.6744
vn -0.4135 0.6117 -0.6744
vn -0.3026 0.6117 -0.7309
vn -0.2833 0.6719 -0.6843
vn -0.2843 0.6712 -0.6846
vn -0.2845 0.6711 -0.6846
vn -0.2833 0.6721 -0.6841
vn -0.2622 0.7271 -0.6345
vn -0.2628 0.7282 -0.6330
vn -0.2629 0.7280 -0.6331
vn -0.1603 0.7277 -0.6669
vn -0.1596 0.7282 -0.6665
vn -0.1605 0.7275 -0.6670
vn -0.1608 0.7273 -0.6672
vn -0.0535 0.7275 -0.6840
vn -0.0536 0.7277 -0.6838
vn -0.0533 0.7273 -0.6842
vn -0.0487 0.7795 -0.6245
vn -0.0494 0.7791 -0.6250
vn -0.0502 0.7784 -0.6257
vn -0.0486 0.7796 -0.6243
vn -0.0429 0.8255 -0.5628
vn -0.0446 0.8265 -0.5611
vn -0.0437 0.8259 -0.5621
vn 0.0437 0.8259 -0.5621
vn 0.0446 0.8265 -0.5611
vn 0.0429 0.8255 -0.5628
vn 0.0429 0.8254 -0.5629
vn 0.1331 0.8255 -0.5485
vn 0.1320 0.8260 -0.5480
vn 0.1331 0.8254 -0.5486
vn 0.1161 0.8677 -0.4834
vn 0.1165 0.8683 -0.4821
vn 0.1152 0.8671 -0.4846
vn 0.1170 0.8682 -0.4821
vn 0.1009 0.9042 -0.4151
vn 0.0991 0.9047 -0.4143
vn 0.1024 0.9036 -0.4159
vn 0.1614 0.9037 -0.3965
vn 0.1633 0.9047 -0.3934
vn 0.1623 0.9042 -0.3952
vn 0.1614 0.9036 -0.3968
vn 0.2242 0.9042 -0.3636
vn 0.2259 0.9036 -0.3639
vn 0.2262 0.9036 -0.3638
vn 0.1849 0.9346 -0.3037
vn 0.1863 0.9354 -0.3007
vn 0.1847 0.9346 -0.3041
vn 0.1866 0.9355 -0.3001
vn 0.1455 0.9605 -0.2373
vn 0.1447 0.9606 -0.2374
vn 0.1507 0.9597 -0.2370
vn 0.1790 0.9597 -0.2166
vn 0.1812 0.9606 -0.2110
vn 0.1809 0.9604 -0.2117
vn 0.1785 0.9596 -0.2177
vn 0.2133 0.9597 -0.1830
vn 0.2220 0.9657 -0.1344
vn 0.3007 0.9354 -0.1863
vn 0.3001 0.9355 -0.1866
vn 0.3037 0.9346 -0.1849
vn 0.3041 0.9346 -0.1847
vn 0.3639 0.9036 -0.2259
vn 0.3636 0.9042 -0.2242
vn 0.3638 0.9036 -0.2262
vn 0.3952 0.9042 -0.1623
vn 0.3965 0.9037 -0.1614
vn 0.3968 0.9036 -0.1614
vn 0.3934 0.9047 -0.1633
vn 0.0672 0.9977 -0.0107
vn 0.1207 0.9925 -0.0177
vn 0.1202 0.9926 -0.0192
vn 0.1220 0.9924 -0.0137
vn 0.1226 0.9924 -0.0121
vn 0.2013 0.9794 -0.0127
vn 0.2028 0.9791 -0.0176
vn 0.2008 0.9796 -0.0108
vn 0.2028 0.9791 0.0176
vn 0.2013 0.9794 0.0127
vn 0.2008 0.9796 0.0108
vn 0.2033 0.9789 0.0191
vn 0.2040 0.9782 0.0380
vn 0.1993 0.9789 0.0447
vn 0.2005 0.9787 0.0430
vn 0.2723 0.9596 0.0712
vn 0.2687 0.9615 0.0573
vn 0.3373 0.9381 0.0785
vn 0.3279 0.9348 0.1364
vn 0.3260 0.9368 0.1267
vn 0.3257 0.9372 0.1248
vn 0.3281 0.9346 0.1373
vn 0.3143 0.9346 0.1663
vn 0.3163 0.9295 0.1898
vn 0.2754 0.9308 0.2405
vn 0.2757 0.9313 0.2382
vn 0.2757 0.9313 0.2379
vn 0.2753 0.9307 0.2408
vn 0.2399 0.9299 0.2786
vn 0.2391 0.9301 0.2788
vn 0.2397 0.9300 0.2788
vn 0.2759 0.9037 0.3273
vn 0.2761 0.9036 0.3276
vn 0.2766 0.9041 0.3256
vn 0.2770 0.9048 0.3235
vn 0.3230 0.8676 0.3780
vn 0.3229 0.8677 0.3780
vn 0.3215 0.8682 0.3780
vn 0.2597 0.8676 0.4240
vn 0.2601 0.8682 0.4226
vn 0.2602 0.8682 0.4225
vn 0.2593 0.8671 0.4254
vn 0.1888 0.8681 0.4590
vn 0.1917 0.8671 0.4598
vn 0.1902 0.8676 0.4594
vn 0.2153 0.8260 0.5209
vn 0.2148 0.8254 0.5220
vn 0.2151 0.8255 0.5219
vn 0.2159 0.8266 0.5197
vn 0.2401 0.7790 0.5792
vn 0.2396 0.7794 0.5789
vn 0.2394 0.7795 0.5789
vn 0.1466 0.7793 0.6093
vn 0.1461 0.7790 0.6098
vn 0.1466 0.7795 0.6091
vn 0.1456 0.7784 0.6106
vn 0.0494 0.7791 0.6250
vn 0.0502 0.7784 0.6257
vn 0.0486 0.7795 0.6245
vn 0.0536 0.7277 0.6838
vn 0.0533 0.7273 0.6842
vn 0.0534 0.7274 0.6841
vn 0.0541 0.7281 0.6833
vn 0.0588 0.6712 0.7390
vn 0.0580 0.6720 0.7383
vn 0.0578 0.6722 0.7381
vn -0.0580 0.6720 0.7383
vn -0.0588 0.6712 0.7390
vn -0.0578 0.6722 0.7381
vn -0.0589 0.6710 0.7391
vn -0.1475 0.6718 0.7259
vn -0.1608 0.6123 0.7741
vn -0.1473 0.6244 0.7671
vn -0.1614 0.5488 0.8202
vn -0.1620 0.5498 0.8194
vn -0.1622 0.5500 0.8193
vn -0.2895 0.5304 0.7968
vn -0.2708 0.5474 0.7918
vn -0.3693 0.5339 0.7606
vn -0.3881 0.5178 0.7624
vn -0.3879 0.5190 0.7617
vn -0.3878 0.5193 0.7616
vn 0.1085 0.2779 0.9545
vn 0.1244 0.2761 0.9530
vn -0.7941 0.5891 0.1492
vn -0.7942 0.5891 0.1492
vn -0.7941 0.5892 0.1492
vn -0.7942 0.5891 0.1491
vn -0.4953 0.5771 0.6493
vn -0.4952 0.5772 0.6493
vn -0.4952 0.5771 0.6493
vn -0.4955 0.5771 0.6492
vn -0.4955 0.5770 0.6493
vn -0.3459 0.9169 0.1993
vn -0.3460 0.9169 0.1990
vn -0.3460 0.9169 0.1987
vn -0.1148 0.9211 0.3719
vn -0.1147 0.9212 0.3717
vn -0.1149 0.9208 0.3727
vn -0.7068 0.0426 0.7061
vn -0.8808 0.1266 0.4562
vn -0.6049 0.5178 0.6049
vn -0.6049 0.5178 0.6050
vn -0.6047 0.5179 0.6051
vn -0.6052 0.5175 0.6049
vn -0.6053 0.5176 0.6047
vn 0.1582 0.4942 0.8548
vn 0.2457 0.7951 0.5545
vn -0.9651 0.1295 0.2275
vn -0.9651 0.1299 0.2276
vn -0.9650 0.1304 0.2276
vn -0.8795 0.0096 0.4758
vn -0.8794 0.0093 0.4759
vn -0.8796 0.0099 0.4757
vn -0.6680 0.5518 0.4993
vn -0.6680 0.5516 0.4994
vn -0.6683 0.5515 0.4992
vn -0.6682 0.5518 0.4991
vn -0.6678 0.5519 0.4994
vn -0.4935 0.1277 0.8603
vn -0.4936 0.1278 0.8603
vn -0.4934 0.1277 0.8604
vn -0.4937 0.1278 0.8602
vn -0.4647 0.7961 -0.3876
vn -0.4666 0.7988 -0.3797
vn -0.4673 0.7998 -0.3768
vn -0.4642 0.7954 -0.3897
vn -0.7635 0.5350 0.3617
vn -0.7729 0.5208 0.3624
vn -0.7557 0.5380 0.3733
vn -0.7556 0.5405 0.3701
vn -0.7585 0.5374 0.3686
vn -0.7550 0.5376 0.3756
vn -0.7544 0.5433 0.3684
vn -0.7992 0.4955 0.3402
vn -0.8633 0.4705 0.1827
vn -0.8859 0.4269 0.1816
vn -0.8970 0.4149 0.1526
vn -0.9143 0.3782 0.1446
vn -0.9529 0.2865 0.0997
vn -0.9323 0.3500 0.0911
vn 0.0142 -0.9958 -0.0899
vn 0.0201 -0.9901 -0.1392
vn 0.0220 -0.9901 -0.1385
vn 0.0150 -0.9899 -0.1408
vn 0.0130 -0.9899 -0.1415
vn 0.0134 -0.9783 -0.2070
vn 0.0176 -0.9779 -0.2082
vn 0.0119 -0.9784 -0.2065
vn -0.0176 -0.9779 -0.2082
vn -0.0134 -0.9783 -0.2070
vn -0.0119 -0.9784 -0.2065
vn -0.0189 -0.9778 -0.2086
vn -0.0511 -0.9783 -0.2009
vn -0.0465 -0.9778 -0.2042
vn -0.0475 -0.9779 -0.2034
vn -0.0635 -0.9657 -0.2518
vn -0.0637 -0.9657 -0.2518
vn -0.0630 -0.9658 -0.2516
vn -0.0627 -0.9658 -0.2515
vn -0.0789 -0.9455 -0.3159
vn -0.0790 -0.9455 -0.3158
vn -0.1217 -0.9455 -0.3019
vn -0.1218 -0.9455 -0.3019
vn -0.1216 -0.9456 -0.3018
vn -0.1828 -0.9406 -0.2859
vn -0.1761 -0.9222 -0.3444
vn -0.1763 -0.9221 -0.3444
vn -0.1764 -0.9222 -0.3442
vn -0.1820 -0.9214 -0.3432
vn -0.3804 -0.9184 0.1091
vn -0.6139 -0.7882 -0.0431
vn 0.1998 -0.7734 -0.6015
vn 0.1995 -0.7735 -0.6016
vn 0.1990 -0.7735 -0.6017
vn 0.2457 -0.8693 -0.4289
vn 0.2455 -0.8693 -0.4291
vn -0.1481 -0.8908 -0.4295
vn -0.1481 -0.8910 -0.4292
vn -0.1483 -0.8908 -0.4296
vn -0.1480 -0.8907 -0.4298
vn -0.1480 -0.8906 -0.4300
vn 0.0553 -0.9909 -0.1226
vn 0.0554 -0.9908 -0.1235
vn 0.0554 -0.9908 -0.1237
vn 0.0552 -0.9911 -0.1215
vn -0.4621 -0.3423 -0.8181
vn -0.4700 -0.3883 -0.7927
vn -0.2563 -0.8518 -0.4569
vn -0.2005 -0.8134 -0.5461
vn -0.2036 -0.8176 -0.5386
vn -0.2036 -0.8174 -0.5388
vn -0.1982 -0.8129 -0.5477
vn -0.1989 -0.8124 -0.5482
vn -0.2153 -0.7719 -0.5981
vn -0.1296 -0.7729 -0.6212
vn -0.1300 -0.7735 -0.6204
vn -0.1237 -0.7667 -0.6300
vn -0.1232 -0.7665 -0.6304
vn -0.0509 -0.7678 -0.6387
vn -0.0536 -0.7277 -0.6838
vn -0.0534 -0.7274 -0.6841
vn -0.0533 -0.7273 -0.6842
vn -0.0541 -0.7281 -0.6833
vn -0.0588 -0.6712 -0.7390
vn -0.0578 -0.6722 -0.7381
vn -0.0579 -0.6721 -0.7382
vn 0.0580 -0.6720 -0.7383
vn 0.0578 -0.6722 -0.7381
vn 0.0588 -0.6712 -0.7390
vn 0.0589 -0.6710 -0.7391
vn 0.1404 -0.6720 -0.7272
vn 0.1496 -0.6125 -0.7762
vn 0.1605 -0.5485 -0.8206
vn 0.1596 -0.5472 -0.8216
vn 0.1597 -0.5473 -0.8215
vn 0.2879 -0.5273 -0.7994
vn 0.2974 -0.5118 -0.8060
vn 0.2986 -0.5155 -0.8032
vn 0.2981 -0.5136 -0.8046
vn 0.3819 -0.5187 -0.7649
vn 0.3831 -0.5188 -0.7642
vn 0.3896 -0.5145 -0.7639
vn 0.3904 -0.5129 -0.7646
vn 0.2117 -0.2738 -0.9382
vn 0.4457 -0.1112 -0.8882
vn 0.3678 -0.9262 -0.0826
vn 0.3678 -0.9262 -0.0827
vn 0.3677 -0.9263 -0.0826
vn 0.0709 -0.9623 -0.2625
vn 0.0708 -0.9623 -0.2624
vn 0.5013 -0.5431 -0.6736
vn 0.5014 -0.5431 -0.6735
vn 0.5013 -0.5430 -0.6737
vn -0.2062 -0.6101 -0.7650
vn -0.2063 -0.6100 -0.7651
vn -0.2059 -0.6103 -0.7650
vn -0.2066 -0.6098 -0.7651
vn 0.8641 -0.3186 -0.3897
vn 0.8751 -0.3185 -0.3642
vn 0.6073 -0.5168 -0.6034
vn 0.6074 -0.5169 -0.6033
vn 0.6072 -0.5167 -0.6035
vn 0.6074 -0.5170 -0.6031
vn 0.6372 -0.5118 -0.5763
vn 0.6374 -0.5313 -0.5581
vn 0.7366 -0.5351 -0.4136
vn 0.7183 -0.5754 -0.3911
vn 0.6873 -0.2517 -0.6814
vn 0.6887 -0.2420 -0.6834
vn 0.6888 -0.2406 -0.6838
vn 0.6869 -0.2541 -0.6809
vn 0.5343 -0.8407 0.0887
vn 0.5343 -0.8406 0.0887
vn 0.5342 -0.8407 0.0888
vn 0.6599 -0.7269 -0.1902
vn 0.6600 -0.7269 -0.1901
vn 0.6599 -0.7269 -0.1901
vn 0.6600 -0.7268 -0.1901
vn 0.7810 -0.6112 0.1284
vn 0.7810 -0.6112 0.1286
vn 0.8696 -0.4936 0.0127
vn 0.8696 -0.4935 0.0129
vn 0.8695 -0.4937 0.0126
vn 0.1223 -0.8808 -0.4575
vn 0.1212 -0.8803 -0.4586
vn 0.1209 -0.8803 -0.4589
vn 0.1170 -0.9720 -0.2036
vn 0.4259 -0.8733 -0.2365
vn 0.3652 -0.9179 -0.1549
vn 0.3645 -0.9183 -0.1544
vn 0.3642 -0.9184 -0.1545
vn 0.3717 -0.9157 -0.1530
vn -0.0142 -0.9958 -0.0899
vn -0.0240 -0.9901 -0.1385
vn -0.0220 -0.9901 -0.1385
vn -0.0293 -0.9899 -0.1386
vn -0.0314 -0.9899 -0.1386
vn -0.0525 -0.9784 -0.2000
vn -0.0810 -0.9779 -0.1926
vn -0.0768 -0.9783 -0.1927
vn -0.0752 -0.9784 -0.1927
vn -0.0823 -0.9778 -0.1925
vn -0.1107 -0.9783 -0.1754
vn -0.1073 -0.9778 -0.1798
vn -0.1081 -0.9779 -0.1787
vn -0.1412 -0.9648 -0.2221
vn -0.1402 -0.9649 -0.2220
vn -0.1452 -0.9641 -0.2223
vn -0.1456 -0.9641 -0.2222
vn -0.1553 -0.9394 -0.3055
vn -0.1907 -0.9301 -0.3139
vn -0.1831 -0.9211 -0.3435
vn -0.1841 -0.9210 -0.3434
vn -0.2160 -0.9058 -0.3644
vn -0.2159 -0.9060 -0.3642
vn -0.2166 -0.9092 -0.3555
vn -0.2471 -0.9076 -0.3395
vn -0.2200 -0.9134 -0.3424
vn -0.2737 -0.9145 -0.2978
vn -0.2721 -0.9125 -0.3054
vn -0.2728 -0.9124 -0.3053
vn -0.3150 -0.8824 -0.3495
vn -0.3013 -0.8881 -0.3472
vn -0.3434 -0.8565 -0.3853
vn -0.3741 -0.8494 -0.3722
vn -0.3727 -0.8499 -0.3726
vn -0.3719 -0.8502 -0.3726
vn -0.3776 -0.8485 -0.3707
vn -0.3787 -0.8480 -0.3707
vn -0.3791 -0.8479 -0.3707
vn -0.3970 -0.8625 -0.3138
vn -0.4571 -0.8235 -0.3359
vn -0.4586 -0.8230 -0.3353
vn -0.4468 -0.8274 -0.3402
vn -0.4465 -0.8275 -0.3404
vn -0.4973 -0.7828 -0.3741
vn -0.4979 -0.7861 -0.3664
vn -0.4973 -0.7827 -0.3744
vn -0.5427 -0.7827 -0.3048
vn -0.5455 -0.7810 -0.3040
vn -0.5425 -0.7827 -0.3051
vn -0.5486 -0.7793 -0.3029
vn -0.5792 -0.7790 -0.2401
vn -0.5795 -0.7785 -0.2409
vn -0.5789 -0.7794 -0.2396
vn -0.6331 -0.7281 -0.2629
vn -0.6347 -0.7270 -0.2621
vn -0.6345 -0.7271 -0.2623
vn -0.6329 -0.7282 -0.2628
vn -0.6846 -0.6712 -0.2843
vn -0.6843 -0.6719 -0.2833
vn -0.6841 -0.6721 -0.2833
vn -0.7202 -0.6719 -0.1729
vn -0.7210 -0.6712 -0.1725
vn -0.7199 -0.6721 -0.1731
vn -0.7211 -0.6711 -0.1723
vn -0.7389 -0.6712 -0.0588
vn -0.7391 -0.6710 -0.0589
vn -0.7382 -0.6720 -0.0580
vn -0.7882 -0.6123 -0.0623
vn -0.7888 -0.6116 -0.0618
vn -0.7883 -0.6121 -0.0622
vn -0.7881 -0.6124 -0.0624
vn -0.8339 -0.5479 -0.0660
vn -0.8336 -0.5484 -0.0657
vn -0.8335 -0.5486 -0.0655
vn -0.8336 -0.5484 0.0657
vn -0.8340 -0.5478 0.0661
vn -0.8335 -0.5486 0.0655
vn -0.8340 -0.5478 0.0662
vn -0.8136 -0.5479 0.1946
vn -0.8137 -0.5478 0.1946
vn -0.8130 -0.5486 0.1950
vn -0.8521 -0.4819 0.2043
vn -0.8522 -0.4817 0.2045
vn -0.8521 -0.4818 0.2044
vn -0.8519 -0.4822 0.2041
vn -0.8860 -0.4123 0.2124
vn -0.8859 -0.4123 0.2125
vn -0.8858 -0.4125 0.2125
vn -0.8416 -0.4122 0.3490
vn -0.8415 -0.4124 0.3489
vn -0.8415 -0.4125 0.3488
vn -0.8416 -0.4121 0.3491
vn -0.7772 -0.4121 0.4756
vn -0.8018 -0.3411 0.4907
vn -0.8018 -0.3405 0.4912
vn -0.8018 -0.3410 0.4908
vn -0.8018 -0.3413 0.4906
vn -0.8220 -0.2669 0.5031
vn -0.8220 -0.2668 0.5031
vn -0.8219 -0.2670 0.5031
vn -0.7325 -0.2667 0.6264
vn -0.7325 -0.2666 0.6265
vn -0.7325 -0.2670 0.6262
vn -0.7325 -0.2665 0.6265
vn -0.6698 -0.2672 0.6928
vn -0.6784 -0.1823 0.7117
vn -0.6819 -0.1925 0.7056
vn -0.6813 -0.1907 0.7068
vn -0.6779 -0.1809 0.7126
vn -0.0662 0.9978 0.0081
vn -0.0644 0.9978 0.0130
vn -0.0660 0.9978 0.0085
vn -0.1084 0.9939 0.0184
vn -0.1291 0.9916 -0.0076
vn -0.2040 0.9782 0.0380
vn -0.2053 0.9780 0.0361
vn -0.2005 0.9787 0.0430
vn -0.1993 0.9789 0.0447
vn -0.2723 0.9596 0.0712
vn -0.2775 0.9605 0.0218
vn -0.2803 0.9597 0.0174
vn -0.2810 0.9596 0.0164
vn -0.2771 0.9606 0.0225
vn -0.2804 0.9597 -0.0174
vn -0.2771 0.9606 -0.0225
vn -0.2775 0.9605 -0.0219
vn -0.3527 0.9354 -0.0259
vn -0.3524 0.9355 -0.0254
vn -0.3545 0.9346 -0.0291
vn -0.3546 0.9346 -0.0294
vn -0.4134 0.9100 -0.0308
vn -0.4134 0.9100 -0.0307
vn -0.4136 0.9100 -0.0306
vn -0.4041 0.9089 -0.1025
vn -0.4021 0.9102 -0.0990
vn -0.4021 0.9103 -0.0985
vn -0.4061 0.9077 -0.1063
vn -0.3974 0.9032 -0.1621
vn -0.3872 0.9066 -0.1679
vn -0.3926 0.9048 -0.1649
vn -0.4634 0.8642 -0.1959
vn -0.4615 0.8660 -0.1924
vn -0.4619 0.8657 -0.1930
vn -0.4653 0.8624 -0.1995
vn -0.5079 0.8361 -0.2071
vn -0.4930 0.8317 -0.2556
vn -0.4926 0.8322 -0.2546
vn -0.4932 0.8314 -0.2560
vn -0.4919 0.8330 -0.2532
vn -0.4224 0.8458 -0.3259
vn -0.4175 0.8291 -0.3720
vn -0.3758 0.8478 -0.3741
vn -0.3730 0.8497 -0.3727
vn -0.3730 0.8495 -0.3731
vn -0.3729 0.8499 -0.3724
vn -0.8316 0.4507 -0.3245
vn -0.8278 0.4548 -0.3283
vn -0.8270 0.4557 -0.3293
vn -0.8327 0.4495 -0.3235
vn 0.3100 0.9202 -0.2391
vn 0.3104 0.9200 -0.2392
vn 0.3110 0.9198 -0.2394
vn 0.3099 0.9202 -0.2390
vn -0.2612 0.8982 -0.3536
vn -0.2620 0.8985 -0.3523
vn -0.2619 0.8984 -0.3525
vn -0.2620 0.8985 -0.3521
vn -0.2621 0.8985 -0.3522
vn -0.0480 0.9818 0.1836
vn -0.0483 0.9818 0.1834
vn -0.0485 0.9819 0.1833
vn -0.3273 0.9175 0.2258
vn -0.3270 0.9175 0.2263
vn -0.3275 0.9175 0.2255
vn -0.0595 0.4468 -0.8927
vn -0.0592 0.4492 -0.8914
vn -0.0591 0.4499 -0.8911
vn 0.1998 0.5988 -0.7755
vn -0.2342 0.8488 -0.4741
vn -0.2380 0.8481 -0.4733
vn -0.2341 0.8481 -0.4753
vn -0.1800 0.8933 -0.4118
vn -0.1622 0.8938 -0.4181
vn -0.1190 0.9132 -0.3898
vn -0.0670 0.9094 -0.4104
vn -0.0873 0.9040 -0.4185
vn -0.0324 0.9042 -0.4259
vn -0.0312 0.9037 -0.4270
vn -0.0309 0.9036 -0.4272
vn -0.0290 0.9346 -0.3544
vn -0.0259 0.9354 -0.3527
vn -0.0294 0.9346 -0.3546
vn -0.0254 0.9355 -0.3524
vn -0.0219 0.9605 -0.2775
vn -0.0225 0.9606 -0.2771
vn -0.0174 0.9597 -0.2803
vn 0.0174 0.9597 -0.2803
vn 0.0225 0.9606 -0.2771
vn 0.0219 0.9605 -0.2775
vn 0.0164 0.9596 -0.2810
vn 0.0649 0.9605 -0.2707
vn 0.0701 0.9597 -0.2720
vn 0.0712 0.9596 -0.2723
vn 0.0460 0.9790 -0.1984
vn 0.0502 0.9794 -0.1954
vn 0.0447 0.9789 -0.1993
vn 0.0518 0.9796 -0.1943
vn 0.0248 0.9924 -0.1203
vn 0.0264 0.9924 -0.1203
vn 0.0207 0.9925 -0.1202
vn 0.1203 0.9924 -0.0264
vn 0.1954 0.9794 -0.0502
vn 0.1943 0.9796 -0.0518
vn 0.1984 0.9790 -0.0460
vn 0.1993 0.9789 -0.0447
vn 0.2720 0.9597 -0.0701
vn 0.2707 0.9605 -0.0649
vn 0.2723 0.9596 -0.0712
vn 0.2775 0.9605 -0.0218
vn 0.2804 0.9597 -0.0174
vn 0.2810 0.9596 -0.0164
vn 0.2771 0.9606 -0.0225
vn 0.2803 0.9597 0.0174
vn 0.2771 0.9606 0.0225
vn 0.2775 0.9605 0.0219
vn 0.3527 0.9354 0.0259
vn 0.3524 0.9355 0.0254
vn 0.3545 0.9346 0.0291
vn 0.3546 0.9346 0.0294
vn 0.4270 0.9037 0.0311
vn 0.4259 0.9042 0.0324
vn 0.4272 0.9036 0.0309
vn 0.4174 0.9038 0.0945
vn 0.4170 0.9041 0.0939
vn 0.4172 0.9038 0.0948
vn 0.4139 0.9063 0.0852
vn 0.3787 0.9126 0.1538
vn 0.3840 0.9055 0.1807
vn 0.3624 0.9076 0.2120
vn 0.3639 0.9035 0.2263
vn 0.3218 0.9037 0.2823
vn 0.3260 0.9025 0.2816
vn 0.3258 0.9026 0.2815
vn 0.3780 0.8669 0.3249
vn 0.3780 0.8667 0.3256
vn 0.3780 0.8672 0.3243
vn 0.4301 0.8254 0.3656
vn 0.3653 0.8258 0.4296
vn 0.3654 0.8262 0.4289
vn 0.3653 0.8258 0.4298
vn 0.3655 0.8266 0.4279
vn 0.2948 0.8260 0.4804
vn 0.2934 0.8267 0.4801
vn 0.2960 0.8256 0.4804
vn 0.3270 0.7793 0.5345
vn 0.3273 0.7800 0.5334
vn 0.3272 0.7799 0.5336
vn 0.3266 0.7786 0.5358
vn 0.3589 0.7270 0.5853
vn 0.2622 0.7271 0.6345
vn 0.2629 0.7281 0.6331
vn 0.2621 0.7270 0.6347
vn 0.2628 0.7282 0.6330
vn 0.1603 0.7277 0.6669
vn 0.1596 0.7282 0.6665
vn 0.1606 0.7275 0.6671
vn 0.1724 0.6711 0.7210
vn 0.1731 0.6721 0.7199
vn 0.1730 0.6720 0.7201
vn 0.1723 0.6711 0.7211
vn 0.1842 0.6121 0.7690
vn 0.1847 0.6116 0.7693
vn 0.1849 0.6115 0.7693
vn 0.0622 0.6121 0.7883
vn 0.0623 0.6123 0.7882
vn 0.0618 0.6116 0.7888
vn 0.0624 0.6124 0.7881
vn -0.0623 0.6123 0.7882
vn -0.0624 0.6124 0.7881
vn -0.0622 0.6121 0.7883
vn -0.0660 0.5479 0.8339
vn -0.0655 0.5486 0.8335
vn -0.0657 0.5484 0.8336
vn -0.0662 0.5478 0.8340
vn -0.0689 0.4823 0.8733
vn -0.0687 0.4818 0.8736
vn -0.0686 0.4816 0.8737
vn -0.1726 0.4825 0.8587
vn -0.1822 0.4718 0.8627
vn -0.3032 0.5256 0.7949
vn -0.3600 0.4721 0.8047
vn -0.3882 0.5180 0.7622
vn -0.3881 0.5179 0.7623
vn -0.3885 0.5178 0.7622
vn -0.1449 0.0884 0.9855
vn -0.1924 0.1124 0.9749
vn -0.5947 0.7952 0.1182
vn -0.5946 0.7952 0.1183
vn -0.5948 0.7952 0.1180
vn -0.5946 0.7953 0.1185
vn -0.9529 0.2865 -0.0997
vn -0.9132 0.3805 -0.1457
vn -0.8839 0.4447 -0.1448
vn -0.8732 0.4477 -0.1924
vn -0.8315 0.5202 -0.1948
vn -0.8119 0.4575 -0.3626
vn -0.7898 0.4884 -0.3711
vn -0.7469 0.4844 -0.4555
vn -0.7167 0.5476 -0.4318
vn -0.7385 0.5187 -0.4308
vn -0.7185 0.5687 -0.4004
vn -0.6599 0.6311 -0.4078
vn -0.6714 0.6050 -0.4281
vn -0.6181 0.6749 -0.4030
vn -0.6136 0.6782 -0.4044
vn -0.6131 0.6785 -0.4046
vn -0.6456 0.6747 -0.3577
vn -0.5719 0.7545 -0.3219
vn -0.5060 0.7342 -0.4527
vn -0.3728 0.8589 -0.3512
vn -0.8660 0.2264 0.4458
vn -0.8660 0.2264 0.4459
vn -0.7129 0.7013 -0.0000
vn -0.7129 0.7012 -0.0000
vn -0.7129 0.7013 -0.0001
vn -0.9811 0.0999 -0.1654
vn -0.9811 0.0999 -0.1655
vn -0.9812 0.0998 -0.1654
vn -0.8660 0.2263 -0.4458
vn -0.8661 0.2262 -0.4458
vn -0.3849 0.8574 0.3416
vn -0.5133 0.7372 0.4394
vn -0.5827 0.7566 0.2968
vn -0.5911 0.7423 0.3157
vn -0.5701 0.7308 0.3755
vn -0.5604 0.7552 0.3400
vn -0.4917 0.7520 0.4391
vn -0.4936 0.7507 0.4392
vn -0.4915 0.7522 0.4390
vn -0.5148 0.7125 0.4768
vn -0.4974 0.6942 0.5203
vn -0.5448 0.6400 0.5419
vn -0.5443 0.6408 0.5414
vn -0.5448 0.6398 0.5421
vn -0.5415 0.6466 0.5372
vn -0.5577 0.6330 0.5369
vn -0.5540 0.6456 0.5256
vn -0.5763 0.6274 0.5237
vn -0.6200 0.5287 0.5797
vn -0.5764 0.5474 0.6067
vn 0.2323 0.7935 0.5625
vn 0.0644 -0.9958 0.0644
vn 0.0900 -0.9919 0.0899
vn 0.1040 -0.9909 0.0859
vn 0.1276 -0.9828 0.1332
vn 0.1245 -0.9824 0.1391
vn 0.1278 -0.9828 0.1330
vn 0.1591 -0.9787 0.1299
vn 0.1668 -0.9716 0.1676
vn 0.1669 -0.9716 0.1676
vn 0.1667 -0.9716 0.1679
vn 0.1668 -0.9716 0.1677
vn 0.1665 -0.9717 0.1676
vn 0.1785 -0.9714 0.1569
vn 0.2228 -0.9524 0.2082
vn 0.2444 -0.9528 0.1798
vn 0.3207 -0.9298 0.1805
vn 0.3345 -0.9255 0.1776
vn 0.3336 -0.9259 0.1772
vn 0.3255 -0.9295 0.1736
vn 0.3354 -0.9251 0.1780
vn 0.4000 -0.9030 0.1569
vn 0.3746 -0.8969 0.2348
vn 0.3741 -0.9064 0.1964
vn 0.3318 -0.9117 0.2423
vn 0.3322 -0.9116 0.2423
vn 0.3267 -0.9138 0.2412
vn 0.3135 -0.9086 0.2758
vn 0.2736 -0.9221 0.2737
vn 0.2737 -0.9223 0.2728
vn 0.2736 -0.9221 0.2735
vn 0.2768 -0.9191 0.2805
vn 0.6493 -0.7054 0.2844
vn 0.6528 -0.7010 0.2872
vn 0.6530 -0.7006 0.2876
vn 0.5466 -0.6476 0.5309
vn -0.2775 -0.9533 -0.1192
vn -0.2780 -0.9530 -0.1205
vn -0.2779 -0.9530 -0.1207
vn -0.0434 -0.9562 -0.2895
vn -0.0433 -0.9561 -0.2898
vn -0.0434 -0.9563 -0.2893
vn 0.1699 -0.9525 0.2527
vn 0.1703 -0.9523 0.2531
vn 0.1700 -0.9525 0.2527
vn 0.1692 -0.9526 0.2529
vn 0.1698 -0.9523 0.2535
vn 0.4965 -0.8403 -0.2178
vn 0.4963 -0.8404 -0.2176
vn 0.4962 -0.8405 -0.2176
vn 0.4968 -0.8400 -0.2179
vn -0.1475 -0.8008 0.5805
vn -0.0610 -0.8237 0.5638
vn 0.1429 -0.9141 0.3795
vn 0.0577 -0.9592 0.2768
vn 0.1247 -0.9550 0.2692
vn 0.1246 -0.9550 0.2693
vn 0.1249 -0.9550 0.2692
vn 0.0994 -0.9716 0.2148
vn 0.1067 -0.9717 0.2109
vn 0.0962 -0.9715 0.2165
vn 0.0728 -0.9719 0.2240
vn 0.0565 -0.9758 0.2113
vn 0.0089 -0.9756 0.2193
vn 0.0073 -0.9903 0.1384
vn 0.0150 -0.9899 0.1408
vn 0.0220 -0.9901 0.1385
vn 0.0201 -0.9901 0.1392
vn 0.0142 -0.9958 0.0899
vn 0.4590 0.8682 -0.1888
vn 0.4594 0.8676 -0.1902
vn 0.4589 0.8682 -0.1887
vn 0.4598 0.8671 -0.1917
vn 0.4950 0.8440 -0.2066
vn 0.4977 0.8426 -0.2058
vn 0.4971 0.8429 -0.2059
vn 0.4570 0.8442 -0.2801
vn 0.4571 0.8441 -0.2803
vn 0.4569 0.8443 -0.2800
vn 0.4568 0.8445 -0.2795
vn 0.4075 0.8443 -0.3479
vn 0.4073 0.8444 -0.3479
vn 0.4070 0.8446 -0.3479
vn 0.4351 0.8199 -0.3721
vn 0.4348 0.8204 -0.3714
vn 0.4346 0.8206 -0.3711
vn 0.4353 0.8196 -0.3725
vn 0.4730 0.7826 -0.4047
vn 0.4624 0.7564 -0.4627
vn 0.4625 0.7567 -0.4620
vn 0.4626 0.7564 -0.4623
vn 0.4633 0.7539 -0.4658
vn 0.4619 0.7562 -0.4635
vn 0.4623 0.7558 -0.4637
vn 0.3810 0.7791 -0.4979
vn 0.3975 0.7426 -0.5389
vn 0.4021 0.7518 -0.5225
vn 0.3683 0.8026 -0.4693
vn 0.3090 0.7766 -0.5490
vn 0.3212 0.6797 -0.6594
vn 0.3391 0.6959 -0.6330
vn 0.3449 0.6428 -0.6840
vn 0.3464 0.6446 -0.6816
vn 0.3470 0.6447 -0.6812
vn 0.3453 0.6433 -0.6834
vn 0.3447 0.6421 -0.6848
vn 0.2456 0.6713 -0.6993
vn 0.2474 0.6057 -0.7563
vn 0.2646 0.6214 -0.7375
vn 0.2923 0.5527 -0.7804
vn 0.2833 0.5580 -0.7800
vn 0.2920 0.5529 -0.7804
vn 0.1712 0.5322 -0.8291
vn 0.1713 0.5326 -0.8289
vn 0.1713 0.5319 -0.8293
vn 0.1712 0.5318 -0.8294
vn 0.1308 0.5037 -0.8539
vn 0.1497 0.4769 -0.8661
vn 0.1497 0.4766 -0.8663
vn 0.1496 0.4762 -0.8665
vn 0.1497 0.4771 -0.8660
vn 0.1749 0.3845 -0.9064
vn 0.4569 0.4231 -0.7824
vn 0.4609 0.4405 -0.7704
vn -0.6553 0.1094 -0.7474
vn -0.6554 0.1094 -0.7473
vn -0.6555 0.4347 -0.6175
vn -0.6554 0.4347 -0.6177
vn -0.6555 0.4348 -0.6174
vn -0.0000 0.3703 -0.9289
vn -0.0000 0.3702 -0.9290
vn 0.0002 0.3700 -0.9290
vn 0.0001 0.3702 -0.9290
vn -0.0000 0.3701 -0.9290
vn -0.1692 0.8670 -0.4688
vn -0.1691 0.8670 -0.4686
vn -0.1693 0.8668 -0.4690
vn 0.9217 0.3181 -0.2218
vn 0.9438 0.2577 -0.2069
vn 0.9506 0.2946 -0.0977
vn 0.9704 0.2301 -0.0740
vn 0.9548 0.2847 0.0853
vn 0.9584 0.2691 0.0951
vn 0.9366 0.2695 0.2240
vn 0.9544 0.1919 0.2286
vn 0.9544 0.1920 0.2286
vn 0.9544 0.1918 0.2287
vn 0.9544 0.1917 0.2287
vn 0.9660 0.1154 0.2315
vn 0.9660 0.1153 0.2314
vn 0.9659 0.1155 0.2315
vn 0.9175 0.1153 0.3805
vn 0.9176 0.1154 0.3805
vn 0.9176 0.1155 0.3804
vn 0.9175 0.1152 0.3806
vn 0.8586 0.1170 0.4991
vn 0.8593 0.1153 0.4983
vn 0.8561 0.1231 0.5019
vn 0.8637 0.0706 0.4990
vn 0.8616 0.0567 0.5044
vn 0.8630 0.0209 0.5047
vn 0.7767 0.0260 0.6293
vn 0.7585 -0.0816 0.6465
vn 0.7172 -0.0305 0.6962
vn 0.7050 -0.0775 0.7050
vn 0.7050 -0.0771 0.7050
vn 0.7049 -0.0776 0.7050
vn 0.7048 -0.0775 0.7051
vn 0.7049 -0.0775 0.7050
vn 0.8170 -0.3411 0.4649
vn 0.7841 -0.3283 0.5267
vn 0.1729 0.3909 0.9040
vn 0.1721 0.3910 0.9042
vn 0.1719 0.3910 0.9042
vn 0.1730 0.3909 0.9040
vn 0.5894 -0.0043 0.8078
vn 0.5892 -0.0041 0.8080
vn 0.5892 -0.0044 0.8080
vn 0.5894 -0.0043 0.8079
vn 0.5898 -0.0042 0.8076
vn 0.6083 0.5348 0.5865
vn 0.6081 0.5350 0.5865
vn 0.6081 0.5351 0.5865
vn 0.8093 0.3901 0.4392
vn 0.8092 0.3906 0.4390
vn 0.8092 0.3900 0.4393
vn 0.1985 -0.3754 0.9054
vn 0.1116 -0.1538 0.9818
vn 0.4357 -0.0819 0.8963
vn 0.4365 0.0559 0.8980
vn 0.3703 0.0660 0.9266
vn 0.3729 0.0484 0.9266
vn 0.2129 0.1233 0.9693
vn 0.2094 0.1171 0.9708
vn 0.2136 0.1247 0.9689
vn 0.2141 0.2177 0.9522
vn 0.2286 0.1920 0.9544
vn -0.6883 -0.0391 0.7244
vn -0.6715 -0.0023 0.7410
vn -0.5626 -0.0786 0.8230
vn -0.4998 -0.0094 0.8661
vn -0.4526 -0.0772 0.8884
vn -0.4526 -0.0769 0.8884
vn -0.4434 -0.0184 0.8961
vn -0.4632 -0.0359 0.8855
vn -0.3600 0.3532 0.8635
vn -0.2165 0.3522 0.9105
vn -0.2322 0.0712 0.9701
vn -0.2318 0.0723 0.9701
vn -0.2319 0.0719 0.9701
vn -0.2324 0.0709 0.9700
vn -0.2315 0.1153 0.9660
vn -0.2315 0.1154 0.9660
vn -0.2314 0.1152 0.9660
vn -0.0785 0.1154 0.9902
vn -0.0785 0.1153 0.9902
vn -0.0784 0.1154 0.9902
vn 0.0785 0.1153 0.9902
vn 0.0784 0.1154 0.9902
vn 0.0785 0.1154 0.9902
vn 0.0775 0.1922 0.9783
vn 0.0776 0.1923 0.9783
vn 0.0774 0.1921 0.9783
vn 0.0774 0.1919 0.9783
vn 0.0762 0.2665 0.9608
vn 0.0762 0.2664 0.9608
vn 0.0763 0.2663 0.9609
vn 0.2243 0.2665 0.9374
vn 0.2245 0.2670 0.9372
vn 0.2242 0.2663 0.9374
vn 0.2246 0.2672 0.9371
vn 0.3690 0.2672 0.8902
vn 0.3691 0.2672 0.8902
vn 0.3692 0.2670 0.8902
vn 0.3600 0.3406 0.8686
vn 0.3602 0.3412 0.8682
vn 0.3600 0.3407 0.8685
vn 0.3599 0.3405 0.8687
vn 0.3490 0.4122 0.8416
vn 0.3489 0.4124 0.8415
vn 0.3491 0.4121 0.8416
vn 0.4792 0.4119 0.7750
vn 0.4693 0.3783 0.7979
vn 0.6080 0.3674 0.7038
vn 0.6072 0.3686 0.7039
vn 0.6117 0.3619 0.7035
vn 0.5956 0.4443 0.6693
vn 0.6250 0.4688 0.6242
vn 0.6095 0.5122 0.6051
vn 0.3993 0.3176 0.8601
vn 0.2517 0.5528 0.7944
vn 0.2468 0.5532 0.7957
vn 0.2476 0.5559 0.7935
vn 0.2510 0.5568 0.7918
vn 0.2539 0.5552 0.7921
vn 0.1858 0.7619 0.6204
vn 0.5343 0.6493 0.5413
vn 0.5166 0.6733 0.5290
vn 0.4889 0.6816 0.5444
vn 0.4335 0.7441 0.5084
vn 0.4335 0.7443 0.5081
vn 0.4335 0.7440 0.5085
vn 0.3464 0.7354 0.5824
vn -0.3325 -0.4961 -0.8021
vn -0.3325 -0.4962 -0.8020
vn -0.3324 -0.4960 -0.8022
vn -0.3446 -0.4442 -0.8270
vn -0.3431 -0.4463 -0.8265
vn -0.3434 -0.4460 -0.8265
vn -0.2079 -0.4468 -0.8701
vn -0.2082 -0.4472 -0.8699
vn -0.2071 -0.4446 -0.8715
vn -0.2068 -0.4440 -0.8718
vn -0.0980 -0.4149 -0.9046
vn -0.1034 -0.4344 -0.8948
vn -0.0371 -0.3953 -0.9178
vn -0.0185 -0.3092 -0.9508
vn -0.0578 -0.3765 -0.9246
vn -0.0736 -0.2825 -0.9564
vn -0.0121 -0.2422 -0.9702
vn -0.0082 -0.1906 -0.9816
vn -0.0068 -0.1892 -0.9819
vn -0.0066 -0.1889 -0.9820
vn -0.0099 -0.1924 -0.9813
vn -0.0098 -0.1169 -0.9931
vn -0.0099 -0.1167 -0.9931
vn -0.0097 -0.1169 -0.9931
vn 0.1204 -0.1164 -0.9859
vn 0.1203 -0.1166 -0.9859
vn 0.1207 -0.1158 -0.9859
vn 0.1209 -0.1155 -0.9859
vn 0.2315 -0.1154 -0.9660
vn 0.2315 -0.1153 -0.9660
vn 0.2314 -0.1152 -0.9660
vn 0.2328 -0.0389 -0.9717
vn 0.2328 -0.0390 -0.9717
vn 0.2329 -0.0389 -0.9717
vn 0.2328 0.0390 -0.9717
vn 0.2328 0.0389 -0.9717
vn 0.3828 0.0387 -0.9230
vn 0.3830 0.0390 -0.9229
vn 0.3829 0.0389 -0.9230
vn 0.3828 0.0386 -0.9230
vn 0.5217 0.0388 -0.8523
vn 0.5217 0.0387 -0.8522
vn 0.5217 0.0386 -0.8522
vn 0.5186 0.1151 -0.8472
vn 0.5186 0.1152 -0.8472
vn 0.5123 0.1920 -0.8371
vn 0.5123 0.1921 -0.8371
vn 0.5124 0.1918 -0.8370
vn 0.6377 0.1920 -0.7460
vn 0.6377 0.1921 -0.7459
vn 0.7319 0.1935 -0.6534
vn 0.7292 0.1985 -0.6548
vn 0.7326 0.1922 -0.6530
vn 0.7198 0.2668 -0.6409
vn 0.7230 0.2845 -0.6295
vn 0.7068 0.3528 -0.6131
vn 0.7940 0.3802 -0.4744
vn 0.7961 0.3585 -0.4876
vn 0.8594 0.3670 -0.3560
vn 0.8603 0.3654 -0.3555
vn 0.8591 0.3675 -0.3561
vn 0.8416 0.4122 -0.3490
vn 0.8415 0.4124 -0.3489
vn 0.8416 0.4121 -0.3491
vn 0.8415 0.4125 -0.3488
vn 0.8096 0.4817 -0.3355
vn 0.8092 0.4822 -0.3357
vn 0.8093 0.4821 -0.3356
vn -0.0644 -0.9958 -0.0644
vn -0.1008 -0.9901 -0.0980
vn -0.0992 -0.9901 -0.0992
vn -0.1051 -0.9899 -0.0950
vn -0.1068 -0.9899 -0.0937
vn -0.1594 -0.9783 -0.1326
vn -0.1580 -0.9779 -0.1366
vn -0.1600 -0.9784 -0.1310
vn -0.1788 -0.9779 -0.1081
vn -0.1754 -0.9783 -0.1107
vn -0.1741 -0.9784 -0.1116
vn -0.1798 -0.9778 -0.1073
vn -0.1926 -0.9783 -0.0768
vn -0.1925 -0.9778 -0.0823
vn -0.1926 -0.9779 -0.0810
vn -0.2612 -0.9597 -0.1031
vn -0.2622 -0.9596 -0.1024
vn -0.2572 -0.9605 -0.1065
vn -0.2566 -0.9606 -0.1070
vn -0.3275 -0.9354 -0.1337
vn -0.3281 -0.9346 -0.1371
vn -0.3273 -0.9355 -0.1331
vn -0.3460 -0.9347 -0.0819
vn -0.3434 -0.9354 -0.0843
vn -0.3431 -0.9355 -0.0847
vn -0.3463 -0.9346 -0.0816
vn -0.3527 -0.9354 -0.0259
vn -0.3546 -0.9346 -0.0294
vn -0.3545 -0.9346 -0.0291
vn -0.4270 -0.9037 -0.0311
vn -0.4272 -0.9036 -0.0309
vn -0.4259 -0.9042 -0.0324
vn -0.4246 -0.9048 -0.0339
vn -0.4947 -0.8682 -0.0381
vn -0.4957 -0.8676 -0.0390
vn -0.4948 -0.8682 -0.0378
vn -0.4957 -0.8676 0.0390
vn -0.4947 -0.8682 0.0381
vn -0.4948 -0.8682 0.0378
vn -0.4965 -0.8671 0.0402
vn -0.4822 -0.8682 0.1170
vn -0.4846 -0.8671 0.1152
vn -0.4834 -0.8677 0.1161
vn -0.5480 -0.8260 0.1320
vn -0.5486 -0.8254 0.1331
vn -0.5485 -0.8255 0.1331
vn -0.5473 -0.8266 0.1308
vn -0.6098 -0.7790 0.1461
vn -0.6092 -0.7793 0.1466
vn -0.6091 -0.7795 0.1466
vn -0.5790 -0.7793 0.2397
vn -0.5792 -0.7790 0.2401
vn -0.5789 -0.7795 0.2394
vn -0.5795 -0.7785 0.2409
vn -0.5346 -0.7791 0.3275
vn -0.5355 -0.7785 0.3272
vn -0.5339 -0.7794 0.3277
vn -0.5850 -0.7270 0.3594
vn -0.5808 -0.7388 0.3418
vn -0.6308 -0.6819 0.3703
vn -0.5824 -0.6563 0.4796
vn -0.5690 -0.6920 0.4444
vn -0.5448 -0.6409 0.5408
vn -0.5458 -0.6400 0.5408
vn -0.5405 -0.6448 0.5405
vn -0.5463 -0.6396 0.5408
vn -0.5749 -0.5887 0.5682
vn -0.5750 -0.5887 0.5682
vn -0.5642 -0.5958 0.5716
vn -0.5753 -0.5884 0.5682
vn -0.6060 -0.5253 0.5974
vn -0.6063 -0.5275 0.5951
vn -0.6062 -0.5261 0.5965
vn -0.6695 -0.5433 0.5065
vn -0.7030 -0.4668 0.5365
vn -0.6607 -0.5265 0.5351
vn -0.9608 -0.2667 -0.0761
vn -0.9608 -0.2665 -0.0762
vn -0.9607 -0.2668 -0.0760
vn -0.9609 -0.2663 -0.0763
vn -0.9734 -0.2159 -0.0771
vn -0.9576 -0.2214 -0.1844
vn -0.9607 -0.1919 -0.2008
vn -0.8889 -0.2583 -0.3784
vn -0.8960 -0.1582 -0.4150
vn -0.9488 0.3152 -0.0227
vn -0.9509 0.3085 -0.0245
vn -0.9512 0.3075 -0.0248
vn -0.7905 0.5095 -0.3399
vn -0.4960 -0.7005 -0.5131
vn -0.4959 -0.7006 -0.5130
vn -0.6322 -0.7032 -0.3253
vn -0.7573 -0.3269 -0.5654
vn -0.7572 -0.3270 -0.5654
vn -0.7572 -0.3269 -0.5655
vn -0.7574 -0.3267 -0.5654
vn -0.7573 -0.3268 -0.5653
vn -0.9105 -0.4037 -0.0895
vn -0.9105 -0.4037 -0.0896
vn -0.9106 -0.4036 -0.0893
vn -0.9104 -0.4038 -0.0897
vn -0.0821 -0.0183 -0.9965
vn -0.1053 -0.0163 -0.9943
vn -0.6653 -0.2220 -0.7128
vn -0.6291 -0.2773 -0.7262
vn -0.5004 -0.2472 -0.8298
vn -0.4672 -0.2647 -0.8436
vn -0.4528 -0.2575 -0.8536
vn -0.4290 -0.3609 -0.8281
vn -0.4290 -0.3604 -0.8283
vn -0.4278 -0.3625 -0.8280
vn -0.4221 -0.3721 -0.8266
vn -0.4336 -0.4189 -0.7979
vn -0.4359 -0.4143 -0.7990
vn -0.4357 -0.4145 -0.7990
vn -0.4333 -0.4195 -0.7977
vn -0.4292 -0.4903 -0.7585
vn -0.4223 -0.4988 -0.7569
vn -0.4231 -0.4977 -0.7571
vn -0.4305 -0.4887 -0.7588
vn -0.4151 -0.5486 -0.7258
vn -0.3207 -0.5480 -0.7725
vn -0.3202 -0.5486 -0.7723
vn -0.3208 -0.5479 -0.7726
vn -0.3199 -0.5488 -0.7723
vn -0.1950 -0.5486 -0.8130
vn -0.1951 -0.5488 -0.8129
vn -0.1947 -0.5480 -0.8135
vn -0.1847 -0.6116 -0.7693
vn -0.1841 -0.6123 -0.7689
vn -0.1842 -0.6121 -0.7690
vn -0.1849 -0.6115 -0.7693
vn -0.1723 -0.6711 -0.7211
vn -0.0589 -0.6710 -0.7391
vn -0.0413 -0.9958 -0.0811
vn -0.0655 -0.9901 -0.1244
vn -0.0636 -0.9901 -0.1250
vn -0.0706 -0.9899 -0.1228
vn -0.0726 -0.9899 -0.1222
vn -0.1116 -0.9784 -0.1741
vn -0.1366 -0.9779 -0.1580
vn -0.1325 -0.9783 -0.1595
vn -0.1310 -0.9784 -0.1600
vn -0.1379 -0.9778 -0.1576
vn -0.1576 -0.9778 -0.1379
vn -0.2166 -0.9597 -0.1790
vn -0.2177 -0.9596 -0.1785
vn -0.2117 -0.9604 -0.1809
vn -0.2110 -0.9606 -0.1811
vn -0.2700 -0.9354 -0.2284
vn -0.2696 -0.9347 -0.2318
vn -0.2701 -0.9355 -0.2278
vn -0.3037 -0.9347 -0.1849
vn -0.3007 -0.9353 -0.1863
vn -0.3001 -0.9355 -0.1866
vn -0.3041 -0.9346 -0.1847
vn -0.3282 -0.9346 -0.1375
vn -0.3965 -0.9037 -0.1614
vn -0.3968 -0.9036 -0.1614
vn -0.3952 -0.9042 -0.1623
vn -0.3934 -0.9047 -0.1633
vn -0.4590 -0.8682 -0.1888
vn -0.4594 -0.8676 -0.1902
vn -0.4589 -0.8682 -0.1887
vn -0.4834 -0.8677 -0.1161
vn -0.4822 -0.8682 -0.1170
vn -0.4821 -0.8682 -0.1170
vn -0.4846 -0.8671 -0.1152
vn -0.4965 -0.8671 -0.0402
vn -0.5621 -0.8259 -0.0437
vn -0.5629 -0.8254 -0.0429
vn -0.5628 -0.8255 -0.0429
vn -0.5611 -0.8265 -0.0446
vn -0.6250 -0.7791 -0.0494
vn -0.6246 -0.7795 -0.0487
vn -0.6243 -0.7796 -0.0486
vn -0.6245 -0.7795 0.0486
vn -0.6250 -0.7791 0.0494
vn -0.6243 -0.7796 0.0486
vn -0.6257 -0.7784 0.0502
vn -0.6106 -0.7784 0.1456
vn -0.6669 -0.7277 0.1603
vn -0.6672 -0.7273 0.1608
vn -0.6671 -0.7274 0.1607
vn -0.6665 -0.7282 0.1596
vn -0.7210 -0.6712 0.1725
vn -0.7202 -0.6719 0.1729
vn -0.7199 -0.6721 0.1731
vn -0.6843 -0.6720 0.2833
vn -0.6846 -0.6712 0.2842
vn -0.6841 -0.6721 0.2833
vn -0.6846 -0.6711 0.2845
vn -0.6440 -0.6719 0.3659
vn -0.6866 -0.6124 0.3918
vn -0.6844 -0.6223 0.3799
vn -0.7301 -0.5483 0.4077
vn -0.7300 -0.5485 0.4078
vn -0.7303 -0.5481 0.4077
vn -0.6700 -0.5279 0.5220
vn -0.8522 -0.0387 0.5217
vn -0.8523 -0.0388 0.5217
vn -0.8523 -0.0389 0.5216
vn -0.8522 -0.0386 0.5217
vn -0.9230 -0.0389 0.3829
vn -0.9230 -0.0386 0.3828
vn -0.9230 -0.0387 0.3828
vn -0.9175 -0.1153 0.3805
vn -0.9175 -0.1152 0.3806
vn -0.9176 -0.1154 0.3805
vn -0.9176 -0.1155 0.3804
vn -0.9066 -0.1917 0.3759
vn -0.9066 -0.1917 0.3760
vn -0.9544 -0.1919 0.2286
vn -0.9544 -0.1918 0.2287
vn -0.9544 -0.1917 0.2287
vn -0.9544 -0.1920 0.2286
vn -0.9783 -0.1919 0.0774
vn -0.9608 -0.2665 0.0762
vn -0.9609 -0.2663 0.0763
vn -0.9608 -0.2667 0.0761
vn -0.9607 -0.2668 0.0760
vn -0.9373 -0.3407 0.0741
vn -0.9372 -0.3408 0.0741
vn -0.9371 -0.3411 0.0743
vn -0.9372 -0.3408 -0.0741
vn -0.9371 -0.3410 -0.0742
vn -0.9371 -0.3411 -0.0743
vn -0.9373 -0.3406 -0.0740
vn -0.9232 -0.3412 -0.1771
vn -0.9231 -0.3414 -0.1769
vn -0.9234 -0.3400 -0.1779
vn -0.8910 -0.4183 -0.1765
vn -0.8943 -0.4128 -0.1729
vn -0.8937 -0.4137 -0.1735
vn -0.8905 -0.4191 -0.1770
vn -0.8584 -0.4827 -0.1737
vn -0.8580 -0.4838 -0.1727
vn -0.8578 -0.4841 -0.1727
vn -0.7817 -0.5166 -0.3494
vn -0.7811 -0.5173 -0.3497
vn -0.7819 -0.5164 -0.3493
vn -0.7814 -0.5166 -0.3501
vn -0.7111 -0.5383 -0.4523
vn -0.7118 -0.5376 -0.4520
vn -0.7102 -0.5392 -0.4527
vn -0.7119 -0.5375 -0.4520
vn -0.6507 -0.5374 -0.5364
vn -0.6506 -0.5371 -0.5368
vn -0.6507 -0.5399 -0.5339
vn -0.6399 -0.5600 -0.5263
vn -0.5725 -0.5337 -0.6224
vn -0.5146 -0.6317 -0.5798
vn -0.4071 -0.6175 -0.6730
vn -0.4125 -0.6126 -0.6742
vn -0.4064 -0.6181 -0.6729
vn -0.4135 -0.6117 -0.6744
vn -0.3026 -0.6118 -0.7308
vn -0.3026 -0.6117 -0.7309
vn -0.3027 -0.6119 -0.7307
vn -0.2895 -0.6557 -0.6973
vn -0.3083 -0.6367 -0.7068
vn -0.2948 -0.7036 -0.6466
vn -0.2945 -0.7035 -0.6469
vn -0.2997 -0.7056 -0.6421
vn -0.2796 -0.7283 -0.6256
vn -0.2970 -0.7563 -0.5829
vn -0.2971 -0.7561 -0.5831
vn -0.2972 -0.7562 -0.5829
vn -0.4753 0.4252 -0.7703
vn -0.4621 0.4407 -0.7695
vn -0.4581 0.4232 -0.7817
vn -0.3353 0.6205 -0.7089
vn -0.1496 0.4763 -0.8664
vn -0.1496 0.4763 -0.8665
vn -0.1496 0.4762 -0.8665
vn -0.1496 0.4764 -0.8664
vn -0.2388 0.4874 -0.8399
vn -0.2386 0.4877 -0.8398
vn -0.2414 0.4854 -0.8403
vn -0.2109 0.5583 -0.8024
vn -0.2091 0.5247 -0.8252
vn -0.1723 0.5655 -0.8065
vn -0.1809 0.6273 -0.7575
vn -0.1749 0.6342 -0.7531
vn -0.1742 0.6350 -0.7526
vn -0.1820 0.6259 -0.7583
vn -0.1730 0.6720 -0.7201
vn -0.1723 0.6711 -0.7211
vn -0.1725 0.6712 -0.7210
vn -0.0588 0.6712 -0.7390
vn -0.0589 0.6710 -0.7391
vn -0.0579 0.6721 -0.7382
vn -0.0578 0.6722 -0.7381
vn 0.0579 0.6721 -0.7382
vn 0.0588 0.6712 -0.7390
vn 0.0578 0.6722 -0.7381
vn 0.0534 0.7274 -0.6841
vn 0.0536 0.7277 -0.6838
vn 0.0541 0.7281 -0.6833
vn 0.0533 0.7273 -0.6842
vn 0.0487 0.7795 -0.6245
vn 0.0502 0.7784 -0.6257
vn 0.0494 0.7791 -0.6250
vn 0.1461 0.7790 -0.6098
vn 0.1456 0.7784 -0.6106
vn 0.1466 0.7793 -0.6093
vn 0.1466 0.7795 -0.6091
vn 0.2396 0.7794 -0.5789
vn 0.2401 0.7790 -0.5792
vn 0.2394 0.7795 -0.5789
vn 0.2151 0.8254 -0.5219
vn 0.2153 0.8260 -0.5209
vn 0.2159 0.8266 -0.5197
vn 0.2148 0.8254 -0.5220
vn 0.1902 0.8676 -0.4594
vn 0.1917 0.8671 -0.4598
vn 0.1888 0.8681 -0.4590
vn 0.2601 0.8682 -0.4227
vn 0.2593 0.8671 -0.4254
vn 0.2597 0.8676 -0.4240
vn 0.2602 0.8682 -0.4225
vn 0.3229 0.8677 -0.3780
vn 0.3230 0.8676 -0.3780
vn 0.3215 0.8682 -0.3780
vn 0.2766 0.9041 -0.3256
vn 0.2759 0.9037 -0.3273
vn 0.2770 0.9048 -0.3235
vn 0.2761 0.9036 -0.3276
vn 0.2317 0.9347 -0.2696
vn 0.2321 0.9346 -0.2696
vn 0.2284 0.9354 -0.2700
vn 0.2700 0.9354 -0.2284
vn 0.2696 0.9346 -0.2321
vn 0.2696 0.9347 -0.2318
vn 0.2701 0.9355 -0.2278
vn 0.4649 0.7504 -0.4698
vn 0.4624 0.7520 -0.4698
vn 0.0116 0.6867 -0.7269
vn 0.0372 0.6840 -0.7286
vn 0.8679 0.4954 0.0367
vn 0.8679 0.4955 0.0366
vn 0.8680 0.4952 0.0367
vn 0.8677 0.4957 0.0365
vn 0.5649 0.7160 -0.4101
vn 0.5648 0.7161 -0.4100
vn 0.5648 0.7161 -0.4101
vn 0.5651 0.7159 -0.4101
vn 0.5651 0.7159 -0.4102
vn 0.4701 0.8709 0.1435
vn 0.4701 0.8709 0.1433
vn 0.4702 0.8708 0.1437
vn 0.2398 0.9708 0.0007
vn 0.2398 0.9708 0.0008
vn 0.6951 0.0848 -0.7139
vn 0.9108 0.0811 -0.4048
vn 0.7622 0.5283 -0.3741
vn 0.6915 0.6021 -0.3991
vn 0.7147 0.5625 -0.4157
vn 0.7416 0.5760 -0.3438
vn 0.7421 0.5757 -0.3433
vn 0.7414 0.5762 -0.3441
vn 0.7428 0.5753 -0.3426
vn 0.7260 0.6067 -0.3238
vn 0.7145 0.6464 -0.2678
vn 0.7529 0.6023 -0.2653
vn 0.6977 0.6781 -0.2312
vn 0.6982 0.6768 -0.2333
vn 0.6977 0.6781 -0.2309
vn 0.6756 0.6762 -0.2939
vn 0.6295 0.7283 -0.2708
vn 0.5836 0.7564 -0.2954
vn 0.5860 0.7538 -0.2974
vn 0.5862 0.7536 -0.2974
vn 0.5833 0.7561 -0.2967
vn 0.5827 0.7565 -0.2970
vn 0.5826 0.7565 -0.2972
vn 0.5824 0.7566 -0.2972
vn 0.5381 0.8109 -0.2299
vn 0.4875 0.8205 -0.2986
vn 0.4876 0.8204 -0.2986
vn 0.4874 0.8205 -0.2986
vn 0.4821 -0.2767 0.8312
vn 0.4789 -0.2691 0.8356
vn 0.4781 -0.2671 0.8367
vn 0.4827 -0.2782 0.8304
vn 0.4690 -0.3724 0.8008
vn 0.6072 -0.4068 0.6825
vn 0.6043 -0.3669 0.7072
vn 0.7059 -0.3713 0.6032
vn 0.7059 -0.3714 0.6032
vn 0.6926 -0.4122 0.5920
vn 0.6926 -0.4124 0.5919
vn 0.6926 -0.4120 0.5921
vn 0.6926 -0.4126 0.5917
vn 0.6660 -0.4822 0.5692
vn 0.6658 -0.4824 0.5692
vn 0.7472 -0.4820 0.4575
vn 0.7472 -0.4823 0.4573
vn 0.7473 -0.4818 0.4577
vn 0.7473 -0.4815 0.4579
vn 0.8096 -0.4817 0.3355
vn 0.8093 -0.4821 0.3356
vn 0.8097 -0.4815 0.3354
vn 0.7725 -0.5483 0.3204
vn 0.7725 -0.5482 0.3205
vn 0.7726 -0.5479 0.3208
vn 0.7725 -0.5484 0.3203
vn 0.7308 -0.6113 0.3036
vn 0.7310 -0.6111 0.3035
vn 0.7306 -0.6115 0.3037
vn 0.7691 -0.6119 0.1846
vn 0.7689 -0.6123 0.1842
vn 0.7690 -0.6121 0.1844
vn 0.7693 -0.6116 0.1849
vn 0.7805 -0.6151 0.1118
vn 0.7838 -0.6115 0.1082
vn 0.7801 -0.6155 0.1123
vn 0.7323 -0.6719 0.1107
vn 0.7485 -0.6484 0.1388
vn 0.6761 -0.7238 0.1379
vn 0.6461 -0.7564 0.1023
vn 0.6091 -0.7828 0.1277
vn 0.5348 -0.8390 0.1008
vn 0.5603 -0.8249 0.0746
vn 0.5017 -0.8627 0.0635
vn 0.5017 -0.8627 0.0633
vn 0.4874 -0.8658 0.1134
vn 0.4925 -0.8634 0.1096
vn 0.4927 -0.8633 0.1093
vn 0.4872 -0.8659 0.1134
vn 0.4648 -0.8641 0.1929
vn 0.4652 -0.8636 0.1942
vn 0.4647 -0.8642 0.1928
vn 0.3844 -0.9054 0.1801
vn -0.0811 -0.9958 -0.0413
vn -0.1262 -0.9901 -0.0620
vn -0.1250 -0.9901 -0.0636
vn -0.1292 -0.9899 -0.0578
vn -0.1305 -0.9899 -0.0561
vn -0.1927 -0.9784 -0.0752
vn -0.2034 -0.9779 -0.0476
vn -0.2009 -0.9783 -0.0511
vn -0.2000 -0.9784 -0.0525
vn -0.2042 -0.9778 -0.0465
vn -0.2070 -0.9783 -0.0134
vn -0.2086 -0.9778 -0.0189
vn -0.2082 -0.9779 -0.0176
vn -0.2803 -0.9597 -0.0174
vn -0.2810 -0.9596 -0.0164
vn -0.2775 -0.9605 -0.0219
vn -0.2771 -0.9606 -0.0225
vn -0.3524 -0.9355 -0.0254
vn -0.3545 -0.9346 0.0291
vn -0.3527 -0.9354 0.0259
vn -0.3524 -0.9355 0.0254
vn -0.3546 -0.9346 0.0294
vn -0.3435 -0.9354 0.0842
vn -0.3463 -0.9346 0.0816
vn -0.3460 -0.9347 0.0819
vn -0.4159 -0.9036 0.1024
vn -0.4159 -0.9036 0.1027
vn -0.4151 -0.9042 0.1009
vn -0.4143 -0.9047 0.0991
vn -0.4821 -0.8682 0.1170
vn -0.4594 -0.8676 0.1902
vn -0.4590 -0.8682 0.1888
vn -0.4589 -0.8682 0.1887
vn -0.4598 -0.8671 0.1917
vn -0.4226 -0.8682 0.2601
vn -0.4254 -0.8671 0.2593
vn -0.4240 -0.8676 0.2597
vn -0.4804 -0.8260 0.2949
vn -0.4806 -0.8254 0.2960
vn -0.4806 -0.8255 0.2959
vn -0.4802 -0.8266 0.2936
vn -0.5339 -0.7795 0.3277
vn -0.4767 -0.7794 0.4066
vn -0.4766 -0.7790 0.4074
vn -0.4766 -0.7795 0.4065
vn -0.4767 -0.7784 0.4084
vn -0.4071 -0.7792 0.4766
vn -0.4084 -0.7784 0.4767
vn -0.4062 -0.7796 0.4767
vn -0.4305 -0.7487 0.5041
vn -0.4305 -0.7488 0.5040
vn -0.4305 -0.7486 0.5042
vn -0.4530 -0.7165 0.5305
vn -0.4526 -0.7169 0.5303
vn -0.4525 -0.7170 0.5302
vn -0.3648 -0.7165 0.5946
vn -0.3649 -0.7163 0.5948
vn -0.3649 -0.7162 0.5949
vn -0.3648 -0.7166 0.5945
vn -0.4922 0.0345 0.8698
vn -0.5008 0.1197 0.8573
vn -0.5209 0.0685 0.8509
vn -0.5186 0.1151 0.8472
vn -0.5186 0.1152 0.8472
vn -0.3805 0.1154 0.9176
vn -0.3805 0.1153 0.9175
vn -0.3806 0.1152 0.9175
vn -0.3804 0.1155 0.9176
vn -0.2315 0.1155 0.9659
vn -0.2287 0.1918 0.9544
vn -0.2287 0.1917 0.9544
vn -0.2286 0.1919 0.9544
vn -0.2286 0.1920 0.9544
vn -0.2245 0.2669 0.9372
vn -0.2243 0.2666 0.9373
vn -0.2242 0.2663 0.9374
vn -0.0763 0.2663 0.9609
vn -0.0762 0.2665 0.9608
vn -0.0760 0.2668 0.9607
vn 0.0760 0.2668 0.9607
vn 0.0741 0.3407 0.9373
vn 0.0743 0.3411 0.9371
vn 0.0741 0.3408 0.9372
vn 0.0740 0.3406 0.9373
vn 0.0717 0.4126 0.9081
vn 0.0720 0.4122 0.9082
vn 0.0721 0.4120 0.9083
vn 0.2124 0.4123 0.8860
vn 0.2123 0.4121 0.8861
vn 0.2122 0.4119 0.8862
vn 0.2125 0.4125 0.8858
vn 0.3488 0.4125 0.8415
vn 0.3355 0.4817 0.8096
vn 0.3357 0.4822 0.8092
vn 0.3356 0.4821 0.8093
vn 0.3354 0.4815 0.8097
vn 0.3202 0.5486 0.7723
vn 0.3206 0.5482 0.7725
vn 0.3208 0.5479 0.7726
vn 0.4074 0.5487 0.7300
vn 0.4130 0.5632 0.7157
vn 0.5174 0.5567 0.6499
vn 0.5003 0.6082 0.6163
vn 0.5026 0.6123 0.6103
vn 0.5028 0.6119 0.6106
vn 0.4999 0.6079 0.6169
vn 0.4939 0.6380 0.5908
vn 0.5643 0.6193 0.5460
vn 0.5379 0.5859 0.6061
vn 0.3806 0.1152 -0.9175
vn 0.4009 0.0751 -0.9130
vn 0.2128 0.0402 -0.9763
vn 0.1930 0.1498 -0.9697
vn 0.1556 0.1722 -0.9727
vn 0.1522 0.2306 -0.9611
vn 0.1523 0.2310 -0.9610
vn 0.1522 0.2304 -0.9611
vn 0.1524 0.2304 -0.9611
vn 0.2024 -0.0806 -0.9760
vn 0.1117 -0.0528 -0.9923
vn -0.1691 0.8671 -0.4685
vn 0.1649 0.8571 -0.4880
vn 0.1651 0.8572 -0.4878
vn 0.1648 0.8571 -0.4881
vn -0.0001 0.3702 -0.9290
vn -0.0002 0.3700 -0.9290
vn 0.5933 0.4399 -0.6742
vn 0.5932 0.4400 -0.6742
vn 0.5935 0.4398 -0.6741
vn 0.5930 0.4401 -0.6743
vn -0.4783 0.2017 -0.8547
vn -0.4778 0.2016 -0.8550
vn -0.4788 0.2014 -0.8545
vn -0.4776 0.2015 -0.8551
vn -0.1403 0.3283 -0.9341
vn -0.1397 0.3297 -0.9337
vn -0.1406 0.3225 -0.9361
vn -0.1445 0.3729 -0.9165
vn -0.1510 0.3805 -0.9124
vn -0.1499 0.3792 -0.9131
vn -0.1445 0.3725 -0.9167
vn -0.1463 0.4132 -0.8988
vn -0.2694 0.4369 -0.8582
vn -0.2575 0.4188 -0.8708
vn -0.3772 0.4214 -0.8247
vn -0.3762 0.4227 -0.8245
vn -0.3833 0.4140 -0.8256
vn -0.3594 0.4829 -0.7985
vn -0.3614 0.4877 -0.7947
vn -0.3611 0.4870 -0.7953
vn -0.3592 0.4822 -0.7990
vn -0.3403 0.5485 -0.7638
vn -0.4367 0.5484 -0.7131
vn -0.4367 0.5486 -0.7130
vn -0.4365 0.5479 -0.7136
vn -0.4368 0.5487 -0.7128
vn -0.0363 0.9982 0.0478
vn -0.0362 0.9983 0.0466
vn -0.0364 0.9983 0.0452
vn -0.0361 0.9982 0.0482
vn -0.0396 0.9973 0.0622
vn -0.1613 0.8788 -0.4491
vn -0.4250 0.8526 -0.3039
vn 0.3952 0.7636 0.5106
vn 0.3950 0.7637 0.5106
vn 0.3944 0.7640 0.5106
vn 0.5386 0.8002 0.2640
vn 0.5384 0.8003 0.2641
vn 0.5385 0.8002 0.2640
vn -0.0000 0.9894 0.1454
vn 0.0003 0.9894 0.1455
vn -0.0000 0.9894 0.1455
vn 0.0001 0.9894 0.1453
vn 0.0002 0.9894 0.1455
vn 0.3941 0.8788 -0.2689
vn 0.3941 0.8789 -0.2689
vn 0.3941 0.8789 -0.2688
vn -0.4641 0.6799 0.5678
vn -0.4642 0.6792 0.5685
vn -0.4642 0.6792 0.5686
vn -0.4640 0.6799 0.5678
vn -0.0842 0.9717 0.2208
vn -0.0843 0.9713 0.2226
vn -0.0844 0.9706 0.2255
vn -0.0841 0.9719 0.2197
vn -0.1201 0.9499 0.2886
vn -0.1197 0.9494 0.2902
vn -0.1196 0.9494 0.2904
vn -0.1206 0.9504 0.2867
vn -0.1444 0.9275 0.3448
vn -0.1445 0.9275 0.3448
vn -0.1439 0.9276 0.3446
vn -0.0892 0.9264 0.3658
vn -0.0903 0.9268 0.3645
vn -0.0901 0.9267 0.3648
vn -0.0880 0.9259 0.3674
vn -0.0298 0.9257 0.3771
vn -0.0297 0.9257 0.3770
vn -0.0299 0.9257 0.3771
vn -0.0311 0.9037 0.4270
vn -0.0324 0.9042 0.4259
vn -0.0309 0.9036 0.4272
vn -0.0339 0.9048 0.4246
vn -0.0391 0.8676 0.4957
vn -0.0378 0.8682 0.4948
vn -0.0390 0.8676 0.4957
vn 0.0390 0.8676 0.4957
vn 0.0378 0.8682 0.4948
vn 0.0391 0.8676 0.4957
vn 0.0402 0.8671 0.4965
vn 0.1165 0.8684 0.4820
vn 0.1161 0.8677 0.4834
vn 0.1152 0.8671 0.4846
vn 0.1320 0.8260 0.5480
vn 0.1331 0.8255 0.5485
vn 0.1331 0.8254 0.5486
vn 0.1308 0.8266 0.5473
vn 0.4065 0.7795 0.4767
vn 0.4066 0.7794 0.4767
vn 0.4060 0.7797 0.4767
vn 0.4070 0.7792 0.4767
vn 0.4335 0.7437 0.5089
vn 0.4851 0.7451 0.4578
vn 0.4469 0.7681 0.4586
vn 0.5315 0.7905 0.3043
vn 0.2945 0.9136 0.2804
vn 0.2285 0.9180 0.3242
vn 0.9605 -0.0218 0.2776
vn 0.9605 -0.0219 0.2775
vn 0.9604 -0.0216 0.2778
vn 0.9606 -0.0221 0.2772
vn 0.7263 0.5758 0.3755
vn 0.7263 0.5759 0.3753
vn 0.7264 0.5757 0.3754
vn 0.7262 0.5758 0.3755
vn 0.7262 0.5759 0.3755
vn 0.6100 0.0544 0.7906
vn 0.3707 0.2666 0.8897
vn 0.3706 0.2664 0.8897
vn 0.3707 0.2665 0.8897
vn 0.7134 0.5944 -0.3711
vn 0.7206 0.5761 -0.3858
vn 0.7869 0.6054 0.1195
vn 0.7895 0.6015 0.1223
vn 0.7865 0.6059 0.1191
vn 0.8574 0.5049 0.0999
vn 0.8272 0.5463 0.1314
vn 0.8698 0.4740 0.1371
vn 0.8934 0.4476 0.0384
vn 0.8773 0.4764 0.0581
vn 0.8796 0.4687 -0.0808
vn 0.9161 0.3922 -0.0838
vn 0.9084 0.4119 -0.0711
vn 0.9308 0.3583 -0.0726
vn 0.9045 0.3670 -0.2171
vn 0.9044 0.3675 -0.2168
vn 0.9050 0.3654 -0.2180
vn 0.9051 0.3649 -0.2183
vn 0.5145 0.6589 0.5487
vn 0.2560 0.7483 0.6120
vn 0.2144 0.7813 0.5861
vn 0.9926 0.1217 -0.0040
vn 0.9926 0.1218 -0.0038
vn 0.9123 0.3488 -0.2144
vn 0.9124 0.3489 -0.2141
vn 0.9123 0.3489 -0.2145
vn 0.7263 0.5756 0.3757
vn 0.7262 0.5758 0.3756
vn 0.7263 0.5757 0.3756
vn 0.4984 0.8357 -0.2305
vn 0.4984 0.8358 -0.2305
vn 0.4986 0.8357 -0.2304
vn 0.4982 0.8358 -0.2306
vn 0.6284 0.0946 0.7721
vn 0.6354 0.0709 0.7690
vn 0.7212 0.2941 0.6272
vn 0.7220 0.2944 0.6261
vn 0.7221 0.2933 0.6266
vn 0.8548 0.1252 0.5037
vn 0.8011 0.2999 0.5180
vn 0.8245 0.3789 0.4203
vn 0.8246 0.3793 0.4197
vn 0.8245 0.3794 0.4198
vn 0.8243 0.3795 0.4201
vn 0.8244 0.3787 0.4207
vn 0.8766 0.3582 0.3215
vn 0.8771 0.3570 0.3214
vn 0.8740 0.3639 0.3220
vn 0.9110 0.1732 0.3744
vn 0.9186 0.3588 0.1655
vn 0.9190 0.3585 0.1641
vn 0.9187 0.3588 0.1652
vn 0.9964 0.0708 -0.0463
vn 0.9953 0.0844 -0.0476
vn 0.9954 0.0829 -0.0474
vn 0.9965 0.0709 -0.0442
vn 0.0702 0.7908 0.6080
vn 0.0703 0.7909 0.6079
vn 0.0701 0.7908 0.6081
vn 0.1700 0.5374 0.8260
vn 0.1699 0.5371 0.8262
vn 0.1700 0.5373 0.8261
vn -0.8023 -0.3747 0.4646
vn -0.7647 -0.4718 0.4389
vn -0.7638 -0.4823 0.4290
vn -0.7297 -0.5487 0.4079
vn -0.7725 -0.5480 0.3207
vn -0.7723 -0.5486 0.3202
vn -0.7726 -0.5479 0.3208
vn -0.7723 -0.5488 0.3199
vn -0.8129 -0.5488 0.1951
vn -0.7693 -0.6116 0.1847
vn -0.7689 -0.6123 0.1841
vn -0.7690 -0.6121 0.1842
vn -0.7693 -0.6115 0.1849
vn -0.7211 -0.6711 0.1723
vn -0.7389 -0.6713 0.0587
vn -0.7382 -0.6720 0.0580
vn -0.7391 -0.6710 0.0589
vn -0.7381 -0.6722 0.0578
vn -0.7381 -0.6722 -0.0578
vn -0.6840 -0.7275 -0.0535
vn -0.6833 -0.7281 -0.0541
vn -0.6838 -0.7277 -0.0536
vn -0.6842 -0.7273 -0.0533
vn -0.6257 -0.7784 -0.0502
vn -0.6098 -0.7790 -0.1461
vn -0.6092 -0.7794 -0.1467
vn -0.6106 -0.7784 -0.1456
vn -0.6091 -0.7795 -0.1466
vn -0.5789 -0.7795 -0.2394
vn -0.5220 -0.8254 -0.2151
vn -0.5197 -0.8266 -0.2159
vn -0.5209 -0.8260 -0.2153
vn -0.5220 -0.8254 -0.2148
vn -0.4598 -0.8671 -0.1917
vn -0.4359 -0.8665 -0.2432
vn -0.4334 -0.8674 -0.2443
vn -0.4333 -0.8675 -0.2444
vn -0.4386 -0.8655 -0.2419
vn -0.4046 -0.8549 -0.3247
vn -0.3791 -0.8625 -0.3353
vn -0.0899 -0.9958 -0.0142
vn -0.1392 -0.9901 -0.0201
vn -0.1385 -0.9901 -0.0220
vn -0.1408 -0.9899 -0.0150
vn -0.1415 -0.9899 -0.0130
vn -0.2065 -0.9784 -0.0119
vn -0.2082 -0.9779 0.0176
vn -0.2070 -0.9783 0.0134
vn -0.2065 -0.9784 0.0119
vn -0.2086 -0.9778 0.0189
vn -0.2009 -0.9783 0.0511
vn -0.2042 -0.9778 0.0465
vn -0.2034 -0.9779 0.0476
vn -0.2720 -0.9597 0.0701
vn -0.2723 -0.9596 0.0712
vn -0.2707 -0.9605 0.0649
vn -0.2705 -0.9606 0.0642
vn -0.3431 -0.9355 0.0847
vn -0.3281 -0.9346 0.1371
vn -0.3275 -0.9354 0.1337
vn -0.3273 -0.9355 0.1331
vn -0.3282 -0.9346 0.1375
vn -0.3007 -0.9354 0.1863
vn -0.3041 -0.9346 0.1847
vn -0.3037 -0.9346 0.1849
vn -0.3639 -0.9036 0.2259
vn -0.3638 -0.9036 0.2262
vn -0.3636 -0.9042 0.2242
vn -0.3634 -0.9048 0.2221
vn -0.4225 -0.8682 0.2602
vn -0.3780 -0.8677 0.3229
vn -0.3780 -0.8676 0.3230
vn -0.3780 -0.8682 0.3215
vn -0.3780 -0.8672 0.3243
vn -0.3275 -0.8651 0.3799
vn -0.3222 -0.8671 0.3799
vn -0.3227 -0.8674 0.3788
vn -0.3645 -0.8278 0.4265
vn -0.3638 -0.8253 0.4320
vn -0.3639 -0.8254 0.4316
vn -0.3644 -0.8279 0.4264
vn -0.4060 -0.7798 0.4766
vn -0.3266 -0.7795 0.5344
vn -0.3266 -0.7796 0.5344
vn -0.3267 -0.7796 0.5343
vn -0.3266 -0.7795 0.5345
vn -0.2406 -0.7791 0.5788
vn -0.2548 -0.7455 0.6158
vn 0.0413 -0.9958 -0.0811
vn 0.0620 -0.9901 -0.1261
vn 0.0636 -0.9901 -0.1250
vn 0.0578 -0.9899 -0.1292
vn 0.0561 -0.9899 -0.1305
vn 0.0768 -0.9783 -0.1927
vn 0.0810 -0.9779 -0.1926
vn 0.0752 -0.9784 -0.1927
vn 0.0476 -0.9779 -0.2034
vn 0.0511 -0.9783 -0.2009
vn 0.0525 -0.9784 -0.2000
vn 0.0465 -0.9778 -0.2042
vn 0.0189 -0.9778 -0.2086
vn 0.0164 -0.9596 -0.2810
vn 0.0321 -0.9621 -0.2710
vn 0.0438 -0.9345 -0.3532
vn 0.0425 -0.9348 -0.3527
vn 0.0439 -0.9345 -0.3533
vn -0.0128 -0.9330 -0.3597
vn -0.0127 -0.9331 -0.3595
vn -0.0148 -0.9317 -0.3630
vn -0.0124 -0.9332 -0.3591
vn -0.0603 -0.9221 -0.3821
vn -0.0577 -0.9216 -0.3839
vn -0.0605 -0.9221 -0.3821
vn -0.0574 -0.9213 -0.3847
vn 0.3844 -0.9139 -0.1308
vn 0.3868 -0.9136 -0.1256
vn 0.3873 -0.9134 -0.1248
vn 0.3839 -0.9139 -0.1320
vn -0.4888 -0.6817 -0.5443
vn -0.4891 -0.6811 -0.5449
vn -0.4896 -0.6800 -0.5458
vn -0.4887 -0.6820 -0.5441
vn -0.1480 -0.8910 -0.4291
vn -0.1475 -0.8911 -0.4293
vn -0.1479 -0.8908 -0.4297
vn -0.4651 -0.8641 -0.1924
vn -0.4650 -0.8641 -0.1924
vn -0.4652 -0.8641 -0.1924
vn -0.3177 -0.9444 -0.0853
vn -0.3177 -0.9443 -0.0852
vn 0.2145 -0.4429 -0.8705
vn 0.2106 -0.4456 -0.8701
vn 0.2096 -0.4462 -0.8700
vn -0.1018 -0.3546 -0.9295
vn -0.0846 -0.8266 -0.5564
vn 0.0644 -0.9958 -0.0644
vn 0.0980 -0.9901 -0.1008
vn 0.0992 -0.9901 -0.0992
vn 0.0950 -0.9899 -0.1051
vn 0.0937 -0.9899 -0.1068
vn 0.1325 -0.9783 -0.1595
vn 0.1366 -0.9779 -0.1580
vn 0.1310 -0.9784 -0.1600
vn 0.1081 -0.9779 -0.1788
vn 0.1107 -0.9783 -0.1754
vn 0.1116 -0.9784 -0.1741
vn 0.1073 -0.9778 -0.1798
vn 0.0823 -0.9778 -0.1925
vn 0.1031 -0.9597 -0.2612
vn 0.1024 -0.9596 -0.2622
vn 0.1064 -0.9605 -0.2572
vn 0.1070 -0.9606 -0.2566
vn 0.1337 -0.9354 -0.3275
vn 0.1371 -0.9346 -0.3281
vn 0.1331 -0.9355 -0.3273
vn 0.0819 -0.9347 -0.3460
vn 0.0842 -0.9354 -0.3435
vn 0.0847 -0.9355 -0.3431
vn 0.0816 -0.9346 -0.3463
vn 0.0424 -0.9348 -0.3526
vn 0.0463 -0.9040 -0.4250
vn 0.0635 -0.9095 -0.4108
vn 0.0682 -0.8660 -0.4954
vn 0.0644 -0.8675 -0.4932
vn 0.0685 -0.8659 -0.4955
vn -0.0001 -0.8612 -0.5083
vn 0.0046 -0.8632 -0.5048
vn 0.0051 -0.8633 -0.5047
vn -0.0011 -0.8608 -0.5090
vn -0.0755 -0.8500 -0.5213
vn -0.0793 -0.8530 -0.5159
vn -0.0756 -0.8487 -0.5235
vn -0.0824 -0.8499 -0.5205
vn -0.0825 -0.8498 -0.5206
vn -0.0826 -0.8497 -0.5208
vn -0.0825 -0.8497 -0.5208
vn -0.0592 -0.8112 -0.5817
vn -0.1342 -0.8015 -0.5828
vn -0.1174 -0.8141 -0.5687
vn -0.4478 -0.3632 -0.8170
vn -0.4046 -0.8657 -0.2947
vn -0.7046 -0.6739 -0.2222
vn -0.7047 -0.6739 -0.2220
vn -0.7043 -0.6740 -0.2230
vn 0.1053 0.2554 -0.9611
vn 0.1054 0.2560 -0.9609
vn 0.1052 0.2555 -0.9611
vn 0.1052 0.2551 -0.9612
vn -0.3014 -0.1602 -0.9400
vn -0.3034 -0.1589 -0.9395
vn -0.3033 -0.1588 -0.9396
vn 0.2668 -0.2762 -0.9233
vn 0.2667 -0.2761 -0.9234
vn 0.2670 -0.2764 -0.9232
vn 0.2665 -0.2760 -0.9235
vn -0.9578 0.1444 -0.2486
vn -0.9537 0.1220 -0.2749
vn -0.4527 -0.0776 -0.8883
vn -0.4664 -0.0600 -0.8825
vn -0.4595 -0.0545 -0.8865
vn -0.4594 -0.0540 -0.8866
vn -0.5172 -0.0252 -0.8555
vn -0.5298 0.0836 -0.8440
vn -0.6776 0.0627 -0.7328
vn -0.6726 0.0461 -0.7385
vn -0.7398 0.0537 -0.6706
vn -0.7403 0.1249 -0.6605
vn -0.7373 0.1150 -0.6657
vn -0.7380 0.1172 -0.6646
vn -0.7409 0.1265 -0.6596
vn -0.7307 0.2221 -0.6455
vn -0.8333 0.2634 -0.4860
vn -0.8330 0.2148 -0.5099
vn -0.9008 0.2215 -0.3735
vn -0.9007 0.2218 -0.3736
vn -0.9012 0.2205 -0.3732
vn -0.8903 0.2650 -0.3704
vn -0.8902 0.2667 -0.3694
vn -0.8902 0.2663 -0.3696
vn 0.1190 -0.0371 -0.9922
vn 0.1144 -0.0296 -0.9930
vn 0.1201 -0.0390 -0.9920
vn 0.1135 -0.0281 -0.9931
vn -0.0141 -0.0677 -0.9976
vn -0.0770 -0.0220 -0.9968
vn -0.1495 -0.0543 -0.9873
vn -0.1451 -0.0566 -0.9878
vn -0.1495 -0.0539 -0.9873
vn -0.1406 -0.0595 -0.9883
vn 0.3827 0.5054 -0.7734
vn 0.3823 0.5053 -0.7736
vn 0.3829 0.5054 -0.7733
vn -0.6094 -0.5196 -0.5988
vn -0.6095 -0.5196 -0.5987
vn -0.6092 -0.5197 -0.5990
vn -0.3029 -0.1591 -0.9397
vn -0.3036 -0.1588 -0.9395
vn -0.2999 -0.1612 -0.9403
vn -0.3647 -0.6114 -0.7023
vn -0.3650 -0.6631 -0.6535
vn -0.3651 -0.6631 -0.6535
vn -0.0360 0.6359 -0.7710
vn 0.0513 0.7069 -0.7055
vn -0.1507 0.0730 -0.9859
vn -0.1552 0.0748 -0.9850
vn -0.1497 0.0727 -0.9861
vn -0.1562 0.0752 -0.9849
vn -0.1340 0.1162 -0.9841
vn -0.0289 0.0378 -0.9989
vn 0.1124 0.0817 -0.9903
vn 0.1097 0.0868 -0.9902
vn 0.1130 0.0805 -0.9903
vn 0.1089 0.0883 -0.9901
vn 0.2320 0.0900 -0.9685
vn 0.2329 0.0389 -0.9717
vn -0.2645 -0.6376 0.7236
vn -0.2648 -0.6385 0.7226
vn -0.2643 -0.6373 0.7238
vn -0.2653 -0.6397 0.7214
vn -0.1501 -0.6225 0.7681
vn -0.1625 -0.5485 0.8202
vn -0.1624 -0.5483 0.8203
vn -0.1626 -0.5485 0.8202
vn -0.1627 -0.5487 0.8201
vn -0.1684 -0.5100 0.8435
vn -0.0678 -0.5074 0.8591
vn -0.0744 -0.5212 0.8502
vn 0.0829 -0.5047 0.8593
vn 0.0871 -0.4367 0.8954
vn 0.1049 -0.4127 0.9048
vn 0.1073 -0.3413 0.9338
vn 0.2191 -0.3411 0.9142
vn 0.2190 -0.3411 0.9142
vn 0.2194 -0.3406 0.9143
vn 0.2189 -0.3413 0.9141
vn 0.3600 -0.3407 0.8685
vn 0.3602 -0.3412 0.8682
vn 0.3601 -0.3410 0.8684
vn 0.3693 -0.2667 0.8902
vn 0.3691 -0.2672 0.8902
vn 0.3690 -0.2672 0.8902
vn 0.3694 -0.2667 0.8902
vn 0.3745 -0.2108 0.9029
vn 0.4837 -0.2168 0.8480
vn 0.4871 -0.2103 0.8476
vn 0.4829 -0.2186 0.8480
vn 0.4881 -0.2085 0.8475
vn 0.6054 -0.2132 0.7668
vn 0.6100 -0.1649 0.7751
vn 0.6406 -0.0851 0.7632
vn 0.6384 -0.2034 0.7423
vn 0.7048 -0.0777 0.7051
vn 0.2243 -0.2666 0.9373
vn 0.2245 -0.2670 0.9372
vn 0.2246 -0.2672 0.9371
vn 0.2242 -0.2663 0.9374
vn 0.2286 -0.1920 0.9544
vn 0.1369 -0.1925 0.9717
vn 0.1295 -0.1808 0.9750
vn -0.0040 -0.2167 0.9762
vn -0.0048 -0.2230 0.9748
vn -0.0019 -0.2172 0.9761
vn -0.0477 -0.1497 0.9876
vn -0.1851 -0.1735 0.9673
vn -0.1604 -0.1822 0.9701
vn 0.4121 0.0131 0.9111
vn 0.1974 0.3329 0.9220
vn -0.6363 -0.5470 0.5439
vn -0.4315 -0.6932 0.5773
vn -0.4026 -0.2093 0.8911
vn -0.4025 -0.2092 0.8912
vn -0.4026 -0.2094 0.8911
vn 0.2134 -0.6523 0.7273
vn 0.2492 -0.6493 0.7185
vn -0.6520 0.1813 0.7362
vn -0.6581 0.1830 0.7303
vn -0.6593 0.1833 0.7293
vn -0.6514 0.1811 0.7368
vn -0.4526 -0.0773 0.8884
vn -0.4626 -0.0892 0.8821
vn -0.4406 -0.0917 0.8930
vn -0.6030 -0.1704 0.7794
vn -0.5858 0.0909 0.8053
vn -0.0644 -0.9958 0.0644
vn -0.0980 -0.9901 0.1008
vn -0.0992 -0.9901 0.0992
vn -0.0950 -0.9899 0.1051
vn -0.0937 -0.9899 0.1068
vn -0.1325 -0.9783 0.1595
vn -0.1366 -0.9779 0.1580
vn -0.1310 -0.9784 0.1600
vn -0.1081 -0.9779 0.1787
vn -0.1107 -0.9783 0.1754
vn -0.1116 -0.9784 0.1741
vn -0.1073 -0.9778 0.1798
vn -0.0823 -0.9778 0.1925
vn -0.1005 -0.9615 0.2558
vn -0.1138 -0.9650 0.2362
vn -0.1673 -0.9348 0.3132
vn -0.1583 -0.9305 0.3303
vn -0.1685 -0.9195 0.3553
vn -0.1644 -0.9176 0.3620
vn -0.1649 -0.9178 0.3613
vn -0.1688 -0.9196 0.3547
vn -0.1743 -0.9043 0.3896
vn -0.4507 -0.8474 0.2805
vn -0.4513 -0.8474 0.2798
vn -0.4515 -0.8473 0.2796
vn -0.4505 -0.8475 0.2807
vn 0.5387 -0.6820 0.4946
vn 0.5388 -0.6819 0.4946
vn 0.5387 -0.6821 0.4946
vn 0.5388 -0.6819 0.4947
vn -0.0001 -0.8980 0.4400
vn -0.0002 -0.8979 0.4401
vn 0.3937 -0.9192 0.0111
vn 0.3935 -0.9193 0.0112
vn 0.3934 -0.9193 0.0112
vn 0.1445 -0.9824 -0.1183
vn 0.1441 -0.9825 -0.1179
vn 0.1448 -0.9823 -0.1185
vn -0.1416 -0.5204 0.8421
vn -0.0899 -0.9958 0.0142
vn -0.1385 -0.9901 0.0240
vn -0.1385 -0.9901 0.0220
vn -0.1386 -0.9899 0.0293
vn -0.1386 -0.9899 0.0314
vn -0.2000 -0.9784 0.0525
vn -0.1926 -0.9779 0.0810
vn -0.1926 -0.9783 0.0768
vn -0.1927 -0.9784 0.0752
vn -0.1925 -0.9778 0.0823
vn -0.1754 -0.9783 0.1107
vn -0.1798 -0.9778 0.1073
vn -0.1788 -0.9779 0.1081
vn -0.2370 -0.9597 0.1507
vn -0.2370 -0.9596 0.1519
vn -0.2373 -0.9605 0.1455
vn -0.2374 -0.9606 0.1447
vn -0.3001 -0.9355 0.1866
vn -0.2696 -0.9347 0.2318
vn -0.2700 -0.9354 0.2283
vn -0.2701 -0.9355 0.2278
vn -0.2696 -0.9346 0.2321
vn -0.2430 -0.9349 0.2589
vn -0.2820 -0.9038 0.3220
vn -0.2863 -0.9075 0.3074
vn -0.3328 -0.8631 0.3799
vn -0.2614 -0.8600 0.4383
vn -0.2610 -0.8600 0.4384
vn -0.2600 -0.8571 0.4447
vn -0.2608 -0.8602 0.4381
vn -0.2219 -0.8575 0.4641
vn -0.2216 -0.8578 0.4638
vn -0.2244 -0.8567 0.4644
vn -0.2425 -0.8291 0.5039
vn -0.2424 -0.8290 0.5040
vn -0.2425 -0.8291 0.5038
vn -0.2425 -0.8291 0.5037
vn -0.2743 -0.7581 0.5917
vn -0.1455 -0.7513 0.6438
vn -0.1513 -0.7600 0.6321
vn 0.1305 -0.9899 -0.0561
vn 0.1927 -0.9783 -0.0768
vn 0.1927 -0.9784 -0.0752
vn 0.1926 -0.9779 -0.0810
vn 0.1925 -0.9778 -0.0823
vn 0.2612 -0.9597 -0.1031
vn 0.2572 -0.9605 -0.1065
vn 0.2622 -0.9596 -0.1024
vn 0.2373 -0.9605 -0.1455
vn 0.2370 -0.9597 -0.1507
vn 0.2370 -0.9596 -0.1519
vn 0.2374 -0.9606 -0.1447
vn 0.2166 -0.9597 -0.1790
vn 0.2110 -0.9606 -0.1811
vn 0.2117 -0.9604 -0.1809
vn 0.2700 -0.9354 -0.2283
vn 0.2701 -0.9355 -0.2278
vn 0.2696 -0.9347 -0.2318
vn 0.2696 -0.9346 -0.2321
vn 0.3309 -0.9016 -0.2786
vn 0.2791 -0.9045 -0.3226
vn 0.2778 -0.9024 -0.3294
vn 0.2778 -0.9022 -0.3299
vn 0.2795 -0.9044 -0.3225
vn 0.2260 -0.9037 -0.3637
vn 0.2227 -0.9046 -0.3634
vn 0.2245 -0.9041 -0.3636
vn 0.2602 -0.8675 -0.4240
vn 0.2607 -0.8680 -0.4227
vn 0.2603 -0.8675 -0.4239
vn 0.2599 -0.8670 -0.4251
vn 0.2931 -0.8268 -0.4801
vn 0.2958 -0.8257 -0.4804
vn 0.2960 -0.8254 -0.4806
vn 0.2151 -0.8255 -0.5219
vn 0.2153 -0.8260 -0.5209
vn 0.2148 -0.8254 -0.5220
vn 0.2159 -0.8266 -0.5197
vn 0.1320 -0.8260 -0.5480
vn 0.1308 -0.8266 -0.5473
vn 0.1331 -0.8255 -0.5485
vn 0.1461 -0.7790 -0.6098
vn 0.1466 -0.7795 -0.6091
vn 0.1467 -0.7793 -0.6092
vn 0.1456 -0.7784 -0.6106
vn 0.1608 -0.7273 -0.6672
vn 0.0534 -0.7274 -0.6841
vn 0.0536 -0.7277 -0.6838
vn 0.0533 -0.7273 -0.6842
vn 0.0541 -0.7281 -0.6833
vn 0.2123 -0.4121 0.8861
vn 0.2124 -0.4123 0.8860
vn 0.2122 -0.4119 0.8862
vn 0.2125 -0.4125 0.8858
vn 0.2044 -0.4818 0.8521
vn 0.2041 -0.4822 0.8519
vn 0.2043 -0.4819 0.8521
vn 0.3356 -0.4821 0.8093
vn 0.3357 -0.4822 0.8092
vn 0.3355 -0.4817 0.8096
vn 0.3354 -0.4815 0.8097
vn 0.4578 -0.4817 0.7473
vn 0.4574 -0.4821 0.7472
vn 0.4579 -0.4815 0.7473
vn 0.4367 -0.5486 0.7130
vn 0.4367 -0.5484 0.7131
vn 0.4365 -0.5479 0.7136
vn 0.4368 -0.5487 0.7128
vn 0.4133 -0.6119 0.6744
vn 0.4126 -0.6125 0.6743
vn 0.4128 -0.6123 0.6743
vn 0.5138 -0.6123 0.6009
vn 0.5138 -0.6125 0.6007
vn 0.5137 -0.6118 0.6014
vn 0.5137 -0.6116 0.6018
vn 0.6016 -0.6117 0.5137
vn 0.6009 -0.6123 0.5138
vn 0.6018 -0.6116 0.5137
vn 0.5632 -0.6720 0.4809
vn 0.5632 -0.6711 0.4820
vn 0.5633 -0.6710 0.4821
vn 0.5632 -0.6721 0.4807
vn 0.5220 -0.7275 0.4454
vn 0.5209 -0.7282 0.4454
vn 0.5210 -0.7281 0.4454
vn 0.5846 -0.7281 0.3580
vn 0.5846 -0.7282 0.3577
vn 0.5849 -0.7273 0.3592
vn 0.5850 -0.7270 0.3594
vn 0.6316 -0.7272 0.2688
vn 0.6334 -0.7259 0.2680
vn 0.6314 -0.7273 0.2690
vn 0.5747 -0.7818 0.2419
vn 0.5763 -0.7790 0.2469
vn 0.5767 -0.7788 0.2469
vn 0.5747 -0.7819 0.2415
vn 0.5222 -0.8255 0.2142
vn 0.5169 -0.8282 0.2165
vn 0.5197 -0.8268 0.2152
vn 0.5475 -0.8271 0.1271
vn 0.5477 -0.8269 0.1275
vn 0.5473 -0.8273 0.1267
vn 0.0811 -0.9958 -0.0413
vn 0.1244 -0.9901 -0.0655
vn 0.1250 -0.9901 -0.0636
vn 0.1228 -0.9899 -0.0706
vn 0.1222 -0.9899 -0.0726
vn 0.1754 -0.9783 -0.1107
vn 0.1788 -0.9779 -0.1081
vn 0.1741 -0.9784 -0.1116
vn 0.1580 -0.9779 -0.1367
vn 0.1594 -0.9783 -0.1326
vn 0.1600 -0.9784 -0.1310
vn 0.1576 -0.9778 -0.1379
vn 0.1379 -0.9778 -0.1576
vn 0.1790 -0.9597 -0.2166
vn 0.1785 -0.9596 -0.2177
vn 0.1809 -0.9604 -0.2117
vn 0.1812 -0.9606 -0.2110
vn 0.2284 -0.9354 -0.2700
vn 0.2318 -0.9347 -0.2696
vn 0.2278 -0.9355 -0.2701
vn 0.1849 -0.9346 -0.3037
vn 0.1863 -0.9354 -0.3007
vn 0.1866 -0.9355 -0.3001
vn 0.1847 -0.9346 -0.3041
vn 0.1375 -0.9346 -0.3282
vn 0.1614 -0.9037 -0.3965
vn 0.1614 -0.9036 -0.3968
vn 0.1623 -0.9042 -0.3952
vn 0.1633 -0.9047 -0.3934
vn 0.1888 -0.8682 -0.4590
vn 0.1902 -0.8676 -0.4594
vn 0.1887 -0.8682 -0.4589
vn 0.1161 -0.8677 -0.4834
vn 0.1165 -0.8684 -0.4820
vn 0.1170 -0.8682 -0.4821
vn 0.1152 -0.8671 -0.4846
vn 0.0643 -0.8676 -0.4930
vn 0.0673 -0.8269 -0.5583
vn 0.0657 -0.8260 -0.5598
vn 0.0661 -0.8261 -0.5597
vn 0.0688 -0.8277 -0.5569
vn 0.0665 -0.7664 -0.6389
vn -0.0618 -0.7581 -0.6492
vn 0.1941 0.4823 -0.8542
vn 0.2068 0.4749 -0.8554
vn 0.3279 0.5197 -0.7889
vn 0.3685 0.4840 -0.7937
vn 0.3883 0.5178 -0.7623
vn 0.3885 0.5175 -0.7624
vn 0.3884 0.5179 -0.7622
vn 0.3883 0.5177 -0.7624
vn 0.1650 0.1099 -0.9802
vn 0.2264 0.1444 -0.9633
vn 0.5967 0.7939 -0.1173
vn 0.5966 0.7939 -0.1174
vn 0.5967 0.7939 -0.1172
vn 0.5011 0.5733 -0.6482
vn 0.5012 0.5733 -0.6482
vn 0.5011 0.5733 -0.6483
vn 0.5013 0.5732 -0.6482
vn 0.5011 0.5731 -0.6484
vn 0.1186 0.9191 -0.3757
vn 0.1186 0.9191 -0.3758
vn -0.0313 0.8038 -0.5941
vn -0.0317 0.8041 -0.5937
vn -0.0311 0.8035 -0.5944
vn 0.8583 0.1588 -0.4879
vn 0.9145 0.3158 -0.2529
vn 0.6050 0.5178 -0.6049
vn 0.6049 0.5177 -0.6050
vn 0.6050 0.5177 -0.6049
vn 0.6117 0.5374 -0.5805
vn 0.6718 0.5450 -0.5016
vn 0.6707 0.5329 -0.5158
vn 0.7366 0.5335 -0.4157
vn 0.7421 0.5272 -0.4140
vn 0.7354 0.5348 -0.4161
vn 0.7053 0.5867 -0.3979
vn -0.9482 0.2220 -0.2271
vn -0.9484 0.2206 -0.2278
vn -0.9481 0.2225 -0.2269
vn -0.9484 0.2202 -0.2280
vn -0.9013 0.2202 -0.3731
vn -0.8827 0.2958 -0.3650
vn -0.8798 0.0954 -0.4657
vn -0.8812 0.1002 -0.4620
vn -0.8811 0.0997 -0.4624
vn -0.6051 0.6361 -0.4788
vn -0.5351 0.4922 -0.6866
vn -0.9263 -0.3660 0.0895
vn -0.9263 -0.3661 0.0892
vn -0.9264 -0.3660 0.0888
vn -0.9668 -0.1164 0.2274
vn -0.9669 -0.1165 0.2270
vn -0.9669 -0.1165 0.2272
vn -0.9416 0.0334 -0.3350
vn -0.9416 0.0333 -0.3351
vn -0.9416 0.0335 -0.3351
vn -0.9416 0.0335 -0.3350
vn -0.9417 0.0332 -0.3349
vn -0.9016 0.4216 0.0969
vn -0.9018 0.4212 0.0968
vn -0.9014 0.4220 0.0971
vn -0.5066 -0.4781 -0.7175
vn -0.5035 -0.4823 -0.7168
vn -0.5029 -0.4832 -0.7166
vn -0.5070 -0.4775 -0.7176
vn -0.8883 -0.0776 -0.4527
vn -0.8883 -0.0775 -0.4526
vn -0.8883 -0.0774 -0.4526
vn -0.8159 0.4682 -0.3393
vn -0.5674 0.4778 -0.6706
vn -0.6322 -0.7032 -0.3254
vn -0.7815 -0.6000 -0.1714
vn -0.7815 -0.6000 -0.1713
vn 0.8472 -0.1151 -0.5186
vn 0.8472 -0.1152 -0.5186
vn 0.8371 -0.1920 -0.5123
vn 0.8371 -0.1921 -0.5123
vn 0.8370 -0.1918 -0.5124
vn 0.7460 -0.1920 -0.6377
vn 0.7459 -0.1921 -0.6377
vn 0.6377 -0.1920 -0.7460
vn 0.6259 -0.2567 -0.7365
vn 0.6285 -0.2521 -0.7359
vn 0.6291 -0.2509 -0.7357
vn 0.6252 -0.2579 -0.7366
vn 0.6128 -0.3254 -0.7201
vn 0.4955 -0.3182 -0.8082
vn 0.4654 -0.3659 -0.8059
vn 0.3861 -0.3224 -0.8643
vn 0.3389 -0.3789 -0.8612
vn 0.3457 -0.3715 -0.8617
vn 0.3457 -0.3713 -0.8618
vn 0.2098 -0.3168 -0.9250
vn 0.1913 -0.3412 -0.9203
vn 0.1052 -0.3414 -0.9340
vn 0.1057 -0.3423 -0.9336
vn 0.1051 -0.3412 -0.9341
vn 0.0985 -0.4126 -0.9056
vn 0.0808 -0.4349 -0.8968
vn 0.0696 -0.4832 -0.8728
vn 0.0746 -0.4912 -0.8678
vn 0.0739 -0.4901 -0.8685
vn -0.0809 -0.5094 -0.8567
vn -0.0685 -0.4865 -0.8710
vn -0.2024 -0.4965 -0.8441
vn -0.1946 -0.5478 -0.8137
vn -0.3527 0.9354 0.0259
vn -0.3545 0.9346 0.0291
vn -0.3524 0.9355 0.0254
vn -0.3546 0.9346 0.0294
vn -0.4135 0.9100 0.0308
vn -0.4136 0.9099 0.0306
vn -0.4136 0.9100 0.0308
vn -0.4043 0.9102 0.0895
vn -0.4042 0.9103 0.0894
vn -0.4043 0.9102 0.0896
vn -0.4056 0.9093 0.0928
vn -0.3783 0.9139 0.1472
vn -0.3766 0.9079 0.1842
vn -0.3624 0.9103 0.2000
vn -0.3655 0.9032 0.2250
vn -0.3219 0.9036 0.2827
vn -0.3267 0.9020 0.2821
vn -0.3269 0.9022 0.2814
vn -0.3807 0.8653 0.3262
vn -0.3805 0.8653 0.3263
vn -0.3809 0.8651 0.3264
vn -0.3808 0.8670 0.3213
vn -0.4286 0.8278 0.3619
vn -0.4345 0.8251 0.3611
vn -0.4334 0.8256 0.3612
vn -0.3653 0.8256 0.4301
vn -0.3656 0.8254 0.4302
vn -0.3658 0.8259 0.4290
vn -0.3659 0.8266 0.4277
vn -0.2949 0.8260 0.4804
vn -0.2959 0.8255 0.4806
vn -0.2936 0.8266 0.4802
vn -0.3275 0.7791 0.5346
vn -0.3276 0.7794 0.5341
vn -0.3277 0.7795 0.5339
vn -0.3272 0.7786 0.5355
vn -0.3448 0.7514 0.5626
vn -0.3449 0.7513 0.5627
vn -0.3447 0.7514 0.5626
vn -0.2533 0.7497 0.6114
vn -0.2532 0.7497 0.6115
vn -0.2533 0.7499 0.6112
vn -0.2534 0.7502 0.6108
vn -0.1432 0.7407 0.6564
vn -0.1562 0.6826 0.7139
vn 0.7771 -0.4122 0.4756
vn 0.7769 -0.4124 0.4757
vn 0.7768 -0.4126 0.4757
vn 0.7772 -0.4121 0.4756
vn 0.8415 -0.4124 0.3489
vn 0.8416 -0.4121 0.3491
vn 0.8416 -0.4122 0.3490
vn 0.8593 -0.3672 0.3562
vn 0.8364 -0.4074 0.3666
vn 0.8602 -0.3241 0.3937
vn 0.8770 -0.2776 0.3922
vn 0.8670 -0.2306 0.4417
vn 0.8670 -0.2305 0.4417
vn 0.8686 -0.2266 0.4406
vn 0.8689 -0.2259 0.4405
vn 0.9447 -0.2928 -0.1473
vn 0.9909 0.0843 -0.1048
vn 0.9910 0.0839 -0.1044
vn 0.9906 0.0861 -0.1064
vn 0.3163 -0.2500 0.9151
vn 0.3163 -0.2499 0.9151
vn 0.3162 -0.2500 0.9152
vn 0.3762 -0.4986 0.7809
vn 0.3764 -0.4983 0.7810
vn 0.3763 -0.4985 0.7810
vn 0.7906 -0.1320 0.5979
vn 0.7906 -0.1322 0.5979
vn 0.7907 -0.1323 0.5978
vn 0.7907 -0.1324 0.5977
vn 0.7905 -0.1325 0.5979
vn 0.6855 -0.6436 0.3404
vn 0.6855 -0.6437 0.3403
vn 0.6799 0.3201 0.6597
vn 0.5447 0.4700 0.6946
vn 0.5340 0.4895 0.6894
vn 0.7427 0.1398 0.6549
vn -0.1353 0.5514 -0.8232
vn -0.0947 0.5825 -0.8073
vn -0.0937 0.5817 -0.8080
vn -0.0960 0.5838 -0.8062
vn -0.0778 0.6542 -0.7523
vn 0.0777 0.6541 -0.7524
vn 0.0610 0.6288 -0.7751
vn 0.1497 0.6271 -0.7644
vn 0.1525 0.6240 -0.7664
vn 0.1493 0.6276 -0.7641
vn 0.1467 0.6755 -0.7226
vn 0.1437 0.6723 -0.7262
vn 0.1432 0.6719 -0.7267
vn 0.1468 0.6758 -0.7223
vn 0.1344 0.7472 -0.6509
vn 0.2561 0.7591 -0.5985
vn 0.2529 0.7503 -0.6108
vn 0.3212 0.7516 -0.5761
vn 0.3242 0.7495 -0.5772
vn 0.3207 0.7520 -0.5759
vn 0.3056 0.7795 -0.5468
vn 0.3056 0.7796 -0.5467
vn 0.3054 0.7792 -0.5473
vn 0.3058 0.7798 -0.5463
vn 0.2687 0.8379 -0.4751
vn 0.3494 0.8440 -0.4070
vn 0.3493 0.8453 -0.4044
vn 0.3493 0.8429 -0.4092
vn 0.3494 0.8426 -0.4097
vn 0.4078 0.8442 -0.3479
vn 0.3780 0.8677 -0.3229
vn 0.3780 0.8676 -0.3230
vn 0.3780 0.8672 -0.3243
vn 0.3780 0.8682 -0.3215
vn 0.3256 0.9041 -0.2766
vn 0.3235 0.9048 -0.2770
vn 0.3272 0.9038 -0.2759
vn 0.3634 0.9048 -0.2221
vn -0.0655 -0.5485 0.8336
vn -0.0660 -0.5480 0.8339
vn -0.0662 -0.5478 0.8340
vn -0.0655 -0.5486 0.8335
vn -0.0622 -0.6121 0.7883
vn -0.0624 -0.6124 0.7881
vn -0.0622 -0.6122 0.7883
vn 0.0623 -0.6123 0.7882
vn 0.0624 -0.6124 0.7881
vn 0.0622 -0.6121 0.7883
vn 0.0618 -0.6116 0.7888
vn 0.1847 -0.6116 0.7693
vn 0.1841 -0.6122 0.7690
vn 0.1849 -0.6115 0.7693
vn 0.1730 -0.6720 0.7201
vn 0.1725 -0.6712 0.7210
vn 0.1723 -0.6711 0.7211
vn 0.1731 -0.6721 0.7199
vn 0.1607 -0.7274 0.6671
vn 0.1596 -0.7282 0.6665
vn 0.1603 -0.7277 0.6669
vn 0.2629 -0.7280 0.6331
vn 0.2628 -0.7282 0.6330
vn 0.2622 -0.7270 0.6345
vn 0.2621 -0.7270 0.6347
vn 0.3593 -0.7272 0.5849
vn 0.3579 -0.7282 0.5845
vn 0.3594 -0.7270 0.5850
vn 0.3266 -0.7795 0.5344
vn 0.3266 -0.7796 0.5344
vn 0.3266 -0.7795 0.5345
vn 0.3267 -0.7796 0.5343
vn 0.2889 -0.8289 0.4790
vn 0.2917 -0.8276 0.4796
vn 0.2901 -0.8283 0.4793
vn 0.3645 -0.8278 0.4266
vn 0.3644 -0.8279 0.4264
vn 0.3639 -0.8254 0.4316
vn 0.3638 -0.8253 0.4320
vn 0.4300 -0.8256 0.3653
vn 0.4290 -0.8259 0.3658
vn 0.4302 -0.8254 0.3656
vn 0.3910 -0.8578 0.3335
vn 0.3900 -0.8567 0.3376
vn 0.3897 -0.8584 0.3335
vn 0.3904 -0.8549 0.3417
vn 0.3178 -0.8964 0.3089
vn -0.0142 -0.9958 0.0899
vn -0.0201 -0.9901 0.1392
vn -0.0220 -0.9901 0.1385
vn -0.0150 -0.9899 0.1408
vn -0.0130 -0.9899 0.1415
vn -0.0119 -0.9784 0.2065
vn 0.0176 -0.9779 0.2082
vn 0.0134 -0.9783 0.2070
vn 0.0119 -0.9784 0.2065
vn 0.0189 -0.9778 0.2086
vn 0.0313 -0.9779 0.2067
vn 0.0472 -0.9683 0.2453
vn 0.0461 -0.9684 0.2450
vn 0.0513 -0.9678 0.2464
vn 0.0518 -0.9677 0.2466
vn 0.0435 -0.9431 0.3296
vn 0.0883 -0.9328 0.3495
vn 0.0938 -0.9329 0.3477
vn 0.0935 -0.9328 0.3480
vn 0.0793 -0.9249 0.3718
vn 0.1674 -0.9160 0.3645
vn 0.1614 -0.9202 0.3567
vn 0.1612 -0.9204 0.3563
vn 0.1692 -0.9169 0.3614
vn 0.1694 -0.9186 0.3571
vn 0.1719 -0.9146 0.3659
vn 0.1706 -0.9172 0.3600
vn 0.1688 -0.9188 0.3568
vn 0.1766 -0.9208 0.3478
vn 0.3023 -0.6658 0.6821
vn 0.3109 -0.6847 0.6592
vn -0.0436 -0.9565 -0.2886
vn 0.0311 0.9037 -0.4270
vn 0.0324 0.9042 -0.4259
vn 0.0309 0.9036 -0.4272
vn 0.0339 0.9048 -0.4246
vn 0.0391 0.8676 -0.4957
vn 0.0378 0.8682 -0.4948
vn 0.0390 0.8676 -0.4957
vn -0.0390 0.8676 -0.4957
vn -0.0378 0.8682 -0.4948
vn -0.0391 0.8676 -0.4957
vn -0.0402 0.8671 -0.4965
vn -0.0881 0.8661 -0.4920
vn -0.0909 0.8677 -0.4886
vn -0.0915 0.8676 -0.4887
vn -0.1087 0.8270 -0.5516
vn -0.1106 0.8262 -0.5524
vn -0.1109 0.8260 -0.5526
vn -0.1067 0.8279 -0.5507
vn -0.1342 0.7664 -0.6282
vn -0.2590 0.7581 -0.5985
vn -0.2457 0.7676 -0.5920
vn -0.3365 0.7649 -0.5493
vn -0.3371 0.7668 -0.5463
vn -0.3364 0.7647 -0.5496
vn -0.3580 0.7281 -0.5845
vn -0.3592 0.7273 -0.5849
vn -0.3594 0.7270 -0.5850
vn -0.3577 0.7282 -0.5846
vn -0.3869 0.6711 -0.6324
vn -0.3870 0.6721 -0.6313
vn -0.3871 0.6719 -0.6315
vn -0.4809 0.6720 -0.5632
vn -0.4807 0.6721 -0.5632
vn -0.4820 0.6712 -0.5632
vn -0.4821 0.6710 -0.5633
vn -0.5511 0.6720 -0.4947
vn -0.5509 0.6758 -0.4897
vn -0.5512 0.6716 -0.4951
vn -0.5912 0.6121 -0.5252
vn -0.6023 0.6027 -0.5234
vn -0.6364 0.5467 -0.5441
vn -0.6364 0.5400 -0.5508
vn -0.6364 0.5410 -0.5498
vn 0.1136 0.0951 -0.9890
vn 0.1127 0.0969 -0.9889
vn 0.1138 0.0949 -0.9890
vn 0.1124 0.0974 -0.9889
vn -0.1139 0.1330 -0.9846
vn -0.1160 0.2042 -0.9720
vn -0.1520 0.2306 -0.9611
vn -0.1515 0.2307 -0.9612
vn -0.1518 0.2305 -0.9611
vn -0.2012 -0.0824 -0.9761
vn -0.3532 -0.0016 -0.9356
vn -0.3524 0.0014 -0.9358
vn -0.3525 0.0019 -0.9358
vn -0.3558 -0.0031 -0.9346
vn -0.3562 -0.0028 -0.9344
vn -0.4788 0.2012 -0.8546
vn -0.1466 0.3262 -0.9339
vn -0.1471 0.3274 -0.9334
vn -0.2340 0.3124 -0.9207
vn -0.2585 0.3761 -0.8898
vn -0.3964 0.3441 -0.8512
vn -0.3952 0.3418 -0.8526
vn -0.3965 0.3445 -0.8509
vn -0.3950 0.3412 -0.8530
vn -0.4910 0.3408 -0.8018
vn -0.4912 0.3405 -0.8018
vn -0.4907 0.3411 -0.8018
vn -0.4757 0.4125 -0.7769
vn -0.4756 0.4121 -0.7772
vn -0.4757 0.4124 -0.7769
vn -0.4757 0.4126 -0.7768
vn -0.4577 0.4818 -0.7473
vn -0.4574 0.4821 -0.7472
vn -0.4573 0.4823 -0.7472
vn -0.5692 0.4823 -0.6658
vn -0.3199 0.9427 0.0953
vn -0.3071 0.9373 0.1647
vn -0.3160 0.9298 0.1888
vn -0.2718 0.9324 0.2382
vn -0.2715 0.9316 0.2418
vn -0.2714 0.9317 0.2414
vn -0.2719 0.9325 0.2377
vn -0.2376 0.9312 0.2765
vn -0.2377 0.9312 0.2765
vn -0.2374 0.9312 0.2765
vn -0.2759 0.9037 0.3273
vn -0.2766 0.9041 0.3256
vn -0.2761 0.9036 0.3276
vn -0.2770 0.9048 0.3235
vn -0.3230 0.8676 0.3780
vn -0.3215 0.8682 0.3780
vn -0.3229 0.8677 0.3780
vn -0.2597 0.8676 0.4240
vn -0.2602 0.8682 0.4225
vn -0.2601 0.8682 0.4226
vn -0.2593 0.8671 0.4254
vn -0.1888 0.8681 0.4590
vn -0.1902 0.8676 0.4594
vn -0.1917 0.8671 0.4598
vn -0.2153 0.8260 0.5209
vn -0.2151 0.8255 0.5219
vn -0.2148 0.8254 0.5220
vn -0.2159 0.8266 0.5197
vn -0.2401 0.7790 0.5792
vn -0.2394 0.7795 0.5789
vn -0.2396 0.7794 0.5789
vn -0.1466 0.7793 0.6093
vn -0.1466 0.7795 0.6091
vn -0.1461 0.7790 0.6098
vn -0.1456 0.7784 0.6106
vn -0.0494 0.7791 0.6250
vn -0.0486 0.7795 0.6245
vn -0.0502 0.7784 0.6257
vn -0.0536 0.7277 0.6838
vn -0.0534 0.7274 0.6841
vn -0.0533 0.7273 0.6842
vn -0.0541 0.7281 0.6833
vn -0.0672 0.9977 -0.0107
vn -0.1202 0.9925 -0.0207
vn -0.1202 0.9926 -0.0192
vn -0.1203 0.9924 -0.0248
vn -0.1203 0.9924 -0.0264
vn -0.1954 0.9794 -0.0503
vn -0.1984 0.9790 -0.0460
vn -0.1943 0.9796 -0.0518
vn -0.1875 0.9791 -0.0793
vn -0.1876 0.9794 -0.0742
vn -0.1876 0.9796 -0.0723
vn -0.1875 0.9789 -0.0809
vn -0.1703 0.9794 -0.1082
vn -0.1757 0.9789 -0.1041
vn -0.1745 0.9790 -0.1051
vn -0.2370 0.9596 -0.1519
vn -0.2381 0.9620 -0.1340
vn -0.3115 0.9344 -0.1727
vn -0.3100 0.9348 -0.1735
vn -0.3116 0.9344 -0.1726
vn -0.2823 0.9333 -0.2218
vn -0.2821 0.9335 -0.2215
vn -0.2845 0.9315 -0.2266
vn -0.2819 0.9337 -0.2209
vn -0.2736 0.9221 -0.2735
vn -0.2763 0.9213 -0.2735
vn -0.2735 0.9222 -0.2733
vn -0.2770 0.9212 -0.2733
vn -0.3254 0.9285 0.1792
vn -0.3239 0.9283 0.1827
vn -0.3236 0.9282 0.1836
vn -0.3258 0.9285 0.1781
vn -0.1090 0.5746 -0.8112
vn -0.1082 0.5740 -0.8117
vn -0.1082 0.5741 -0.8116
vn 0.1414 0.6843 -0.7153
vn 0.1413 0.6844 -0.7153
vn 0.1411 0.6844 -0.7153
vn -0.2618 0.8985 -0.3523
vn -0.2622 0.8984 -0.3524
vn -0.3458 0.9167 0.2000
vn -0.4949 0.1631 0.8535
vn -0.7257 0.1548 0.6704
vn -0.7284 0.1389 0.6709
vn -0.6388 0.3308 0.6946
vn -0.5788 0.4753 0.6626
vn -0.6192 0.4681 0.6304
vn -0.5992 0.4915 0.6320
vn -0.3446 -0.0818 0.9352
vn -0.3675 -0.0685 0.9275
vn -0.6155 0.7875 -0.0314
vn -0.6155 0.7876 -0.0313
vn -0.6155 0.7875 -0.0315
vn -0.6154 0.7876 -0.0311
vn -0.6681 0.5518 0.4991
vn -0.6679 0.5518 0.4994
vn -0.2289 0.9070 0.3535
vn -0.2289 0.9070 0.3534
vn -0.1437 0.7859 0.6014
vn -0.1435 0.7860 0.6013
vn -0.1436 0.7859 0.6014
vn -0.9934 -0.0946 0.0651
vn -0.9558 0.1744 -0.2367
vn -0.9558 0.1749 -0.2365
vn -0.9561 0.1707 -0.2383
vn -0.7549 0.5355 0.3787
vn -0.0617 0.9976 -0.0313
vn -0.1081 0.9925 -0.0567
vn -0.1085 0.9926 -0.0552
vn -0.1068 0.9924 -0.0607
vn -0.1063 0.9924 -0.0623
vn -0.1688 0.9796 -0.1093
vn -0.1539 0.9790 -0.1335
vn -0.1555 0.9794 -0.1286
vn -0.1561 0.9796 -0.1268
vn -0.1533 0.9789 -0.1349
vn -0.1286 0.9794 -0.1555
vn -0.1349 0.9789 -0.1533
vn -0.1334 0.9790 -0.1539
vn -0.1666 0.9656 -0.1996
vn -0.1665 0.9656 -0.1999
vn -0.1666 0.9656 -0.1997
vn -0.1667 0.9656 -0.1994
vn -0.2094 0.9452 -0.2506
vn -0.2095 0.9452 -0.2506
vn -0.1735 0.9451 -0.2768
vn -0.1735 0.9451 -0.2769
vn -0.1736 0.9452 -0.2766
vn -0.1735 0.9451 -0.2771
vn -0.1229 0.9398 -0.3187
vn -0.1755 0.9222 -0.3445
vn -0.1741 0.9214 -0.3475
vn -0.1738 0.9212 -0.3482
vn -0.1736 0.9211 -0.3485
vn -0.1927 0.9028 -0.3845
vn 0.2401 -0.7790 -0.5792
vn 0.2395 -0.7794 -0.5789
vn 0.2394 -0.7795 -0.5789
vn 0.2409 -0.7785 -0.5795
vn 0.2543 -0.7469 -0.6144
vn 0.3393 -0.7486 -0.5697
vn 0.3281 -0.7566 -0.5657
vn 0.4283 -0.7572 -0.4932
vn 0.4529 -0.7278 -0.5150
vn 0.5196 -0.6782 -0.5197
vn 0.5206 -0.6762 -0.5213
vn 0.5203 -0.6766 -0.5210
vn 0.5194 -0.6787 -0.5193
vn 0.5443 -0.6433 -0.5384
vn 0.5410 -0.6443 -0.5405
vn 0.5411 -0.6458 -0.5387
vn 0.4861 -0.8139 -0.3183
vn 0.4359 -0.8524 -0.2889
vn 0.3966 0.0609 -0.9159
vn 0.3966 0.0608 -0.9160
vn 0.3967 0.0611 -0.9159
vn 0.3966 0.0606 -0.9160
vn 0.5012 -0.5430 -0.6738
vn 0.5012 -0.5431 -0.6737
vn 0.5015 -0.5428 -0.6737
vn -0.1084 -0.3301 -0.9377
vn -0.1084 -0.3302 -0.9377
vn -0.1085 -0.3300 -0.9377
vn 0.2731 -0.9250 0.2643
vn 0.2729 -0.9255 0.2626
vn 0.3018 -0.9174 0.2594
vn 0.2824 -0.9550 0.0911
vn 0.4138 -0.9054 -0.0952
vn 0.4281 -0.8979 -0.1024
vn -0.2144 -0.7410 0.6364
vn -0.2141 -0.7410 0.6365
vn -0.2137 -0.7412 0.6364
vn -0.2144 -0.7409 0.6365
vn 0.1695 -0.9527 0.2523
vn 0.1700 -0.9525 0.2525
vn 0.1700 -0.9527 0.2519
vn 0.3269 -0.6251 0.7088
vn 0.3271 -0.6256 0.7083
vn 0.3272 -0.6258 0.7081
vn 0.5597 -0.6285 0.5401
vn 0.5596 -0.6289 0.5398
vn 0.5596 -0.6287 0.5400
vn -0.1485 -0.9889 -0.0037
vn -0.1498 -0.9887 -0.0077
vn -0.1501 -0.9886 -0.0086
vn -0.2367 -0.9592 0.1550
vn 0.1078 -0.9717 0.2103
vn 0.0751 -0.9765 0.2019
vn 0.0829 -0.9775 0.1940
vn 0.0750 -0.9764 0.2023
vn -0.4149 -0.8252 -0.3832
vn -0.4132 -0.8338 -0.3661
vn -0.5038 -0.7455 -0.4365
vn -0.8108 -0.5641 -0.1560
vn -0.8261 -0.4127 -0.3838
vn -0.8254 -0.4144 -0.3834
vn -0.8288 -0.4056 -0.3854
vn 0.2376 -0.9067 -0.3486
vn 0.2374 -0.9066 -0.3488
vn 0.2369 -0.9066 -0.3493
vn 0.1088 -0.9885 -0.1045
vn 0.1088 -0.9885 -0.1046
vn -0.3312 -0.8288 -0.4509
vn -0.3313 -0.8290 -0.4506
vn -0.3310 -0.8290 -0.4507
vn -0.3310 -0.8290 -0.4508
vn -0.3312 -0.8289 -0.4508
vn -0.3942 -0.9107 0.1235
vn -0.3941 -0.9107 0.1234
vn -0.3943 -0.9106 0.1236
vn -0.3941 -0.9108 0.1233
vn -0.1323 -0.4116 -0.9017
vn -0.1313 -0.4109 -0.9022
vn -0.1311 -0.4107 -0.9023
vn -0.1325 -0.4117 -0.9017
vn -0.2970 -0.7564 -0.5828
vn -0.2973 -0.7562 -0.5829
vn -0.2307 -0.7234 -0.6507
vn -0.1979 -0.7805 -0.5929
vn -0.1226 0.9924 0.0121
vn -0.2013 0.9794 0.0127
vn -0.2028 0.9791 0.0176
vn -0.2008 0.9796 0.0108
vn -0.2028 0.9791 -0.0176
vn -0.2013 0.9794 -0.0127
vn -0.2008 0.9796 -0.0108
vn -0.2033 0.9789 -0.0191
vn -0.1993 0.9789 -0.0447
vn -0.2720 0.9597 -0.0701
vn -0.2723 0.9596 -0.0712
vn -0.2707 0.9605 -0.0649
vn -0.2705 0.9606 -0.0642
vn -0.3435 0.9354 -0.0842
vn -0.3460 0.9347 -0.0819
vn -0.3431 0.9355 -0.0847
vn -0.3281 0.9346 -0.1371
vn -0.3275 0.9354 -0.1337
vn -0.3273 0.9355 -0.1331
vn -0.3282 0.9346 -0.1375
vn -0.3099 0.9348 -0.1736
vn -0.3720 0.9033 -0.2137
vn -0.3702 0.9093 -0.1901
vn -0.4441 0.8649 -0.2339
vn -0.4493 0.8628 -0.2317
vn -0.4441 0.8648 -0.2344
vn -0.4142 0.8617 -0.2933
vn -0.4142 0.8618 -0.2929
vn -0.4141 0.8620 -0.2923
vn -0.4142 0.8616 -0.2934
vn -0.3707 0.8530 -0.3673
vn -0.3787 0.8489 -0.3686
vn -0.6254 -0.3819 0.6805
vn -0.5985 -0.4206 0.6818
vn -0.6500 -0.0734 0.7564
vn -0.4753 -0.1601 0.8651
vn -0.3961 -0.4866 0.7787
vn -0.3720 -0.4292 0.8231
vn -0.3606 -0.4770 0.8015
vn -0.3085 -0.5452 0.7795
vn -0.2939 -0.4679 0.8335
vn -0.2756 -0.5434 0.7929
vn -0.3800 -0.5260 0.7608
vn -0.3787 -0.5274 0.7605
vn -0.3807 -0.5251 0.7611
vn -0.3620 -0.5891 0.7224
vn -0.3690 -0.5972 0.7121
vn -0.3459 -0.6403 0.6858
vn -0.3457 -0.6400 0.6862
vn -0.3463 -0.6411 0.6849
vn -0.2478 -0.6916 0.6784
vn -0.2770 -0.6560 0.7021
vn -0.1576 -0.6816 0.7145
vn -0.4603 0.3701 0.8069
vn -0.4390 0.4785 0.7605
vn -0.4675 0.4249 0.7752
vn -0.4794 0.3836 0.7893
vn -0.4786 0.3800 0.7915
vn -0.4784 0.3790 0.7921
vn -0.5959 0.3832 0.7057
vn -0.5993 0.3784 0.7054
vn -0.5950 0.3845 0.7058
vn -0.6000 0.3774 0.7054
vn -0.6482 0.3892 0.6545
vn -0.6528 0.3843 0.6528
vn -0.6477 0.3898 0.6547
vn -0.6535 0.3836 0.6525
vn -0.6418 0.3843 0.6637
vn -0.6678 0.3670 0.6476
vn -0.8216 0.3671 0.4361
vn -0.8403 0.3015 0.4506
vn -0.8320 0.3109 0.4595
vn -0.8512 0.2061 0.4827
vn -0.8218 0.2679 0.5029
vn -0.8370 0.1918 0.5124
vn -0.8371 0.1920 0.5123
vn -0.8370 0.1917 0.5125
vn -0.2056 0.9585 0.1973
vn -0.2055 0.9587 0.1969
vn -0.2047 0.9596 0.1931
vn -0.1867 0.9578 0.2187
vn -0.1865 0.9555 0.2285
vn -0.1867 0.9556 0.2280
vn -0.1865 0.9579 0.2182
vn -0.1639 0.9527 0.2559
vn -0.1643 0.9527 0.2556
vn -0.1561 0.9539 0.2562
vn -0.1947 0.9298 0.3124
vn -0.1930 0.9288 0.3162
vn -0.1950 0.9299 0.3119
vn -0.1933 0.9286 0.3166
vn -0.2259 0.9036 0.3639
vn -0.2262 0.9036 0.3638
vn -0.2242 0.9042 0.3636
vn -0.1623 0.9042 0.3952
vn -0.1614 0.9036 0.3968
vn -0.1614 0.9037 0.3965
vn -0.1633 0.9047 0.3934
vn -0.1024 0.9036 0.4159
vn -0.1009 0.9042 0.4151
vn -0.0991 0.9047 0.4143
vn -0.1165 0.8684 0.4820
vn -0.1161 0.8677 0.4834
vn -0.1170 0.8682 0.4821
vn -0.1152 0.8671 0.4846
vn -0.1320 0.8260 0.5480
vn -0.1331 0.8254 0.5486
vn -0.1331 0.8255 0.5485
vn -0.0430 0.8255 0.5627
vn -0.0429 0.8254 0.5629
vn -0.0437 0.8259 0.5621
vn -0.0446 0.8265 0.5611
vn 0.0437 0.8259 0.5621
vn 0.0430 0.8255 0.5627
vn 0.0446 0.8265 0.5611
vn 0.0486 0.7796 0.6243
vn 0.4555 0.7793 0.4304
vn 0.4569 0.7879 0.4128
vn 0.5284 0.7711 0.3552
vn 0.5253 0.7945 0.3046
vn 0.5539 0.7828 0.2838
vn 0.5557 0.7938 0.2473
vn 0.6042 0.7627 0.2308
vn 0.5960 0.7710 0.2243
vn 0.5964 0.7706 0.2247
vn 0.6034 0.7871 0.1284
vn 0.6165 0.7784 0.1183
vn 0.6251 0.7790 0.0495
vn 0.6245 0.7795 0.0487
vn 0.6260 0.7782 0.0506
vn 0.6641 0.7456 0.0555
vn 0.6664 0.7436 0.0541
vn 0.6669 0.7432 0.0539
vn 0.6639 0.7457 0.0558
vn 0.7164 0.6933 0.0780
vn 0.7563 0.6525 0.0485
vn 0.7561 0.6526 0.0485
vn 0.7563 0.6524 0.0486
vn 0.7565 0.6522 0.0487
vn 0.7991 0.6002 0.0360
vn 0.7896 0.6012 0.1224
vn -0.0623 -0.6123 -0.7882
vn -0.0622 -0.6121 -0.7883
vn -0.0618 -0.6116 -0.7888
vn -0.0624 -0.6124 -0.7881
vn -0.0660 -0.5479 -0.8339
vn -0.0655 -0.5486 -0.8335
vn -0.0656 -0.5484 -0.8336
vn 0.0657 -0.5484 -0.8336
vn 0.0655 -0.5486 -0.8335
vn 0.0660 -0.5480 -0.8339
vn 0.0662 -0.5478 -0.8340
vn 0.1606 -0.5487 -0.8204
vn 0.1729 -0.4785 -0.8609
vn 0.1700 -0.4818 -0.8596
vn 0.1694 -0.4825 -0.8593
vn 0.1734 -0.4780 -0.8611
vn 0.1812 -0.4131 -0.8925
vn 0.1821 -0.4146 -0.8916
vn 0.1819 -0.4143 -0.8918
vn 0.3392 -0.3802 -0.8604
vn 0.3382 -0.3817 -0.8602
vn 0.4153 -0.3835 -0.8249
vn 0.4141 -0.3848 -0.8249
vn 0.4189 -0.3799 -0.8248
vn 0.4201 -0.3787 -0.8247
vn 0.4080 -0.2440 -0.8798
vn 0.6251 -0.2103 -0.7517
vn 0.0710 -0.9623 -0.2625
vn -0.1420 -0.8450 -0.5156
vn -0.9287 0.2958 -0.2237
vn -0.9853 0.0963 -0.1408
vn -0.9844 0.1008 -0.1443
vn -0.9842 0.1015 -0.1448
vn -0.8852 0.4631 -0.0446
vn -0.7040 0.7079 -0.0565
vn -0.7503 -0.5108 -0.4197
vn -0.7504 -0.5107 -0.4196
vn -0.6619 -0.3668 -0.6537
vn -0.6620 -0.3667 -0.6537
vn -0.6619 -0.3669 -0.6537
vn -0.6057 -0.1169 -0.7871
vn -0.6055 -0.1171 -0.7872
vn -0.6056 -0.1170 -0.7871
vn -0.6059 -0.1167 -0.7870
vn -0.5967 0.1719 -0.7838
vn -0.5969 0.1720 -0.7836
vn -0.5968 0.1719 -0.7837
vn -0.5966 0.1718 -0.7840
vn -0.6370 0.4215 -0.6455
vn -0.7163 0.5657 -0.4086
vn -0.7162 0.5658 -0.4086
vn -0.7162 0.5657 -0.4086
vn -0.7164 0.5656 -0.4085
vn -0.8132 0.5657 -0.1366
vn -0.8133 0.5656 -0.1366
vn 0.8305 0.3255 0.4520
vn 0.8686 -0.0305 0.4946
vn 0.9090 0.0211 0.4163
vn 0.9090 0.1184 0.3996
vn 0.9739 0.0763 0.2139
vn 0.9717 0.0389 0.2329
vn 0.9942 0.0373 0.1005
vn 0.9941 0.0389 0.1015
vn 0.9947 0.0319 0.0973
vn 0.9876 0.1197 0.1015
vn 0.9879 0.1154 0.1039
vn 0.9878 0.1163 0.1034
vn 0.9875 0.1205 0.1012
vn 0.9762 0.1935 0.0982
vn 0.9749 0.1985 0.1009
vn 0.9746 0.1997 0.1015
vn 0.9680 0.2424 -0.0653
vn 0.9657 0.2507 -0.0683
vn 0.9685 0.2405 -0.0646
vn 0.9653 0.2521 -0.0687
vn 0.9610 0.2307 -0.1522
vn 0.9610 0.2309 -0.1522
vn 0.9610 0.2309 -0.1523
vn 0.9611 0.2306 -0.1520
vn 0.8232 0.5275 0.2101
vn 0.8302 0.5258 0.1854
vn 0.7209 -0.2789 -0.6345
vn 0.7210 -0.2789 -0.6343
vn 0.7214 -0.2788 -0.6339
vn 0.9721 -0.0134 -0.2341
vn 0.9751 0.0399 -0.2182
vn 0.9738 -0.0831 -0.2115
vn 0.9847 0.0772 -0.1562
vn 0.9847 0.0777 -0.1559
vn 0.9847 0.0774 -0.1559
vn 0.9847 0.0773 -0.1559
vn 0.9849 0.0818 -0.1523
vn 0.9619 -0.0325 0.2716
vn 0.9615 -0.0336 0.2727
vn 0.9615 -0.0337 0.2728
vn 0.9619 -0.0322 0.2713
vn 0.6104 0.2545 -0.7501
vn 0.6102 0.2547 -0.7502
vn 0.6100 0.2549 -0.7503
vn 0.9471 0.1344 -0.2913
vn 0.9470 0.1347 -0.2917
vn 0.9470 0.1342 -0.2918
vn 0.9470 0.1349 -0.2915
vn 0.9472 0.1343 -0.2910
vn 0.7207 -0.2789 -0.6346
vn 0.8131 -0.4224 -0.4005
vn 0.8130 -0.4225 -0.4006
vn 0.8131 -0.4225 -0.4005
vn 0.8028 0.5851 -0.1145
vn 0.9372 -0.3408 -0.0741
vn 0.9371 -0.3410 -0.0742
vn 0.9373 -0.3406 -0.0740
vn 0.9371 -0.3411 -0.0743
vn 0.9608 -0.2664 -0.0763
vn 0.9607 -0.2668 -0.0760
vn 0.9608 -0.2665 -0.0762
vn 0.9608 -0.2665 0.0762
vn 0.9607 -0.2668 0.0760
vn 0.9608 -0.2667 0.0761
vn 0.9609 -0.2663 0.0763
vn 0.9438 -0.2668 0.1950
vn 0.9617 -0.1889 0.1985
vn 0.9615 -0.1917 0.1968
vn 0.9615 -0.1923 0.1965
vn 0.9618 -0.1883 0.1989
vn 0.9731 -0.1161 0.1992
vn 0.9723 -0.1195 0.2010
vn 0.9724 -0.1189 0.2007
vn 0.9335 -0.1177 0.3387
vn 0.9285 -0.0860 0.3612
vn 0.8902 -0.1001 0.4445
vn 0.8883 -0.0714 0.4537
vn 0.8884 -0.0773 0.4526
vn 0.8882 -0.0769 0.4529
vn 0.8884 -0.0755 0.4529
vn 0.8882 -0.0677 0.4545
vn 0.8735 0.3142 0.3720
vn 0.0811 -0.9958 0.0413
vn 0.1266 -0.9901 0.0607
vn 0.1272 -0.9903 0.0566
vn 0.1292 -0.9899 0.0578
vn 0.1305 -0.9899 0.0561
vn 0.1926 -0.9783 0.0768
vn 0.1926 -0.9779 0.0810
vn 0.1927 -0.9784 0.0752
vn 0.2034 -0.9779 0.0476
vn 0.2009 -0.9783 0.0511
vn 0.2000 -0.9784 0.0525
vn 0.2042 -0.9778 0.0465
vn 0.2070 -0.9783 0.0134
vn 0.2086 -0.9778 0.0189
vn 0.2082 -0.9779 0.0176
vn 0.2804 -0.9597 0.0174
vn 0.2810 -0.9596 0.0164
vn 0.2775 -0.9605 0.0219
vn 0.2771 -0.9606 0.0225
vn 0.3527 -0.9354 0.0259
vn 0.3545 -0.9346 0.0291
vn 0.3524 -0.9355 0.0254
vn 0.3545 -0.9346 -0.0291
vn 0.3527 -0.9354 -0.0259
vn 0.3524 -0.9355 -0.0254
vn 0.3546 -0.9346 -0.0294
vn 0.3435 -0.9354 -0.0842
vn 0.3463 -0.9346 -0.0816
vn 0.3460 -0.9347 -0.0819
vn 0.3856 -0.9183 -0.0892
vn 0.3908 -0.9155 -0.0951
vn 0.3905 -0.9157 -0.0949
vn 0.3865 -0.9179 -0.0893
vn 0.3855 -0.9184 -0.0890
vn 0.1279 -0.9903 0.0546
vn 0.1927 -0.9772 0.0896
vn 0.1947 -0.9769 0.0878
vn 0.1875 -0.9777 0.0943
vn 0.1857 -0.9779 0.0958
vn 0.2360 -0.9621 0.1369
vn 0.2573 -0.9618 0.0933
vn 0.2522 -0.9627 0.0980
vn 0.2510 -0.9629 0.0991
vn 0.2582 -0.9616 0.0926
vn 0.2687 -0.9615 0.0573
vn 0.3373 -0.9381 0.0785
vn 0.3488 -0.9348 0.0667
vn 0.4204 -0.9022 0.0961
vn 0.4314 -0.9016 0.0310
vn 0.4128 -0.9094 0.0515
vn 0.4134 -0.9103 -0.0185
vn 0.4811 -0.8755 -0.0452
vn 0.4852 -0.8725 -0.0585
vn 0.2587 -0.9628 0.0782
vn 0.2635 -0.9615 0.0784
vn 0.2640 -0.9613 0.0783
vn 0.0534 -0.7274 0.6841
vn 0.0536 -0.7277 0.6838
vn 0.0541 -0.7281 0.6833
vn 0.0533 -0.7273 0.6842
vn 0.0513 -0.7590 0.6491
vn 0.0515 -0.7588 0.6493
vn 0.0512 -0.7591 0.6489
vn 0.1513 -0.7600 0.6321
vn 0.1455 -0.7513 0.6438
vn 0.2743 -0.7581 0.5917
vn 0.2425 -0.8291 0.5038
vn 0.2425 -0.8291 0.5039
vn 0.2425 -0.8291 0.5037
vn 0.2424 -0.8290 0.5040
vn 0.2244 -0.8567 0.4644
vn 0.2216 -0.8578 0.4638
vn 0.2219 -0.8575 0.4641
vn 0.2608 -0.8602 0.4381
vn 0.2577 -0.8486 0.4621
vn 0.3353 -0.8560 0.3936
vn 0.3332 -0.8568 0.3934
vn 0.3376 -0.8550 0.3937
vn 0.3063 -0.8880 0.3431
vn 0.3063 -0.8885 0.3417
vn 0.3065 -0.8893 0.3393
vn 0.3062 -0.8877 0.3439
vn 0.2687 -0.9216 0.2803
vn 0.2795 -0.9187 0.2790
vn -0.9660 -0.1154 0.2315
vn -0.9660 -0.1153 0.2314
vn -0.9659 -0.1155 0.2315
vn -0.9660 -0.1152 0.2314
vn -0.9717 -0.0389 0.2328
vn -0.9717 -0.0389 0.2329
vn -0.9717 -0.0390 0.2328
vn -0.9934 -0.0382 0.1083
vn -0.9933 -0.0390 0.1088
vn -0.9938 -0.0342 0.1062
vn -0.9938 -0.0334 0.1058
vn -0.9986 -0.0355 -0.0400
vn -0.9990 -0.0280 -0.0350
vn -0.9985 -0.0364 -0.0406
vn -0.9990 0.0284 -0.0353
vn -0.9986 0.0356 -0.0402
vn -0.9985 0.0364 -0.0407
vn -0.9990 0.0270 -0.0343
vn -0.9972 0.0633 -0.0391
vn -0.9846 0.1253 -0.1217
vn -0.9598 0.2637 -0.0965
vn -0.9735 0.2154 -0.0771
vn -0.9646 0.2533 -0.0735
vn -0.9659 0.2475 -0.0766
vn -0.9656 0.2486 -0.0760
vn -0.9389 0.2608 -0.2246
vn -0.9485 0.2337 -0.2138
vn -0.8903 0.2647 -0.3706
vn 0.3027 -0.6119 0.7307
vn 0.3029 -0.6123 0.7303
vn 0.3026 -0.6117 0.7309
vn 0.2833 -0.6719 0.6843
vn 0.2845 -0.6711 0.6846
vn 0.2843 -0.6712 0.6846
vn 0.3869 -0.6711 0.6324
vn 0.3867 -0.6711 0.6325
vn 0.3871 -0.6719 0.6315
vn 0.3870 -0.6721 0.6313
vn 0.4809 -0.6720 0.5632
vn 0.4820 -0.6711 0.5632
vn 0.4807 -0.6721 0.5632
vn 0.4454 -0.7275 0.5220
vn 0.4454 -0.7280 0.5211
vn 0.4454 -0.7282 0.5209
vn 0.4453 -0.7274 0.5222
vn 0.4061 -0.7796 0.4767
vn 0.4084 -0.7784 0.4767
vn 0.4071 -0.7792 0.4766
vn 0.4766 -0.7790 0.4074
vn 0.4767 -0.7784 0.4084
vn 0.4767 -0.7794 0.4067
vn 0.4766 -0.7795 0.4065
vn 0.5339 -0.7794 0.3277
vn 0.5346 -0.7791 0.3275
vn 0.5339 -0.7795 0.3277
vn 0.4806 -0.8255 0.2958
vn 0.4804 -0.8260 0.2949
vn 0.4802 -0.8266 0.2936
vn 0.4806 -0.8254 0.2960
vn 0.4316 -0.8629 0.2630
vn 0.4314 -0.8629 0.2633
vn 0.4433 -0.8581 0.2590
vn 0.4643 -0.8647 0.1915
vn -0.5760 -0.5143 -0.6354
vn -0.5744 -0.5151 -0.6362
vn -0.5749 -0.5157 -0.6353
vn -0.5741 -0.5154 -0.6362
vn -0.6509 -0.5427 -0.5309
vn -0.2150 -0.9036 -0.3705
vn -0.4254 -0.9021 -0.0724
vn -0.6884 0.2213 -0.6908
vn -0.6885 0.2211 -0.6907
vn -0.6883 0.2214 -0.6908
vn -0.5199 0.0707 -0.8513
vn -0.5198 0.0707 -0.8514
vn -0.7574 -0.3269 -0.5652
vn -0.7573 -0.3270 -0.5653
vn -0.7573 -0.3271 -0.5653
vn -0.3623 -0.4048 -0.8396
vn -0.3621 -0.4049 -0.8396
vn -0.3620 -0.4050 -0.8396
vn -0.3626 -0.4046 -0.8395
vn -0.9836 -0.0266 0.1785
vn -0.9817 -0.0114 0.1900
vn -0.9030 -0.2096 -0.3750
vn -0.3758 0.4355 0.8180
vn -0.3766 0.3490 0.8581
vn -0.3528 0.3894 0.8508
vn -0.3600 0.3407 0.8685
vn -0.3599 0.3405 0.8687
vn -0.4889 0.3400 0.8034
vn -0.4906 0.3375 0.8034
vn -0.4885 0.3406 0.8033
vn -0.4909 0.3370 0.8034
vn -0.6106 0.3391 0.7157
vn -0.6107 0.3398 0.7152
vn -0.6099 0.3356 0.7179
vn -0.6267 0.2648 0.7329
vn -0.6255 0.2667 0.7333
vn -0.6257 0.2663 0.7332
vn -0.6269 0.2644 0.7329
vn -0.6377 0.1920 0.7460
vn -0.7460 0.1920 0.6377
vn -0.7459 0.1921 0.6377
vn -0.8371 0.1921 0.5123
vn -0.8472 0.1151 0.5186
vn -0.8472 0.1152 0.5186
vn 0.6493 0.0390 -0.7595
vn 0.6493 0.0389 -0.7596
vn 0.6493 -0.0389 -0.7596
vn 0.6493 -0.0390 -0.7595
vn 0.5217 -0.0387 -0.8522
vn 0.5216 -0.0389 -0.8523
vn 0.5217 -0.0388 -0.8523
vn 0.5217 -0.0386 -0.8522
vn 0.3829 -0.0389 -0.9230
vn 0.3828 -0.0387 -0.9230
vn 0.3828 -0.0386 -0.9230
vn 0.3805 -0.1153 -0.9175
vn 0.3805 -0.1154 -0.9176
vn 0.3806 -0.1152 -0.9175
vn 0.3804 -0.1155 -0.9176
vn 0.3759 -0.1917 -0.9066
vn 0.3760 -0.1917 -0.9066
vn 0.2286 -0.1919 -0.9544
vn 0.2287 -0.1917 -0.9544
vn 0.2287 -0.1918 -0.9544
vn 0.2286 -0.1920 -0.9544
vn 0.1197 -0.1922 -0.9740
vn 0.1191 -0.1911 -0.9743
vn 0.1198 -0.1924 -0.9740
vn 0.1109 -0.2749 -0.9551
vn 0.1154 -0.2684 -0.9564
vn 0.1165 -0.2669 -0.9567
vn 0.1101 -0.2761 -0.9548
vn 0.1057 -0.3424 -0.9336
vn -0.7680 0.5330 -0.3549
vn -0.7754 0.4998 -0.3860
vn -0.8793 0.4115 -0.2398
vn -0.8914 0.2297 -0.3906
vn -0.9665 0.1590 -0.2017
vn -0.9618 0.2379 -0.1353
vn -0.9513 0.2434 0.1891
vn -0.9769 0.1462 0.1558
vn -0.8675 0.2490 0.4306
vn -0.2839 0.8636 -0.4166
vn -0.2838 0.8636 -0.4167
vn -0.2839 0.8637 -0.4165
vn -0.4601 0.6711 -0.5813
vn -0.4601 0.6712 -0.5812
vn -0.7128 0.7014 -0.0000
vn -0.7129 0.7013 0.0001
vn -0.0639 0.9979 0.0142
vn -0.0654 0.9971 0.0394
vn -0.0660 0.9973 0.0312
vn -0.0662 0.9974 0.0287
vn -0.0975 0.9941 0.0473
vn -0.0910 0.9930 0.0748
vn -0.2004 0.9783 0.0528
vn -0.2023 0.9756 0.0852
vn -0.2521 0.9627 0.0980
vn -0.2510 0.9629 0.0991
vn -0.2573 0.9618 0.0933
vn -0.2346 0.9630 0.1324
vn -0.2343 0.9619 0.1411
vn -0.2344 0.9621 0.1393
vn -0.2346 0.9631 0.1318
vn -0.2086 0.9638 0.1658
vn -0.2046 0.9597 0.1924
vn -0.1320 0.9756 0.1755
vn -0.1317 0.9758 0.1743
vn -0.1332 0.9744 0.1812
vn -0.1336 0.9740 0.1829
vn -0.1216 0.9696 0.2121
vn -0.1646 0.9525 0.2560
vn 0.7049 -0.0775 0.7051
vn 0.7050 -0.0777 0.7049
vn 0.1983 0.0828 0.9766
vn 0.2067 0.0845 0.9747
vn 0.2083 0.0848 0.9744
vn 0.1535 -0.2688 0.9509
vn 0.9965 0.0311 0.0782
vn 0.9965 0.0311 0.0781
vn 0.9965 0.0310 0.0782
vn 0.9365 0.2794 0.2118
vn 0.9366 0.2791 0.2119
vn 0.9365 0.2793 0.2119
vn 0.7908 -0.1319 0.5977
vn 0.7907 -0.1319 0.5978
vn 0.7906 -0.1318 0.5980
vn 0.7905 -0.1319 0.5981
vn 0.6277 0.4248 0.6523
vn 0.6278 0.4247 0.6523
vn 0.6276 0.4249 0.6524
vn 0.6279 0.4246 0.6522
vn 0.6280 -0.7319 0.2647
vn 0.6044 -0.7758 0.1812
vn 0.7192 -0.6384 0.2743
vn -0.7814 -0.5999 -0.1715
vn -0.2850 0.3153 -0.9052
vn -0.2884 0.3142 -0.9045
vn -0.2893 0.3139 -0.9043
vn -0.5425 0.5012 -0.6742
vn -0.7053 -0.0774 -0.7047
vn -0.7510 0.0287 -0.6597
vn -0.7499 -0.0071 -0.6615
vn -0.7445 -0.0240 -0.6672
vn -0.7450 0.0399 -0.6659
vn -0.8346 0.0465 -0.5489
vn -0.8287 0.0281 -0.5590
vn -0.8814 0.0408 -0.4706
vn -0.8883 0.0778 -0.4525
vn -0.4546 0.2018 -0.8675
vn -0.4598 0.2038 -0.8643
vn -0.4608 0.2042 -0.8637
vn -0.4532 0.2014 -0.8684
vn -0.9668 -0.1164 0.2275
vn 0.6454 0.5812 -0.4956
vn 0.6259 0.6010 -0.4970
vn 0.5877 0.5940 -0.5493
vn 0.5391 0.6383 -0.5494
vn 0.5441 0.6375 -0.5455
vn 0.5452 0.6302 -0.5527
vn 0.8178 0.5754 -0.0123
vn 0.8329 0.5531 0.0157
vn 0.0362 0.3647 -0.9304
vn 0.0363 0.3647 -0.9304
vn 0.0361 0.3647 -0.9304
vn 0.0365 0.3647 -0.9304
vn 0.5012 0.5734 -0.6481
vn 0.5012 0.5735 -0.6480
vn 0.5013 0.5733 -0.6481
vn 0.4833 0.0364 -0.8747
vn 0.4832 0.0363 -0.8748
vn 0.4834 0.0365 -0.8746
vn 0.7130 0.0333 -0.7003
vn 0.7130 0.0330 -0.7004
vn 0.7130 0.0332 -0.7004
vn -0.1584 0.9795 -0.1245
vn -0.3367 0.8132 -0.4747
vn -0.3357 0.8130 -0.4758
vn -0.3413 0.8142 -0.4697
vn 0.4725 -0.2717 -0.8384
vn 0.6477 -0.2911 -0.7041
vn 0.6363 -0.3014 -0.7102
vn 0.6556 -0.3800 -0.6525
vn 0.7112 -0.3667 -0.5998
vn 0.7111 -0.3669 -0.5998
vn 0.7089 -0.3730 -0.5986
vn 0.7111 -0.3670 -0.5997
vn 0.8028 -0.3899 -0.4510
vn 0.7771 -0.4620 -0.4275
vn 0.7791 -0.4714 -0.4132
vn 0.7624 -0.5176 -0.3884
vn 0.8627 -0.1364 -0.4870
vn 0.8785 -0.2302 -0.4185
vn 0.4428 -0.8959 -0.0362
vn 0.4427 -0.8960 -0.0362
vn 0.4430 -0.8958 -0.0362
vn -0.2601 -0.8853 -0.3855
vn -0.2559 -0.8798 -0.4007
vn -0.2563 -0.8785 -0.4032
vn -0.2558 -0.8788 -0.4029
vn -0.2541 -0.8801 -0.4010
vn -0.2384 -0.8496 -0.4704
vn -0.2391 -0.8495 -0.4704
vn -0.2392 -0.8496 -0.4701
vn -0.0768 -0.9407 -0.3305
vn -0.0260 -0.9756 -0.2182
vn -0.6590 -0.3876 -0.6446
vn -0.6590 -0.3867 -0.6451
vn -0.6590 -0.3866 -0.6452
vn -0.6590 -0.3878 -0.6444
vn -0.3315 -0.8289 -0.4506
vn -0.3311 -0.8288 -0.4511
vn -0.3316 -0.8287 -0.4509
vn -0.3314 -0.8287 -0.4511
vn -0.7787 -0.6097 -0.1480
vn -0.7789 -0.6095 -0.1480
vn -0.7789 -0.6094 -0.1480
vn -0.6344 -0.7718 0.0440
vn -0.6343 -0.7718 0.0439
vn -0.6344 -0.7718 0.0439
vn 0.1120 -0.5817 -0.8057
vn -0.0753 0.9475 0.3109
vn -0.0858 0.9445 0.3172
vn -0.0751 0.9475 0.3110
vn -0.0870 0.9441 0.3178
vn -0.0244 0.9432 0.3313
vn -0.0241 0.9431 0.3317
vn -0.0265 0.9443 0.3280
vn -0.0208 0.9600 0.2791
vn 0.0208 0.9600 0.2791
vn 0.0366 0.9718 0.2328
vn 0.0610 0.9672 0.2465
vn 0.0815 0.9715 0.2227
vn 0.0985 0.9684 0.2292
vn 0.1118 0.9720 0.2066
vn 0.1276 0.9709 0.2028
vn 0.1624 0.9739 0.1584
vn 0.1663 0.9712 0.1709
vn 0.1660 0.9710 0.1723
vn 0.1980 0.9594 0.2011
vn 0.2057 0.9591 0.1943
vn 0.1981 0.9591 0.2024
vn 0.2065 0.9591 0.1938
vn -0.1994 0.9241 -0.3259
vn -0.1575 0.9308 -0.3298
vn 0.1604 0.9862 -0.0418
vn 0.0954 0.9934 -0.0632
vn -0.6190 0.5090 -0.5981
vn -0.6189 0.5091 -0.5982
vn -0.6191 0.5089 -0.5981
vn -0.6187 0.5092 -0.5982
vn -0.2614 0.8984 -0.3528
vn -0.2603 0.8980 -0.3548
vn -0.2618 0.8983 -0.3529
vn -0.2614 0.8988 -0.3519
vn -0.7427 0.5703 -0.3509
vn -0.7447 0.5708 -0.3457
vn -0.7414 0.5701 -0.3540
vn -0.7448 0.5707 -0.3456
vn 0.2813 0.9269 -0.2485
vn 0.2794 0.9275 -0.2482
vn 0.2788 0.9277 -0.2481
vn 0.2818 0.9267 -0.2486
vn -0.4407 -0.1821 0.8790
vn -0.7537 -0.0560 0.6548
vn -0.7599 -0.0447 0.6485
vn 0.4176 -0.3450 0.8406
vn 0.4199 -0.3441 0.8398
vn 0.4199 -0.3435 0.8400
vn 0.4003 0.0411 0.9155
vn -0.4027 -0.2094 0.8911
vn -0.4027 -0.2095 0.8911
vn -0.1777 0.4832 0.8573
vn -0.1586 0.4126 0.8970
vn -0.3960 -0.7108 0.5813
vn -0.4223 -0.6790 0.6005
vn -0.4287 -0.5306 0.7312
vn -0.0496 0.9975 -0.0496
vn -0.0852 0.9925 -0.0874
vn -0.0861 0.9926 -0.0861
vn -0.0828 0.9924 -0.0907
vn -0.0818 0.9924 -0.0921
vn -0.1268 0.9796 -0.1561
vn -0.1051 0.9790 -0.1745
vn -0.1082 0.9794 -0.1703
vn -0.1093 0.9796 -0.1688
vn -0.1041 0.9789 -0.1757
vn -0.0742 0.9794 -0.1876
vn -0.0809 0.9789 -0.1875
vn -0.0793 0.9791 -0.1875
vn -0.0961 0.9645 -0.2460
vn -0.0972 0.9648 -0.2444
vn -0.0917 0.9632 -0.2525
vn -0.0913 0.9631 -0.2532
vn -0.1448 0.9388 -0.3127
vn -0.1243 0.9332 -0.3372
vn -0.1246 0.9331 -0.3374
vn -0.1278 0.9316 -0.3403
vn -0.1239 0.9334 -0.3368
vn -0.1312 0.9196 -0.3703
vn 0.9223 -0.0640 -0.3810
vn 0.9225 -0.0633 -0.3808
vn 0.9218 -0.0664 -0.3819
vn 0.9240 -0.0135 -0.3820
vn 0.9171 0.0398 -0.3966
vn 0.9120 -0.0856 -0.4011
vn 0.8886 0.0771 -0.4522
vn 0.8884 0.0770 -0.4526
vn 0.8884 0.0769 -0.4525
vn 0.8883 0.0777 -0.4526
vn 0.8861 0.0825 -0.4560
vn 0.6038 -0.0400 -0.7961
vn 0.5712 0.2613 -0.7781
vn 0.9630 -0.0319 0.2675
vn 0.9631 -0.0314 0.2673
vn 0.9633 -0.0308 0.2667
vn 0.9532 -0.2779 0.1193
vn 0.9532 -0.2777 0.1192
vn 0.9530 -0.2784 0.1194
vn 0.9473 0.1342 -0.2909
vn 0.9472 0.1344 -0.2912
vn 0.9472 0.1341 -0.2912
vn 0.7942 0.4983 -0.3477
vn 0.7844 0.5281 -0.3254
vn 0.8097 0.4815 -0.3354
vn 0.7645 0.4824 -0.4277
vn 0.7654 0.4705 -0.4390
vn 0.6642 0.5243 -0.5328
vn 0.6580 0.4688 -0.5893
vn 0.6049 0.5178 -0.6049
vn 0.6049 0.5178 -0.6050
vn 0.8501 0.1981 -0.4879
vn 0.6965 0.1162 -0.7081
vn 0.3487 0.9153 -0.2014
vn 0.3488 0.9154 -0.2010
vn 0.3487 0.9154 -0.2012
vn 0.4161 0.4493 -0.7906
vn 0.3910 0.4260 -0.8159
vn 0.3893 0.3842 -0.8372
vn 0.3919 0.3801 -0.8378
vn 0.3916 0.3808 -0.8377
vn 0.2331 0.3827 -0.8940
vn 0.2690 0.4371 -0.8582
vn 0.1464 0.4135 -0.8987
vn 0.1497 0.3785 -0.9134
vn 0.1446 0.3725 -0.9167
vn 0.1446 0.3721 -0.9168
vn 0.1508 0.3798 -0.9127
vn 0.1406 0.3229 -0.9359
vn 0.1397 0.3297 -0.9337
vn 0.1403 0.3283 -0.9341
vn 0.4768 0.2021 -0.8555
vn 0.4767 0.2020 -0.8556
vn 0.4775 0.2021 -0.8551
vn 0.4780 0.2017 -0.8549
vn -0.6558 0.4350 -0.6170
vn -0.4735 0.7147 -0.5149
vn -0.4735 0.7150 -0.5144
vn -0.4735 0.7148 -0.5147
vn 0.2705 0.9606 -0.0642
vn 0.3435 0.9354 -0.0842
vn 0.3431 0.9355 -0.0847
vn 0.3460 0.9347 -0.0819
vn 0.3463 0.9346 -0.0816
vn 0.4159 0.9036 -0.1024
vn 0.4151 0.9042 -0.1009
vn 0.4159 0.9036 -0.1027
vn 0.4259 0.9042 -0.0324
vn 0.4270 0.9037 -0.0311
vn 0.4272 0.9036 -0.0309
vn 0.4246 0.9048 -0.0339
vn 0.4246 0.9048 0.0339
vn 0.4947 0.8682 0.0381
vn 0.4948 0.8682 0.0378
vn 0.4957 0.8676 0.0390
vn 0.4965 0.8671 0.0402
vn 0.5618 0.8262 0.0435
vn 0.5617 0.8262 0.0436
vn 0.5624 0.8258 0.0429
vn 0.5484 0.8255 0.1331
vn 0.5397 0.8336 0.1178
vn 0.5049 0.8375 0.2090
vn 0.5042 0.8378 0.2093
vn 0.5056 0.8371 0.2088
vn 0.2264 -0.3086 0.9239
vn 0.4527 -0.0780 0.8882
vn 0.4526 -0.0781 0.8883
vn 0.4526 -0.0778 0.8883
vn 0.4121 -0.1222 0.9029
vn 0.3729 -0.0484 0.9266
vn 0.2129 -0.1234 0.9692
vn 0.2136 -0.1248 0.9689
vn 0.2094 -0.1172 0.9708
vn 0.2084 -0.1154 0.9712
vn 0.1315 -0.1161 0.9845
vn 0.1300 -0.1187 0.9844
vn 0.1318 -0.1156 0.9845
vn 0.1309 -0.0390 0.9906
vn 0.1077 -0.0024 0.9942
vn 0.1038 0.0886 0.9906
vn -0.0989 0.1196 0.9879
vn -0.0788 0.0683 0.9945
vn 0.3527 -0.0008 -0.9357
vn 0.3521 0.0029 -0.9360
vn 0.3517 0.0024 -0.9361
vn 0.1523 0.2309 -0.9610
vn 0.1521 0.2306 -0.9611
vn 0.1990 0.1751 -0.9642
vn 0.2604 0.2335 -0.9368
vn 0.2578 0.2423 -0.9353
vn 0.2580 0.2413 -0.9355
vn 0.4007 0.1654 -0.9012
vn 0.4145 0.1921 -0.8895
vn 0.5125 0.1917 -0.8370
vn 0.5031 0.2668 -0.8220
vn 0.5031 0.2669 -0.8220
vn 0.5030 0.2667 -0.8221
vn 0.5031 0.2670 -0.8219
vn 0.4910 0.3406 -0.8018
vn 0.4906 0.3413 -0.8018
vn 0.4907 0.3411 -0.8018
vn 0.6108 0.3411 -0.7145
vn 0.6109 0.3413 -0.7144
vn 0.6107 0.3406 -0.7148
vn 0.6107 0.3404 -0.7150
vn 0.0371 -0.7874 0.6153
vn 0.0857 -0.5695 0.8175
vn -0.8693 -0.3502 0.3487
vn -0.8693 -0.3502 0.3488
vn -0.7827 -0.5761 0.2357
vn -0.7827 -0.5760 0.2360
vn -0.7827 -0.5761 0.2358
vn -0.4918 -0.5413 0.6820
vn -0.4918 -0.5415 0.6819
vn -0.4918 -0.5414 0.6819
vn -0.3729 -0.8814 0.2899
vn -0.3730 -0.8813 0.2900
vn -0.3732 -0.8812 0.2901
vn -0.3725 -0.8816 0.2897
vn -0.4914 -0.1906 0.8498
vn -0.3933 -0.4456 0.8042
vn -0.3885 -0.5176 0.7623
vn -0.3885 -0.5175 0.7624
vn -0.3885 -0.5176 0.7624
vn -0.0811 -0.9958 0.0413
vn -0.1244 -0.9901 0.0655
vn -0.1250 -0.9901 0.0636
vn -0.1228 -0.9899 0.0706
vn -0.1222 -0.9899 0.0726
vn -0.1741 -0.9784 0.1116
vn -0.1580 -0.9779 0.1366
vn -0.1594 -0.9783 0.1326
vn -0.1600 -0.9784 0.1310
vn -0.1576 -0.9778 0.1379
vn -0.1379 -0.9778 0.1576
vn -0.1785 -0.9596 0.2177
vn -0.1838 -0.9615 0.2042
vn -0.2268 -0.9381 0.2617
vn -0.1852 -0.9350 0.3024
vn -0.1891 -0.9369 0.2942
vn -0.1899 -0.9372 0.2926
vn -0.1849 -0.9348 0.3033
vn 0.8130 -0.5486 0.1952
vn 0.8137 -0.5477 0.1947
vn 0.8128 -0.5488 0.1953
vn 0.8138 -0.5475 0.1946
vn 0.8290 -0.5490 0.1066
vn 0.8286 -0.5497 0.1061
vn 0.8316 -0.5443 0.1108
vn 0.8692 -0.4826 0.1078
vn 0.8867 -0.4541 0.0864
vn 0.9162 -0.3915 0.0852
vn 0.9221 -0.3768 -0.0883
vn 0.9115 -0.4049 -0.0724
vn 0.8919 -0.3984 -0.2138
vn 0.8921 -0.3981 -0.2137
vn 0.8913 -0.3996 -0.2143
vn 0.9142 -0.3408 -0.2192
vn 0.9143 -0.3406 -0.2194
vn 0.9142 -0.3411 -0.2191
vn 0.9141 -0.3413 -0.2189
vn 0.9373 -0.2666 -0.2243
vn 0.9371 -0.2672 -0.2246
vn 0.6455 0.1149 -0.7550
vn 0.6455 0.1150 -0.7551
vn 0.6454 0.1151 -0.7551
vn 0.6456 0.1148 -0.7550
vn 0.7381 0.1159 -0.6646
vn 0.7379 0.1150 -0.6651
vn 0.7391 0.1196 -0.6629
vn 0.7474 0.0316 -0.6637
vn 0.7442 0.0391 -0.6668
vn 0.7449 0.0374 -0.6661
vn 0.7479 0.0303 -0.6631
vn 0.7496 -0.0656 -0.6586
vn 0.8590 -0.1114 -0.4997
vn 0.8515 -0.0571 -0.5213
vn 0.9216 -0.0671 -0.3822
vn 0.9175 -0.1153 -0.3805
vn 0.9175 -0.1152 -0.3806
vn 0.9176 -0.1154 -0.3805
vn 0.9176 -0.1155 -0.3804
vn 0.9066 -0.1917 -0.3759
vn 0.9066 -0.1917 -0.3760
vn -0.4735 0.7145 -0.5151
vn 0.3555 -0.0021 -0.9347
vn 0.3560 -0.0020 -0.9345
vn 0.1571 0.2375 -0.9586
vn 0.1581 0.2388 -0.9581
vn 0.2619 0.2367 -0.9356
vn 0.2620 0.2372 -0.9355
vn 0.4052 0.2732 -0.8725
vn 0.4085 0.2683 -0.8724
vn 0.4047 0.2741 -0.8724
vn 0.3952 0.3417 -0.8527
vn 0.3962 0.3438 -0.8513
vn 0.3964 0.3442 -0.8511
vn 0.3950 0.3412 -0.8530
vn 0.3888 0.3849 -0.8371
vn 0.4826 0.3822 -0.7880
vn 0.4825 0.3821 -0.7881
vn 0.4827 0.3827 -0.7878
vn -0.2845 -0.7733 -0.5666
vn -0.2748 -0.7491 -0.6027
vn -0.2369 -0.8165 -0.5265
vn -0.2462 -0.8273 -0.5049
vn -0.2266 -0.8511 -0.4735
vn -0.2357 -0.8507 -0.4698
vn -0.2278 -0.8520 -0.4714
vn -0.2298 -0.8510 -0.4722
vn -0.2268 -0.8523 -0.4713
vn -0.2368 -0.8390 -0.4898
vn -0.6909 -0.4355 -0.5770
vn -0.6864 -0.4505 -0.5709
vn 0.1911 -0.9479 -0.2551
vn 0.1911 -0.9478 -0.2551
vn 0.1911 -0.9479 -0.2550
vn 0.6814 0.6442 -0.3474
vn 0.6810 0.6448 -0.3471
vn 0.6815 0.6441 -0.3475
vn 0.6810 0.6449 -0.3470
vn 0.9824 0.1623 -0.0929
vn 0.9808 0.1712 -0.0932
vn 0.9806 0.1727 -0.0933
vn 0.9827 0.1601 -0.0928
vn 0.0098 0.8684 -0.4958
vn 0.0097 0.8684 -0.4957
vn 0.0099 0.8684 -0.4959
vn 0.0096 0.8685 -0.4957
vn 0.5650 0.7160 -0.4099
vn 0.5652 0.7158 -0.4101
vn 0.5649 0.7160 -0.4102
vn 0.2388 0.4923 -0.8371
vn 0.2390 0.4924 -0.8369
vn 0.2391 0.4923 -0.8369
vn 0.4679 0.3187 -0.8243
vn 0.4682 0.3189 -0.8241
vn 0.4680 0.3188 -0.8242
vn 0.4684 0.8710 0.1484
vn 0.7746 0.0641 0.6292
vn 0.7673 0.0828 0.6359
vn 0.7660 0.0481 0.6411
vn 0.7316 0.1214 0.6708
vn 0.7251 0.1454 0.6732
vn 0.6569 0.1154 0.7451
vn 0.6395 0.1702 0.7497
vn 0.5153 0.1702 0.8399
vn 0.5096 0.2195 0.8319
vn 0.5106 0.2175 0.8318
vn 0.5109 0.2169 0.8318
vn 0.5093 0.2201 0.8320
vn 0.5035 0.2684 0.8212
vn 0.5030 0.2667 0.8221
vn 0.5031 0.2671 0.8220
vn 0.3694 0.2667 0.8902
vn 0.8213 -0.4585 -0.3395
vn 0.8208 -0.4592 -0.3397
vn 0.8233 -0.4555 -0.3387
vn 0.8476 -0.3978 -0.3512
vn 0.8472 -0.3998 -0.3499
vn 0.8473 -0.3994 -0.3501
vn 0.8476 -0.3975 -0.3515
vn 0.8683 -0.3411 -0.3602
vn 0.8686 -0.3406 -0.3600
vn 0.8687 -0.3405 -0.3599
vn 0.8141 -0.3410 -0.4700
vn 0.8132 -0.3197 -0.4863
vn 0.7085 -0.3740 -0.5984
vn 0.7014 -0.3244 -0.6346
vn 0.6747 -0.3380 -0.6561
vn 0.6096 -0.3054 -0.7315
vn 0.5690 -0.4938 -0.6576
vn -0.1861 -0.4860 0.8539
vn -0.1706 -0.6277 0.7595
vn -0.1320 -0.4157 0.8998
vn 0.0366 -0.7648 0.6433
vn 0.2383 -0.6441 0.7269
vn -0.6546 0.1759 0.7352
vn -0.7729 -0.0579 0.6319
vn -0.4024 -0.2092 0.8912
vn -0.4024 -0.2093 0.8912
vn -0.6407 -0.5073 0.5763
vn 0.6473 0.2375 0.7243
vn 0.7002 0.3125 0.6419
vn 0.3949 0.3127 0.8639
vn 0.3759 0.3712 0.8490
vn 0.2791 0.3072 0.9098
vn 0.8059 -0.3982 0.4381
vn 0.8059 -0.3981 0.4382
vn 0.8060 -0.3982 0.4380
vn 0.9234 -0.1496 0.3535
vn 0.9233 -0.1497 0.3538
vn 0.9241 -0.1489 0.3520
vn 0.5894 -0.0050 0.8078
vn 0.5895 -0.0038 0.8077
vn 0.8093 0.3898 0.4394
vn -0.0096 -0.1171 -0.9931
vn -0.1147 -0.1161 -0.9866
vn -0.1124 -0.1917 -0.9750
vn -0.1522 -0.2308 -0.9610
vn -0.1448 -0.2533 -0.9565
vn -0.1399 -0.2507 -0.9579
vn -0.1450 -0.2535 -0.9564
vn -0.1347 -0.2478 -0.9594
vn -0.1473 -0.3654 -0.9191
vn -0.1397 -0.3709 -0.9181
vn -0.1400 -0.3709 -0.9181
vn -0.1145 -0.3629 -0.9248
vn -0.2017 -0.5082 -0.8373
vn -0.3292 -0.5068 -0.7967
vn -0.3449 -0.4438 -0.8271
vn -0.6810 0.6448 -0.3471
vn -0.5738 0.6229 -0.5317
vn -0.6990 0.4909 -0.5201
vn -0.6983 0.4907 -0.5211
vn -0.6991 0.4910 -0.5198
vn -0.6981 0.4907 -0.5214
vn -0.8673 0.3283 -0.3742
vn -0.2839 0.8636 0.4166
vn -0.2840 0.8636 0.4166
vn -0.2838 0.8636 0.4166
vn -0.1854 0.9710 0.1507
vn -0.1853 0.9711 0.1507
vn -0.2837 0.8636 -0.4169
vn 0.0639 0.9979 0.0142
vn 0.0644 0.9978 0.0130
vn 0.0660 0.9978 0.0085
vn 0.0677 0.9968 0.0420
vn 0.0668 0.9973 0.0289
vn 0.0660 0.9973 0.0312
vn 0.0730 0.9967 0.0348
vn 0.0728 0.9937 0.0849
vn 0.1299 0.9906 0.0432
vn 0.1943 0.9755 0.1035
vn 0.1935 0.9756 0.1041
vn 0.1946 0.9754 0.1032
vn 0.1932 0.9756 0.1043
vn 0.2343 0.9622 0.1390
vn 0.2343 0.9619 0.1411
vn 0.2345 0.9632 0.1313
vn 0.2573 0.9618 0.0933
vn 0.2510 0.9629 0.0991
vn 0.2522 0.9627 0.0980
vn 0.2582 0.9616 0.0926
vn -0.4287 0.7514 0.5016
vn -0.4287 0.7515 0.5015
vn -0.4288 0.7512 0.5018
vn -0.4287 0.7516 0.5013
vn -0.3901 0.8003 0.4553
vn -0.3140 0.7987 0.5133
vn -0.3253 0.6798 0.6573
vn -0.3341 0.6894 0.6427
vn -0.3469 0.6449 0.6810
vn -0.3469 0.6448 0.6811
vn -0.2405 0.6924 0.6803
vn -0.2616 0.6421 0.7207
vn -0.2616 0.6420 0.7207
vn -0.2616 0.6421 0.7206
vn -0.2898 0.6138 0.7344
vn -0.1558 -0.0776 -0.9847
vn 0.6241 0.1250 -0.7713
vn 0.6285 -0.3040 -0.7160
vn 0.6286 -0.3040 -0.7159
vn 0.6285 -0.3040 -0.7159
vn -0.7710 0.0124 -0.6367
vn -0.7710 0.0126 -0.6367
vn -0.7709 0.0122 -0.6369
vn -0.6449 0.2588 -0.7191
vn -0.6449 0.2588 -0.7192
vn -0.4138 0.4003 -0.8176
vn -0.4138 0.4002 -0.8177
vn -0.4137 0.4002 -0.8177
vn -0.4139 0.4003 -0.8176
vn -0.1388 0.3993 -0.9063
vn -0.1388 0.3993 -0.9062
vn 0.6651 0.0814 -0.7423
vn 0.6653 0.0816 -0.7421
vn 0.6653 0.0818 -0.7420
vn 0.6649 0.0810 -0.7425
vn 0.2732 -0.8394 -0.4698
vn 0.2252 -0.8563 -0.4647
vn 0.4096 -0.6401 -0.6501
vn 0.3475 -0.6507 -0.6751
vn 0.3470 -0.6450 -0.6809
vn 0.3476 -0.6526 -0.6733
vn 0.3306 -0.6894 -0.6445
vn 0.3012 -0.6972 -0.6505
vn 0.2579 -0.7562 -0.6014
vn 0.1393 -0.7436 -0.6540
vn -0.8901 -0.1866 -0.4159
vn -0.8538 -0.2308 -0.4667
vn -0.9514 -0.2343 -0.2000
vn -0.9823 -0.1116 -0.1506
vn -0.9758 -0.1376 -0.1699
vn -0.9847 -0.0774 -0.1559
vn -0.9847 -0.0775 -0.1559
vn -0.9847 -0.0772 -0.1559
vn -0.9877 -0.1142 -0.1067
vn -0.9972 -0.0633 -0.0388
vn -0.9871 -0.1253 0.0996
vn -0.9876 -0.1176 0.1043
vn -0.9870 -0.1270 0.0986
vn -0.9877 -0.1154 0.1057
vn 0.9160 0.3601 0.1766
vn 0.9201 0.3502 0.1756
vn 0.9320 0.3018 0.2005
vn 0.9518 0.2283 0.2049
vn 0.8970 0.2082 0.3900
vn 0.8954 0.2455 0.3715
vn 0.8277 0.2414 0.5066
vn 0.8370 0.1917 0.5125
vn 0.8395 0.2178 0.4978
vn 0.8556 0.1245 0.5025
vn 0.2346 0.9633 0.1306
vn 0.2121 0.9640 0.1604
vn 0.1757 0.9724 0.1534
vn 0.1770 0.9724 0.1519
vn 0.1315 0.9815 0.1391
vn 0.1312 0.9815 0.1397
vn 0.1353 0.9815 0.1352
vn 0.5757 0.8174 -0.0208
vn 0.4102 0.8657 -0.2870
vn -0.3948 0.7640 0.5103
vn -0.3948 0.7639 0.5105
vn -0.3949 0.7635 0.5110
vn -0.1442 0.7425 0.6542
vn -0.1441 0.7424 0.6542
vn -0.1443 0.7428 0.6538
vn -0.0001 0.9894 0.1452
vn 0.8737 0.0107 -0.4864
vn 0.8706 0.0315 -0.4910
vn 0.8425 0.1075 -0.5279
vn 0.8434 0.0752 -0.5321
vn 0.8427 0.0773 -0.5328
vn 0.8427 0.0770 -0.5328
vn 0.8435 0.0748 -0.5319
vn 0.8390 0.1866 -0.5112
vn 0.8212 0.2509 -0.5126
vn 0.8213 0.2422 -0.5166
vn 0.8213 0.2402 -0.5175
vn 0.8211 0.2523 -0.5120
vn 0.8284 0.2302 -0.5107
vn 0.8263 0.2952 -0.4797
vn 0.2637 -0.6349 -0.7262
vn 0.2707 -0.6465 -0.7132
vn 0.2697 -0.6484 -0.7119
vn 0.2696 -0.6485 -0.7119
vn 0.3448 -0.6414 -0.6854
vn 0.3472 -0.6449 -0.6808
vn 0.3444 -0.6409 -0.6860
vn 0.0745 -0.7842 -0.6160
vn 0.0974 -0.7855 -0.6111
vn 0.8578 -0.0250 -0.5133
vn 0.8578 -0.0250 -0.5134
vn 0.8579 -0.0249 -0.5132
vn 0.8577 -0.0251 -0.5136
vn 0.5012 -0.5429 -0.6738
vn 0.5302 0.7832 -0.3247
vn 0.4662 0.8689 -0.1664
vn 0.2877 0.9576 0.0123
vn 0.3126 0.9464 -0.0817
vn 0.6980 0.2178 -0.6822
vn 0.6984 0.2185 -0.6816
vn 0.6985 0.2186 -0.6814
vn 0.6979 0.2175 -0.6824
vn 0.5649 0.7161 -0.4100
vn 0.5647 0.7162 -0.4101
vn 0.5649 0.7161 -0.4101
vn 0.9291 0.3204 -0.1846
vn 0.9291 0.3203 -0.1847
vn 0.9292 0.3200 -0.1847
vn 0.5692 -0.4822 0.6660
vn 0.5692 -0.4820 0.6662
vn 0.5692 -0.4823 0.6658
vn 0.5691 -0.4818 0.6663
vn 0.5432 -0.5485 0.6357
vn 0.5438 -0.5479 0.6357
vn 0.5433 -0.5484 0.6357
vn 0.6357 -0.5484 0.5433
vn 0.6357 -0.5479 0.5438
vn 0.6357 -0.5485 0.5432
vn 0.6357 -0.5487 0.5431
vn 0.7129 -0.5486 0.4367
vn 0.7131 -0.5484 0.4367
vn 0.7128 -0.5487 0.4368
vn 0.6744 -0.6119 0.4133
vn 0.6743 -0.6124 0.4127
vn 0.6743 -0.6125 0.4126
vn 0.6744 -0.6117 0.4135
vn 0.6314 -0.6719 0.3871
vn 0.6325 -0.6711 0.3867
vn 0.6322 -0.6713 0.3869
vn 0.6842 -0.6709 0.2858
vn 0.6841 -0.6712 0.2854
vn 0.6854 -0.6685 0.2886
vn 0.1346 -0.2670 0.9542
vn 0.1247 -0.2810 0.9516
vn 0.0013 -0.2490 0.9685
vn -0.0513 -0.3125 0.9485
vn -0.1331 -0.2928 0.9469
vn -0.1241 -0.3647 0.9228
vn -0.1448 -0.3787 0.9141
vn -0.1449 -0.3785 0.9142
vn -0.1447 -0.3791 0.9140
vn -0.1505 -0.4250 0.8926
vn -0.0847 -0.4742 0.8763
vn 0.0899 -0.9958 0.0142
vn 0.1392 -0.9901 0.0201
vn 0.1385 -0.9901 0.0220
vn 0.1408 -0.9899 0.0150
vn 0.1415 -0.9899 0.0130
vn 0.2065 -0.9784 0.0119
vn 0.2082 -0.9779 -0.0176
vn 0.2070 -0.9783 -0.0134
vn 0.2065 -0.9784 -0.0119
vn 0.2086 -0.9778 -0.0189
vn 0.2009 -0.9783 -0.0511
vn 0.2042 -0.9778 -0.0465
vn 0.2034 -0.9779 -0.0476
vn 0.2720 -0.9597 -0.0701
vn 0.2723 -0.9596 -0.0712
vn 0.2707 -0.9605 -0.0649
vn 0.2705 -0.9606 -0.0642
vn 0.3431 -0.9355 -0.0847
vn 0.4226 0.3103 0.8516
vn 0.4201 0.3371 0.8426
vn 0.5939 0.4982 0.6317
vn 0.6459 0.3750 0.6650
vn 0.6124 0.3608 0.7034
vn 0.6120 0.3463 0.7110
vn 0.6137 0.3552 0.7051
vn 0.6134 0.3535 0.7063
vn 0.6117 0.3446 0.7121
vn 0.6260 0.2706 0.7314
vn 0.6271 0.2687 0.7311
vn 0.6273 0.2683 0.7311
vn 0.5037 0.2688 0.8210
vn -0.4243 0.8140 -0.3966
vn -0.4369 0.8110 -0.3891
vn -0.3729 0.8499 -0.3722
vn -0.3549 0.8356 -0.4192
vn -0.4202 0.8091 -0.4109
vn -0.2610 0.8091 -0.5265
vn -0.3759 0.3943 -0.8386
vn -0.3989 0.3479 -0.8485
vn -0.0475 0.9818 0.1839
vn 0.7917 -0.3716 0.4848
vn 0.7917 -0.3714 0.4850
vn 0.7917 -0.3717 0.4848
vn 0.7918 -0.3713 0.4850
vn 0.8028 -0.3374 0.4917
vn 0.7157 -0.3374 0.6115
vn 0.7222 -0.2685 0.6374
vn 0.6408 -0.3220 0.6969
vn 0.6444 -0.2756 0.7133
vn 0.6215 -0.2094 0.7549
vn 0.6135 -0.2344 0.7541
vn -0.3562 -0.8683 -0.3452
vn -0.2393 -0.9666 -0.0918
vn -0.3895 -0.9197 -0.0488
vn -0.1558 -0.4653 -0.8713
vn -0.1558 -0.4653 -0.8714
vn -0.1559 -0.4653 -0.8713
vn 0.0844 -0.6046 -0.7920
vn 0.0842 -0.6046 -0.7920
vn 0.0843 -0.6046 -0.7920
vn -0.3312 -0.8288 -0.4510
vn 0.2378 -0.9067 -0.3484
vn 0.7838 -0.6116 0.1077
vn 0.7730 -0.6330 0.0418
vn 0.7636 -0.6447 0.0355
vn 0.8065 -0.5358 0.2500
vn 0.6346 -0.7202 0.2804
vn 0.5862 -0.6301 -0.5092
vn 0.5862 -0.6302 -0.5092
vn 0.7167 -0.5126 -0.4728
vn 0.7166 -0.5130 -0.4726
vn 0.7167 -0.5128 -0.4727
vn 0.6599 -0.7269 -0.1904
vn 0.6599 -0.7268 -0.1902
vn 0.6601 -0.7268 -0.1901
vn -0.3964 -0.6540 -0.6443
vn -0.3960 -0.6521 -0.6465
vn -0.3959 -0.6517 -0.6469
vn -0.3964 -0.6544 -0.6439
vn -0.3757 -0.6962 -0.6117
vn -0.4668 -0.6940 -0.5482
vn -0.4664 -0.6955 -0.5466
vn -0.4678 -0.6886 -0.5541
vn -0.4682 -0.6867 -0.5561
vn -0.5247 -0.7033 -0.4798
vn -0.5251 -0.7031 -0.4795
vn -0.5258 -0.7029 -0.4791
vn -0.4627 -0.7563 -0.4624
vn -0.4627 -0.7564 -0.4624
vn -0.4627 -0.7563 -0.4625
vn -0.8293 -0.4046 -0.3855
vn 0.6729 0.7279 -0.1318
vn 0.6732 0.7275 -0.1323
vn 0.6730 0.7278 -0.1319
vn 0.7270 0.6720 -0.1411
vn 0.7239 0.6749 -0.1432
vn 0.7242 0.6746 -0.1431
vn 0.7271 0.6719 -0.1407
vn 0.7787 0.6064 -0.1609
vn 0.7759 0.6114 -0.1554
vn 0.7753 0.6124 -0.1543
vn 0.7868 0.6120 -0.0805
vn 0.7883 0.6102 -0.0792
vn 0.7866 0.6122 -0.0807
vn 0.7885 0.6100 -0.0791
vn 0.7905 0.6105 0.0491
vn 0.8384 0.5432 0.0442
vn 0.8352 0.5486 0.0397
vn 0.8354 0.5481 0.0400
vn 0.8387 0.5428 0.0446
vn -0.5304 0.6758 0.5118
vn -0.1481 0.9690 -0.1977
vn -0.1488 0.9696 -0.1941
vn -0.1490 0.9698 -0.1930
vn -0.5520 0.7940 -0.2546
vn -0.5519 0.7942 -0.2542
vn -0.5520 0.7939 -0.2550
vn -0.2276 0.1627 0.9601
vn -0.2277 0.1627 0.9600
vn -0.2275 0.1626 0.9601
vn -0.0279 0.3691 0.9290
vn -0.0276 0.3691 0.9290
vn -0.0278 0.3691 0.9290
vn -0.4955 0.5772 0.6491
vn -0.4953 0.5773 0.6491
vn -0.4953 0.5772 0.6493
vn -0.4953 0.5770 0.6495
vn 0.0369 0.8068 0.5897
vn 0.0368 0.8068 0.5897
vn 0.0369 0.8068 0.5896
vn 0.7271 -0.5476 -0.4141
vn 0.7519 -0.4906 -0.4404
vn 0.6693 -0.4791 -0.5679
vn 0.6809 -0.4294 -0.5933
vn 0.6300 -0.4574 -0.6277
vn 0.6306 -0.4597 -0.6254
vn 0.6298 -0.4567 -0.6283
vn 0.6307 -0.4601 -0.6249
vn 0.8247 -0.1585 -0.5429
vn 0.7871 -0.1878 -0.5875
vn -0.1419 -0.8450 -0.5156
vn 0.5403 0.7616 0.3579
vn 0.5828 0.7567 0.2961
vn 0.5818 0.7535 0.3062
vn 0.5816 0.7534 0.3067
vn 0.1971 0.9436 0.2660
vn 0.3067 0.9511 0.0363
vn 0.3271 0.9444 0.0321
vn 0.3302 0.9422 0.0568
vn 0.5806 0.7906 -0.1947
vn 0.7320 0.6730 0.1064
vn 0.7218 0.6827 0.1138
vn -0.4746 0.8518 -0.2218
vn -0.5436 0.8033 -0.2433
vn -0.5437 0.8036 -0.2421
vn -0.5433 0.8032 -0.2442
vn -0.5433 0.8031 -0.2447
vn -0.5669 0.7706 -0.2912
vn -0.5242 0.7851 -0.3301
vn -0.5746 0.7258 -0.3782
vn -0.5751 0.7233 -0.3822
vn -0.5749 0.7239 -0.3814
vn -0.5741 0.7283 -0.3741
vn -0.6184 0.6747 -0.4030
vn -0.5510 0.6762 -0.4890
vn 0.5261 0.6876 -0.5004
vn 0.4968 0.6727 -0.5483
vn 0.4966 0.6724 -0.5489
vn 0.4967 0.6725 -0.5487
vn 0.4970 0.6731 -0.5476
vn 0.5409 0.6420 -0.5435
vn 0.5406 0.6447 -0.5405
vn 0.5409 0.6451 -0.5398
vn 0.1877 0.4188 -0.8885
vn 0.1470 0.4128 -0.8989
vn 0.7000 0.6968 0.1565
vn 0.6999 0.6969 0.1564
vn 0.7001 0.6967 0.1567
vn 0.6998 0.6971 0.1561
vn -0.4797 0.8690 -0.1211
vn -0.4732 0.8710 -0.1320
vn -0.4643 0.8758 -0.1317
vn -0.4660 0.8749 -0.1317
vn -0.4747 0.8702 -0.1321
vn -0.5204 0.8499 -0.0825
vn -0.3590 0.9247 -0.1264
vn -0.3884 0.9159 -0.1017
vn -0.9812 0.0999 0.1654
vn -0.9812 0.0999 0.1653
vn -0.6664 0.1150 -0.7366
vn -0.6503 0.1440 -0.7459
vn -0.6382 0.1941 -0.7450
vn -0.6408 0.2038 -0.7401
vn -0.6404 0.2021 -0.7410
vn -0.4940 0.2296 -0.8386
vn -0.5122 0.1943 -0.8366
vn -0.4140 0.2042 -0.8871
vn -0.4055 0.2733 -0.8723
vn -0.4088 0.2684 -0.8723
vn -0.4095 0.2673 -0.8723
vn -0.4049 0.2742 -0.8723
vn -0.0321 0.9975 -0.0632
vn -0.0539 0.9925 -0.1094
vn -0.0551 0.9926 -0.1085
vn -0.0506 0.9924 -0.1118
vn -0.0493 0.9924 -0.1128
vn -0.0723 0.9796 -0.1876
vn -0.0460 0.9790 -0.1984
vn -0.0502 0.9794 -0.1954
vn -0.0518 0.9796 -0.1943
vn -0.0447 0.9789 -0.1993
vn -0.0127 0.9794 -0.2013
vn -0.0191 0.9789 -0.2033
vn -0.0176 0.9791 -0.2028
vn -0.0164 0.9596 -0.2810
vn 0.4044 0.0894 -0.9102
vn 0.3983 0.4671 -0.7894
vn 0.5116 0.2076 -0.8338
vn 0.4827 0.3828 -0.7877
vn 0.6003 0.3825 -0.7024
vn 0.6001 0.3827 -0.7024
vn 0.6001 0.3828 -0.7024
vn 0.6003 0.3824 -0.7024
vn 0.7016 0.3850 -0.5996
vn 0.7150 0.3404 -0.6107
vn -0.0933 0.5813 -0.8083
vn 0.0929 0.5810 -0.8086
vn 0.0961 0.5836 -0.8063
vn 0.1038 0.5775 -0.8098
vn 0.0959 0.5839 -0.8062
vn 0.1059 0.5758 -0.8107
vn 0.1777 0.5673 -0.8041
vn 0.1344 0.5151 -0.8465
vn 0.1353 0.5136 -0.8473
vn 0.1349 0.5138 -0.8472
vn 0.1334 0.5179 -0.8450
vn 0.1333 0.5178 -0.8450
vn 0.3015 -0.5866 -0.7517
vn 0.3687 -0.5824 -0.7245
vn 0.3689 -0.5825 -0.7243
vn 0.3686 -0.5820 -0.7248
vn 0.3806 -0.5159 -0.7674
vn 0.0593 -0.4076 -0.9112
vn 0.0588 -0.4071 -0.9115
vn 0.0582 -0.4061 -0.9120
vn 0.2033 -0.1892 -0.9607
vn 0.6585 -0.7520 -0.0276
vn 0.6585 -0.7521 -0.0274
vn 0.6583 -0.7522 -0.0271
vn 0.3679 -0.9262 -0.0828
vn 0.5015 -0.5430 -0.6736
vn 0.0413 -0.9958 0.0811
vn 0.0585 -0.9911 0.1196
vn 0.0608 -0.9910 0.1195
vn 0.0501 -0.9915 0.1201
vn 0.0483 -0.9916 0.1202
vn 0.0952 -0.9823 0.1612
vn 0.0956 -0.9823 0.1612
vn 0.0951 -0.9823 0.1613
vn 0.0949 -0.9823 0.1613
vn 0.1163 -0.9745 0.1918
vn 0.1465 -0.9745 0.1699
vn 0.1671 -0.9716 0.1673
vn -0.9064 -0.1206 0.4049
vn -0.8273 0.3832 0.4107
vn -0.8284 0.3833 0.4085
vn -0.8231 0.3835 0.4189
vn -0.8230 0.3830 0.4195
vn -0.8358 0.3418 0.4297
vn -0.8677 0.3346 0.3676
vn -0.8696 0.3314 0.3661
vn -0.8672 0.3355 0.3680
vn -0.8699 0.3308 0.3658
vn -0.9002 0.3721 0.2261
vn -0.9213 0.3376 0.1929
vn -0.9216 0.3370 0.1926
vn -0.9217 0.3367 0.1925
vn -0.5919 0.4124 -0.6926
vn -0.5918 0.4124 -0.6926
vn -0.5917 0.4126 -0.6926
vn -0.5921 0.4120 -0.6926
vn -0.6108 0.3412 -0.7145
vn -0.6107 0.3404 -0.7150
vn -0.6107 0.3406 -0.7148
vn -0.7149 0.3406 -0.6107
vn -0.7150 0.3404 -0.6107
vn -0.7145 0.3411 -0.6108
vn -0.7144 0.3413 -0.6109
vn -0.8018 0.3413 -0.4906
vn -0.8220 0.2669 -0.5031
vn -0.8220 0.2668 -0.5031
vn -0.8219 0.2670 -0.5031
vn -0.8221 0.2667 -0.5030
vn 0.6471 -0.0312 -0.7618
vn 0.6472 -0.0313 -0.7617
vn 0.6469 -0.0312 -0.7619
vn 0.6473 -0.0313 -0.7616
vn 0.9054 0.2620 0.3340
vn 0.9169 0.2863 0.2782
vn 0.9610 0.2308 -0.1523
vn 0.9735 0.1810 -0.1398
vn 0.9791 0.1868 -0.0799
vn 0.9949 0.0767 -0.0649
vn 0.9950 0.0749 -0.0658
vn 0.9950 0.0746 -0.0659
vn 0.8295 -0.2683 0.4899
vn 0.7760 -0.4455 0.4464
vn 0.8671 -0.2305 0.4417
vn 0.7983 -0.5995 -0.0581
vn 0.9446 -0.2811 -0.1691
vn 0.3475 0.0361 0.9370
vn 0.3474 0.0361 0.9370
vn 0.3476 0.0361 0.9370
vn 0.3164 -0.2498 0.9151
vn 0.7906 -0.1319 0.5980
vn -0.0882 0.8659 -0.4924
vn -0.1572 0.8612 -0.4834
vn -0.1516 0.8631 -0.4817
vn -0.1520 0.8630 -0.4818
vn -0.1583 0.8608 -0.4837
vn -0.2353 0.8527 -0.4663
vn -0.2392 0.8500 -0.4693
vn -0.2398 0.8498 -0.4695
vn -0.2258 0.8306 -0.5090
vn -0.2490 0.8146 -0.5239
vn -0.7271 0.6000 0.3335
vn -0.7271 0.5999 0.3337
vn -0.7271 0.6000 0.3336
vn -0.7271 0.6001 0.3334
vn -0.6647 0.6597 0.3506
vn -0.6588 0.6547 0.3706
vn -0.5582 0.6640 0.4975
vn -0.5577 0.6674 0.4934
vn -0.5582 0.6638 0.4978
vn -0.5583 0.6636 0.4980
vn -0.5332 0.6437 0.5489
vn 0.2242 0.9042 0.3636
vn 0.2258 0.9036 0.3639
vn 0.2221 0.9048 0.3634
vn 0.2262 0.9036 0.3638
vn 0.1933 0.9287 0.3163
vn 0.1933 0.9286 0.3166
vn 0.1939 0.9292 0.3147
vn 0.1444 0.9275 0.3448
vn 0.1432 0.9278 0.3444
vn 0.1439 0.9276 0.3446
vn 0.1445 0.9275 0.3448
vn 0.0892 0.9264 0.3658
vn 0.0901 0.9267 0.3648
vn 0.0903 0.9268 0.3645
vn 0.0858 0.9445 0.3172
vn 0.0753 0.9475 0.3109
vn 0.0751 0.9474 0.3110
vn 0.0870 0.9441 0.3178
vn 0.3257 -0.9372 0.1248
vn 0.3199 -0.9427 0.0953
vn 0.3886 -0.9079 0.1570
vn 0.3895 -0.9075 0.1573
vn 0.3874 -0.9085 0.1566
vn 0.3016 -0.9338 0.1923
vn 0.3234 -0.9347 0.1473
vn 0.2365 -0.9641 0.1205
vn 0.2530 -0.9627 0.0956
vn 0.1943 -0.9715 0.1361
vn 0.5890 -0.0043 0.8082
vn 0.0538 -0.1468 0.9877
vn 0.0537 -0.1470 0.9877
vn 0.0541 -0.1466 0.9877
vn 0.0535 -0.1471 0.9877
vn 0.8828 0.1147 0.4555
vn 0.8931 0.1482 0.4248
vn 0.7082 0.0772 0.7018
vn 0.7067 0.0728 0.7038
vn 0.7083 0.0789 0.7014
vn 0.7050 0.0770 0.7051
vn -0.1464 -0.9241 -0.3531
vn -0.1741 -0.9311 -0.3205
vn -0.1257 -0.9808 0.1491
vn -0.1132 -0.9864 0.1194
vn -0.1445 -0.6323 -0.7612
vn -0.1445 -0.6323 -0.7611
vn -0.1445 -0.6322 -0.7612
vn -0.1446 -0.6323 -0.7611
vn -0.1476 -0.8908 -0.4297
vn -0.1486 -0.8908 -0.4295
vn 0.4143 0.9047 -0.0991
vn 0.4822 0.8682 -0.1170
vn 0.4821 0.8682 -0.1170
vn 0.4834 0.8677 -0.1161
vn 0.4846 0.8671 -0.1152
vn 0.5486 0.8254 -0.1331
vn 0.5627 0.8255 -0.0429
vn 0.5620 0.8260 -0.0438
vn 0.5629 0.8254 -0.0429
vn 0.5610 0.8266 -0.0447
vn 0.5611 0.8266 0.0441
vn 0.6243 0.7796 0.0486
vn 0.9783 -0.1922 0.0775
vn 0.9783 -0.1921 0.0774
vn 0.9783 -0.1919 0.0774
vn 0.9783 -0.1923 0.0776
vn 0.9783 -0.1921 -0.0774
vn 0.9783 -0.1923 -0.0776
vn 0.9783 -0.1922 -0.0775
vn 0.9902 -0.1154 -0.0785
vn 0.9902 -0.1154 -0.0784
vn 0.9902 -0.1153 -0.0785
vn 0.9953 -0.0570 -0.0789
vn 0.9703 -0.0663 -0.2328
vn 0.9702 -0.0640 -0.2338
vn 0.9703 -0.0670 -0.2325
vn 0.9701 -0.0633 -0.2341
vn 0.8911 -0.3999 -0.2145
vn 0.8652 -0.4556 -0.2097
vn 0.8636 -0.4596 -0.2073
vn 0.8639 -0.4588 -0.2077
vn 0.8655 -0.4546 -0.2103
vn 0.8285 -0.5235 -0.1988
vn 0.8450 -0.5176 -0.1342
vn 0.8279 -0.5548 -0.0821
vn 0.8484 -0.5271 -0.0494
vn 0.8319 -0.5437 0.1113
vn -0.1241 0.0808 -0.9890
vn -0.2328 0.1249 -0.9645
vn -0.2338 0.2126 -0.9488
vn -0.3677 0.2095 -0.9060
vn -0.4519 0.0773 -0.8887
vn -0.4503 0.0780 -0.8895
vn -0.4499 0.0782 -0.8896
vn -0.4522 0.0771 -0.8886
vn -0.4587 0.0594 -0.8866
vn -0.5686 -0.0018 -0.8226
vn 0.3344 0.6202 -0.7096
vn 0.3342 0.6202 -0.7097
vn 0.3341 0.6203 -0.7097
vn 0.3349 0.6199 -0.7096
vn 0.3106 0.6209 -0.7197
vn 0.1759 0.6964 -0.6957
vn 0.0989 0.6859 -0.7210
vn 0.1601 0.6325 -0.7579
vn -0.1611 0.6323 -0.7577
vn 0.7648 0.6303 0.1333
vn 0.7875 0.6085 0.0978
vn 0.7371 0.6650 0.1201
vn 0.5164 0.8070 -0.2863
vn 0.5063 0.8344 -0.2176
vn 0.8232 -0.0479 0.5657
vn 0.8231 -0.0477 0.5658
vn 0.8232 -0.0478 0.5658
vn -0.1309 0.5036 -0.8539
vn -0.1617 0.4858 -0.8590
vn -0.1336 0.5180 -0.8449
vn -0.1335 0.5178 -0.8450
vn -0.1354 0.5185 -0.8443
vn -0.1333 0.5180 -0.8449
vn -0.1004 0.5291 -0.8426
vn -0.1434 0.5576 -0.8176
vn 0.1421 0.5570 -0.8183
vn 0.0298 0.9257 0.3771
vn 0.0297 0.9257 0.3770
vn 0.0296 0.9258 0.3769
vn 0.0299 0.9257 0.3771
vn 0.0311 0.9037 0.4270
vn 0.0309 0.9036 0.4272
vn 0.0324 0.9042 0.4259
vn 0.1009 0.9042 0.4151
vn 0.1027 0.9036 0.4159
vn 0.1024 0.9036 0.4159
vn 0.0991 0.9047 0.4143
vn 0.1614 0.9037 0.3965
vn 0.1623 0.9042 0.3952
vn 0.1633 0.9047 0.3934
vn 0.1887 0.8682 0.4589
vn 0.0321 0.9975 -0.0632
vn 0.0566 0.9925 -0.1081
vn 0.0551 0.9926 -0.1085
vn 0.0607 0.9924 -0.1068
vn 0.0623 0.9924 -0.1063
vn 0.1082 0.9794 -0.1703
vn 0.1051 0.9790 -0.1745
vn 0.1093 0.9796 -0.1688
vn 0.1334 0.9790 -0.1539
vn 0.1286 0.9794 -0.1555
vn 0.1268 0.9796 -0.1561
vn 0.1349 0.9789 -0.1533
vn 0.2087 0.9748 -0.0783
vn 0.1158 0.2030 -0.9723
vn 0.1706 0.1266 -0.9772
vn -0.1711 0.1270 -0.9770
vn -0.1872 0.0249 -0.9820
vn -0.1121 -0.0546 -0.9922
vn 0.1645 0.8570 -0.4884
vn 0.4403 0.6985 -0.5641
vn 0.4402 0.6985 -0.5642
vn 0.4403 0.6985 -0.5642
vn 0.9902 -0.1154 0.0785
vn 0.9902 -0.1153 0.0785
vn 0.9902 -0.1154 0.0784
vn 0.9961 -0.0389 0.0789
vn 0.9785 -0.0390 0.2023
vn 0.9771 -0.0241 0.2112
vn 0.9259 -0.1014 0.3639
vn 0.9120 -0.0231 0.4096
vn 0.3244 -0.8672 -0.3777
vn 0.3285 -0.8657 -0.3777
vn 0.3240 -0.8674 -0.3778
vn 0.3332 -0.8639 -0.3777
vn 0.3677 -0.8272 -0.4250
vn 0.3679 -0.8275 -0.4241
vn 0.4090 -0.8248 -0.3905
vn 0.3719 -0.8392 -0.3969
vn 0.4238 -0.8423 -0.3332
vn 0.1224 -0.8809 -0.4573
vn -0.2398 -0.8489 -0.4710
vn -0.2391 -0.8498 -0.4698
vn -0.7532 -0.5866 -0.2977
vn -0.7094 -0.6409 -0.2933
vn 0.2458 -0.8693 -0.4288
vn -0.4245 0.8657 0.2652
vn -0.4470 0.8566 0.2579
vn -0.4713 0.8592 0.1990
vn -0.4717 0.8589 0.1996
vn -0.4714 0.8592 0.1990
vn -0.5089 0.8358 0.2060
vn -0.4784 0.8503 0.2195
vn -0.5407 0.8052 0.2435
vn -0.5408 0.8053 0.2429
vn -0.5416 0.8063 0.2377
vn -0.4449 0.8348 0.3243
vn 0.8658 -0.1538 -0.4763
vn 0.8158 -0.3273 -0.4768
vn 0.7539 -0.2431 -0.6103
vn 0.8512 0.5025 0.1513
vn 0.8513 0.5025 0.1510
vn 0.8514 0.5024 0.1504
vn 0.9261 0.2543 0.2789
vn 0.9260 0.2542 0.2789
vn 0.9472 0.1345 -0.2912
vn 0.1766 -0.8879 0.4249
vn 0.2030 -0.8875 0.4137
vn 0.2013 -0.8985 0.3901
vn 0.2222 -0.9090 0.3525
vn 0.2237 -0.9073 0.3560
vn 0.2228 -0.9082 0.3542
vn 0.2220 -0.9091 0.3524
vn 0.2802 -0.9184 0.2791
vn 0.5382 -0.6841 0.4923
vn 0.4917 -0.1610 0.8558
vn 0.4832 -0.1228 0.8669
vn 0.4692 -0.2279 0.8532
vn 0.4527 -0.0782 0.8882
vn 0.4154 -0.2408 0.8772
vn 0.4191 -0.4608 0.7824
vn 0.6085 0.5344 0.5866
vn -0.5980 -0.7267 -0.3381
vn -0.5978 -0.7276 -0.3366
vn -0.5977 -0.7278 -0.3362
vn -0.5981 -0.7265 -0.3383
vn -0.6556 -0.6521 -0.3806
vn -0.5769 -0.6368 -0.5115
vn -0.5737 -0.6558 -0.4907
vn -0.4923 -0.6524 -0.5762
vn -0.4907 -0.6538 -0.5760
vn -0.4927 -0.6521 -0.5762
vn -0.5140 -0.6110 -0.6021
vn -0.3900 -0.7461 0.5396
vn -0.1586 0.4501 0.8788
vn 0.1900 0.2768 0.9419
vn -0.1559 -0.0775 0.9847
vn -0.1560 -0.0775 0.9847
vn -0.1558 -0.0775 0.9847
vn -0.1047 -0.0102 0.9944
vn -0.0275 -0.0802 0.9964
vn -0.0294 -0.0790 0.9964
vn -0.0294 -0.0788 0.9965
vn 0.0836 -0.9776 0.1933
vn 0.1077 -0.9717 0.2104
vn 0.1075 -0.9717 0.2105
vn -0.1485 -0.9889 -0.0032
vn 0.0232 -0.9917 -0.1262
vn 0.3264 -0.6243 0.7097
vn 0.0418 -0.6657 0.7451
vn 0.0416 -0.6655 0.7452
vn 0.0422 -0.6659 0.7448
vn -0.5286 0.8074 -0.2619
vn -0.5556 0.7615 -0.3337
vn -0.4786 0.7674 -0.4266
vn -0.4786 0.7674 -0.4267
vn -0.4787 0.7671 -0.4271
vn -0.4786 0.7677 -0.4261
vn -0.4185 0.7650 -0.4895
vn -0.4188 0.7648 -0.4896
vn -0.4156 0.7668 -0.4892
vn -0.4454 0.7280 -0.5211
vn -0.4453 0.7274 -0.5222
vn -0.4454 0.7275 -0.5219
vn -0.4454 0.7282 -0.5209
vn 0.8279 -0.5549 -0.0821
vn 0.9472 -0.2977 0.1192
vn 0.9281 -0.3553 0.1111
vn 0.4104 -0.8455 -0.3417
vn 0.4105 -0.8455 -0.3417
vn 0.4107 -0.8455 -0.3413
vn 0.4764 -0.7506 -0.4578
vn 0.4765 -0.7507 -0.4576
vn 0.4765 -0.7506 -0.4577
vn 0.6598 -0.7269 -0.1904
vn 0.6598 -0.7269 -0.1903
vn -0.1942 0.9755 0.1035
vn -0.1934 0.9756 0.1042
vn -0.1932 0.9756 0.1043
vn -0.1946 0.9754 0.1032
vn -0.1722 0.9730 0.1536
vn -0.1699 0.9747 0.1453
vn -0.1700 0.9746 0.1457
vn -0.1362 0.9810 0.1382
vn -0.5957 0.8026 -0.0294
vn -0.5692 0.8215 -0.0335
vn 0.5387 0.8001 0.2639
vn 0.6333 0.2174 0.7427
vn 0.6338 0.2196 0.7417
vn 0.6332 0.2168 0.7430
vn 0.6339 0.2203 0.7414
vn 0.7430 0.2111 0.6352
vn 0.7311 0.2634 0.6294
vn 0.7319 0.2692 0.6260
vn 0.7318 0.2681 0.6266
vn 0.7309 0.2622 0.6301
vn 0.7129 0.3506 0.6073
vn 0.7116 0.3532 0.6073
vn 0.7112 0.3541 0.6073
vn 0.8020 0.3335 0.4956
vn -0.2843 0.3154 -0.9054
vn -0.6666 -0.1613 -0.7278
vn -0.6768 -0.2230 -0.7016
vn -0.5161 -0.1897 -0.8352
vn -0.5160 -0.1898 -0.8353
vn -0.5221 -0.1847 -0.8326
vn -0.5312 -0.1156 -0.8393
vn -0.5308 -0.1151 -0.8397
vn -0.5317 -0.1162 -0.8389
vn -0.5333 -0.0428 -0.8448
vn -0.8929 0.2976 0.3378
vn -0.7006 0.4943 0.5145
vn -0.6995 0.4940 0.5164
vn -0.7050 0.4956 0.5073
vn -0.7057 0.4958 0.5061
vn -0.5835 0.6256 0.5178
vn -0.6801 0.6446 0.3493
vn -0.6406 0.6755 0.3652
vn -0.6470 0.6746 0.3553
vn -0.6465 0.6750 0.3555
vn -0.6408 0.6749 0.3657
vn -0.6122 -0.4099 -0.6762
vn -0.6121 -0.4083 -0.6773
vn -0.6125 -0.4150 -0.6728
vn -0.6253 -0.3747 -0.6846
vn -0.0167 -0.4016 -0.9156
vn -0.0140 -0.4026 -0.9153
vn -0.0133 -0.4028 -0.9152
vn -0.0176 -0.4014 -0.9158
vn -0.9820 -0.1526 -0.1114
vn -0.9820 -0.1527 -0.1115
vn -0.9820 -0.1524 -0.1113
vn -0.9819 -0.1529 -0.1117
vn -0.0000 0.3706 -0.9288
vn 0.0001 0.3705 -0.9288
vn -0.0000 0.3705 -0.9288
vn -0.1691 -0.3060 -0.9369
vn -0.1691 -0.3061 -0.9369
vn -0.1690 -0.3060 -0.9369
vn 0.1647 -0.2854 -0.9441
vn 0.1647 -0.2855 -0.9441
vn -0.0991 0.6865 -0.7203
vn -0.1759 0.6970 -0.6952
vn 0.1790 0.9752 0.1298
vn 0.1362 0.9815 0.1343
vn 0.1362 0.9904 -0.0224
vn 0.4157 0.8551 -0.3100
vn 0.1539 0.8784 -0.4525
vn -0.1446 0.7433 0.6532
vn 0.1053 -0.8157 0.5688
vn 0.1086 -0.8336 0.5416
vn 0.4105 -0.5495 0.7277
vn 0.4116 -0.5447 0.7307
vn 0.4117 -0.5439 0.7312
vn 0.4101 -0.5507 0.7270
vn -0.3939 -0.9191 0.0109
vn -0.3939 -0.9191 0.0113
vn -0.3938 -0.9191 0.0115
vn -0.3939 -0.9191 0.0105
vn -0.0112 0.9975 -0.0704
vn -0.0177 0.9925 -0.1207
vn -0.0192 0.9926 -0.1202
vn -0.0137 0.9924 -0.1220
vn -0.0121 0.9924 -0.1226
vn -0.0108 0.9796 -0.2008
vn 0.0176 0.9791 -0.2028
vn 0.0127 0.9794 -0.2013
vn 0.0108 0.9796 -0.2008
vn 0.0191 0.9789 -0.2033
vn 0.9514 -0.0628 0.3016
vn 0.9618 -0.0830 0.2610
vn 0.1060 0.9491 0.2967
vn 0.1061 0.9491 0.2967
vn 0.1059 0.9491 0.2967
vn 0.1062 0.9491 0.2966
vn 0.7262 0.5758 0.3757
vn 0.3502 0.6299 -0.6933
vn -0.3088 0.5545 -0.7728
vn -0.3425 0.8145 -0.4683
vn 0.8635 0.1475 -0.4823
vn 0.8634 0.1483 -0.4823
vn 0.8633 0.1486 -0.4823
vn 0.7131 0.0335 -0.7003
vn 0.0496 0.9975 -0.0496
vn 0.0874 0.9925 -0.0852
vn 0.0861 0.9926 -0.0861
vn 0.0908 0.9924 -0.0828
vn 0.0921 0.9924 -0.0818
vn 0.1671 0.9767 -0.1345
vn 0.1718 0.9788 -0.1116
vn 0.1876 0.9794 -0.0742
vn 0.1875 0.9789 -0.0809
vn 0.1875 0.9791 -0.0793
vn -0.6126 -0.4163 -0.6718
vn -0.0827 -0.7001 -0.7093
vn -0.2475 -0.8774 -0.4111
vn -0.8561 0.2285 -0.4635
vn -0.8562 0.2284 -0.4634
vn -0.8563 0.2280 -0.4634
vn -0.6886 0.2210 -0.6906
vn 0.1669 -0.9176 0.3607
vn 0.1663 -0.9178 0.3607
vn 0.1590 -0.9233 0.3497
vn 0.1438 -0.9243 0.3535
vn 0.0874 -0.9328 0.3497
vn 0.3739 -0.5871 -0.7180
vn 0.0119 -0.6247 -0.7808
vn 0.0186 -0.6290 -0.7771
vn 0.0192 -0.6287 -0.7774
vn 0.0594 -0.4079 -0.9111
vn 0.8612 -0.4978 -0.1030
vn 0.8612 -0.4978 -0.1029
vn 0.8612 -0.4977 -0.1032
vn 0.6586 -0.7520 -0.0277
vn 0.5013 -0.5433 -0.6735
vn 0.3487 0.9153 -0.2016
vn 0.5129 0.2828 -0.8106
vn 0.7057 0.2793 -0.6512
vn 0.6272 0.4715 -0.6199
vn 0.6219 0.4517 -0.6397
vn 0.6715 0.4155 -0.6136
vn -0.8820 -0.2116 0.4211
vn -0.9957 -0.0630 0.0673
vn -0.7865 0.4908 0.3749
vn -0.7921 0.4565 0.4052
vn -0.8219 0.4343 0.3686
vn 0.5446 -0.6429 -0.5386
vn 0.5446 -0.6524 -0.5270
vn 0.6267 -0.7459 -0.2256
vn 0.6414 -0.7228 -0.2572
vn 0.1151 -0.0864 -0.9896
vn 0.1151 -0.0862 -0.9896
vn 0.1151 -0.0866 -0.9896
vn -0.2271 -0.8556 0.4651
vn -0.1435 -0.8368 0.5283
vn -0.4724 -0.7024 0.5324
vn -0.5426 -0.6789 0.4946
vn 0.5388 -0.8087 0.2360
vn 0.5389 -0.8087 0.2360
vn 0.5389 -0.8086 0.2360
vn 0.6031 -0.6396 -0.4767
vn 0.5981 -0.6592 -0.4558
vn 0.4460 -0.4638 -0.7655
vn 0.4466 -0.4705 -0.7611
vn 0.4467 -0.4713 -0.7604
vn 0.4459 -0.4623 -0.7665
vn 0.6566 -0.7388 0.1519
vn 0.6566 -0.7387 0.1519
vn 0.6567 -0.7387 0.1519
vn 0.9102 -0.2102 0.3569
vn 0.9096 -0.2151 0.3555
vn 0.9101 -0.2111 0.3566
vn 0.9388 -0.2790 0.2021
vn 0.9063 -0.3733 0.1981
vn 0.9143 -0.3406 0.2194
vn 0.8859 -0.4123 0.2125
vn 0.8862 -0.4119 0.2122
vn 0.8860 -0.4123 0.2124
vn 0.9083 -0.4120 0.0721
vn -0.6047 0.5182 0.6048
vn -0.0522 0.1717 0.9838
vn -0.0523 0.1717 0.9838
vn 0.1726 0.4953 0.8514
vn -0.9403 0.3390 0.0295
vn 0.5123 -0.1920 -0.8371
vn 0.5124 -0.1918 -0.8370
vn 0.5123 -0.1921 -0.8371
vn 0.5125 -0.1917 -0.8370
vn 0.5060 -0.2551 -0.8239
vn 0.5051 -0.2524 -0.8253
vn 0.5053 -0.2529 -0.8250
vn 0.3699 -0.2618 -0.8914
vn 0.3870 -0.2304 -0.8928
vn 0.2181 -0.2531 -0.9425
vn -0.0000 -0.8981 0.4398
vn 0.1442 -0.5086 0.8488
vn 0.1443 -0.5091 0.8486
vn 0.1444 -0.5091 0.8485
vn 0.3941 -0.5720 0.7193
vn 0.3941 -0.5724 0.7190
vn 0.3943 -0.5718 0.7194
vn -0.3186 -0.9421 0.1049
vn -0.3183 -0.9420 0.1064
vn -0.3182 -0.9420 0.1069
vn -0.3248 0.6123 -0.7208
vn -0.3193 0.6267 -0.7108
vn 0.4399 -0.1183 -0.8902
vn 0.4399 -0.1182 -0.8903
vn 0.4399 -0.1186 -0.8902
vn 0.4398 -0.1179 -0.8903
vn -0.0001 0.3705 -0.9288
vn 0.5539 -0.6485 0.5222
vn 0.6881 -0.2308 0.6879
vn 0.6882 -0.2303 0.6880
vn 0.6881 -0.2301 0.6882
vn 0.3929 -0.7275 0.5624
vn 0.3633 -0.7785 0.5118
vn 0.8016 0.4236 0.4219
vn 0.8016 0.4235 0.4219
vn 0.8015 0.4237 0.4219
vn -0.5181 -0.7056 -0.4835
vn -0.5084 -0.7293 -0.4579
vn -0.4628 -0.7562 -0.4627
vn -0.4628 -0.7560 -0.4630
vn -0.4460 -0.7812 -0.4367
vn -0.4979 -0.7864 -0.3656
vn -0.6044 0.5181 0.6051
vn -0.9460 0.2679 0.1827
vn -0.8845 0.0947 0.4568
vn 0.0368 0.8067 0.5898
vn -0.1149 0.9208 0.3728
vn -0.8595 0.1509 0.4883
vn -0.8595 0.1511 0.4883
vn -0.8596 0.1507 0.4883
vn -0.8595 0.1513 0.4883
vn 0.3789 0.8109 0.4460
vn 0.3815 0.8114 0.4429
vn 0.3821 0.8115 0.4422
vn 0.3785 0.8108 0.4465
vn -0.0001 0.9894 0.1453
vn -0.0002 0.9894 0.1455
vn -0.5384 0.8424 -0.0223
vn -0.5385 0.8423 -0.0222
vn -0.5381 0.8426 -0.0224
vn -0.5387 0.8422 -0.0222
vn 0.6251 0.7298 0.2770
vn 0.6036 0.7439 0.2869
vn 0.6285 -0.3039 -0.7160
vn 0.4367 -0.6784 -0.5908
vn 0.4367 -0.6784 -0.5909
vn 0.0851 -0.8935 -0.4410
vn 0.0841 -0.7745 -0.6270
vn -0.3572 -0.7903 -0.4978
vn -0.1446 0.8998 -0.4116
vn -0.1445 0.8999 -0.4115
vn -0.1448 0.8997 -0.4118
vn -0.1444 0.8999 -0.4114
vn 0.1740 0.6520 0.7380
vn 0.1700 0.6563 0.7351
vn 0.1689 0.6575 0.7342
vn 0.1748 0.6511 0.7385
vn 0.5348 0.8380 -0.1087
vn 0.6144 0.7796 -0.1215
vn 0.6138 0.7800 -0.1219
vn 0.6145 0.7795 -0.1214
vn 0.6151 0.7791 -0.1209
vn 0.6727 0.7282 -0.1313
vn 0.6842 0.7273 -0.0531
vn 0.6737 0.7364 -0.0622
vn 0.5899 -0.0046 0.8075
vn 0.5897 -0.0043 0.8076
vn 0.3704 -0.5422 0.7542
vn 0.3705 -0.5420 0.7543
vn 0.3704 -0.5419 0.7544
vn 0.1691 -0.3972 0.9020
vn 0.1692 -0.3969 0.9021
vn 0.1692 -0.3971 0.9021
vn 0.7946 0.3416 0.5020
vn -0.1157 0.9893 0.0884
vn -0.0720 0.9892 0.1275
vn -0.3855 0.5108 -0.7684
vn -0.3856 0.5106 -0.7685
vn -0.3860 0.5101 -0.7686
vn -0.3854 0.5110 -0.7684
vn -0.2621 0.8983 -0.3526
vn 0.0607 -0.9222 0.3819
vn 0.1404 -0.9899 0.0220
vn 0.3198 -0.9417 0.1049
vn -0.3938 -0.5724 0.7192
vn -0.3940 -0.5722 0.7193
vn -0.3944 -0.5720 0.7192
vn -0.5386 -0.6820 0.4947
vn -0.8300 0.0624 -0.5543
vn -0.8682 0.1249 -0.4801
vn -0.8868 0.1034 -0.4504
vn -0.8796 0.0949 -0.4661
vn -0.4958 0.4998 -0.7102
vn -0.9991 -0.0265 -0.0340
vn -0.9871 -0.0391 -0.1555
vn -0.9876 -0.0816 -0.1345
vn -0.8663 -0.1822 0.4650
vn -0.8577 0.2169 0.4662
vn -0.8575 0.2171 0.4664
vn -0.8583 0.2160 0.4655
vn -0.8184 -0.5067 0.2709
vn -0.7327 -0.6803 -0.0213
vn -0.7683 -0.6344 -0.0851
vn -0.6387 -0.6293 -0.4427
vn -0.6150 -0.6698 -0.4161
vn 0.0301 -0.6033 0.7969
vn -0.0539 -0.3483 0.9358
vn -0.0657 -0.3667 0.9280
vn -0.2438 -0.1616 0.9563
vn -0.2588 -0.3076 0.9156
vn -0.0751 -0.8480 -0.5247
vn -0.0318 -0.9053 -0.4235
vn -0.0694 -0.8926 -0.4454
vn -0.0573 -0.9211 -0.3850
vn -0.0094 -0.9197 -0.3926
vn 0.2151 -0.4425 -0.8706
vn 0.4409 -0.6005 -0.6671
vn 0.4031 -0.6141 -0.6785
vn 0.4693 -0.7900 -0.3944
vn 0.4677 -0.7904 -0.3957
vn 0.4758 -0.7887 -0.3893
vn 0.4769 -0.7885 -0.3884
vn 0.4701 0.8710 0.1431
vn 0.4077 0.1752 -0.8962
vn 0.6715 0.0284 -0.7405
vn 0.5412 0.6393 -0.5463
vn 0.5479 0.6352 -0.5444
vn 0.6978 0.4439 -0.5621
vn -0.1493 0.9780 -0.1455
vn 0.2017 0.9745 0.0986
vn 0.1977 0.9733 0.1167
vn 0.5707 0.8056 0.1593
vn 0.5707 0.8056 0.1594
vn -0.7812 0.4748 -0.4052
vn -0.8469 -0.5107 -0.1480
vn -0.8469 -0.5108 -0.1480
vn -0.9416 0.0334 -0.3351
vn -0.3471 -0.6293 -0.6953
vn -0.3468 -0.6284 -0.6963
vn -0.3468 -0.6280 -0.6967
vn -0.3474 -0.6308 -0.6938
vn 0.1740 -0.9821 0.0724
vn 0.1742 -0.9843 0.0277
vn -0.0480 -0.9311 -0.3616
vn 0.9126 0.4045 0.0603
vn 0.9205 0.3830 0.0773
vn 0.9078 0.3999 0.1263
vn 0.9137 0.3681 0.1720
vn 0.9959 0.0697 -0.0585
vn -0.8834 -0.3444 0.3178
vn -0.7923 -0.5734 0.2084
vn -0.7923 -0.5912 0.1510
vn -0.6025 -0.7867 0.1345
vn -0.6033 -0.7858 0.1361
vn -0.5985 -0.7910 0.1269
vn -0.5980 -0.7915 0.1260
vn -0.0605 -0.9682 0.2429
vn -0.0786 -0.9651 0.2496
vn -0.0699 -0.9482 0.3098
vn -0.1174 -0.9309 0.3460
vn -0.1182 -0.9313 0.3445
vn -0.1143 -0.9290 0.3519
vn -0.1136 -0.9286 0.3533
vn -0.7551 0.1150 0.6455
vn -0.7550 0.1149 0.6455
vn -0.7551 0.1151 0.6454
vn -0.7550 0.1148 0.6456
vn -0.6493 0.0390 0.7595
vn -0.6662 0.0888 0.7404
vn -0.1962 0.3791 0.9043
vn -0.2122 0.4119 0.8862
vn -0.2190 0.3411 0.9142
vn -0.2194 0.3406 0.9143
vn -0.2192 0.3408 0.9142
vn -0.0742 0.3410 0.9371
vn -0.0740 0.3406 0.9373
vn -0.0741 0.3408 0.9372
vn -0.0743 0.3411 0.9371
vn 0.8669 0.2306 -0.4419
vn 0.8670 0.2302 -0.4420
vn 0.8669 0.2302 -0.4420
vn 0.5397 0.2875 -0.7912
vn 0.5363 0.5518 -0.6386
vn 0.9529 -0.2787 0.1195
vn 0.8977 -0.4223 -0.1257
vn 0.8977 -0.4222 -0.1257
vn 0.4781 0.2013 -0.8549
vn 0.1462 0.3264 -0.9338
vn 0.1467 0.3276 -0.9334
vn 0.2339 0.3129 -0.9206
vn 0.2581 0.3758 -0.8900
vn -0.5029 0.2665 0.8223
vn -0.5027 0.2659 0.8225
vn -0.5027 0.2657 0.8226
vn -0.5030 0.2667 0.8221
vn -0.5124 0.1918 0.8370
vn -0.5125 0.1917 0.8370
vn -0.5123 0.1920 0.8371
vn -0.3759 0.1917 0.9066
vn -0.3760 0.1917 0.9066
vn -0.1785 -0.9596 -0.2177
vn -0.1868 -0.9625 -0.1965
vn -0.2553 -0.9319 -0.2576
vn -0.2064 -0.9279 -0.3104
vn -0.2064 -0.9278 -0.3107
vn -0.2064 -0.9279 -0.3105
vn -0.2063 -0.9281 -0.3101
vn 0.5123 -0.6661 -0.5421
vn 0.5423 -0.6465 -0.5366
vn 0.5422 -0.6470 -0.5361
vn 0.5791 -0.6276 -0.5203
vn 0.5979 -0.5663 -0.5674
vn 0.1146 0.9934 0.0019
vn 0.1154 0.9909 0.0700
vn 0.2004 0.9783 0.0528
vn 0.2023 0.9756 0.0852
vn 0.9365 0.2796 0.2118
vn 0.1906 -0.5876 0.7864
vn 0.1847 -0.5941 0.7829
vn 0.1833 -0.5956 0.7821
vn 0.1206 -0.2879 0.9500
vn 0.6831 -0.2249 0.6948
vn 0.6853 -0.2214 0.6938
vn 0.6827 -0.2256 0.6950
vn 0.6878 -0.1144 0.7168
vn 0.8682 -0.3412 -0.3602
vn 0.8902 -0.2670 -0.3692
vn 0.8902 -0.2672 -0.3691
vn 0.8902 -0.2671 -0.3691
vn 0.8902 -0.2667 -0.3694
vn 0.8370 -0.1917 -0.5125
vn -0.1246 0.1166 -0.9853
vn -0.1549 0.1852 -0.9704
vn -0.1930 0.1641 -0.9674
vn -0.1961 0.1783 -0.9642
vn -0.2566 0.2495 -0.9338
vn 0.0493 0.9924 -0.1128
vn 0.0742 0.9794 -0.1876
vn 0.0723 0.9796 -0.1876
vn 0.0793 0.9791 -0.1875
vn 0.0809 0.9789 -0.1875
vn 0.1031 0.9597 -0.2613
vn 0.1064 0.9605 -0.2572
vn 0.1024 0.9596 -0.2622
vn 0.1519 0.9596 -0.2370
vn -0.7585 0.5101 -0.4055
vn -0.7586 0.5100 -0.4056
vn 0.1407 -0.5222 -0.8411
vn 0.1406 -0.5222 -0.8411
vn 0.1408 -0.5222 -0.8411
vn -0.4427 -0.8882 -0.1232
vn -0.6992 -0.7061 0.1122
vn -0.6955 -0.7028 0.1497
vn -0.8848 -0.3983 0.2418
vn -0.8848 -0.3981 0.2422
vn -0.8848 -0.3982 0.2420
vn -0.8848 -0.3984 0.2417
vn 0.7789 0.6060 -0.1616
vn 0.8347 0.5206 -0.1797
vn 0.8137 0.5478 -0.1946
vn 0.8521 0.4819 -0.2043
vn 0.8520 0.4821 -0.2042
vn 0.8522 0.4817 -0.2045
vn 0.8715 0.4822 -0.0895
vn -0.8472 -0.1151 0.5186
vn -0.8472 -0.1152 0.5186
vn -0.8371 -0.1920 0.5123
vn -0.8371 -0.1921 0.5123
vn -0.8370 -0.1918 0.5124
vn -0.7460 -0.1920 0.6377
vn -0.7459 -0.1921 0.6377
vn -0.9372 -0.2669 0.2245
vn -0.9374 -0.2665 0.2243
vn -0.9374 -0.2663 0.2242
vn -0.9371 -0.2672 0.2246
vn -0.9142 -0.3408 0.2192
vn -0.9141 -0.3413 0.2189
vn -0.9142 -0.3411 0.2191
vn -0.8684 -0.3410 0.3601
vn -0.8682 -0.3412 0.3602
vn -0.8686 -0.3405 0.3599
vn -0.8687 -0.3405 0.3599
vn -0.8563 -0.3751 -0.3550
vn -0.8562 -0.3754 -0.3550
vn -0.8568 -0.3737 -0.3553
vn -0.8776 -0.3409 -0.3371
vn -0.9235 -0.3398 -0.1780
vn -0.9463 -0.2673 -0.1818
vn -0.9462 -0.2675 -0.1819
vn -0.9464 -0.2671 -0.1817
vn -0.9465 -0.2670 -0.1816
vn -0.9081 -0.4126 -0.0717
vn -0.9082 -0.4122 -0.0720
vn -0.9083 -0.4120 -0.0721
vn -0.9080 -0.4129 -0.0716
vn -0.8735 -0.4819 -0.0687
vn -0.8732 -0.4824 -0.0691
vn -0.8732 -0.4824 -0.0690
vn -0.8732 -0.4824 0.0690
vn -0.8732 -0.4824 0.0691
vn -0.8735 -0.4819 0.0687
vn -0.8737 -0.4816 0.0686
vn 0.0283 -0.9558 0.2928
vn -0.0283 -0.9551 0.2949
vn -0.0283 -0.9558 0.2928
vn -0.0607 -0.9221 0.3821
vn -0.0603 -0.9221 0.3822
vn -0.0607 -0.9222 0.3819
vn -0.0600 -0.9221 0.3822
vn -0.0598 -0.9222 0.3821
vn -0.4275 0.9029 -0.0447
vn -0.4768 0.8782 -0.0385
vn -0.4819 0.8752 -0.0429
vn -0.4815 0.8754 -0.0424
vn -0.4760 0.8786 -0.0379
vn -0.4086 0.9120 -0.0355
vn -0.4088 0.9120 0.0354
vn -0.5567 0.7100 -0.4314
vn -0.6729 0.4380 0.5961
vn -0.6728 0.4380 0.5962
vn -0.4600 0.6712 0.5814
vn -0.4597 0.6712 0.5815
vn -0.4599 0.6712 0.5814
vn 0.0660 0.5479 0.8339
vn 0.0657 0.5484 0.8336
vn 0.0655 0.5486 0.8335
vn 0.0662 0.5478 0.8340
vn 0.0690 0.4823 0.8733
vn 0.0686 0.4816 0.8737
vn 0.0687 0.4818 0.8736
vn 0.2044 0.4818 0.8521
vn 0.2045 0.4817 0.8522
vn 0.2043 0.4819 0.8521
vn 0.2041 0.4822 0.8519
vn 0.7908 -0.1318 0.5978
vn 0.9965 0.0312 0.0781
vn 0.9653 -0.2551 0.0561
vn 0.9653 -0.2552 0.0562
vn 0.1962 0.0824 0.9771
vn 0.3401 0.3602 0.8687
vn 0.5010 0.5733 -0.6483
vn 0.8635 0.1474 -0.4824
vn 0.8937 0.3511 -0.2794
vn 0.8940 0.3505 -0.2792
vn 0.8936 0.3513 -0.2794
vn -0.2913 0.5534 -0.7803
vn -0.0809 0.2881 -0.9542
vn -0.0794 0.2883 -0.9542
vn -0.0908 0.2868 -0.9537
vn 0.2843 0.6711 0.6847
vn 0.2833 0.6719 0.6843
vn 0.2833 0.6721 0.6841
vn 0.2845 0.6711 0.6846
vn 0.3027 0.6119 0.7307
vn 0.3026 0.6117 0.7309
vn 0.3983 0.6124 0.6829
vn 0.3986 0.6122 0.6829
vn 0.3969 0.6137 0.6826
vn 0.3967 0.6140 0.6824
vn -0.6679 0.5519 0.4993
vn -0.1438 0.7858 0.6015
vn -0.1681 0.5772 0.7991
vn -0.1683 0.5772 0.7991
vn -0.1682 0.5772 0.7991
vn -0.9561 0.1700 -0.2386
vn -0.7681 0.4948 -0.4064
vn -0.7682 0.4939 -0.4073
vn -0.7678 0.5002 -0.4004
vn -0.2279 0.1628 0.9600
vn -0.4762 0.0415 0.8783
vn -0.4763 0.0416 0.8783
vn -0.4763 0.0415 0.8783
vn -0.1479 0.9687 -0.1991
vn 0.2038 0.9764 0.0711
vn 0.2044 0.9764 0.0696
vn 0.2020 0.9764 0.0761
vn -0.7686 -0.5341 -0.3521
vn -0.7103 -0.6318 -0.3103
vn -0.7314 -0.6110 -0.3028
vn -0.6846 -0.6711 -0.2845
vn -0.6325 -0.6711 -0.3867
vn -0.8694 -0.3502 0.3486
vn -0.8368 -0.1493 0.5268
vn -0.8370 -0.1491 0.5265
vn -0.8366 -0.1494 0.5270
vn 0.0550 -0.7848 0.6173
vn -0.0746 -0.8880 0.4538
vn -0.4917 -0.5413 0.6821
vn 0.0391 -0.5746 0.8175
vn -0.0031 -0.7720 0.6356
vn -0.7674 -0.2616 0.5854
vn -0.7252 -0.2255 0.6506
vn -0.2616 0.8988 -0.3517
vn -0.2621 0.8985 -0.3521
vn -0.5749 0.8079 0.1295
vn -0.5749 0.8079 0.1296
vn -0.5749 0.8080 0.1293
vn -0.5749 0.8079 0.1298
vn 0.1740 0.6552 -0.7352
vn 0.6815 -0.6751 0.2825
vn 0.6805 -0.6765 0.2815
vn 0.6803 -0.6768 0.2813
vn 0.6815 -0.6750 0.2826
vn -0.2039 -0.9612 0.1855
vn 0.1700 -0.9525 0.2526
vn 0.1699 -0.9524 0.2532
vn -0.3993 -0.9064 0.1378
vn -0.3993 -0.9064 0.1377
vn -0.3996 -0.9063 0.1375
vn -0.3989 -0.9065 0.1382
vn 0.6485 -0.7063 0.2838
vn 0.1206 0.9504 0.2867
vn 0.1257 0.9559 0.2655
vn 0.1399 0.9545 0.2632
vn 0.1590 0.9619 0.2225
vn 0.1981 0.9590 0.2028
vn -0.9937 0.0344 0.1062
vn -0.9934 0.0382 0.1082
vn -0.9938 0.0335 0.1058
vn -0.9933 0.0390 0.1087
vn -0.9717 0.0390 0.2328
vn -0.9717 0.0389 0.2329
vn -0.9717 0.0389 0.2328
vn -0.9660 0.1153 0.2314
vn -0.9660 0.1152 0.2314
vn -0.9660 0.1154 0.2315
vn -0.9659 0.1155 0.2315
vn 0.1406 -0.8466 0.5134
vn 0.1435 -0.8368 0.5283
vn 0.5289 -0.6664 0.5256
vn 0.4717 -0.7280 0.4976
vn -0.5389 -0.8087 0.2359
vn -0.5980 -0.6184 -0.5099
vn -0.6020 -0.6148 -0.5095
vn -0.5972 -0.6191 -0.5099
vn -0.6027 -0.6142 -0.5095
vn -0.6707 -0.6149 -0.4148
vn -0.6709 -0.6143 -0.4155
vn -0.6698 -0.6183 -0.4112
vn -0.7146 -0.5423 -0.4418
vn -0.6992 -0.5592 -0.4454
vn 0.9001 -0.0704 0.4299
vn 0.9905 0.0864 -0.1066
vn 0.9166 0.3936 0.0706
vn 0.3761 -0.4987 0.7809
vn 0.5114 -0.6425 0.5706
vn 0.5114 -0.6427 0.5705
vn 0.5114 -0.6426 0.5706
vn -0.4856 -0.1158 -0.8665
vn -0.4807 -0.1912 -0.8558
vn -0.4417 -0.2306 -0.8670
vn -0.4418 -0.2312 -0.8668
vn -0.4418 -0.2306 -0.8670
vn -0.4419 -0.2312 -0.8667
vn -0.7042 -0.6740 -0.2232
vn -0.3735 -0.4121 0.8311
vn -0.4189 -0.3832 0.8232
vn -0.4185 -0.3841 0.8230
vn -0.4206 -0.3784 0.8245
vn -0.4204 -0.3789 0.8245
vn -0.5044 -0.4588 0.7315
vn -0.5240 -0.3789 0.7628
vn 0.0268 -0.5997 -0.7998
vn 0.1532 -0.7913 -0.5920
vn 0.1264 -0.7907 -0.5990
vn 0.1143 -0.9166 -0.3832
vn 0.0833 -0.9089 -0.4087
vn -0.3594 -0.8795 -0.3120
vn -0.3470 -0.8775 -0.3310
vn -0.3104 -0.9133 -0.2636
vn -0.3099 -0.9135 -0.2637
vn -0.3109 -0.9131 -0.2637
vn -0.3615 -0.9096 -0.2048
vn -0.3638 -0.9036 -0.2262
vn -0.4870 0.8274 0.2796
vn -0.4786 0.8374 0.2640
vn -0.5192 0.8112 0.2689
vn -0.5437 0.7710 0.3315
vn -0.5241 0.7854 0.3292
vn 0.5385 0.8423 -0.0223
vn 0.5384 0.8424 -0.0222
vn 0.5387 0.8422 -0.0226
vn 0.5383 0.8425 -0.0220
vn -0.6045 0.7480 0.2741
vn -0.6203 0.7294 0.2884
vn -0.1553 0.9640 0.2160
vn -0.4066 0.7794 0.4767
vn -0.4074 0.7790 0.4766
vn -0.4065 0.7795 0.4766
vn -0.4084 0.7784 0.4767
vn -0.4693 0.7788 0.4162
vn -0.4940 0.7504 0.4392
vn 0.0617 0.9976 -0.0313
vn 0.1094 0.9925 -0.0539
vn 0.1085 0.9926 -0.0552
vn 0.1119 0.9924 -0.0506
vn 0.1128 0.9924 -0.0493
vn 0.1876 0.9796 -0.0723
vn -0.5731 -0.2170 0.7902
vn -0.6245 -0.1135 0.7727
vn -0.5876 -0.3424 0.7332
vn -0.4244 -0.2283 0.8763
vn -0.3936 -0.9113 0.1212
vn 0.0561 -0.6856 -0.7258
vn 0.0567 -0.6853 -0.7260
vn 0.0576 -0.6850 -0.7263
vn 0.2000 -0.7734 -0.6015
vn -0.1485 -0.8909 -0.4292
vn -0.3488 0.9348 0.0667
vn -0.3373 0.9381 0.0785
vn -0.3257 0.9372 0.1248
vn -0.2582 0.9616 0.0926
vn 0.2074 0.0379 0.9775
vn 0.2099 0.0331 0.9772
vn 0.2105 0.0320 0.9771
vn 0.2069 0.0390 0.9776
vn 0.2084 0.1154 0.9712
vn -0.1283 -0.3970 -0.9088
vn -0.1285 -0.9899 -0.0601
vn -0.1284 -0.9899 -0.0606
vn -0.1281 -0.9899 -0.0610
vn -0.3176 -0.9444 -0.0853
vn -0.1482 -0.8906 -0.4299
vn -0.5031 0.2669 -0.8220
vn -0.5031 0.2668 -0.8220
vn -0.5030 0.2667 -0.8221
vn -0.5031 0.2670 -0.8219
vn -0.6264 0.2667 -0.7325
vn -0.6262 0.2670 -0.7325
vn -0.6263 0.2669 -0.7325
vn -0.6109 0.3413 -0.7144
vn 0.1848 0.9827 0.0141
vn 0.1847 0.9827 0.0140
vn 0.1850 0.9826 0.0141
vn 0.1845 0.9827 0.0140
vn -0.6732 0.3919 -0.6270
vn -0.6963 0.3592 -0.6215
vn -0.4090 -0.5483 0.7295
vn -0.4081 -0.5487 0.7296
vn -0.4136 -0.5454 0.7291
vn -0.0825 -0.8497 0.5208
vn -0.1055 -0.8108 0.5758
vn -0.1019 -0.8141 0.5717
vn -0.1004 -0.8147 0.5712
vn -0.1088 -0.8105 0.5756
vn 0.3942 -0.9190 0.0110
vn -0.4147 -0.5446 0.7290
vn -0.1786 -0.4748 0.8618
vn -0.0963 -0.8137 0.5733
vn 0.6084 0.1294 -0.7830
vn -0.7582 -0.2722 -0.5925
vn -0.7581 -0.2722 -0.5925
vn -0.7712 0.0128 -0.6365
vn -0.3036 -0.1587 -0.9395
vn -0.3692 0.2670 0.8902
vn -0.3693 0.2668 0.8902
vn -0.3694 0.2667 0.8902
vn -0.3691 0.2672 0.8902
vn -0.2246 0.2672 0.9371
vn -0.2189 0.3413 0.9141
vn 0.2536 0.0084 -0.9673
vn 0.2537 0.0084 -0.9672
vn 0.2534 0.0085 -0.9673
vn 0.2539 0.0084 -0.9672
vn -0.9305 -0.2977 -0.2135
vn -0.9305 -0.2976 -0.2133
vn -0.9304 -0.2978 -0.2136
vn -0.9306 -0.2975 -0.2132
vn 0.9243 -0.1326 -0.3579
vn 0.7594 0.6454 -0.0828
vn 0.7593 0.6455 -0.0827
vn 0.7592 0.6456 -0.0824
vn 0.8512 0.5025 0.1514
vn 0.9471 0.1346 -0.2913
vn 0.3200 -0.7791 -0.5390
vn 0.3218 -0.7819 -0.5340
vn 0.3204 -0.7788 -0.5392
vn 0.3221 -0.7820 -0.5336
vn 0.4029 -0.7810 -0.4771
vn 0.4030 -0.7809 -0.4772
vn 0.4007 -0.7822 -0.4771
vn 0.3675 -0.8268 -0.4259
vn 0.1446 0.8999 -0.4115
vn 0.1445 0.8998 -0.4116
vn 0.1447 0.9000 -0.4113
vn 0.1445 0.8998 -0.4118
vn -0.1730 0.6561 0.7346
vn -0.1713 0.6515 0.7390
vn -0.1708 0.6503 0.7403
vn -0.1734 0.6570 0.7337
vn 0.0364 0.9983 0.0452
vn 0.0342 0.9972 0.0667
vn 0.0432 0.9979 0.0482
vn 0.1584 0.8859 -0.4360
vn -0.1707 -0.2595 0.9505
vn 0.4348 -0.3434 0.8325
vn 0.4446 -0.3371 0.8298
vn 0.4450 -0.3368 0.8298
vn 0.4229 0.0305 0.9057
vn -0.7470 -0.2914 0.5975
vn -0.7500 -0.2968 0.5910
vn -0.7503 -0.2971 0.5906
vn 0.0588 -0.6712 0.7390
vn 0.0579 -0.6721 0.7382
vn 0.0589 -0.6710 0.7391
vn 0.0578 -0.6722 0.7381
vn -0.0580 -0.6720 0.7382
vn -0.0578 -0.6722 0.7381
vn -0.0588 -0.6712 0.7390
vn -0.0541 -0.7281 0.6833
vn 0.0655 -0.5485 0.8336
vn 0.0660 -0.5480 0.8339
vn 0.0655 -0.5486 0.8335
vn 0.0662 -0.5478 0.8340
vn 0.1947 -0.5480 0.8135
vn 0.1946 -0.5478 0.8137
vn 0.1950 -0.5486 0.8130
vn 0.2045 -0.4817 0.8522
vn 0.8852 0.2574 -0.3875
vn 0.8446 0.3739 -0.3833
vn 0.7877 0.4266 -0.4445
vn 0.6936 0.5767 -0.4316
vn -0.3877 0.9143 0.1173
vn -0.5215 0.8494 0.0802
vn -0.4680 0.8740 0.1310
vn -0.4745 0.8704 0.1313
vn -0.4759 0.8697 0.1312
vn -0.4665 0.8748 0.1309
vn -0.3847 0.7989 -0.4623
vn -0.3834 0.8067 -0.4497
vn -0.3107 0.8059 -0.5040
vn -0.3095 0.8067 -0.5035
vn -0.3183 0.8008 -0.5074
vn -0.3371 0.7671 -0.5459
vn -0.7325 0.2667 -0.6264
vn -0.7325 0.2666 -0.6265
vn -0.7325 0.2670 -0.6262
vn -0.7325 0.2665 -0.6265
vn -0.6265 0.2665 -0.7325
vn -0.6377 0.1920 -0.7460
vn 0.3207 -0.5480 0.7725
vn 0.3202 -0.5486 0.7723
vn 0.3208 -0.5479 0.7726
vn 0.3199 -0.5488 0.7723
vn 0.1951 -0.5488 0.8129
vn 0.1841 -0.6123 0.7689
vn 0.0290 0.9346 -0.3544
vn 0.0259 0.9354 -0.3527
vn 0.0254 0.9355 -0.3524
vn 0.0294 0.9346 -0.3546
vn 0.0842 0.9354 -0.3435
vn 0.0816 0.9346 -0.3463
vn 0.0819 0.9347 -0.3460
vn 0.1027 0.9036 -0.4159
vn 0.9604 -0.2397 -0.1419
vn 0.3990 -0.8970 -0.1904
vn 0.3991 -0.8969 -0.1904
vn 0.3989 -0.8970 -0.1905
vn 0.4103 -0.8454 -0.3419
vn 0.6599 -0.7269 -0.1903
vn 0.1337 0.9354 -0.3275
vn 0.1371 0.9346 -0.3281
vn 0.1375 0.9346 -0.3282
vn 0.1331 0.9355 -0.3273
vn 0.0847 0.9355 -0.3431
vn 0.0642 0.9606 -0.2705
vn -0.3941 0.8789 -0.2689
vn -0.3941 0.8788 -0.2689
vn 0.4645 0.6793 0.5681
vn 0.4638 0.6798 0.5681
vn 0.4636 0.6799 0.5681
vn 0.4645 0.6793 0.5682
vn 0.5940 0.8033 -0.0429
vn -0.5385 0.8002 0.2639
vn -0.5386 0.8002 0.2640
vn -0.5384 0.8003 0.2639
vn -0.3947 0.7642 0.5101
vn -0.0003 0.9894 0.1455
vn 0.7253 -0.6663 0.1730
vn 0.7208 -0.6704 0.1763
vn 0.7256 -0.6660 0.1728
vn 0.7202 -0.6709 0.1767
vn 0.6856 -0.6682 0.2890
vn 0.6336 -0.7257 0.2680
vn -0.7657 -0.6179 -0.1787
vn -0.7687 -0.6125 -0.1839
vn -0.7693 -0.6115 -0.1849
vn -0.7653 -0.6186 -0.1781
vn -0.8032 -0.5670 -0.1827
vn -0.7816 -0.5162 -0.3502
vn -0.4484 -0.7202 -0.5293
vn -0.5482 -0.6493 -0.5271
vn -0.3390 -0.6549 -0.6754
vn -0.4028 -0.3164 -0.8589
vn -0.6497 0.6565 0.3831
vn -0.6834 0.6216 0.3830
vn -0.6901 0.6258 0.3635
vn -0.7342 0.5808 0.3516
vn -0.0930 0.2865 -0.9535
vn 0.7960 0.5874 -0.1460
vn 0.7960 0.5874 -0.1459
vn 0.7959 0.5875 -0.1461
vn 0.8935 0.3515 -0.2796
vn 0.4205 0.8671 0.2669
vn 0.4203 0.8671 0.2672
vn 0.4201 0.8673 0.2669
vn 0.4314 0.8629 0.2633
vn 0.4658 0.8373 0.2861
vn 0.5057 0.8371 0.2087
vn -0.7677 0.5015 -0.3989
vn -0.2964 0.3361 0.8940
vn -0.2965 0.3361 0.8939
vn -0.2963 0.3361 0.8940
vn -0.1679 0.5773 0.7991
vn -0.5521 0.7937 -0.2553
vn -0.8442 0.5247 -0.1097
vn -0.8350 0.5425 -0.0917
vn -0.9383 0.2880 0.1915
vn 0.5362 -0.8440 0.0133
vn 0.3999 -0.8812 0.2523
vn 0.2578 -0.9630 0.0781
vn 0.8312 -0.4343 -0.3471
vn 0.8312 -0.4344 -0.3471
vn 0.1715 -0.9689 -0.1782
vn 0.8893 -0.4264 -0.1653
vn 0.8894 -0.4262 -0.1652
vn 0.8892 -0.4265 -0.1654
vn 0.6601 -0.7267 -0.1902
vn 0.0899 -0.9958 -0.0142
vn 0.1385 -0.9901 -0.0240
vn 0.1385 -0.9901 -0.0220
vn 0.1386 -0.9899 -0.0293
vn 0.1386 -0.9899 -0.0314
vn 0.2000 -0.9784 -0.0525
vn -0.8912 0.3532 0.2846
vn -0.8913 0.3531 0.2846
vn -0.8911 0.3535 0.2847
vn -0.8913 0.3529 0.2845
vn 0.3271 0.5480 0.7699
vn 0.3468 0.5493 0.7603
vn 0.8521 -0.4819 0.2043
vn 0.8521 -0.4818 0.2044
vn 0.8522 -0.4817 0.2045
vn 0.8519 -0.4822 0.2041
vn 0.8858 -0.4125 0.2125
vn 0.8415 -0.4125 0.3488
vn -0.0753 -0.8148 -0.5748
vn -0.0581 -0.8305 -0.5540
vn -0.0205 -0.8444 -0.5353
vn -0.0128 -0.8273 -0.5616
vn -0.0721 0.4123 0.9082
vn -0.0718 0.4127 0.9080
vn -0.0722 0.4120 0.9083
vn -0.0716 0.4129 0.9080
vn 0.0716 0.4129 0.9080
vn 0.0691 0.4824 0.8732
vn 0.3007 -0.9353 -0.1863
vn 0.3037 -0.9347 -0.1849
vn 0.3001 -0.9355 -0.1866
vn 0.3041 -0.9346 -0.1847
vn 0.3417 -0.9159 -0.2108
vn 0.3720 -0.9156 -0.1528
vn 0.2014 0.9764 0.0776
vn -0.7077 0.0374 0.7056
vn -0.7076 0.0373 0.7056
vn -0.7077 0.0375 0.7055
vn 0.9016 0.3414 -0.2658
vn -0.0615 0.6012 -0.7967
vn -0.0614 0.6012 -0.7967
vn -0.0310 0.8035 -0.5945
vn -0.5405 -0.6448 0.5404
vn -0.5407 -0.6446 0.5405
vn -0.5348 -0.7015 0.4711
vn -0.5348 -0.7017 0.4708
vn -0.5345 -0.7014 0.4716
vn -0.4531 -0.7165 0.5305
vn -0.3286 0.6113 0.7200
vn -0.3470 0.6448 0.6811
vn -0.3472 0.6447 0.6811
vn -0.3471 0.6449 0.6810
vn 0.3684 -0.8628 -0.3462
vn 0.3683 -0.8628 -0.3463
vn 0.3685 -0.8629 -0.3458
vn 0.3682 -0.8627 -0.3466
vn 0.3973 -0.8577 -0.3264
vn 0.4120 -0.8773 -0.2461
vn -0.6551 0.1094 -0.7476
vn -0.4731 -0.1640 -0.8656
vn -0.4730 -0.1640 -0.8657
vn -0.4730 -0.1640 -0.8656
vn -0.1692 -0.3061 -0.9368
vn -0.9483 0.3166 -0.0224
vn -0.3988 -0.5952 -0.6976
vn -0.4960 -0.7004 -0.5132
vn 0.3965 0.1677 -0.9026
vn 0.5429 0.6429 -0.5403
vn 0.6987 0.6755 -0.2357
vn 0.6515 0.7273 -0.2158
vn 0.6479 0.7296 -0.2188
vn 0.6544 0.7255 -0.2131
vn 0.6551 0.7250 -0.2127
vn 0.5914 0.7790 -0.2082
vn -0.0521 0.1717 0.9838
vn -0.8122 0.5797 -0.0652
vn -0.1957 -0.8566 0.4774
vn -0.6903 -0.0287 0.7229
vn -0.6904 -0.0286 0.7228
vn -0.6902 -0.0289 0.7230
vn -0.2398 -0.9490 -0.2049
vn -0.4279 -0.3849 -0.8178
vn -0.4280 -0.3852 -0.8176
vn -0.4283 -0.3857 -0.8172
vn -0.1557 -0.4652 -0.8714
vn -0.3312 -0.8287 -0.4512
vn 0.9071 0.3984 0.1359
vn 0.8913 0.4388 0.1141
vn 0.0704 0.6933 -0.7172
vn 0.0705 0.6933 -0.7172
vn 0.0703 0.6933 -0.7172
vn 0.9523 -0.1124 0.2838
vn 0.8299 -0.1093 0.5472
vn 0.8182 -0.0820 0.5691
vn 0.8379 -0.0660 0.5418
vn -0.5471 -0.4457 0.7085
vn -0.1538 -0.8834 0.4427
vn -0.1542 -0.8833 0.4428
vn -0.1548 -0.8831 0.4429
vn -0.0030 -0.7720 0.6356
vn -0.4917 -0.5415 0.6820
vn 0.1946 0.5479 0.8136
vn 0.1950 0.5486 0.8130
vn 0.1946 0.5478 0.8137
vn 0.1951 0.5488 0.8129
vn 0.3199 0.5488 0.7723
vn 0.3029 0.6123 0.7303
vn -0.5152 0.2902 0.8064
vn -0.4371 0.2028 0.8763
vn -0.0512 -0.7894 0.6117
vn -0.1259 -0.7590 0.6388
vn 0.9471 0.1344 -0.2914
vn 0.9472 0.1346 -0.2911
vn 0.6741 0.6458 -0.3584
vn 0.6741 0.6459 -0.3583
vn 0.6740 0.6461 -0.3582
vn 0.6192 0.5030 -0.6030
vn 0.6191 0.5031 -0.6030
vn 0.6201 0.5016 -0.6032
vn 0.9556 -0.2724 0.1126
vn -0.1549 0.9672 -0.2015
vn -0.2272 0.9712 -0.0722
vn -0.7078 0.0097 0.7063
vn -0.7068 0.0082 0.7073
vn -0.7066 0.0080 0.7075
vn -0.7081 0.0100 0.7061
vn -0.3937 -0.5724 0.7193
vn -0.1436 -0.5087 0.8489
vn -0.1437 -0.5089 0.8488
vn -0.1444 -0.5081 0.8491
vn -0.1447 -0.5079 0.8492
vn 0.1439 -0.5080 0.8493
vn 0.2074 -0.0379 0.9775
vn 0.2099 -0.0331 0.9772
vn 0.2069 -0.0390 0.9776
vn 0.2105 -0.0320 0.9771
vn 0.3534 -0.0359 0.9348
vn 0.3534 0.0359 0.9348
vn 0.0999 -0.9923 0.0731
vn -0.1304 -0.9888 0.0728
vn -0.1151 -0.9933 0.0104
vn -0.3187 -0.9421 0.1044
vn 0.5919 -0.4124 0.6926
vn 0.5920 -0.4122 0.6926
vn 0.5921 -0.4120 0.6926
vn 0.5917 -0.4126 0.6926
vn 0.4756 -0.4122 0.7771
vn 0.4757 -0.4126 0.7768
vn 0.4757 -0.4124 0.7769
vn 0.4573 -0.4823 0.7472
vn 0.0244 0.9432 0.3313
vn 0.0265 0.9443 0.3280
vn 0.0241 0.9431 0.3317
vn 0.0267 0.9444 0.3278
vn -0.0267 0.9444 0.3278
vn -0.0296 0.9258 0.3769
vn 0.0691 -0.7147 0.6960
vn 0.0578 -0.7074 0.7045
vn 0.2389 -0.9154 -0.3240
vn 0.2399 -0.9147 -0.3251
vn 0.2399 -0.9147 -0.3253
vn 0.2387 -0.9155 -0.3238
vn 0.8735 0.3649 0.3221
vn 0.8908 0.2336 0.3898
vn 0.8534 0.3016 0.4251
vn 0.8037 0.2844 0.5227
vn -0.6455 0.1150 0.7551
vn -0.6455 0.1149 0.7550
vn -0.6456 0.1148 0.7550
vn -0.6454 0.1151 0.7551
vn -0.5123 0.1921 0.8371
vn -0.1132 0.0344 0.9930
vn -0.1682 -0.0181 0.9856
vn -0.1465 -0.0354 0.9886
vn -0.0844 0.1986 0.9765
vn -0.9902 0.0369 -0.1348
vn -0.9848 0.0773 -0.1558
vn -0.9822 0.1036 -0.1564
vn -0.9855 0.0957 -0.1403
vn -0.3764 -0.8288 0.4139
vn -0.3758 -0.8290 0.4141
vn -0.3756 -0.8291 0.4142
vn -0.3766 -0.8288 0.4138
vn 0.5561 -0.8284 0.0675
vn 0.6204 -0.7812 0.0697
vn -0.8231 0.3840 0.4184
vn -0.8524 0.3733 0.3662
vn -0.8521 0.3749 0.3652
vn -0.8535 0.3666 0.3703
vn -0.8537 0.3650 0.3713
vn -0.9078 0.3543 0.2245
vn 0.4528 0.0779 0.8882
vn 0.4527 0.0776 0.8883
vn 0.4527 0.0775 0.8883
vn 0.1557 0.1440 0.9773
vn 0.1393 -0.1278 0.9820
vn 0.9250 0.1406 0.3530
vn 0.9250 0.1404 0.3532
vn 0.9248 0.1398 0.3537
vn 0.2407 -0.6993 -0.6730
vn 0.2411 -0.7000 -0.6722
vn 0.2370 -0.6937 -0.6802
vn 0.4627 -0.7563 -0.4625
vn 0.4155 -0.7831 -0.4627
vn 0.3983 -0.7835 -0.4770
vn 0.3490 -0.4122 0.8416
vn 0.3489 -0.4124 0.8415
vn 0.3488 -0.4125 0.8415
vn 0.3491 -0.4121 0.8416
vn 0.4756 -0.4121 0.7772
vn 0.4912 -0.3405 0.8018
vn -0.4508 -0.2670 0.8518
vn -0.7505 -0.3271 0.5742
vn -0.6196 -0.5246 0.5838
vn 0.1595 0.2983 0.9410
vn -0.6408 -0.1940 0.7428
vn -0.6810 -0.1254 0.7214
vn -0.4017 0.9076 0.1220
vn -0.4017 0.9076 0.1219
vn -0.4017 0.9076 0.1222
vn -0.4017 0.9077 0.1217
vn -0.1500 0.8871 -0.4366
vn 0.1440 0.7432 0.6534
vn 0.1442 0.7430 0.6535
vn 0.1448 0.7426 0.6539
vn 0.3954 0.7635 0.5106
vn 0.0001 0.9894 0.1452
vn 0.0110 -0.6241 -0.7813
vn 0.9308 -0.2332 -0.2816
vn 0.8612 -0.4978 -0.1027
vn 0.5011 -0.5433 -0.6736
vn 0.7990 -0.6003 -0.0339
vn 0.4613 0.2828 0.8410
vn 0.4614 0.2827 0.8409
vn 0.4612 0.2828 0.8410
vn 0.3473 0.0360 0.9371
vn 0.9057 0.0137 -0.4237
vn 0.0716 0.9698 -0.2332
vn 0.0717 0.9698 -0.2333
vn 0.0715 0.9698 -0.2331
vn 0.2398 0.9708 0.0006
vn 0.5649 0.7159 -0.4103
vn -0.4701 0.1187 -0.8746
vn -0.3747 0.1500 -0.9149
vn -0.4000 0.0960 -0.9115
vn -0.2103 0.0563 -0.9760
vn -0.4669 -0.0598 -0.8823
vn -0.4067 0.7254 -0.5553
vn -0.0903 -0.6640 -0.7422
vn -0.0903 -0.6639 -0.7423
vn -0.0903 -0.6642 -0.7421
vn -0.8902 -0.2668 0.3693
vn -0.8902 -0.2666 0.3694
vn -0.8902 -0.2672 0.3691
vn -0.8902 -0.2667 0.3694
vn -0.8221 -0.2667 0.5030
vn -0.8370 -0.1917 0.5125
vn -0.9080 -0.4127 0.0717
vn -0.9081 -0.4126 0.0718
vn -0.9080 -0.4129 0.0716
vn -0.9083 -0.4120 0.0721
vn -0.8862 -0.4119 0.2122
vn -0.9143 -0.3406 0.2194
vn -0.0592 -0.7155 -0.6961
vn -0.9654 0.0853 -0.2464
vn -0.9654 0.0858 -0.2463
vn -0.8561 0.2287 -0.4635
vn 0.3294 0.6098 -0.7208
vn 0.3431 0.5512 -0.7606
vn 0.3882 0.5181 -0.7621
vn 0.3882 0.5180 -0.7622
vn -0.6869 0.3016 0.6612
vn -0.6937 0.3121 0.6492
vn -0.7220 0.2061 0.6605
vn -0.7321 0.2681 0.6262
vn -0.3800 0.8482 -0.3689
vn -0.3367 0.8932 -0.2980
vn -0.3484 0.8937 -0.2827
vn -0.3345 0.9131 -0.2331
vn -0.1341 -0.6929 0.7084
vn -0.4544 0.3515 0.8185
vn -0.7043 0.1906 0.6838
vn -0.2617 0.2368 -0.9356
vn -0.2598 0.2328 -0.9372
vn -0.2620 0.2372 -0.9355
vn -0.2597 0.2325 -0.9373
vn -0.1574 0.2377 -0.9585
vn -0.1521 0.2303 -0.9612
vn -0.1585 0.2391 -0.9580
vn -0.1523 0.2307 -0.9610
vn -0.1446 -0.0889 0.9855
vn -0.0244 -0.0846 0.9961
vn -0.0239 -0.0849 0.9961
vn 0.1296 -0.1191 0.9844
vn 0.3853 0.8104 -0.4414
vn 0.4011 0.8063 -0.4348
vn 0.4151 0.7774 -0.4725
vn 0.4026 0.7609 -0.5089
vn -0.2650 0.9308 -0.2516
vn -0.2481 0.9241 -0.2906
vn -0.2738 0.9221 -0.2733
vn -0.2657 0.9399 -0.2147
vn 0.7550 -0.1149 -0.6455
vn 0.7551 -0.1150 -0.6455
vn 0.7551 -0.1151 -0.6454
vn 0.7550 -0.1148 -0.6456
vn 0.6455 -0.1150 -0.7551
vn 0.6456 -0.1148 -0.7550
vn 0.6455 -0.1149 -0.7550
vn 0.5186 -0.1151 -0.8472
vn 0.5186 -0.1152 -0.8472
vn 0.6454 -0.1151 -0.7551
vn 0.6377 -0.1921 -0.7459
vn 0.3870 0.3464 0.8545
vn 0.8512 -0.5022 0.1524
vn 0.8512 -0.5022 0.1525
vn 0.8512 -0.5022 0.1522
vn -0.4079 -0.9130 -0.0092
vn -0.5949 -0.8024 -0.0462
vn -0.6080 -0.7932 -0.0340
vn -0.7477 -0.6395 -0.1788
vn 0.0545 0.1416 0.9884
vn 0.0543 0.1415 0.9884
vn 0.0541 0.1414 0.9885
vn 0.0550 0.1418 0.9884
vn 0.9029 -0.1363 0.4076
vn 0.8873 -0.1487 0.4366
vn 0.8058 -0.3981 0.4384
vn 0.6037 -0.5417 0.5850
vn 0.6037 -0.5415 0.5851
vn 0.6044 -0.5428 0.5832
vn 0.6045 -0.5430 0.5829
vn 0.3704 -0.5426 0.7539
vn 0.5237 0.2255 0.8215
vn 0.7069 0.2234 0.6711
vn 0.6239 0.4092 0.6658
vn 0.8028 0.2837 0.5244
vn 0.5402 0.6442 -0.5415
vn 0.5418 0.6444 -0.5396
vn -0.5900 0.6422 0.4894
vn -0.5915 0.6377 0.4934
vn -0.5916 0.6375 0.4936
vn -0.5900 0.6423 0.4893
vn -0.5528 0.6694 0.4963
vn 0.2271 -0.8556 0.4651
vn 0.1957 -0.9029 0.3826
vn 0.4504 -0.8477 0.2801
vn 0.8028 -0.5335 0.2662
vn 0.4764 -0.7506 -0.4579
vn 0.5862 -0.6302 -0.5091
vn 0.3281 0.9346 -0.1371
vn 0.3275 0.9354 -0.1337
vn 0.3282 0.9346 -0.1375
vn 0.3273 0.9355 -0.1331
vn 0.2572 0.9605 -0.1065
vn 0.2566 0.9606 -0.1070
vn 0.2613 0.9597 -0.1031
vn 0.5114 -0.6424 0.5707
vn 0.7693 0.5235 0.3662
vn 0.9363 0.3393 0.0904
vn -0.1595 -0.6522 -0.7411
vn -0.1353 -0.7279 -0.6722
vn -0.1371 -0.7267 -0.6731
vn -0.1370 -0.7268 -0.6731
vn -0.1350 -0.7281 -0.6720
vn -0.5036 -0.7481 0.4322
vn -0.5059 -0.7464 0.4324
vn -0.5063 -0.7461 0.4324
vn -0.5033 -0.7482 0.4323
vn -0.5331 -0.7002 0.4750
vn 0.6708 -0.7216 0.1710
vn 0.6669 -0.7269 0.1639
vn 0.6667 -0.7271 0.1636
vn 0.6713 -0.7210 0.1718
vn 0.6068 -0.7809 0.1482
vn 0.6033 -0.7832 0.1505
vn 0.6034 -0.7832 0.1503
vn 0.9089 0.3730 -0.1864
vn 0.8992 0.4263 -0.0986
vn 0.7512 0.6598 -0.0190
vn 0.8634 -0.5025 -0.0463
vn 0.8879 -0.4504 -0.0939
vn 0.8731 -0.4716 -0.1234
vn -0.7827 -0.5762 0.2355
vn -0.6016 -0.7694 0.2147
vn -0.6015 -0.7696 0.2145
vn -0.6015 -0.7695 0.2147
vn -0.6017 -0.7693 0.2149
vn 0.9660 -0.1153 -0.2314
vn 0.9660 -0.1154 -0.2315
vn 0.9660 -0.1152 -0.2314
vn 0.9659 -0.1155 -0.2315
vn 0.9544 -0.1918 -0.2287
vn 0.9544 -0.1917 -0.2287
vn 0.9544 -0.1919 -0.2286
vn -0.0155 -0.9646 -0.2631
vn -0.0089 -0.9633 -0.2682
vn -0.0171 -0.9650 -0.2619
vn -0.0083 -0.9632 -0.2687
vn -0.0406 -0.9392 -0.3411
vn 0.5659 0.6021 0.5632
vn 0.5795 0.5840 0.5685
vn 0.5850 0.5391 0.6059
vn 0.5386 0.5346 0.6513
vn 0.5429 0.5055 0.6707
vn 0.4459 0.4641 0.7654
vn 0.6808 0.6450 -0.3470
vn 0.6809 0.6449 -0.3470
vn 0.6811 0.6446 -0.3472
vn 0.9061 0.3034 -0.2947
vn 0.9057 0.3048 -0.2947
vn 0.9058 0.3037 -0.2956
vn 0.9062 0.3041 -0.2937
vn 0.1701 0.5375 0.8260
vn 0.3755 0.5343 0.7573
vn 0.3744 0.5350 0.7574
vn 0.3741 0.5351 0.7574
vn 0.3756 0.5342 0.7573
vn 0.6217 -0.2423 0.7449
vn 0.4162 -0.1449 0.8977
vn 0.3894 -0.2605 0.8835
vn 0.2142 -0.2175 0.9523
vn 0.0022 0.9538 0.3004
vn 0.1450 0.9748 0.1695
vn -0.8797 0.0107 0.4754
vn -0.9578 0.1725 0.2301
vn -0.9578 0.1724 0.2300
vn -0.9577 0.1726 0.2302
vn -0.9579 0.1723 0.2299
vn -0.4689 -0.1539 -0.8697
vn 0.8976 -0.4224 -0.1257
vn 0.6190 0.6990 -0.3580
vn 0.5620 0.5202 -0.6431
vn -0.8340 0.0481 -0.5497
vn -0.8353 -0.0175 -0.5496
vn -0.8373 -0.0243 -0.5462
vn -0.8377 -0.0259 -0.5454
vn -0.8810 -0.0323 -0.4720
vn -0.2577 -0.8785 -0.4022
vn -0.2156 -0.9058 -0.3648
vn -0.5969 -0.8008 -0.0492
vn 0.8519 0.4822 -0.2041
vn 0.8860 0.4123 -0.2124
vn 0.8858 0.4125 -0.2125
vn 0.8859 0.4123 -0.2125
vn 0.8862 0.4119 -0.2122
vn 0.0429 -0.6664 0.7443
vn 0.2308 -0.9537 -0.1929
vn 0.0291 -0.9866 -0.1606
vn -0.0712 0.9596 -0.2723
vn -0.0537 0.9620 -0.2678
vn -0.0684 0.9347 -0.3488
vn -0.0677 0.9345 -0.3494
vn -0.0686 0.9348 -0.3486
vn 0.9226 -0.1909 0.3353
vn 0.9090 -0.2201 0.3540
vn 0.8818 -0.2096 0.4225
vn -0.0890 -0.9240 -0.3719
vn -0.0789 -0.9455 -0.3160
vn -0.0178 -0.9403 -0.3398
vn 0.3425 -0.7223 -0.6009
vn 0.4148 -0.6787 -0.6061
vn 0.4032 -0.6994 -0.5902
vn 0.6895 0.6956 0.2017
vn 0.7000 0.6774 0.2259
vn 0.2382 0.4922 -0.8372
vn 0.4888 0.2382 0.8392
vn 0.4527 0.0774 0.8883
vn 0.4118 0.1218 0.9031
vn -0.2889 0.8356 -0.4672
vn -0.3202 0.7994 -0.5083
vn -0.2368 0.8113 -0.5345
vn 0.9122 0.3489 -0.2150
vn 0.7342 0.6090 -0.3002
vn 0.7339 0.6091 -0.3006
vn 0.7341 0.6090 -0.3003
vn 0.7344 0.6089 -0.2999
vn 0.6743 0.6455 -0.3586
vn 0.9273 -0.3402 -0.1564
vn 0.9739 -0.2059 0.0953
vn -0.9209 0.3385 0.1933
vn -0.9490 0.2323 0.2133
vn -0.9389 0.2608 0.2246
vn -0.3675 -0.7171 -0.5922
vn -0.2969 -0.7563 -0.5830
vn -0.2939 -0.7033 -0.6473
vn -0.4563 -0.4019 -0.7939
vn -0.4840 -0.3368 -0.8077
vn -0.4656 -0.3597 -0.8086
vn -0.2041 0.9645 -0.1675
vn -0.2118 0.9632 -0.1653
vn -0.2022 0.9648 -0.1681
vn -0.2126 0.9631 -0.1651
vn -0.2527 0.9387 -0.2343
vn 0.2969 0.8092 -0.5070
vn 0.2990 0.8076 -0.5083
vn 0.2995 0.8072 -0.5086
vn 0.2962 0.8097 -0.5066
vn -0.7272 0.6819 -0.0785
vn -0.7287 0.6803 -0.0786
vn -0.7286 0.6804 -0.0784
vn -0.9847 -0.0778 -0.1558
vn -0.8115 -0.5075 0.2896
vn -0.8604 -0.1760 0.4783
vn -0.2038 -0.9095 0.3623
vn -0.1790 -0.9124 0.3681
vn 0.6575 -0.7535 0.0071
vn 0.6588 -0.7523 0.0042
vn 0.6586 -0.7525 0.0043
vn -0.1523 0.2308 -0.9610
vn 0.9918 0.1076 -0.0686
vn 0.9929 0.0331 -0.1141
vn 0.9927 0.0114 -0.1200
vn -0.9229 0.0390 0.3830
vn -0.9229 -0.0390 0.3830
vn 0.9783 -0.1919 -0.0774
vn 0.9544 -0.1920 -0.2286
vn 0.9374 -0.2663 -0.2242
vn -0.8585 -0.4824 -0.1740
vn -0.8737 -0.4816 -0.0686
vn -0.8340 -0.5478 -0.0662
vn -0.1611 -0.6123 0.7741
vn -0.0618 -0.6116 0.7888
vn -0.0589 -0.6710 0.7391
vn -0.2736 -0.9147 -0.2973
vn -0.3110 -0.9131 -0.2636
vn -0.2696 -0.9346 -0.2321
vn 0.9887 -0.1108 -0.1006
vn 0.9936 -0.0650 0.0920
vn 0.9949 0.0306 0.0966
vn -0.4290 -0.3708 -0.8237
vn -0.6910 -0.3640 -0.6245
vn -0.6911 -0.3044 -0.6556
vn 0.8669 0.2190 -0.4479
vn 0.8669 0.2186 -0.4480
vn 0.8669 0.2188 -0.4479
vn 0.0896 0.9663 -0.2414
vn 0.0054 0.8617 -0.5074
vn 0.2566 -0.9606 -0.1070
vn 0.3275 -0.9354 -0.1337
vn 0.3273 -0.9355 -0.1331
vn 0.3281 -0.9346 -0.1371
vn 0.3282 -0.9346 -0.1375
vn -0.6065 -0.5927 0.5299
vn -0.4203 -0.3784 0.8247
vn -0.4422 -0.3648 0.8194
vn 0.1416 0.6843 -0.7153
vn -0.5692 0.8138 0.1170
vn -0.5693 0.8135 0.1189
vn -0.5694 0.8133 0.1196
vn -0.7630 0.6406 -0.0863
vn 0.8895 -0.4261 -0.1651
vn -0.3884 -0.5178 0.7623
vn -0.3884 -0.5179 0.7622
vn -0.2282 -0.1398 0.9635
vn -0.2283 -0.1394 0.9636
vn -0.2282 -0.1387 0.9637
vn -0.2283 -0.1399 0.9635
vn -0.1847 0.8445 -0.5028
vn -0.1855 0.8276 -0.5298
vn 0.2861 0.7192 -0.6331
vn 0.2928 0.6743 -0.6780
vn 0.4678 0.3186 -0.8244
vn 0.2985 0.8696 -0.3933
vn 0.1425 0.9375 -0.3174
vn 0.6083 0.7611 -0.2252
vn 0.5769 0.7781 -0.2487
vn 0.0718 0.9697 -0.2335
vn 0.5367 0.8069 -0.2468
vn 0.4923 0.8453 -0.2074
vn 0.1477 0.5561 -0.8179
vn 0.1528 0.6238 -0.7665
vn 0.4240 0.8676 -0.2597
vn 0.4225 0.8682 -0.2601
vn 0.4225 0.8682 -0.2602
vn 0.4254 0.8671 -0.2593
vn 0.6248 0.7792 -0.0494
vn 0.6241 0.7798 -0.0487
vn 0.6241 0.7799 -0.0486
vn 0.6257 0.7785 -0.0505
vn -0.5648 0.7124 0.4165
vn -0.6729 0.4382 -0.5960
vn -0.6729 0.4381 -0.5960
vn -0.4601 0.6711 -0.5814
vn -0.2790 0.7120 0.6444
vn -0.2733 0.6574 0.7023
vn 0.0687 0.6050 0.7933
vn 0.0688 0.6050 0.7933
vn 0.6323 0.7686 0.0976
vn 0.6533 0.7464 0.1269
vn 0.7371 0.6719 -0.0723
vn 0.7355 0.6739 -0.0700
vn 0.7353 0.6741 -0.0697
vn 0.7374 0.6715 -0.0727
vn -0.0616 0.6013 -0.7967
vn 0.2351 0.1579 -0.9591
vn 0.2354 0.1579 -0.9590
vn 0.2358 0.1581 -0.9589
vn 0.2350 0.1578 -0.9591
vn -0.9417 0.0333 -0.3349
vn -0.7502 -0.5109 -0.4198
vn 0.8515 -0.3929 -0.3472
vn 0.8238 -0.4546 -0.3385
vn 0.8270 -0.2572 -0.4999
vn 0.8231 -0.2648 -0.5024
vn 0.8221 -0.2667 -0.5030
vn 0.8278 -0.2556 -0.4995
vn 0.3034 -0.9095 -0.2842
vn 0.3453 -0.9102 -0.2286
vn 0.4172 -0.3452 0.8407
vn -0.4528 -0.4511 0.7691
vn -0.4946 -0.3606 0.7908
vn -0.5015 0.4041 0.7650
vn 0.8320 0.5482 -0.0847
vn 0.8328 0.5468 -0.0859
vn 0.8329 0.5467 -0.0861
vn 0.8319 0.5484 -0.0847
vn -0.5659 0.7714 0.2909
vn -0.5407 0.8051 0.2437
vn -0.4694 0.7854 0.4035
vn -0.4227 0.8305 0.3627
vn -0.3278 0.5603 -0.7607
vn -0.3071 0.6217 -0.7206
vn 0.7032 0.4668 -0.5363
vn 0.4938 0.3413 0.7998
vn 0.4912 0.3452 0.7997
vn 0.4906 0.3460 0.7997
vn 0.4944 0.3404 0.7998
vn 0.2191 0.3411 0.9142
vn 0.2190 0.3411 0.9142
vn 0.2189 0.3413 0.9141
vn 0.2194 0.3406 0.9143
vn -0.8385 0.3966 -0.3737
vn -0.8356 0.4124 -0.3628
vn 0.2622 0.9596 -0.1024
vn 0.1681 0.9457 -0.2783
vn -0.3561 0.9279 0.1102
vn -0.5116 0.7278 -0.4567
vn -0.5133 0.7268 -0.4565
vn -0.5133 0.7267 -0.4566
vn -0.5114 0.7279 -0.4567
vn -0.6926 0.4120 -0.5921
vn 0.8606 0.3649 -0.3553
vn 0.8761 0.3181 -0.3622
vn 0.3745 0.2108 0.9029
vn 0.3895 0.2607 0.8834
vn -0.9705 0.2226 0.0930
vn -0.9876 0.1176 0.1042
vn -0.9871 0.1256 0.0992
vn -0.9870 0.1275 0.0982
vn -0.9416 0.0333 -0.3350
vn -0.9801 -0.1617 -0.1155
vn -0.9596 -0.2645 -0.0965
vn -0.8146 0.5132 0.2702
vn -0.7847 0.5516 0.2829
vn -0.4390 -0.1790 -0.8805
vn -0.6853 -0.0890 -0.7228
vn -0.6856 -0.0880 -0.7226
vn -0.6852 -0.0894 -0.7228
vn -0.6857 -0.0877 -0.7226
vn -0.6859 -0.0340 -0.7269
vn -0.6821 -0.0521 -0.7294
vn -0.0077 -0.2286 0.9735
vn -0.1431 -0.2286 0.9629
vn 0.1196 -0.3611 0.9248
vn -0.0253 -0.3790 0.9251
vn -0.0253 -0.3790 0.9250
vn -0.0254 -0.3792 0.9250
vn -0.0251 -0.3788 0.9251
vn -0.0226 -0.4584 0.8885
vn -0.7465 -0.2905 0.5986
vn -0.7513 -0.0497 0.6580
vn 0.4334 -0.3443 0.8328
vn 0.2731 -0.6395 0.7187
vn 0.7291 -0.2298 -0.6447
vn 0.7331 -0.2637 -0.6270
vn 0.6883 -0.2296 0.6882
vn 0.4616 0.2827 0.8408
vn 0.1915 -0.5866 0.7869
vn 0.9811 -0.1536 -0.1176
vn 0.9832 -0.1372 -0.1206
vn 0.8132 -0.4224 -0.4004
vn 0.9372 -0.3408 0.0741
vn 0.9373 -0.3407 0.0741
vn 0.9371 -0.3411 0.0743
vn 0.9373 -0.3406 0.0740
vn 0.9121 -0.3899 -0.1264
vn 0.9751 -0.1929 -0.1095
vn 0.8311 -0.4344 -0.3471
vn 0.7168 -0.5124 -0.4729
vn 0.4483 -0.8645 0.2273
vn 0.6155 -0.7254 0.3082
vn 0.6598 -0.7270 -0.1902
vn 0.3992 -0.8969 -0.1903
vn 0.7013 0.3457 -0.6234
vn 0.8018 0.3755 -0.4648
vn 0.7594 0.6453 -0.0829
vn 0.9850 0.0825 -0.1517
vn 0.9949 0.0769 -0.0648
vn 0.9630 -0.0320 0.2677
vn 0.9261 0.2543 0.2788
vn 0.9066 0.1917 0.3759
vn 0.9066 0.1917 0.3760
vn 0.6147 -0.0438 -0.7876
vn 0.6927 -0.2645 -0.6709
vn -0.0775 0.1922 0.9783
vn -0.0774 0.1921 0.9783
vn -0.0776 0.1923 0.9783
vn -0.0774 0.1919 0.9783
vn -0.7581 -0.2723 -0.5926
vn -0.8909 0.2639 0.3697
vn -0.8909 0.2640 0.3697
vn -0.8909 0.2639 0.3698
vn -0.1848 -0.8401 0.5099
vn -0.1330 -0.8702 0.4744
vn 0.6264 0.2667 -0.7325
vn 0.6263 0.2669 -0.7325
vn 0.6262 0.2670 -0.7325
vn 0.6265 0.2665 -0.7325
vn -0.0595 0.4463 -0.8929
vn -0.2402 0.8496 -0.4696
vn -0.1287 -0.9899 -0.0601
vn 0.0559 -0.6856 -0.7258
vn -0.0248 -0.8942 -0.4470
vn 0.0082 -0.9133 -0.4073
vn -0.5301 -0.7678 -0.3599
vn -0.5297 -0.7681 -0.3597
vn -0.5292 -0.7686 -0.3595
vn -0.5302 -0.7677 -0.3600
vn 0.0662 0.9978 0.0081
vn 0.1084 0.9939 0.0184
vn -0.3823 0.0712 0.9213
vn -0.3825 0.0721 0.9211
vn -0.3827 0.0724 0.9210
vn -0.3821 0.0709 0.9214
vn 0.0112 0.9975 -0.0704
vn 0.0192 0.9926 -0.1202
vn -0.9017 0.3756 -0.2140
vn -0.9085 0.3616 -0.2093
vn -0.5710 -0.2489 0.7823
vn -0.6604 -0.2808 0.6964
vn 0.8669 0.2307 -0.4419
vn 0.8669 0.2309 -0.4417
vn -0.2095 -0.9164 0.3410
vn -0.2002 -0.9122 0.3574
vn 0.0376 -0.9671 0.2516
vn 0.1250 -0.9550 0.2691
vn -0.2055 -0.8900 0.4069
vn -0.2054 -0.8900 0.4070
vn -0.2058 -0.8900 0.4068
vn -0.2051 -0.8900 0.4071
vn 0.5709 -0.5623 -0.5983
vn 0.6132 -0.5405 -0.5761
vn -0.1083 -0.3303 -0.9376
vn 0.8068 -0.5323 -0.2564
vn 0.7810 -0.6112 0.1282
vn 0.2363 -0.6925 -0.6816
vn 0.4425 -0.8961 -0.0362
vn 0.4635 -0.7437 -0.4818
vn 0.4272 -0.7419 -0.5168
vn -0.6164 -0.5941 0.5169
vn -0.6074 -0.6372 0.4744
vn -0.6063 -0.6382 0.4745
vn -0.6048 -0.6395 0.4746
vn -0.2987 0.4671 0.8322
vn 0.1226 0.9924 0.0121
vn 0.1291 0.9916 -0.0076
vn 0.1449 -0.9823 -0.1186
vn -0.7412 0.5699 -0.3548
vn 0.3010 -0.6753 -0.6733
vn 0.2708 -0.6464 -0.7133
vn 0.1489 -0.6813 -0.7167
vn -0.6393 -0.4306 0.6371
vn -0.6048 -0.5182 0.6047
vn 0.9308 -0.2332 -0.2815
vn -0.8096 -0.4817 0.3355
vn -0.8093 -0.4821 0.3356
vn -0.8092 -0.4822 0.3357
vn -0.8097 -0.4815 0.3354
vn -0.5854 -0.4955 -0.6418
vn -0.6090 -0.5199 -0.5990
vn 0.1115 0.0389 -0.9930
vn 0.1115 0.0388 -0.9930
vn 0.1116 0.0390 -0.9930
vn 0.1114 0.0387 -0.9930
vn 0.8858 0.0832 -0.4565
vn 0.8696 0.1808 -0.4595
vn 0.4161 0.1458 0.8976
vn 0.5056 0.1158 0.8549
vn 0.7393 0.1205 -0.6625
vn 0.7287 0.1997 -0.6551
vn -0.4226 -0.5662 -0.7077
vn -0.5747 -0.5161 -0.6351
vn -0.7308 -0.6118 0.3026
vn -0.7307 -0.6119 0.3027
vn -0.7303 -0.6123 0.3029
vn -0.7309 -0.6117 0.3026
vn -0.5506 0.0922 -0.8297
vn -0.4942 0.1382 -0.8583
vn -0.7883 -0.6121 0.0622
vn -0.7882 -0.6123 0.0623
vn -0.7881 -0.6124 0.0624
vn -0.7888 -0.6116 0.0618
vn 0.2975 -0.5116 -0.8061
vn 0.3368 -0.4526 -0.8257
vn 0.0623 -0.6123 -0.7881
vn 0.0622 -0.6121 -0.7883
vn 0.0624 -0.6124 -0.7881
vn 0.0618 -0.6116 -0.7888
vn -0.3466 -0.7485 0.5654
vn -0.6345 -0.7271 0.2623
vn -0.6332 -0.7280 0.2628
vn -0.6329 -0.7282 0.2628
vn -0.6347 -0.7270 0.2621
vn -0.6840 -0.7275 0.0535
vn -0.6838 -0.7277 0.0536
vn -0.6833 -0.7281 0.0541
vn -0.6842 -0.7273 0.0533
vn -0.6671 -0.7274 -0.1607
vn -0.6669 -0.7277 -0.1603
vn -0.6665 -0.7282 -0.1596
vn -0.6672 -0.7273 -0.1608
vn -0.4300 -0.8256 0.3653
vn -0.4290 -0.8259 0.3658
vn -0.4277 -0.8266 0.3659
vn -0.4302 -0.8254 0.3656
vn -0.9654 0.0851 -0.2464
vn -0.5219 -0.8255 0.2151
vn -0.5209 -0.8260 0.2153
vn -0.5197 -0.8266 0.2159
vn -0.5220 -0.8254 0.2148
vn -0.5627 -0.8255 0.0430
vn -0.5621 -0.8259 0.0437
vn -0.5611 -0.8265 0.0446
vn -0.5629 -0.8254 0.0429
vn 0.2927 0.5525 -0.7804
vn 0.3232 0.4841 -0.8131
vn -0.5484 -0.8255 -0.1330
vn -0.5480 -0.8260 -0.1320
vn -0.5473 -0.8266 -0.1308
vn -0.5486 -0.8254 -0.1331
vn 0.0510 -0.7593 0.6487
vn 0.0475 -0.8008 0.5970
vn 0.3327 -0.9113 0.2426
vn 0.3106 -0.9268 0.2112
vn -0.4914 -0.8261 -0.2758
vn -0.4914 -0.8262 -0.2757
vn -0.4914 -0.8261 -0.2759
vn -0.3256 -0.9041 0.2766
vn -0.3273 -0.9037 0.2759
vn -0.3235 -0.9048 0.2770
vn -0.3276 -0.9036 0.2761
vn -0.3952 -0.9042 0.1623
vn -0.3965 -0.9037 0.1614
vn -0.3934 -0.9047 0.1633
vn -0.3968 -0.9036 0.1614
vn -0.3123 0.9195 -0.2386
vn -0.2774 0.9211 -0.2732
vn -0.3048 0.9034 -0.3015
vn -0.5692 0.8139 0.1165
vn -0.4259 -0.9042 0.0324
vn -0.4270 -0.9037 0.0311
vn -0.4246 -0.9048 0.0339
vn -0.4272 -0.9036 0.0309
vn -0.4151 -0.9042 -0.1009
vn -0.4159 -0.9036 -0.1024
vn -0.4143 -0.9047 -0.0991
vn -0.4159 -0.9036 -0.1027
vn -0.0863 -0.9509 0.2973
vn 0.1009 -0.9042 -0.4151
vn 0.1024 -0.9036 -0.4159
vn 0.0991 -0.9047 -0.4143
vn 0.1027 -0.9036 -0.4159
vn -0.4299 0.9018 0.0437
vn -0.4777 0.8777 0.0383
vn -0.4817 0.8754 0.0416
vn -0.4821 0.8751 0.0420
vn 0.2775 -0.9605 -0.0218
vn 0.2804 -0.9597 -0.0174
vn 0.2771 -0.9606 -0.0225
vn 0.2810 -0.9596 -0.0164
vn -0.6910 0.6295 -0.3552
vn -0.7312 0.5846 -0.3516
vn -0.7312 0.5846 -0.3517
vn -0.7317 0.5842 -0.3511
vn 0.0209 -0.9689 0.2465
vn 0.0179 -0.9684 0.2487
vn 0.0211 -0.9690 0.2463
vn 0.0175 -0.9683 0.2491
vn -0.6730 0.4380 0.5960
vn -0.1854 0.9710 -0.1508
vn -0.1854 0.9710 -0.1507
vn -0.1853 0.9710 -0.1508
vn -0.2841 0.8636 0.4166
vn -0.4601 0.6711 0.5813
vn -0.1531 -0.9617 0.2271
vn -0.1464 -0.9626 0.2278
vn -0.1543 -0.9616 0.2269
vn -0.1448 -0.9629 0.2279
vn -0.2117 -0.9604 0.1809
vn -0.2166 -0.9597 0.1790
vn -0.2110 -0.9606 0.1812
vn -0.2177 -0.9596 0.1785
vn -0.2572 -0.9605 0.1065
vn -0.2613 -0.9597 0.1031
vn -0.2566 -0.9606 0.1070
vn -0.2622 -0.9596 0.1024
vn -0.2775 -0.9605 0.0218
vn -0.2804 -0.9597 0.0174
vn -0.2771 -0.9606 0.0225
vn -0.2810 -0.9596 0.0164
vn -0.2707 -0.9605 -0.0650
vn -0.2720 -0.9597 -0.0701
vn -0.2705 -0.9606 -0.0642
vn -0.2723 -0.9596 -0.0712
vn 0.8512 -0.5022 0.1527
vn -0.2373 -0.9605 -0.1455
vn -0.2370 -0.9597 -0.1507
vn -0.2374 -0.9606 -0.1447
vn -0.2370 -0.9596 -0.1519
vn -0.0970 -0.9658 -0.2404
vn -0.0964 -0.9657 -0.2411
vn -0.0971 -0.9658 -0.2403
vn -0.0964 -0.9657 -0.2413
vn 0.7050 0.0773 0.7050
vn 0.7050 0.0773 0.7049
vn 0.0650 -0.9605 -0.2707
vn 0.0701 -0.9597 -0.2720
vn 0.0642 -0.9606 -0.2705
vn 0.0712 -0.9596 -0.2723
vn 0.1690 -0.3974 0.9019
vn 0.1455 -0.9605 -0.2373
vn 0.1507 -0.9597 -0.2370
vn 0.1447 -0.9606 -0.2374
vn 0.1519 -0.9596 -0.2370
vn -0.1501 0.0589 -0.9869
vn -0.0208 -0.0025 -0.9998
vn -0.2889 -0.8289 0.4790
vn -0.2901 -0.8283 0.4793
vn -0.2917 -0.8276 0.4796
vn -0.2887 -0.8290 0.4790
vn -0.6344 -0.7717 0.0440
vn -0.7874 -0.4698 -0.3990
vn -0.7874 -0.4699 -0.3990
vn -0.7875 -0.4697 -0.3991
vn -0.7873 -0.4701 -0.3989
vn 0.2280 -0.7657 -0.6014
vn 0.2282 -0.7657 -0.6014
vn 0.2288 -0.7657 -0.6012
vn 0.2278 -0.7657 -0.6015
vn -0.4278 -0.3848 -0.8179
vn -0.5386 0.8001 0.2641
vn -0.5129 -0.7543 -0.4097
vn -0.5467 -0.7240 -0.4206
vn -0.0652 0.9970 0.0409
vn -0.0993 0.9932 0.0608
vn 0.7961 0.5873 -0.1458
vn 0.1438 0.7434 0.6533
vn -0.2966 0.3361 0.8939
vn -0.3988 -0.5953 -0.6976
vn -0.8285 -0.4181 -0.3725
vn -0.8569 -0.3734 -0.3554
vn -0.4025 -0.1630 -0.9008
vn -0.4027 -0.1630 -0.9007
vn -0.4024 -0.1630 -0.9008
vn -0.4028 -0.1629 -0.9007
vn 0.4848 0.6489 0.5864
vn 0.3768 0.6696 0.6400
vn 0.3776 0.6713 0.6378
vn 0.3767 0.6695 0.6402
vn -0.7076 0.0371 0.7057
vn 0.9926 0.1217 -0.0042
vn 0.0705 0.7909 0.6078
vn 0.1647 -0.2853 -0.9442
vn 0.5822 0.7568 0.2972
vn 0.5827 0.7565 0.2969
vn 0.5929 0.1449 -0.7921
vn 0.5929 0.1448 -0.7921
vn 0.5928 0.1451 -0.7922
vn 0.5931 0.1446 -0.7921
vn 0.6044 0.7624 0.2310
vn 0.5435 0.7992 0.2566
vn -0.0610 0.9672 0.2465
vn -0.0366 0.9718 0.2328
vn -0.6906 -0.0284 0.7227
vn 0.9060 0.3050 -0.2935
vn 0.8563 0.5061 0.1030
vn 0.9320 0.3534 0.0810
vn 0.9338 0.3490 0.0786
vn 0.9343 0.3478 0.0780
vn 0.9316 0.3543 0.0815
vn -0.1537 -0.8834 0.4427
vn 0.1773 -0.9769 0.1190
vn 0.1780 -0.9763 0.1229
vn 0.1774 -0.9769 0.1188
vn 0.1782 -0.9761 0.1242
vn 0.6203 0.5014 -0.6032
vn -0.3014 -0.5948 0.7452
vn -0.2902 -0.5279 0.7982
vn 0.4159 -0.9056 0.0827
vn 0.3793 -0.9123 0.1540
vn 0.3942 -0.5717 0.7195
vn 0.6978 -0.3299 0.6358
vn 0.6848 -0.4097 0.6027
vn 0.3703 -0.0660 0.9266
vn 0.4451 -0.0545 0.8938
vn 0.5018 -0.8626 0.0637
vn 0.5153 -0.8567 0.0211
vn -0.3275 0.9176 0.2255
vn -0.4165 0.0360 0.9084
vn -0.4189 0.2257 0.8795
vn -0.6097 0.3348 0.7184
vn -0.6672 0.3420 0.6617
vn 0.5597 -0.6283 0.5404
vn -0.8122 0.5797 -0.0651
vn -0.1090 0.9937 0.0239
vn -0.1362 0.9904 -0.0224
vn -0.2774 -0.9534 -0.1189
vn 0.2658 0.9640 -0.0132
vn 0.2656 0.9640 -0.0132
vn 0.2659 0.9639 -0.0132
vn 0.2655 0.9640 -0.0132
vn 0.6475 0.0963 0.7560
vn 0.7208 0.2929 0.6282
vn 0.7213 0.2919 0.6281
vn 0.7132 0.3499 0.6073
vn -0.2572 0.9605 -0.1065
vn -0.2613 0.9597 -0.1031
vn -0.2566 0.9606 -0.1070
vn -0.2622 0.9596 -0.1024
vn -0.1381 0.9657 -0.2200
vn -0.1383 0.9656 -0.2201
vn -0.1381 0.9656 -0.2201
vn -0.1387 0.9656 -0.2201
vn 0.3527 0.9354 -0.0259
vn 0.3545 0.9346 -0.0291
vn 0.3524 0.9355 -0.0254
vn 0.3546 0.9346 -0.0294
vn 0.2401 0.9299 0.2787
vn 0.1941 0.9292 0.3144
vn 0.9250 0.1408 0.3528
vn 0.9241 -0.1489 0.3519
vn 0.1132 0.1286 0.9852
vn 0.2156 0.3180 0.9233
vn -0.4710 0.8596 0.1983
vn -0.4841 0.8669 0.1185
vn -0.1220 -0.9902 0.0680
vn -0.1223 -0.9901 0.0695
vn -0.1223 -0.9900 0.0698
vn -0.1219 -0.9902 0.0677
vn 0.4947 0.8682 -0.0381
vn 0.4957 0.8676 -0.0390
vn 0.4948 0.8682 -0.0378
vn 0.4965 0.8671 -0.0402
vn 0.8669 0.2192 -0.4477
vn 0.9290 0.3209 -0.1846
vn 0.4849 0.8670 0.1150
vn 0.4849 0.8670 0.1151
vn 0.4846 0.8671 0.1152
vn 0.4851 0.8669 0.1149
vn 0.1688 0.3551 0.9195
vn 0.3838 0.0161 0.9233
vn 0.4639 0.8644 0.1938
vn 0.4639 0.8645 0.1938
vn 0.4641 0.8641 0.1945
vn 0.4636 0.8647 0.1931
vn 0.4116 0.8339 0.3677
vn 0.2940 0.8106 -0.5065
vn 0.2948 0.8105 -0.5062
vn 0.2938 0.8106 -0.5066
vn 0.2949 0.8105 -0.5061
vn 0.7136 -0.5479 0.4365
vn 0.5431 -0.5487 0.6357
vn 0.1866 0.0270 -0.9821
vn -0.7144 -0.3413 0.6109
vn 0.4135 -0.6117 0.6744
vn 0.5222 -0.7274 0.4453
vn 0.3577 -0.7282 0.5846
vn 0.5224 -0.8254 0.2140
vn 0.4277 -0.8266 0.3659
vn 0.1063 0.9924 -0.0623
vn 0.0687 -0.4816 0.8737
vn -0.0662 -0.5478 -0.8340
vn 0.6313 -0.6721 0.3870
vn 0.4821 -0.6710 0.5633
vn 0.2833 -0.6721 0.6841
vn 0.0818 0.9924 -0.0921
vn 0.0121 0.9924 -0.1226
vn 0.1608 -0.7273 0.6672
vn 0.3408 -0.8919 0.2972
vn 0.2887 -0.8290 0.4790
vn -0.4903 -0.6542 -0.5759
vn 0.5355 -0.7785 0.3272
vn 0.4060 -0.7798 0.4766
vn 0.2406 -0.7791 0.5788
vn -0.0264 0.9924 -0.1203
vn -0.0623 0.9924 -0.1063
vn -0.0921 0.9924 -0.0818
vn -0.1128 0.9924 -0.0493
vn -0.1226 0.9924 -0.0121
vn 0.1068 -0.9899 -0.0937
vn 0.2902 -0.8282 -0.4795
vn 0.4435 -0.8579 0.2593
vn 0.3330 -0.8569 0.3935
vn 0.7431 0.5259 -0.4137
vn 0.7772 0.4121 -0.4756
vn 0.0726 -0.9899 -0.1222
vn 0.0486 0.7796 -0.6243
vn 0.0314 -0.9899 -0.1386
vn -0.3867 0.6711 -0.6325
vn -0.4745 -0.6829 0.5554
vn 0.9765 0.1922 0.0975
vn 0.8206 0.2568 0.5105
vn -0.3243 0.8672 0.3780
vn 0.6257 0.2710 0.7315
vn 0.7198 0.2608 0.6434
vn -0.0691 0.4824 0.8732
vn -0.0130 -0.9899 -0.1415
vn -0.0561 -0.9899 -0.1305
vn -0.4796 0.3846 0.7887
vn -0.0937 -0.9899 -0.1068
vn -0.1222 -0.9899 -0.0726
vn -0.3602 0.3412 0.8682
vn -0.1386 -0.9899 -0.0314
vn -0.1456 0.7784 -0.6106
vn -0.1415 -0.9899 0.0130
vn -0.1887 0.8682 0.4589
vn -0.9643 0.2545 -0.0729
vn -0.1305 -0.9899 0.0561
vn -0.0402 0.8671 0.4965
vn -0.1068 -0.9899 0.0937
vn -0.0726 -0.9899 0.1222
vn -0.7460 0.1920 -0.6377
vn -0.0314 -0.9899 0.1386
vn -0.4906 0.3413 -0.8018
vn 0.4093 0.2673 -0.8724
vn 0.3777 0.6715 0.6375
vn 0.1614 0.9036 0.3968
vn 0.0130 -0.9899 0.1415
vn 0.0339 0.9048 0.4246
vn 0.1386 -0.9899 0.0314
vn 0.9660 0.1152 0.2314
vn 0.9217 0.0662 0.3823
vn 0.1415 -0.9899 -0.0130
vn 0.0789 0.0389 0.9961
vn -0.1027 0.9036 0.4159
vn 0.1239 -0.9823 0.1402
vn -0.1155 -0.8403 -0.5296
vn -0.2221 0.9048 0.3634
vn -0.3215 0.9038 0.2825
vn -0.4650 -0.8641 -0.1925
vn 0.1170 0.8682 0.4821
vn -0.0339 0.9048 -0.4246
vn 0.2221 0.9048 -0.3634
vn 0.3276 0.9036 -0.2761
vn -0.6377 0.1921 0.7459
vn -0.9877 0.1154 0.1056
vn 0.0429 0.8254 0.5629
vn -0.1308 0.8266 0.5473
vn -0.2960 0.8254 0.4806
vn 0.2960 0.8254 0.4806
vn 0.3243 0.8672 0.3780
vn -0.6118 0.7288 -0.3075
vn 0.2278 0.9355 -0.2701
vn 0.1070 0.9606 -0.2566
vn 0.8055 -0.5243 -0.2764
vn -0.0688 0.9348 -0.3484
vn -0.4433 0.8328 -0.3315
vn -0.0281 0.3691 0.9290
vn -0.3980 0.9030 -0.1618
vn -0.4152 0.7671 -0.4891
vn 0.2409 0.7785 -0.5795
vn -0.0429 0.8254 -0.5629
vn 0.1308 0.8266 -0.5473
vn 0.2960 0.8254 -0.4806
vn -0.1608 0.7273 0.6672
vn -0.3447 0.7515 0.5626
vn -0.2621 0.7270 -0.6347
vn -0.0541 0.7281 -0.6833
vn 0.1608 0.7273 -0.6672
vn 0.3247 0.7492 -0.5773
vn -0.2409 0.7785 0.5795
vn -0.5137 0.6116 -0.6018
vn -0.0610 0.6288 -0.7751
vn 0.9207 0.3814 -0.0827
vn 0.4912 0.3405 -0.8018
vn 0.4831 0.0361 -0.8748
vn -0.3463 0.9346 -0.0816
vn -0.2379 0.9311 0.2765
vn -0.3978 0.1717 -0.9013
vn -0.4656 0.6292 -0.6224
vn -0.1731 0.6721 -0.7199
vn -0.0903 -0.6637 -0.7425
vn 0.0589 0.6710 -0.7391
vn -0.1432 0.9278 0.3444
vn -0.2687 0.9615 0.0573
vn 0.7940 -0.4036 -0.4545
vn -0.0486 0.7796 0.6243
vn 0.1608 0.7273 0.6672
vn -0.6162 -0.3403 -0.7103
vn 0.4404 0.6985 -0.5641
vn 0.6070 -0.7808 0.1481
vn -0.9702 -0.2234 0.0934
vn 0.0880 0.9259 0.3674
vn 0.3215 0.9038 0.2825
vn 0.3488 0.9348 0.0667
vn 0.1041 0.9789 -0.1757
vn 0.2159 -0.9609 -0.1735
vn 0.0589 0.6710 0.7391
vn -0.0609 -0.9223 -0.3817
vn -0.9262 -0.3661 0.0896
vn 0.3879 -0.4726 -0.7913
vn -0.8584 0.2160 0.4653
vn 0.8232 -0.0480 0.5657
vn -0.2810 0.9596 -0.0164
vn -0.2033 0.9789 0.0191
vn -0.8349 -0.0163 -0.5502
vn -0.4770 0.8781 0.0378
vn 0.4287 0.4823 0.7639
vn -0.1726 0.9727 0.1549
vn -0.4031 0.8658 -0.2965
vn 0.2810 0.9596 0.0164
vn -0.7308 0.5848 -0.3521
vn 0.2409 0.7785 0.5795
vn -0.5157 -0.1901 -0.8354
vn 0.2643 0.6461 -0.7160
vn -0.3855 -0.6860 -0.6171
vn -0.3842 0.4129 -0.8257
vn -0.2093 0.9452 -0.2506
vn 0.2053 0.9780 0.0361
vn -0.1092 0.5746 -0.8111
vn 0.5216 0.0389 -0.8523
vn -0.7551 -0.1151 0.6454
vn 0.2315 -0.1155 -0.9659
vn 0.2033 0.9789 -0.0191
vn 0.6796 -0.1244 -0.7230
vn -0.5827 0.4272 0.6913
vn 0.7595 -0.0390 -0.6493
vn -0.6077 -0.6369 0.4744
vn 0.1841 0.6123 0.7689
vn -0.1614 0.5487 0.8203
vn -0.1747 0.3845 -0.9065
vn -0.6364 0.5478 -0.5430
vn -0.0527 -0.3897 0.9194
vn -0.4579 0.4815 -0.7473
vn -0.2747 0.3501 -0.8955
vn 0.2242 -0.2663 -0.9374
vn 0.5061 -0.2557 -0.8237
vn 0.1613 0.4859 -0.8590
vn 0.0999 0.5292 -0.8426
vn -0.2417 0.4853 -0.8403
vn 0.7301 0.5833 -0.3560
vn -0.5200 0.0706 -0.8512
vn -0.9011 -0.2682 -0.3408
vn -0.6414 -0.5419 -0.5431
vn -0.0618 0.6116 0.7888
vn -0.6697 -0.6189 -0.4105
vn 0.4714 0.8645 0.1743
vn 0.3243 0.8672 -0.3780
vn -0.2312 -0.7546 -0.6141
vn 0.6663 -0.4818 0.5691
vn 0.7304 -0.6117 0.3038
vn 0.6007 -0.6125 0.5138
vn -0.7784 -0.6100 -0.1480
vn 0.3599 -0.3405 0.8687
vn -0.0641 0.0800 -0.9947
vn -0.9373 -0.3406 0.0740
vn 0.1810 -0.4127 -0.8927
vn -0.4567 0.8234 -0.3367
vn 0.1538 -0.9133 0.3771
vn -0.1488 -0.3643 -0.9193
vn 0.1798 -0.9778 -0.1073
vn 0.2177 -0.9596 -0.1785
vn -0.7270 0.6822 -0.0785
vn 0.1925 -0.9778 0.0823
vn 0.1887 0.8682 -0.4589
vn 0.4743 0.4246 -0.7712
vn 0.6573 -0.7536 0.0076
vn 0.2723 -0.9596 0.0712
vn 0.2321 -0.9346 -0.2696
vn 0.2262 -0.9036 -0.3638
vn 0.3546 -0.9346 0.0294
vn 0.6351 0.2070 -0.7441
vn 0.9609 -0.2663 -0.0763
vn 0.4005 -0.9158 -0.0304
vn -0.8188 -0.5485 -0.1692
vn 0.8092 -0.4822 0.3357
vn -0.1495 -0.6718 0.7255
vn 0.1917 -0.8671 -0.4598
vn -0.2409 -0.9348 -0.2609
vn 0.1331 -0.8254 -0.5486
vn 0.0502 -0.7784 -0.6257
vn 0.0686 -0.4816 -0.8737
vn -0.3029 -0.6123 -0.7303
vn 0.0402 0.8671 -0.4965
vn 0.1190 -0.1909 -0.9744
vn -0.0147 0.8683 -0.4958
vn -0.4495 0.8626 -0.2320
vn -0.0424 -0.3425 0.9386
vn -0.7344 -0.2947 0.6115
vn 0.3830 -0.0390 -0.9229
vn 0.2742 0.3499 -0.8958
vn 0.9732 -0.1155 0.1989
vn -0.7891 0.6137 -0.0251
vt -2.396484 -0.653564
vt -2.396484 -0.553345
vt -2.493286 -0.603516
vt -2.299194 -0.603516
vt -2.299805 -0.703613
vt -2.217529 -0.703613
vt -2.299194 -0.803711
vt -2.213501 -0.803711
vt -2.217529 -0.903931
vt -2.155029 -0.807373
vt -2.156372 -0.904175
vt -2.121460 -0.905029
vt -2.154907 -1.000977
vt -2.119629 -0.991821
vt -2.105225 -1.039062
vt -2.080078 -0.998901
vt -2.011353 -1.066406
vt -2.000488 -1.047729
vt -1.917725 -1.069458
vt -1.917847 -1.028076
vt -1.856201 -1.011475
vt -1.918213 -0.905762
vt -1.811157 -0.966553
vt -1.794800 -0.905396
vt -1.774902 -0.987183
vt -1.752930 -0.905273
vt -1.751831 -1.000122
vt -1.729980 -0.905151
vt -1.672607 -0.904053
vt -1.671997 -0.804199
vt -1.594727 -0.903931
vt -1.592285 -0.803711
vt -1.508667 -0.803711
vt -1.594727 -0.703613
vt -1.504517 -0.695190
vt -1.520874 -0.601318
vt -1.470947 -0.625977
vt -1.487061 -0.594727
vt -1.453125 -0.556763
vt -1.486816 -0.502686
vt -1.471191 -0.502075
vt -1.452759 -0.445679
vt -1.445801 -0.502075
vt -1.438232 -0.460693
vt -1.418945 -0.502075
vt -1.414062 -0.476440
vt -1.379395 -0.502075
vt -1.397949 -0.461304
vt -1.379395 -0.456909
vt -1.379395 -0.430420
vt -1.330688 -0.441772
vt -1.308472 -0.412842
vt -1.274170 -0.444946
vt -1.291382 -0.359619
vt -1.267090 -0.381836
vt -1.260742 -0.313232
vt -1.245605 -0.403076
vt -1.208008 -0.302979
vt -1.207520 -0.403198
vt -1.156616 -0.403198
vt -1.207642 -0.489990
vt -1.155029 -0.496704
vt -1.169312 -0.543701
vt -1.123169 -0.532837
vt -1.093628 -0.561157
vt -1.068726 -0.533447
vt -1.019409 -0.540894
vt -1.039307 -0.496338
vt -0.978149 -0.484741
vt -1.037354 -0.403198
vt -0.976074 -0.403198
vt -0.976196 -0.302979
vt -0.914917 -0.403198
vt -0.914917 -0.302979
vt -0.853638 -0.302979
vt -0.914917 -0.202881
vt -0.853760 -0.202881
vt -0.853638 -0.102783
vt -0.792358 -0.202881
vt -0.792236 -0.102783
vt -0.731201 -0.102783
vt -0.792358 -0.002563
vt -0.731567 -0.002563
vt -0.731201 0.096069
vt -0.675537 0.002319
vt -0.669434 0.097534
vt -0.608032 0.097656
vt -0.675537 0.187134
vt -0.608276 0.192139
vt -0.662231 0.275635
vt -0.602661 0.292358
vt -0.669922 0.386108
vt -0.609253 0.386108
vt -0.608643 0.486206
vt -0.548218 0.387207
vt -0.547241 0.486572
vt -0.487061 0.487427
vt -0.547485 0.586426
vt -0.487183 0.586426
vt -0.486206 0.686523
vt -0.424927 0.586426
vt -0.424438 0.686523
vt -0.363770 0.686523
vt -0.424927 0.786621
vt -0.364990 0.786621
vt -0.363770 0.886841
vt -0.302490 0.786621
vt -0.301880 0.886841
vt -0.241333 0.886841
vt -0.302490 0.986938
vt -0.242920 0.986938
vt -0.241333 1.087891
vt -0.174683 0.986938
vt -0.173584 1.087891
vt -0.096069 1.087891
vt -0.174683 1.190796
vt -0.098877 1.190796
vt -0.096069 1.293579
vt -0.007935 1.190796
vt -0.006226 1.293579
vt 0.087402 1.293579
vt -0.007935 1.394653
vt 0.083374 1.394653
vt 0.087402 1.494873
vt 0.185181 1.394653
vt 0.187500 1.494873
vt 0.279907 1.494873
vt 0.185181 1.594971
vt 0.275024 1.594971
vt 0.187500 1.694702
vt 0.185181 1.793457
vt 0.087402 1.694702
vt 0.083374 1.793457
vt -0.007935 1.793457
vt 0.091553 1.891846
vt -0.008179 1.891846
vt 0.437134 -1.962158
vt 0.437134 -2.060303
vt 0.496216 -2.012207
vt 0.365112 -2.010376
vt 0.378174 -1.911987
vt 0.279907 -1.910645
vt 0.365112 -1.808105
vt 0.275024 -1.808472
vt 0.279907 -1.705811
vt 0.185181 -1.808472
vt 0.189331 -1.708008
vt 0.094849 -1.714600
vt 0.192627 -1.613647
vt 0.089722 -1.605713
vt 0.186890 -1.505737
vt 0.082275 -1.496826
vt 0.176880 -1.397461
vt 0.083374 -1.404541
vt 0.087402 -1.304443
vt -0.007935 -1.404541
vt -0.006226 -1.304443
vt -0.096069 -1.304443
vt -0.007935 -1.204346
vt -0.098877 -1.204346
vt -0.096069 -1.104126
vt -0.174683 -1.204346
vt -0.173584 -1.104126
vt -0.241333 -1.104126
vt -0.174683 -1.004028
vt -0.242920 -1.004028
vt -0.241333 -0.903931
vt -0.302490 -1.004028
vt -0.301880 -0.903931
vt -0.363770 -0.903931
vt -0.302490 -0.803711
vt -0.364990 -0.803711
vt -0.361450 -0.715088
vt -0.424927 -0.803711
vt -0.420410 -0.704834
vt -0.483154 -0.717651
vt -0.432129 -0.652588
vt -0.474854 -0.659912
vt -0.423584 -0.605713
vt -0.473511 -0.592773
vt -0.423340 -0.588623
vt -0.466064 -0.577148
vt -0.423340 -0.567017
vt -0.457031 -0.558472
vt -0.423340 -0.503174
vt -0.476562 -0.535034
vt -0.483643 -0.503174
vt -0.501587 -0.503174
vt -0.492065 -0.460327
vt -0.502563 -0.453125
vt -0.472656 -0.415405
vt -0.513062 -0.409180
vt -0.482666 -0.391479
vt -0.488403 -0.366577
vt -0.452515 -0.356934
vt -0.457031 -0.349976
vt -0.433960 -0.330200
vt -0.447632 -0.323242
vt -0.441284 -0.302979
vt -0.488037 -0.302734
vt -0.447388 -0.282593
vt -0.464478 -0.267578
vt -0.433716 -0.275757
vt -0.456543 -0.255737
vt -0.427246 -0.272339
vt -0.451172 -0.247681
vt -0.427368 -0.186523
vt -0.487793 -0.237427
vt -0.470581 -0.172607
vt -0.526978 -0.175903
vt -0.439819 -0.106201
vt -0.546265 -0.104004
vt -0.534912 -0.004639
vt -0.585449 -0.023193
vt -0.546631 0.097778
vt -0.608276 -0.002808
vt -2.396484 1.137085
vt -2.396484 1.240845
vt -2.493286 1.187134
vt -2.299194 1.190308
vt -2.299805 1.086914
vt -2.217529 1.087891
vt -2.299194 0.986938
vt -2.213501 0.986938
vt -2.217529 0.886841
vt -2.147339 0.981079
vt -2.147583 0.886963
vt -2.085815 0.887451
vt -2.147339 0.792847
vt -2.089355 0.811157
vt -2.072876 0.773926
vt -2.005981 0.837402
vt -1.960693 0.800659
vt -1.953491 0.810913
vt -1.905884 0.798950
vt -1.905884 0.821533
vt -1.875122 0.830444
vt -1.905884 0.888428
vt -1.852661 0.854980
vt -1.844482 0.888428
vt -1.834717 0.843628
vt -1.823730 0.888428
vt -1.823730 0.836670
vt -1.812622 0.888428
vt -1.742432 0.837158
vt -1.745850 0.896118
vt -1.680542 0.838867
vt -1.681519 0.899048
vt -1.599121 0.901611
vt -1.678223 0.983276
vt -1.592285 0.986938
vt -1.594727 1.087891
vt -1.508667 0.986938
vt -1.509644 1.087891
vt -1.439453 1.087891
vt -1.508667 1.190796
vt -1.438232 1.190796
vt -1.438110 1.277466
vt -1.378296 1.190796
vt -1.379883 1.291504
vt -1.318115 1.278809
vt -1.362915 1.343628
vt -1.285034 1.348022
vt -1.296143 1.395508
vt -1.255859 1.435547
vt -1.275513 1.449829
vt -1.264282 1.492676
vt -1.291992 1.492676
vt -1.296143 1.519409
vt -1.338867 1.492676
vt -1.312500 1.542480
vt -1.337524 1.550293
vt -1.294067 1.565674
vt -1.334351 1.583618
vt -1.276123 1.583618
vt -1.328491 1.608032
vt -1.275269 1.637451
vt -1.345215 1.649048
vt -1.318970 1.691895
vt -1.377930 1.689697
vt -1.366943 1.782104
vt -1.405029 1.713623
vt -1.409302 1.811157
vt -1.444336 1.750977
vt -1.459229 1.839478
vt -1.477539 1.804932
vt -1.538574 1.891846
vt -1.520020 1.765015
vt -1.643066 1.753540
vt -1.656006 1.714478
vt -1.725342 1.742554
vt -1.765259 1.717041
vt -1.887329 1.891846
vt -1.934326 1.791626
vt -1.921387 1.891846
vt -2.032349 1.891846
vt -2.396484 0.936890
vt -2.396484 1.036865
vt -2.493286 0.986938
vt -2.299805 0.886841
vt -2.299194 0.786621
vt -2.213501 0.786621
vt -2.217529 0.686523
vt -2.125488 0.697632
vt -2.041382 0.743164
vt -2.008911 0.724976
vt -1.924683 0.733398
vt -2.024292 0.671143
vt -1.933228 0.674194
vt -1.935791 0.590698
vt -1.869629 0.677490
vt -1.876953 0.603638
vt -1.795044 0.635864
vt -1.857178 0.571655
vt -1.745972 0.598999
vt -1.820557 0.543091
vt -1.779541 0.526367
vt -1.798096 0.471191
vt -1.689819 0.531128
vt -1.694580 0.472412
vt -1.599121 0.471313
vt -1.694092 0.386108
vt -1.592285 0.386108
vt -1.594727 0.287476
vt -1.508667 0.386108
vt -1.509644 0.287476
vt -1.439453 0.287476
vt -1.508667 0.191772
vt -1.438232 0.191772
vt -1.439453 0.096069
vt -1.378296 0.191772
vt -1.378784 0.096069
vt -1.317017 0.096069
vt -1.378296 -0.002563
vt -1.316162 -0.002563
vt -1.317017 -0.102783
vt -1.259277 -0.002563
vt -1.259644 -0.102783
vt -1.208008 -0.102783
vt -1.259277 -0.202881
vt -1.207520 -0.202881
vt -1.156616 -0.202881
vt -1.156860 -0.302979
vt -1.098633 -0.302979
vt -1.098267 -0.403198
vt -1.098511 -0.482666
vt 0.437134 0.047485
vt 0.437134 -0.052734
vt 0.496216 -0.002563
vt 0.378174 -0.102783
vt 0.365112 -0.002563
vt 0.279907 -0.102783
vt 0.275024 -0.002563
vt 0.185181 -0.002563
vt 0.279907 0.096069
vt 0.187500 0.096069
vt 0.185181 0.191772
vt 0.087402 0.096069
vt 0.083374 0.191772
vt 0.000122 0.188599
vt 0.087402 0.287476
vt -0.001099 0.280518
vt -0.006226 0.382202
vt -0.075684 0.259766
vt -0.091919 0.370239
vt -0.145996 0.347900
vt -0.089233 0.467163
vt -0.169434 0.485474
vt -0.104004 0.543213
vt -0.128296 0.571289
vt -0.045410 0.600830
vt -0.076538 0.636841
vt -0.040283 0.611206
vt -0.067383 0.643066
vt -0.030884 0.630249
vt -0.051147 0.653931
vt -0.003174 0.686401
vt -0.058594 0.686401
vt -0.051147 0.718872
vt -0.067383 0.729858
vt -0.040161 0.761719
vt -0.045532 0.772461
vt -0.003052 0.783447
vt -0.020508 0.834717
vt 0.030518 0.829224
vt -0.003296 0.887939
vt 0.087769 0.899902
vt -0.007935 0.986938
vt 0.083374 0.986938
vt 0.087402 1.087891
vt 0.185181 0.986938
vt 0.187500 1.087891
vt 0.279907 1.087891
vt 0.185181 1.190796
vt 0.275024 1.190796
vt 0.279907 1.293579
vt 0.365112 1.190308
vt 0.378174 1.294556
vt 0.437134 1.240845
vt 0.378174 -2.108276
vt 0.284668 -2.108276
vt 0.275024 -2.010132
vt 0.185181 -2.010132
vt 0.187500 -1.910645
vt 0.087402 -1.910645
vt 0.083374 -1.808472
vt -0.007935 -1.808472
vt 0.005005 -1.693604
vt -0.013062 -1.596924
vt -0.007446 -1.502686
vt -0.096069 -1.504761
vt -0.098877 -1.404541
vt -0.174438 -1.404297
vt -0.173462 -1.304321
vt -0.241089 -1.304077
vt -0.242920 -1.204346
vt -0.302490 -1.204346
vt -0.301880 -1.104126
vt -0.363770 -1.104126
vt -0.364990 -1.004028
vt -0.424927 -1.004028
vt -0.424438 -0.903931
vt -0.486206 -0.903931
vt -0.487183 -0.803711
vt -0.547485 -0.803711
vt -0.541992 -0.692871
vt -0.502319 -0.646118
vt -0.524292 -0.620605
vt -0.503418 -0.553833
vt -0.492065 -0.545898
vt -0.555664 0.196411
vt -0.535278 0.190430
vt -0.547241 0.282471
vt -0.497681 0.302368
vt -0.490479 0.390747
vt -0.441040 0.382690
vt -0.419678 0.476074
vt -0.374756 0.397339
vt -0.356934 0.492432
vt -0.337891 0.410767
vt -0.286987 0.401855
vt -0.267700 0.304321
vt -0.220093 0.289551
vt -0.244019 0.237427
vt -0.185425 0.173340
vt -0.265503 0.198853
vt -0.221924 0.151001
vt -0.325195 0.097534
vt -0.205933 0.097534
vt -0.221924 0.032349
vt -0.185425 0.010010
vt -0.244019 -0.054199
vt -0.219238 -0.106201
vt -0.267700 -0.121216
vt -0.241455 -0.222778
vt -0.277710 -0.212158
vt -0.240967 -0.307983
vt -0.303711 -0.306885
vt -0.288818 -0.404541
vt -0.317993 -0.385986
vt -0.330933 -0.452026
vt -0.341064 -0.359375
vt -0.369873 -0.414551
vt -0.390381 -0.355957
vt -0.423218 -0.402954
vt -0.426025 -0.370972
vt -0.460083 -0.383545
vt -0.429443 -0.334839
vt -2.396484 -1.454712
vt -2.396484 -1.354492
vt -2.493286 -1.404541
vt -2.299805 -1.304443
vt -2.299805 -1.504761
vt -2.258057 -1.379395
vt -2.246460 -1.434692
vt -2.208008 -1.382812
vt -2.220215 -1.472046
vt -2.173706 -1.440552
vt -2.171753 -1.470947
vt -2.114380 -1.479614
vt -2.130737 -1.518799
vt -2.025513 -1.517212
vt -2.030396 -1.605713
vt -2.000488 -1.573120
vt -1.910645 -1.596924
vt -1.931152 -1.496460
vt -2.010254 -1.471558
vt -1.983643 -1.432861
vt -2.080322 -1.442993
vt -2.045654 -1.384155
vt -2.056152 -1.373657
vt -2.045166 -1.303223
vt -2.065918 -1.303101
vt -2.074097 -1.250488
vt -2.127319 -1.302979
vt -2.096558 -1.211914
vt -2.127197 -1.197754
vt -2.086182 -1.181030
vt -2.127197 -1.162109
vt -2.080688 -1.164917
vt -2.127197 -1.146851
vt -2.124146 -1.125610
vt -2.172974 -1.166870
vt -2.171387 -1.133179
vt -2.232178 -1.136597
vt -2.219116 -1.083130
vt -2.299805 -1.104126
vt -2.299194 -1.004028
vt -2.396484 -1.054077
vt -2.396484 -0.953979
vt -2.493286 -1.004028
vt -0.093262 1.891846
vt -0.098877 1.793457
vt -0.162231 1.791260
vt -0.096069 1.694702
vt -0.161987 1.694702
vt -0.162231 1.597290
vt -0.195068 1.694702
vt -0.193481 1.604126
vt -0.224487 1.641724
vt -0.202881 1.577759
vt -0.256348 1.602051
vt -0.225464 1.550415
vt -0.252197 1.534790
vt -0.243652 1.479736
vt -0.291138 1.539307
vt -0.288696 1.481323
vt -0.315674 1.495239
vt -0.288452 1.395996
vt -0.326538 1.438843
vt -0.316162 1.375610
vt -0.367310 1.396240
vt -0.342529 1.348511
vt -0.373657 1.333984
vt -0.365967 1.278442
vt -0.424683 1.336426
vt -0.429688 1.275879
vt -0.487793 1.289673
vt -0.474121 1.213623
vt -0.504028 1.235107
vt -0.540161 1.161865
vt -0.553955 1.240234
vt -0.562988 1.182007
vt -0.594482 1.189575
vt -0.580688 1.156250
vt -0.625977 1.166870
vt -0.625732 1.149292
vt -0.660034 1.141235
vt -0.625732 1.088989
vt -0.685181 1.119141
vt -0.694458 1.088989
vt -0.704590 1.127075
vt -0.659424 -2.012695
vt -0.699463 -2.108398
vt -0.669434 -2.108276
vt -0.707764 -1.997314
vt -0.673218 -1.920898
vt -0.732300 -1.902588
vt -0.670044 -1.808716
vt -0.731567 -1.808472
vt -0.731201 -1.705811
vt -0.792358 -1.808472
vt -0.792236 -1.705811
vt -0.853638 -1.705811
vt -0.792358 -1.604858
vt -0.853760 -1.604858
vt -0.857666 -1.514404
vt -0.902222 -1.603516
vt -0.903564 -1.512451
vt -0.926880 -1.511719
vt -0.906494 -1.436646
vt -0.935425 -1.417236
vt -0.915039 -1.361206
vt -0.968506 -1.394897
vt -0.950073 -1.354126
vt -0.974365 -1.332520
vt -0.944214 -1.345825
vt -0.965576 -1.328369
vt -0.936890 -1.335327
vt -0.952759 -1.322266
vt -0.915039 -1.304321
vt -0.958618 -1.304321
vt -0.952759 -1.286377
vt -0.965576 -1.280273
vt -0.944214 -1.262817
vt -0.950073 -1.254395
vt -0.915039 -1.247314
vt -0.915039 -1.170654
vt -0.843750 -1.178833
vt -0.857666 -1.094482
vt -0.798462 -1.117554
vt -0.792358 -1.004028
vt -0.731201 -1.104126
vt -0.731567 -1.004028
vt -0.920044 -0.511719
vt -0.965576 -0.545898
vt -0.935547 -0.577881
vt -0.949219 -0.633911
vt -0.902100 -0.604126
vt -0.927612 -0.703491
vt -0.901611 -0.703613
vt -0.902100 -0.803101
vt -0.853638 -0.703613
vt -0.853760 -0.803711
vt -0.792358 -0.803711
vt -0.853638 -0.903931
vt -0.792236 -0.903931
vt -0.731201 -0.903931
vt -0.669922 -1.004028
vt -0.669678 -1.104126
vt -0.669922 -1.204346
vt -0.608643 -1.104126
vt -0.609253 -1.204346
vt -0.547485 -1.204346
vt -0.608887 -1.304565
vt -0.539795 -1.309448
vt -0.554321 -1.392822
vt -0.486572 -1.369507
vt -0.485840 -1.449707
vt -0.422974 -1.431274
vt -0.422974 -1.472046
vt -0.396606 -1.439453
vt -0.381470 -1.479858
vt -0.370361 -1.447632
vt -0.334961 -1.474243
vt -0.342529 -1.382446
vt -0.290894 -1.404663
vt -0.305542 -1.312744
vt -1.262695 0.790894
vt -1.317017 0.886841
vt -1.316162 0.786621
vt -1.262085 0.886963
vt -1.217896 0.887329
vt -1.262695 0.983032
vt -1.221436 0.971069
vt -1.252563 1.079224
vt -1.191406 1.034668
vt -1.203979 1.099854
vt -1.163696 1.020630
vt -1.154419 1.087646
vt -1.090332 1.048096
vt -1.096680 1.103149
vt -1.037720 1.047241
vt -1.037598 1.103027
vt -0.978271 1.103149
vt -1.037354 1.190796
vt -0.976074 1.190796
vt -0.976196 1.293579
vt -0.914917 1.190796
vt -0.914917 1.293579
vt -0.853638 1.293579
vt -0.914917 1.394653
vt -0.853760 1.394653
vt -0.853638 1.494873
vt -0.792358 1.394653
vt -0.792236 1.494873
vt -0.731201 1.494873
vt -0.792358 1.594971
vt -0.731567 1.594971
vt -0.732178 1.686523
vt -0.669922 1.594971
vt -0.673218 1.704590
vt -0.608643 1.694702
vt -0.659424 1.796143
vt -0.609253 1.793457
vt -0.608032 1.891846
vt -0.547485 1.793457
vt -0.546631 1.891846
vt -0.485229 1.891846
vt -2.396484 0.536255
vt -2.396484 0.636475
vt -2.493286 0.586426
vt -2.299194 0.586426
vt -2.299805 0.486206
vt -2.217529 0.486206
vt -2.299194 0.386108
vt -2.213501 0.386108
vt -2.217529 0.287476
vt -2.130859 0.386108
vt -2.133057 0.287476
vt -2.027832 0.287476
vt -2.130859 0.191772
vt -2.023315 0.191772
vt -2.027832 0.096069
vt -1.916382 0.191772
vt -1.918457 0.096069
vt -1.803101 0.096069
vt -1.916382 -0.002563
vt -1.799316 -0.002563
vt -1.803101 -0.102783
vt -1.694092 -0.002563
vt -1.695557 -0.102783
vt -1.594727 -0.102783
vt -1.694092 -0.202881
vt -1.592285 -0.202881
vt -1.594727 -0.302979
vt -1.508667 -0.202881
vt -1.504517 -0.311157
vt -1.440308 -0.291504
vt -1.470825 -0.379150
vt -1.441406 -0.357178
vt -1.420410 -0.417847
vt -1.408325 -0.361328
vt -1.379395 -0.400146
vt -1.368896 -0.354126
vt -1.324463 -0.346191
vt -1.319092 -0.288818
vt -1.098633 0.096069
vt -1.156616 0.191772
vt -1.156860 0.096069
vt -1.098267 0.191772
vt -1.049194 0.193359
vt -1.100464 0.271484
vt -1.046875 0.286743
vt -1.085327 0.374512
vt -1.031738 0.421753
vt -1.052856 0.432129
vt -1.036255 0.484863
vt -1.067627 0.484863
vt -1.080078 0.524170
vt -1.160400 0.484863
vt -1.114014 0.552979
vt -1.160400 0.563599
vt -1.098389 0.576172
vt -1.160400 0.590210
vt -1.086548 0.593384
vt -1.160400 0.607788
vt -1.098633 0.687012
vt -1.154419 0.696655
vt -1.090210 0.726562
vt -1.163696 0.754150
vt -1.157715 0.829590
vt -1.191284 0.739990
vt -1.221313 0.803345
vt -1.251221 0.692505
vt -1.312134 0.698608
vt -1.378296 0.786621
vt -1.378784 0.886841
vt -1.378296 0.986938
vt -1.439453 0.886841
vt -1.438232 0.986938
vt -2.396484 0.736572
vt -2.396484 0.836792
vt -2.493286 0.786621
vt -2.299805 0.686523
vt -2.213501 0.586426
vt -2.130859 0.586426
vt -2.133057 0.486206
vt -2.027832 0.486206
vt -2.023315 0.386108
vt -1.916382 0.386108
vt -1.918457 0.287476
vt -1.803101 0.287476
vt -1.799316 0.191772
vt -1.694092 0.191772
vt -1.695557 0.096069
vt -1.594727 0.096069
vt -1.592285 -0.002563
vt -1.508667 -0.002563
vt -1.509644 -0.102783
vt -1.439453 -0.102783
vt -1.438232 -0.202881
vt -1.378296 -0.202881
vt -1.381592 -0.301880
vt -0.976074 -0.202881
vt -0.976196 -0.102783
vt -1.037354 -0.202881
vt -1.037476 -0.102783
vt -1.098633 -0.102783
vt -1.037354 -0.002563
vt -1.098267 -0.002563
vt -1.156616 -0.002563
vt -1.208008 0.096069
vt -1.207520 0.191772
vt -1.206421 0.271484
vt -1.259277 0.191772
vt -1.255127 0.286377
vt -1.312256 0.274902
vt -1.252808 0.423584
vt -1.331787 0.403198
vt -1.264038 0.484863
vt -1.326782 0.485718
vt -1.331909 0.568604
vt -1.382202 0.581909
vt -1.371216 0.678101
vt -1.439453 0.686523
vt -1.438232 0.786621
vt -1.493164 0.783813
vt -1.514282 0.875977
vt -1.546143 0.802979
vt -1.575195 0.829956
vt -1.590454 0.736816
vt -0.594482 0.985229
vt -0.625977 1.007812
vt -0.625977 0.977539
vt -0.580688 1.018555
vt -0.562988 0.992920
vt -0.540161 1.012817
vt -0.553955 0.937988
vt -0.504028 0.943359
vt -0.490356 0.875854
vt -0.474121 0.964355
vt -0.429688 0.895142
vt -0.416016 0.988647
vt -0.364990 0.986938
vt -0.363770 1.087891
vt -0.301880 1.087891
vt -0.302490 1.190796
vt -0.242920 1.190796
vt -0.241333 1.293579
vt -0.173584 1.293579
vt -0.174683 1.394653
vt -0.098877 1.394653
vt -0.096069 1.494873
vt -0.006226 1.494873
vt -0.007935 1.594971
vt 0.083374 1.594971
vt -0.300537 1.588867
vt -0.263184 1.616577
vt -0.300537 1.604614
vt -0.272583 1.636475
vt -0.300415 1.627563
vt -0.300171 1.695435
vt -0.328247 1.636719
vt -0.348633 1.661743
vt -0.364990 1.650269
vt -0.374756 1.695801
vt -0.386108 1.695801
vt -0.376709 1.749756
vt -0.404907 1.705200
vt -0.409302 1.786133
vt -0.436035 1.791626
vt -0.399536 1.812256
vt -0.423828 1.891846
vt -0.376953 1.838867
vt -0.361938 1.891846
vt -0.351562 1.852783
vt -0.300781 1.849976
vt -0.299805 1.801880
vt -0.251587 1.853516
vt -0.255737 1.788330
vt -0.225098 1.838013
vt -0.224121 1.748291
vt -0.202637 1.810791
vt -0.193481 1.784546
vt -1.156616 -1.204346
vt -1.095215 -1.292480
vt -1.098267 -1.204346
vt -1.154175 -1.316162
vt -1.208008 -1.304443
vt -1.169434 -1.405884
vt -1.207520 -1.404541
vt -1.208008 -1.504761
vt -1.259277 -1.404541
vt -1.259644 -1.504761
vt -1.317017 -1.504761
vt -1.259277 -1.604858
vt -1.316162 -1.604858
vt -1.317017 -1.705811
vt -1.378296 -1.604858
vt -1.378784 -1.705933
vt -1.439087 -1.706299
vt -1.377930 -1.809082
vt -1.436646 -1.810547
vt -1.440186 -1.888672
vt -1.509521 -1.807861
vt -1.505737 -1.912354
vt -1.593628 -1.803589
vt -1.692749 -1.911865
vt -1.695557 -1.807983
vt -1.804199 -1.890259
vt -1.803589 -1.811646
vt -1.917358 -1.809326
vt -1.804199 -1.706665
vt -1.932983 -1.693848
vt -2.396484 0.336060
vt -2.396484 0.436157
vt -2.493286 0.386108
vt -2.299805 0.286011
vt -2.299194 0.191162
vt -2.213501 0.191772
vt -2.217529 0.096069
vt -2.133057 0.096069
vt -2.130859 -0.002563
vt -2.023315 -0.002563
vt -2.027832 -0.102783
vt -1.918457 -0.102783
vt -1.916382 -0.202881
vt -1.799316 -0.202881
vt -1.803101 -0.302979
vt -1.695557 -0.302979
vt -1.694092 -0.403198
vt -1.592285 -0.403198
vt -1.594727 -0.503296
vt -1.520874 -0.405029
vt -1.521484 -0.503174
vt -0.853638 -0.503296
vt -0.853760 -0.603516
vt -0.792358 -0.603516
vt -0.792236 -0.703613
vt -0.731201 -0.703613
vt -0.731567 -0.803711
vt -0.669922 -0.803711
vt -0.669678 -0.903931
vt -0.608643 -0.903931
vt -0.609253 -1.004028
vt -0.547485 -1.004028
vt -0.546997 -1.104126
vt -0.486206 -1.104126
vt -0.487183 -1.204346
vt -0.424927 -1.204346
vt -0.480713 -1.290527
vt -0.423828 -1.294067
vt -0.422485 -1.363159
vt -0.366943 -1.295288
vt -0.378052 -1.367798
vt -0.785645 1.283447
vt -0.803711 1.190063
vt -0.762329 1.210449
vt -0.764893 1.131348
vt -0.734131 1.142212
vt -0.739258 1.114746
vt -0.716675 1.087402
vt -0.685181 1.058838
vt -0.660034 1.036743
vt -0.625732 1.028687
vt -0.671387 1.018555
vt -0.657349 0.984863
vt -0.640015 0.935059
vt -0.602173 0.929077
vt -0.606812 0.872314
vt -0.548706 0.874634
vt -0.547485 0.786621
vt -0.487183 0.786621
vt 0.553589 -0.462158
vt 0.589844 -0.593506
vt 0.618042 -0.528564
vt 0.561523 -0.658325
vt 0.489014 -0.395752
vt 0.461060 -0.471924
vt 0.390503 -0.471436
vt 0.390259 -0.567871
vt 0.355957 -0.607544
vt 0.391479 -0.903564
vt 0.311890 -0.686401
vt 0.291748 -0.806396
vt 0.289185 -0.639282
vt 0.262207 -0.773438
vt 0.276001 -0.598267
vt 0.244385 -0.753662
vt 0.222656 -0.625000
vt 0.217651 -0.722900
vt 0.172119 -0.608887
vt 0.171875 -0.708374
vt 0.087402 -0.703613
vt 0.169556 -0.805176
vt 0.083374 -0.803711
vt 0.087402 -0.903931
vt -0.007935 -0.803711
vt -0.006226 -0.903931
vt -0.096069 -0.903931
vt -0.007935 -1.004028
vt -0.098877 -1.004028
vt -0.242065 -1.403320
vt -0.241577 -1.485596
vt -0.299683 -1.500854
vt -0.284180 -1.551270
vt -0.322876 -1.523804
vt -0.299438 -1.601685
vt -0.346436 -1.538574
vt -0.332153 -1.601685
vt -0.422974 -1.601685
vt -0.353638 -1.662476
vt -0.380859 -1.695435
vt -0.368530 -1.725098
vt -0.422974 -1.740967
vt -0.392700 -1.775879
vt -0.422974 -1.781616
vt -0.427856 -1.846191
vt -0.482422 -1.764893
vt -0.488892 -1.842407
vt -0.546875 -1.828003
vt -0.486694 -1.919189
vt -0.546875 -1.915527
vt -0.547485 -2.010132
vt -0.608887 -1.910889
vt -0.609253 -2.010132
vt -0.608032 -2.108276
vt -0.392456 -1.510986
vt -0.422974 -1.504150
vt -0.505981 -1.527710
vt -0.531250 -1.554565
vt -0.535400 -1.498901
vt -0.570923 -1.536499
vt -0.569702 -1.493774
vt -0.590576 -1.519409
vt -0.629639 -1.505981
vt -0.609741 -1.560547
vt -0.648560 -1.594360
vt -0.628784 -1.601685
vt -0.644165 -1.641602
vt -0.608154 -1.650146
vt -0.624268 -1.719604
vt -0.587402 -1.698730
vt -0.564697 -1.723389
vt -0.560913 -1.686157
vt -0.507202 -1.724609
vt -0.492676 -1.699219
vt -0.422974 -1.710449
vt -1.316162 -0.202881
vt -1.378784 -0.102783
vt -1.438232 -0.002563
vt -1.509644 0.096069
vt -1.592285 0.191772
vt -1.695557 0.287476
vt -1.799316 0.386108
vt -1.907471 0.497192
vt -2.396484 0.141724
vt -2.396484 0.235840
vt -2.493286 0.185791
vt -2.299805 0.097534
vt -2.299194 -0.002563
vt -2.213501 -0.002563
vt -2.217529 -0.102783
vt -2.133057 -0.102783
vt -2.130859 -0.202881
vt -2.023315 -0.202881
vt -2.027832 -0.302979
vt -1.918457 -0.302979
vt -1.916382 -0.403198
vt -1.799316 -0.403198
vt -1.803711 -0.503662
vt -1.695801 -0.503418
vt -1.694702 -0.603882
vt -1.592285 -0.603516
vt -2.396484 1.344604
vt -2.396484 1.444702
vt -2.493286 1.394653
vt -2.299194 1.394653
vt -2.299805 1.294556
vt -2.217529 1.293579
vt -2.213501 1.190796
vt -2.130859 1.190796
vt -2.129150 1.078857
vt -2.027710 1.101440
vt -2.065552 1.007690
vt -2.022827 1.040894
vt -2.006470 0.939575
vt -1.961182 0.976929
vt -1.992920 0.933105
vt -1.953491 0.965820
vt -1.969360 0.921753
vt -1.939819 0.946289
vt -1.905884 0.955200
vt -1.875122 0.946289
vt -1.864746 0.965820
vt -1.834717 0.933105
vt -1.823853 0.939941
vt -2.396484 1.544922
vt -2.396484 1.645020
vt -2.493286 1.594971
vt -2.299194 1.594971
vt -2.299805 1.494873
vt -2.217529 1.494873
vt -2.213501 1.394653
vt -2.130859 1.394653
vt -2.133057 1.293579
vt -2.027832 1.293579
vt -2.023315 1.190796
vt -1.916382 1.190796
vt -1.921631 1.089478
vt -1.808350 1.103516
vt -1.894165 1.037842
vt -1.820435 1.049561
vt -1.858398 0.978027
vt -1.786377 1.032471
vt -1.756714 1.003662
vt -1.735962 0.972168
vt -1.171997 0.888184
vt -1.144409 0.836060
vt -1.099487 0.797974
vt -1.117554 0.849243
vt -1.083984 0.820801
vt -1.038208 0.888184
vt -1.038208 0.810303
vt -0.992310 0.820801
vt -1.038208 0.784058
vt -0.976807 0.797974
vt -1.038208 0.770020
vt -0.967651 0.784546
vt -0.984863 0.727173
vt -0.909912 0.754150
vt -0.922729 0.681030
vt -0.859131 0.675049
vt -0.909790 0.582642
vt -0.853760 0.586426
vt -0.857300 0.496826
vt -0.792358 0.586426
vt -0.797729 0.473511
vt -0.731201 0.486206
vt -0.780884 0.384155
vt -0.731567 0.386108
vt -0.731201 0.287476
vt -0.918945 1.087524
vt -0.984741 1.047729
vt -0.909668 1.020752
vt -0.967651 0.991821
vt -0.918213 0.946899
vt -0.976807 0.978271
vt -0.931885 0.940186
vt -0.992310 0.955444
vt -0.960205 0.928223
vt -0.958740 0.927002
vt -0.946533 0.888184
vt -0.958740 0.927124
vt -0.915527 0.888184
vt -0.904297 0.888184
vt -0.836304 0.972168
vt -0.875610 1.033936
vt -0.795654 1.083008
vt -0.859131 1.099609
vt -0.853760 1.190796
vt -1.440308 -0.714966
vt -1.408325 -0.645996
vt -1.441406 -0.648926
vt -1.381592 -0.704712
vt -1.378296 -0.803711
vt -1.319214 -0.717773
vt -1.316162 -0.803711
vt -1.268677 -0.802856
vt -1.317017 -0.903931
vt -1.256470 -0.896851
vt -1.259277 -1.004028
vt -1.207642 -0.917114
vt -1.207520 -1.004028
vt -1.156616 -1.004028
vt -1.208008 -1.104126
vt -1.156860 -1.104126
vt -1.098633 -1.104126
vt -1.047974 -1.206909
vt -1.045776 -1.293823
vt -1.043335 -1.359619
vt -1.013062 -1.294434
vt -1.003540 -1.374146
vt -1.098267 -1.004028
vt -1.037354 -1.004028
vt -1.098511 -0.924561
vt -1.039307 -0.910767
vt -1.068848 -0.873535
vt -1.019409 -0.865967
vt -1.093628 -0.845459
vt -1.009644 -0.824097
vt -1.040039 -0.782593
vt -0.991211 -0.743408
vt -1.013062 -0.735229
vt -0.998901 -0.702026
vt -1.096191 -0.702026
vt -1.010864 -0.661133
vt -1.045654 -0.635986
vt -0.988281 -0.641968
vt -1.034790 -0.606934
vt -1.009644 -0.582520
vt -0.984131 -0.529419
vt -2.396484 -0.453247
vt -2.396484 -0.353149
vt -2.493286 -0.403198
vt -2.299194 -0.403198
vt -2.299805 -0.503296
vt -2.217529 -0.503296
vt -2.213501 -0.603516
vt -2.139160 -0.594727
vt -2.131714 -0.701172
vt -2.035400 -0.603516
vt -2.063599 -0.709351
vt -1.975342 -0.631470
vt -2.012329 -0.745605
vt -1.918823 -0.720581
vt -2.001343 -0.764160
vt -1.918823 -0.742065
vt -1.980347 -0.800049
vt -1.918701 -0.783447
vt -1.856812 -0.799561
vt -1.811523 -0.844238
vt -1.775391 -0.823486
vt -2.396484 -0.052734
vt -2.396484 0.047485
vt -2.493286 -0.002563
vt -2.299805 -0.102783
vt -2.299194 -0.202881
vt -2.213501 -0.202881
vt -2.217529 -0.302979
vt -2.133057 -0.302979
vt -2.130859 -0.403198
vt -2.023315 -0.403198
vt -2.036011 -0.494629
vt -1.933105 -0.522705
vt -1.897339 -0.616821
vt -1.801880 -0.604980
vt -1.804688 -0.687134
vt -1.701416 -0.709961
vt -2.299194 1.793701
vt -2.299805 1.891846
vt -2.396484 1.843506
vt -2.221558 1.891846
vt -2.213501 1.793457
vt -2.130859 1.793457
vt -2.217529 1.694702
vt -2.133057 1.694702
vt -2.130859 1.594971
vt -2.027832 1.694702
vt -2.023315 1.594971
vt -1.916992 1.593872
vt -2.027832 1.494873
vt -1.918579 1.494507
vt -1.916382 1.394653
vt -1.803711 1.493774
vt -1.799316 1.394653
vt -1.694092 1.394653
vt -1.803101 1.293579
vt -1.695557 1.293579
vt -1.694092 1.190796
vt -1.594727 1.293579
vt -1.592285 1.190796
vt -1.259644 -1.104126
vt -1.317017 -1.104126
vt -1.259277 -1.204346
vt -1.316162 -1.204346
vt -1.317017 -1.304443
vt -1.378296 -1.204346
vt -1.378784 -1.304443
vt -1.439453 -1.304443
vt -1.378296 -1.404541
vt -1.438232 -1.404541
vt -1.439453 -1.504761
vt -1.508667 -1.404541
vt -1.509644 -1.504761
vt -1.594727 -1.504761
vt -1.508667 -1.604858
vt -1.592285 -1.604858
vt -1.595093 -1.704590
vt -1.694092 -1.604858
vt -1.696045 -1.705688
vt -2.396484 1.745117
vt -2.493286 1.795288
vt -2.299805 1.695068
vt -2.213501 1.594971
vt -2.133057 1.494873
vt -2.023315 1.394653
vt -1.918457 1.293579
vt -1.799316 1.190796
vt -1.706177 1.076782
vt -0.543823 1.309692
vt -0.506470 1.348511
vt -0.531860 1.375000
vt -0.481445 1.396973
vt -0.520752 1.439819
vt -0.472290 1.412720
vt -0.507202 1.447632
vt -0.460205 1.433594
vt -0.486328 1.459595
vt -0.424561 1.495239
vt -0.495850 1.495239
vt -0.486328 1.530884
vt -0.507202 1.542847
vt -0.472290 1.577759
vt -0.479858 1.590942
vt -0.424561 1.604614
vt -0.476318 1.654053
vt -0.431274 1.649414
vt -0.483521 1.709473
vt -0.434082 1.707886
vt -0.780884 0.193481
vt -0.731567 0.191772
vt -0.781616 0.287354
vt -0.836060 0.286133
vt -0.844116 0.319824
vt -0.852051 0.316040
vt -0.878540 0.337891
vt -0.887695 0.324829
vt -0.914673 0.330811
vt -0.914673 0.286133
vt -0.941650 0.324829
vt -0.961426 0.308472
vt -0.950806 0.337891
vt -0.977295 0.316040
vt -0.957153 0.346924
vt -0.987915 0.321045
vt -0.954224 0.426147
vt -1.017578 0.484863
vt -1.052856 0.537476
vt -1.037354 1.793457
vt -0.976196 1.694702
vt -0.976074 1.793457
vt -1.037476 1.694702
vt -1.098633 1.694702
vt -1.037354 1.594971
vt -1.098267 1.594971
vt -1.098633 1.494873
vt -1.152588 1.590942
vt -1.154053 1.494629
vt -1.196533 1.493896
vt -1.152832 1.398315
vt -1.208008 1.371582
vt -1.163818 1.302246
vt -1.212036 1.281738
vt -1.156616 1.190796
vt -1.207520 1.190796
vt -1.259277 1.190796
vt -1.317017 1.087891
vt -1.316162 0.986938
vt 0.083374 -0.002563
vt 0.000122 0.000244
vt 0.094849 -0.093994
vt 0.008301 -0.110229
vt 0.112915 -0.167969
vt -0.011353 -0.206787
vt 0.082275 -0.310913
vt -0.007080 -0.304077
vt -0.007935 -0.403198
vt -0.094360 -0.299072
vt -0.098877 -0.403198
vt -0.174683 -0.403198
vt -0.096069 -0.503296
vt -0.173584 -0.503296
vt -0.174683 -0.603516
vt -0.241333 -0.503296
vt -0.242920 -0.603516
vt -0.288818 -0.602051
vt -0.241333 -0.703613
vt -0.302734 -0.695190
vt -1.207520 -1.604858
vt -1.208008 -1.705811
vt -1.169434 -1.603516
vt -1.154297 -1.693726
vt -1.140747 -1.618896
vt -1.115601 -1.640503
vt -1.087158 -1.579346
vt -1.035400 -1.589355
vt -1.035400 -1.575195
vt -0.993164 -1.565674
vt -1.003784 -1.550293
vt -0.980713 -1.530884
vt -1.035400 -1.504517
vt -0.972290 -1.504517
vt -0.980713 -1.478271
vt -0.950806 -1.504517
vt -0.962158 -1.469238
vt -0.941406 -1.504517
vt -0.950806 -1.463867
vt -0.467651 1.045532
vt -0.429077 1.087402
vt -0.416016 1.188843
vt -0.364990 1.190796
vt -0.305176 1.304321
vt -0.242920 1.394653
vt -0.181396 1.505371
vt -0.098877 1.594971
vt -0.006226 1.694702
vt -1.378784 -0.903931
vt -1.439453 -0.903931
vt -1.378296 -1.004028
vt -1.438232 -1.004028
vt -1.439453 -1.104126
vt -1.508667 -1.004028
vt -1.509644 -1.104126
vt -1.594727 -1.104126
vt -1.508667 -1.204346
vt -1.592285 -1.204346
vt -1.594727 -1.304443
vt -1.694580 -1.204102
vt -1.695801 -1.304443
vt -1.803711 -1.304321
vt -1.694092 -1.404541
vt -1.799316 -1.404541
vt -1.803101 -1.504761
vt -1.901855 -1.400879
vt -2.396484 -0.853760
vt -2.396484 -0.753662
vt -2.493286 -0.803711
vt -2.299805 -0.903931
vt -2.213501 -1.004028
vt -2.142578 -1.092041
vt -2.077271 -1.085449
vt -2.041870 -1.133057
vt -1.969604 -1.183350
vt -1.999023 -1.190918
vt -1.989624 -1.249023
vt -2.046021 -1.222778
vt -2.034302 -1.303223
vt -2.056152 -1.232666
vt 0.083374 1.190796
vt -0.006226 1.087891
vt -0.098877 0.986938
vt -0.091064 0.901978
vt -0.166382 0.875854
vt -0.186157 0.782715
vt -0.242920 0.786621
vt -0.241333 0.686523
vt -0.301880 0.686523
vt -0.302490 0.586426
vt -0.364990 0.586426
vt -0.762573 1.087158
vt -0.765381 1.043701
vt -0.739868 1.059937
vt -0.735352 1.032349
vt -0.704590 1.047607
vt -0.712036 1.012207
vt -0.688721 0.992188
vt -0.684937 0.937378
vt -0.667480 0.884155
vt -0.669922 0.786621
vt -0.609253 0.786621
vt -0.608643 0.686523
vt -0.546997 0.686523
vt 0.192627 -0.194092
vt 0.187012 -0.302734
vt 0.177612 -0.416626
vt 0.083374 -0.403198
vt 0.087402 -0.503296
vt -0.006226 -0.503296
vt -0.007935 -0.603516
vt -0.098877 -0.603516
vt -0.096069 -0.703613
vt -0.173584 -0.703613
vt -0.174683 -0.803711
vt -0.242920 -0.803711
vt 0.437134 0.235840
vt 0.437134 0.141724
vt 0.496216 0.185791
vt 0.365112 0.191162
vt 0.378174 0.286011
vt 0.279907 0.287476
vt 0.365112 0.386108
vt 0.275024 0.386108
vt 0.279907 0.486206
vt 0.185181 0.386108
vt 0.182007 0.495239
vt 0.087769 0.473145
vt 0.121582 0.567383
vt 0.084473 0.534180
vt 0.068115 0.638062
vt 0.037842 0.602905
vt 0.061035 0.642944
vt 0.033813 0.611084
vt 0.024414 0.630127
vt -0.003174 0.621460
vt -0.511230 -0.503296
vt -0.530029 -0.506836
vt -0.557373 -0.417480
vt -0.521362 -0.357910
vt -0.542236 -0.333740
vt -0.516968 -0.349731
vt -0.535645 -0.329712
vt -0.510376 -0.337891
vt -0.524292 -0.322876
vt -0.529419 -0.302490
vt -0.524170 -0.282227
vt -0.535400 -0.275269
vt -0.516479 -0.255493
vt -0.522583 -0.246948
vt 0.437134 0.436157
vt 0.437134 0.336060
vt 0.496216 0.386108
vt 0.378174 0.486206
vt 0.365112 0.586426
vt 0.275024 0.586426
vt 0.279907 0.686523
vt 0.199951 0.592529
vt 0.200195 0.686523
vt 0.138428 0.686401
vt 0.199951 0.780518
vt 0.142212 0.761963
vt 0.121582 0.805542
vt 0.068359 0.734741
vt 0.084717 0.838867
vt 0.038208 0.770386
vt -1.592285 1.394653
vt -1.521240 1.395874
vt -1.594360 1.490112
vt -1.510620 1.489502
vt -1.519775 1.576538
vt -1.478638 1.509277
vt -1.463501 1.611328
vt -1.460449 1.492676
vt -1.436768 1.568848
vt -1.427246 1.492676
vt -1.411987 1.551758
vt -1.385620 1.492676
vt -1.380737 1.525146
vt -1.364624 1.541382
vt -2.036743 -1.486084
vt -2.127319 -1.461304
vt -2.127319 -1.443970
vt -2.168457 -1.425049
vt -2.127319 -1.408325
vt -2.157959 -1.394165
vt -2.180420 -1.355591
vt -2.188599 -1.302856
vt -2.209351 -1.302856
vt -2.198364 -1.232422
vt -2.207275 -1.223511
vt -2.250244 -1.177612
vt -1.677856 0.585205
vt -1.627686 0.596069
vt -1.635376 0.609863
vt -1.604248 0.641602
vt -1.622925 0.652710
vt -1.614380 0.685181
vt -1.677856 0.685181
vt -1.622925 0.717651
vt -1.646118 0.741455
vt -1.604248 0.728638
vt -1.635376 0.760498
vt -1.627441 0.774536
vt -1.609619 0.845703
vt 0.378174 0.097534
vt 0.275024 0.191772
vt 0.187500 0.287476
vt 0.083374 0.386108
vt -0.003052 0.484497
vt -0.020630 0.538452
vt -0.078735 0.525757
vt -1.247559 -0.510254
vt -1.265015 -0.503052
vt -1.255127 -0.603882
vt -1.267212 -0.621582
vt -1.265137 -0.692993
vt -1.291504 -0.646118
vt -1.324585 -0.660034
vt -1.368896 -0.652222
vt -1.379395 -0.604980
vt -1.420410 -0.591431
vt -0.558960 -0.601807
vt -0.557861 -0.506470
vt -0.609131 -0.504761
vt -0.611450 -0.408936
vt -0.605713 -0.339355
vt -0.547974 -0.302490
vt -0.608643 -0.302734
vt -0.606323 -0.266357
vt -0.669434 -0.302979
vt -0.670532 -0.201416
vt -0.731201 -0.302979
vt -0.731567 -0.202881
vt 0.244385 -0.457031
vt 0.233521 -0.545898
vt 0.175903 -0.513916
vt 0.083374 -0.603516
vt -0.006226 -0.703613
vt -0.098877 -0.803711
vt -0.173584 -0.903931
vt -0.180054 -1.509521
vt -0.224854 -1.561279
vt -0.165405 -1.604858
vt -0.224609 -1.645752
vt -0.179810 -1.700195
vt -0.240479 -1.723022
vt -0.174438 -1.808960
vt -0.241943 -1.810303
vt -0.241089 -1.911133
vt -0.289062 -1.807739
vt -0.304810 -1.902832
vt -0.338989 -1.833496
vt -0.366333 -1.920654
vt -0.375488 -1.848511
vt -1.378784 1.087891
vt -1.316162 1.190796
vt -1.261230 1.294189
vt -1.250732 1.360962
vt -1.242310 1.492676
vt -1.272217 1.532837
vt -0.842896 0.251953
vt -0.842407 0.286133
vt -0.852051 0.256226
vt -0.867920 0.263794
vt -0.878540 0.234375
vt -0.887695 0.247437
vt -0.914673 0.226440
vt -0.914673 0.241455
vt -0.950806 0.234375
vt -0.941650 0.247437
vt -0.977295 0.256226
vt -0.961426 0.263794
vt -0.986938 0.286133
vt -0.968628 0.286133
vt -0.933350 -1.618652
vt -0.919189 -1.693604
vt -0.914917 -1.808472
vt -0.853760 -1.808472
vt -0.849365 -1.901001
vt -0.790039 -1.914795
vt -0.767700 -1.983765
vt -0.759277 -2.056763
vt -0.735962 -2.078857
vt -0.764648 -2.065186
vt -0.744751 -2.083496
vt -0.771606 -2.076172
vt -0.883789 -2.108398
vt -0.925049 -2.012695
vt -0.914917 -2.108276
vt -0.882080 -2.001953
vt -0.846680 -2.079590
vt -0.862061 -1.984253
vt -0.824219 -2.057373
vt -0.791992 -2.049805
vt -0.819214 -2.065186
vt -0.791992 -2.058472
vt -0.812378 -2.076172
vt -0.791992 -2.071167
vt -0.791992 -2.108521
vt -0.756714 -2.089844
vt -0.737427 -2.108521
vt -0.729492 -2.108521
vt -1.156616 -2.010132
vt -1.208008 -1.910645
vt -1.207520 -2.010132
vt -1.156860 -1.910645
vt -1.098633 -1.910645
vt -1.156616 -1.808472
vt -1.098267 -1.808472
vt -1.095337 -1.718018
vt -1.037354 -1.808472
vt -1.037354 -1.717163
vt -0.979126 -1.717896
vt -1.036499 -1.650269
vt -0.957764 -1.640137
vt -0.984497 -1.578247
vt -0.949707 -1.545898
vt -2.396484 -1.654907
vt -2.396484 -1.554810
vt -2.493286 -1.604858
vt -2.299194 -1.604858
vt -2.299805 -1.704956
vt -2.217529 -1.705811
vt -2.299194 -1.808105
vt -2.213501 -1.808472
vt -2.217529 -1.910645
vt -2.130859 -1.808472
vt -2.133057 -1.910645
vt -2.027832 -1.910645
vt -2.130859 -2.010132
vt -2.023315 -2.010132
vt -2.032349 -2.108276
vt -1.937378 -2.010132
vt -1.921387 -2.108276
vt -1.887207 -2.108276
vt -2.219238 -1.521606
vt -2.213501 -1.604858
vt -2.139160 -1.613647
vt -2.135132 -1.708008
vt -2.036011 -1.714600
vt -2.023315 -1.808472
vt -1.913696 -1.913818
vt -1.808594 -1.963013
vt -1.802124 -2.108276
vt -1.509644 -0.903931
vt -1.592285 -1.004028
vt -1.671875 -1.003784
vt -1.701294 -1.098267
vt -1.804199 -1.122314
vt -1.801514 -1.203735
vt -1.896851 -1.192627
vt -1.923340 -1.289917
vt -1.978271 -1.318970
vt -1.965332 -1.389893
vt -0.976074 -0.002563
vt -0.914917 -0.002563
vt -0.972534 0.085449
vt -0.914917 0.086304
vt -0.914795 0.152954
vt -0.857178 0.085449
vt -0.868042 0.149536
vt -0.797607 0.108521
vt -1.378784 -1.104126
vt -1.438232 -1.204346
vt -1.509644 -1.304443
vt -1.592285 -1.404541
vt -1.695557 -1.504761
vt -1.799316 -1.604858
vt -1.251831 0.545410
vt -1.252319 0.484863
vt -1.239380 0.432129
vt -1.218262 0.445435
vt -1.191895 0.416626
vt -1.160400 0.406006
vt -1.114014 0.416626
vt -1.160400 0.379395
vt -1.098389 0.393555
vt -1.160400 0.359619
vt -0.608643 -0.703613
vt -0.609253 -0.603516
vt -0.669922 -0.603516
vt -0.669800 -0.503662
vt -0.670410 -0.404663
vt -0.731201 -0.503296
vt -0.731567 -0.403198
vt -0.792358 -0.403198
vt -0.792236 -0.302979
vt -0.914917 1.594971
vt -0.853760 1.594971
vt -0.914917 1.494873
vt -0.976196 1.494873
vt -0.976074 1.394653
vt -1.037354 1.394653
vt -1.037476 1.293579
vt -1.098633 1.293579
vt -1.098267 1.190796
vt -0.444702 0.282104
vt -0.462524 0.173340
vt -0.483887 0.097534
vt -0.462524 0.010010
vt -0.403931 -0.054199
vt -0.384766 -0.015503
vt -0.325195 -0.032959
vt -0.265503 -0.015503
vt 0.437134 -0.152832
vt 0.492554 -0.299316
vt 0.496216 -0.202881
vt 0.449707 -0.215332
vt 0.363159 -0.220825
vt 0.275024 -0.202881
vt 0.283203 -0.291138
vt 0.264282 -0.401245
vt -0.985596 -1.432617
vt -1.035400 -1.422607
vt -1.035400 -1.433960
vt -1.077759 -1.443481
vt -1.067017 -1.458862
vt -1.090210 -1.478271
vt -1.098633 -1.504517
vt -1.090210 -1.530884
vt -1.119995 -1.504517
vt -1.108643 -1.539795
vt -1.132324 -1.504517
vt -1.123413 -1.546997
vt -1.147827 -1.504639
vt -1.033203 0.547241
vt -0.955811 0.571411
vt -0.960571 0.492188
vt -0.911865 0.494629
vt -0.913086 0.423950
vt -0.868408 0.428589
vt -0.914673 0.354614
vt -0.873169 0.345581
vt -0.914673 0.345825
vt -0.400146 1.643921
vt -0.368774 1.591553
vt -0.424561 1.590576
vt -0.376709 1.577759
vt -0.424561 1.566406
vt -0.388794 1.556885
vt -0.362671 1.530884
vt -0.353149 1.495239
vt -0.328979 1.495239
vt -0.341797 1.447632
vt -1.250610 1.546631
vt -1.206177 1.614868
vt -1.247314 1.624756
vt -1.211792 1.705688
vt -1.263184 1.697388
vt -1.254272 1.795654
vt -1.312622 1.750977
vt -1.296143 1.802246
vt -1.343750 1.891846
vt -1.391357 1.891846
vt -1.432373 1.891846
vt -1.862793 0.734619
vt -1.817505 0.685181
vt -1.795288 0.734619
vt -1.804077 0.685181
vt -1.781128 0.728638
vt -1.773804 0.685181
vt -1.754883 0.717651
vt -1.722046 0.741455
vt -1.677856 0.750122
vt -1.677856 0.772095
vt 0.212524 -0.809204
vt 0.213257 -0.903687
vt 0.236572 -0.903564
vt 0.212524 -0.998169
vt 0.244385 -1.053467
vt 0.217651 -1.083740
vt 0.276001 -1.195679
vt 0.237915 -1.239502
vt 0.330811 -1.317749
vt 0.256470 -1.319092
vt 0.263062 -1.412598
vt 0.078247 0.686401
vt 0.061035 0.729858
vt 0.070923 0.686401
vt 0.044800 0.718872
vt 0.052124 0.686401
vt 0.044189 0.719482
vt 0.024536 0.742676
vt 0.033936 0.761597
vt -1.099487 -0.596191
vt -1.093994 -0.628784
vt -1.142944 -0.641235
vt -1.179321 -0.670288
vt -1.193481 -0.702026
vt -1.213745 -0.651978
vt -1.206177 -0.702026
vt -1.217773 -0.628052
vt -1.242065 -0.703369
vt 0.437134 0.636475
vt 0.437134 0.536255
vt 0.496216 0.586426
vt 0.378174 0.686523
vt 0.365112 0.786621
vt 0.275024 0.786621
vt 0.279907 0.886841
vt 0.182007 0.877808
vt -0.925049 1.796021
vt -0.914917 1.891846
vt -0.976318 1.891846
vt -0.883789 1.891846
vt -0.882324 1.785400
vt -0.847290 1.863281
vt -0.862305 1.767334
vt -0.824829 1.840332
vt -0.791992 1.832520
vt -0.791992 1.842529
vt -0.764648 1.849243
vt -0.771606 1.860107
vt -0.756714 1.873779
vt -0.791992 1.891846
vt -0.751221 1.891846
vt -0.487183 1.793457
vt -0.542969 1.684692
vt -0.505737 1.640503
vt -0.531250 1.614624
vt -0.519287 1.549805
vt -0.520020 1.495239
vt -0.560425 1.395508
vt -0.606812 1.308350
vt -0.602173 1.249390
vt -0.640015 1.242920
vt -0.625977 1.197266
vt -0.657349 1.189941
vt -0.671387 1.156250
vt 0.191284 -2.108276
vt 0.091553 -2.108276
vt 0.083374 -2.010132
vt -0.007935 -2.010132
vt -0.006226 -1.910645
vt -0.096069 -1.910645
vt -0.098877 -1.808472
vt -0.096069 -1.705811
vt -0.974487 -1.276123
vt -1.006958 -1.196533
vt -0.986206 -1.178833
vt -1.031250 -1.117554
vt -0.972168 -1.094482
vt -0.976074 -1.004028
vt -0.978149 -0.922363
vt -0.914917 -1.004028
vt -0.920044 -0.895386
vt -0.711426 1.162476
vt -0.736450 1.237427
vt -0.728027 1.309814
vt -0.731567 1.394653
vt -0.669922 1.394653
vt -0.669678 1.494873
vt -0.608643 1.494873
vt -0.609253 1.594971
vt -1.401001 -0.557251
vt -1.379395 -0.567139
vt -1.379395 -0.545044
vt -1.346680 -0.540527
vt -1.330566 -0.525513
vt -1.325684 -0.502075
vt -1.308838 -0.536865
vt -1.301270 -0.502075
vt -1.274536 -0.553223
vt -2.396484 -0.252930
vt -2.396484 -0.152832
vt -2.493286 -0.202881
vt -2.299805 -0.302979
vt -2.213501 -0.403198
vt -2.135132 -0.501099
vt -1.316162 -1.808472
vt -1.320801 -1.893921
vt -1.259277 -1.808472
vt -1.265137 -1.916504
vt -1.254272 -2.012573
vt -1.208496 -2.108276
vt -1.160400 -2.108276
vt -1.098999 -2.108276
vt -0.849365 1.684937
vt -0.908325 1.707886
vt -1.037598 1.891846
vt -1.098999 1.891846
vt -0.688721 1.182617
vt -0.684937 1.240723
vt -0.667480 1.296265
vt -0.609253 1.394653
vt -1.677856 0.785645
vt -1.746094 0.771606
vt -1.778931 0.807739
vt -1.830078 0.763550
vt -1.858765 0.799561
vt -1.864746 0.810913
vt -0.344482 1.789673
vt -0.364624 1.741089
vt -0.337158 1.774292
vt -0.348389 1.729614
vt -0.327881 1.754272
vt -0.299927 1.763306
vt -0.272095 1.754028
vt -0.262573 1.773926
vt -0.235474 1.740479
vt -0.843750 -1.429932
vt -0.798462 -1.491333
vt -0.822998 -1.412231
vt -0.781860 -1.401978
vt -0.816040 -1.304443
vt -0.782837 -1.304443
vt -0.781860 -1.206909
vt -0.731201 -1.304443
vt -0.731567 -1.204346
vt -1.256592 1.891846
vt -1.300171 1.891846
vt -1.208496 1.891846
vt -1.207520 1.793457
vt -1.156616 1.793457
vt -1.163574 1.686035
vt -1.191284 1.578735
vt -1.217773 -0.777710
vt -1.190308 -0.753418
vt -1.170288 -0.788452
vt -1.146851 -0.769409
vt -1.098511 -0.776733
vt -1.049561 -0.764160
vt -0.855469 -1.332642
vt -0.849121 -1.304321
vt -0.855469 -1.276001
vt -0.864624 -1.280273
vt -0.885986 -1.262817
vt -0.893311 -1.273315
vt -0.915039 -1.268433
vt -0.936890 -1.273315
vt -1.038208 1.006104
vt -1.108521 0.991455
vt -1.157715 0.946655
vt -0.332275 0.321045
vt -0.323975 0.260986
vt -0.403931 0.237427
vt -0.428467 0.151001
vt -0.444336 0.097534
vt -0.428467 0.032349
vt 0.580811 -1.313721
vt 0.520874 -1.518555
vt 0.663574 -1.332031
vt 0.512695 -1.463257
vt 0.497925 -1.295288
vt 0.453369 -1.487915
vt 0.369629 -1.485840
vt 0.364014 -1.575562
vt 0.283081 -1.516602
vt 0.275024 -1.604858
vt -0.242920 -0.403198
vt -0.288452 -0.503296
vt -0.319458 -0.503662
vt -0.329834 -0.554810
vt -0.324097 -0.626343
vt -0.355713 -0.649292
vt -0.388672 -0.646851
vt -1.038208 0.992188
vt -1.099487 0.978271
vt -1.083984 0.955444
vt -1.144409 0.940186
vt -1.117554 0.927002
vt -1.160889 0.888184
vt -1.129883 0.888184
vt -1.381104 1.475586
vt -1.418823 1.459106
vt -1.451294 1.450806
vt -1.478027 1.455688
vt -1.475586 1.379272
vt -1.499756 1.304688
vt -0.996582 0.286133
vt -0.989258 0.250610
vt -1.013184 0.180420
vt -0.961426 0.149292
vt -1.032227 0.108398
vt -0.610107 -1.809204
vt -0.669556 -1.699219
vt -0.679688 -1.602295
vt -0.731567 -1.604858
vt -0.731201 -1.504761
vt 0.339722 -1.419067
vt 0.389038 -1.414185
vt 0.395020 -1.350708
vt 0.464600 -1.234497
vt 0.446167 -1.163818
vt 0.486694 -1.074219
vt -0.800903 1.763428
vt -0.790039 1.698486
vt -0.767334 1.766846
vt -0.707520 1.780640
vt -1.401978 1.345581
vt -1.451416 1.349609
vt -1.410522 1.401611
vt -1.390381 1.424072
vt -1.367798 1.452637
vt -0.214966 1.694946
vt -0.225586 1.695068
vt -0.251831 1.729126
vt -0.244507 1.695068
vt -0.252075 1.661255
vt -1.259644 -1.304443
vt -1.316162 -1.404541
vt -1.378784 -1.504761
vt -1.438232 -1.604858
vt -1.155029 -0.910278
vt -1.123169 -0.874023
vt -1.169312 -0.863159
vt -1.169800 -0.831299
vt -1.206177 -0.856567
vt -1.231567 -0.834595
vt -2.396484 -1.858643
vt -2.396484 -1.755127
vt -2.493286 -1.805176
vt -2.299805 -1.911987
vt -2.299194 -2.010376
vt -2.213501 -2.010132
vt -2.221558 -2.108276
vt -2.143311 -2.108276
vt -0.548706 -1.468140
vt -0.610229 -1.405151
vt -0.670166 -1.404785
vt -0.669678 -1.304443
vt -0.186157 0.590332
vt -0.144775 0.601929
vt -0.138550 0.686523
vt -0.086426 0.686523
vt -0.076660 0.736206
vt -0.077393 0.686523
vt -1.169189 -1.504761
vt -1.140625 -1.390503
vt -1.115234 -1.369385
vt -1.781128 0.641724
vt -1.737305 0.609863
vt -1.722168 0.628906
vt -1.677856 0.620239
vt -1.646118 0.628906
vt -1.380615 -1.903809
vt -1.408447 -1.940552
vt -1.518799 -1.958740
vt -1.674316 -1.954834
vt -1.650024 -2.004761
vt -1.703125 -2.034424
vt -1.538086 -2.108276
vt -1.716553 -2.108276
vt -1.494751 0.686401
vt -1.535400 0.685913
vt -1.493164 0.588989
vt -1.530151 0.596802
vt -1.546143 0.568848
vt -1.590576 0.633545
vt -0.302490 -2.010132
vt -0.301147 -2.108276
vt -0.239746 -2.108276
vt -0.362549 -2.108276
vt -0.364990 -2.010132
vt -0.424927 -2.010132
vt -0.425171 -1.920166
vt -0.345947 -0.460327
vt -0.378662 -0.429077
vt -0.390015 -0.447754
vt -0.423340 -0.439209
vt -0.457031 -0.447754
vt -0.476562 -0.471191
vt -0.466064 -0.429077
vt -0.268677 -1.601685
vt -0.282593 -1.653442
vt -0.321533 -1.678955
vt -0.296387 -1.705200
vt -0.329346 -1.737671
vt -0.136963 0.203369
vt -0.204224 0.378540
vt -0.241577 0.406372
vt -0.240967 0.491333
vt -0.297974 0.490234
vt -0.328125 1.550781
vt -0.318481 1.565063
vt -0.345093 1.601562
vt -0.337769 1.616943
vt -0.066040 0.179199
vt -0.106079 0.096069
vt -0.163940 0.097534
vt -0.799927 0.695068
vt -0.731201 0.686523
vt -0.788086 0.790527
vt -0.731567 0.786621
vt -0.728027 0.870972
vt 0.437134 0.836792
vt 0.437134 0.736572
vt 0.496216 0.786621
vt 0.378174 0.886841
vt 0.365112 0.986938
vt 0.275024 0.986938
vt -0.530762 1.495239
vt -0.560181 1.494873
vt -0.560303 1.594238
vt -0.470337 1.087280
vt -0.467651 1.129517
vt -0.451172 1.183228
vt -0.517334 1.141724
vt -0.509155 1.114624
vt -1.366455 1.388306
vt -1.310913 1.418213
vt -1.296997 1.464844
vt -2.396484 -1.254395
vt -2.396484 -1.154175
vt -2.493286 -1.204346
vt -2.257935 -1.228027
vt -2.258789 -1.303711
vt -2.219604 -1.302856
vt -0.543823 -0.271606
vt -0.542358 -0.302490
vt -0.611816 -0.196899
vt -0.603394 -0.106445
vt -0.662231 -0.090576
vt -0.609253 0.586426
vt -0.669922 0.586426
vt -0.669678 0.486206
vt -0.800903 -1.980469
vt -1.077759 -1.565674
vt -1.035400 -1.557251
vt -0.078735 0.847412
vt -0.104004 0.829956
vt -0.128418 0.801880
vt -0.379517 -0.207275
vt -0.360474 -0.297119
vt -0.421021 -0.302979
vt 0.083374 -1.204346
vt 0.172119 -1.197998
vt 0.087402 -1.104126
vt 0.171875 -1.098999
vt 0.169556 -1.002563
vt -2.056274 -1.639893
vt -0.915039 -1.340210
vt -0.893311 -1.335327
vt -0.915039 -1.352295
vt -0.885986 -1.345825
vt -0.880127 -1.354248
vt -2.021240 0.888428
vt -1.992920 0.843628
vt -2.007446 0.888428
vt -1.969360 0.854980
vt -1.980103 0.888428
vt -0.008179 -2.108276
vt -0.093262 -2.108276
vt -0.098877 -2.010132
vt -0.174683 -2.010132
vt -0.173462 -1.910767
vt -1.037476 -1.910645
vt -1.037354 -2.010132
vt -0.976196 -1.910645
vt -0.976074 -2.010132
vt -0.976318 -2.108276
vt -1.256592 -2.108276
vt -1.300293 -2.108276
vt -1.296387 -2.019653
vt -1.368164 -2.004150
vt -1.313110 -1.969727
vt -0.799438 0.983887
vt -0.842285 0.887329
vt -0.836426 0.802246
vt -0.918457 0.829468
vt -0.875977 0.740845
vt -0.547485 1.127075
vt -0.509155 1.114502
vt -0.535400 1.087402
vt -0.500977 1.087402
vt -0.509155 1.060181
vt -0.362427 -1.770142
vt -0.517334 1.032959
vt -0.509155 1.060303
vt -0.501099 1.087524
vt 0.170776 -0.903809
vt 0.083374 -1.004028
vt -0.006226 -1.104126
vt 0.437134 1.444702
vt 0.437134 1.344604
vt 0.496216 1.394653
vt 0.365112 1.394653
vt 0.378174 1.494873
vt 0.365112 1.594971
vt -0.744385 1.087402
vt -0.976074 -1.808472
vt -1.802002 1.590576
vt -1.691650 1.581909
vt -1.796875 1.660278
vt -1.681641 1.666382
vt -1.905884 0.787720
vt -0.092163 -0.186890
vt -0.075684 -0.075317
vt -0.145874 -0.164673
vt -0.136719 -0.020020
vt -0.852661 1.891846
vt -0.839233 1.867432
vt -0.819214 1.849243
vt -0.812378 1.860107
vt -0.791992 1.855103
vt -0.980713 -1.304321
vt -0.973389 -1.304321
vt -1.514282 0.496826
vt -1.439453 0.486206
vt -1.438232 0.586426
vt -0.972290 -0.702026
vt -0.949219 -0.772949
vt -0.935547 -0.829102
vt -0.965576 -0.861084
vt -2.198486 -1.373413
vt -0.242920 0.586426
vt -1.410767 -2.035400
vt -1.444946 -1.980957
vt -1.471069 -2.020142
vt -1.529541 -2.005249
vt 0.369141 -0.313354
vt 0.332642 -0.489380
vt 0.389038 -0.393555
vt 0.347412 -0.536377
vt -0.731567 -1.404541
vt -0.674927 -1.505005
vt -1.040894 0.677246
vt -1.037720 0.727539
vt -0.983154 0.683594
vt -0.323975 -0.077637
vt -0.331177 -0.137695
vt -0.322266 -0.221191
vt -1.212280 0.591675
vt -1.202271 0.690308
vt -1.203979 0.576050
vt -1.191895 0.552979
vt -0.591309 1.141235
vt -0.566162 1.119141
vt -0.557007 1.088989
vt -0.547485 1.047607
vt 0.520752 -1.074219
vt -1.822144 -1.069458
vt -1.835205 -1.047241
vt 0.437134 1.036865
vt 0.437134 0.936890
vt 0.496216 0.986938
vt 0.378174 1.086914
vt -0.591064 -1.601685
vt -0.529907 -1.672852
vt -0.550903 -1.601685
vt -0.424561 1.382446
vt -0.376709 1.412720
vt -0.362671 1.459595
vt 0.437134 1.645020
vt 0.437134 1.544922
vt 0.496216 1.594971
vt 0.378174 1.695068
vt 0.275024 1.793457
vt 0.365112 1.793701
vt 0.284668 1.891846
vt -1.239380 0.537476
vt -1.227905 0.484863
vt -2.076660 -1.110107
vt -1.360718 1.414062
vt -1.319214 1.444336
vt -0.560547 -0.190063
vt -1.389404 1.645142
vt -1.383179 1.604248
vt -1.375244 1.578735
vt -1.823120 -0.741455
vt -1.836060 -0.763672
vt -1.438354 1.671631
vt -1.504639 1.663330
vt -1.508423 1.715332
vt -1.207520 -1.808472
vt -0.488403 -0.357178
vt -0.464844 -0.338135
vt -1.037476 1.494873
vt -1.098267 1.394653
vt -2.025024 -0.967163
vt -1.979736 -1.011841
vt -2.041748 -0.906128
vt -2.025391 -0.844849
vt -2.061646 -0.824341
vt -0.566162 1.058838
vt -0.591309 1.036743
vt -1.123169 -1.462402
vt -1.108643 -1.469238
vt -1.575317 0.541870
vt -1.609619 0.526489
vt -0.390015 -0.558472
vt -0.365479 -0.535034
vt -0.378662 -0.577148
vt -0.345947 -0.545898
vt -0.368774 -0.593628
vt 0.311890 -1.120728
vt 0.291748 -1.000732
vt 0.369019 -1.227295
vt 0.289185 -1.167847
vt 0.352173 -1.290894
vt 0.290649 -0.903564
vt 0.256470 -0.903564
vt 0.262207 -1.033569
vt -0.178345 -2.108276
vt -0.242920 -2.010132
vt -0.877319 -1.286377
vt -0.871582 -1.304321
vt -0.877319 -1.322266
vt -0.864624 -1.328369
vt 0.044678 0.653931
vt -2.102905 -0.906250
vt -2.061157 -0.988037
vt -0.958496 0.223389
vt -0.914673 0.215210
vt -1.333862 -0.560181
vt -1.308960 -0.593262
vt -1.905884 0.990112
vt -1.958618 1.032349
vt -1.905884 0.977905
vt -0.376953 1.641968
vt -0.341797 1.542847
vt -0.860596 0.286133
vt -0.867920 0.308472
vt -0.541870 -1.748047
vt -1.413330 -0.437378
vt -2.105469 -0.771118
vt -0.853760 -0.403198
vt -0.609253 -0.803711
vt -0.758667 1.839722
vt -0.744751 1.867432
vt -0.731567 -0.603516
vt 0.378174 -1.704956
vt -1.086060 -1.431030
vt -1.160400 1.891846
vt -1.098267 1.793457
vt -0.762695 0.967285
vt -0.784424 0.896973
vt -0.736572 0.940674
vt 0.275024 1.394653
vt -0.931885 0.836060
vt -0.958740 0.849243
vt -1.203979 0.393555
vt -1.213135 0.376343
vt -0.423828 -2.108276
vt -0.485229 -2.108276
vt -0.487183 -2.010132
vt -1.037476 -0.302979
vt -1.156860 -0.102783
vt -1.156982 0.271484
vt -1.259644 0.096069
vt -2.119751 -0.818115
vt -2.080688 -0.813599
vt -0.061523 0.095337
vt 0.002319 0.095825
vt -0.325195 0.216309
vt -0.384766 0.198853
vt -0.487183 -1.004028
vt -1.035400 -1.451904
vt -0.993164 -1.443481
vt -0.388794 1.433594
vt -0.424561 1.399902
vt -0.364990 -1.204346
vt -0.510132 -0.267456
vt -0.487793 -0.248291
vt -0.365479 -0.471191
vt -0.333984 -0.503174
vt -1.382202 0.390381
vt -1.371338 0.295044
vt -1.438232 0.386108
vt -1.393311 -0.537598
vt -1.434082 -0.529053
vt -1.351318 -0.464233
vt -1.307861 -0.464233
vt -0.003052 0.751343
vt -0.030884 0.742676
vt -0.003052 0.773315
vt -2.157837 -1.211792
vt -2.180420 -1.250244
vt -2.168213 -1.180908
vt -2.096680 -1.394287
vt -2.074219 -1.355835
vt -2.086304 -1.425171
vt 0.189697 -1.297485
vt -0.853760 -0.002563
vt -1.917725 -1.090820
vt -1.381226 0.486084
vt -0.962158 -1.539795
vt -1.108521 0.784790
vt -1.231567 -0.572021
vt -1.206177 -0.550049
vt -1.737183 0.760498
vt -0.174805 -0.285889
vt -0.203857 -0.195190
vt 0.437134 1.843506
vt 0.437134 1.745117
vt 0.496216 1.795288
vt 0.378174 1.891846
vt -1.097778 -0.520630
vt -1.939819 0.830444
vt 0.189331 -0.100586
vt -0.914917 -1.095703
vt -0.853760 -1.004028
vt -1.852661 0.921753
vt -0.669678 0.686523
vt -1.752441 -0.810303
vt -1.767944 -0.728760
vt -1.038208 0.965942
vt -0.669678 -0.703613
vt -0.846558 1.891846
vt -0.827271 1.873779
vt -1.695068 1.491577
vt 0.580078 -1.134155
vt 0.555298 -1.244751
vt 0.612671 -1.194092
vt 0.547607 -1.074219
vt -1.105591 -0.799072
vt -1.316162 -1.004028
vt -0.699463 1.891846
vt -0.735352 1.862549
vt -0.729492 1.891846
vt -0.737427 1.891846
vt -0.066040 0.008545
vt -0.184204 0.686523
vt -0.731567 0.586426
vt -1.391846 -2.108276
vt -1.343872 -2.108276
vt -1.446899 -2.062500
vt 0.187500 1.293579
vt 0.401489 -1.278809
vt -1.509888 -1.705688
vt -1.579224 0.685181
vt -0.424561 1.424072
vt -0.098877 -1.604858
vt -0.487915 -0.262085
vt -0.423340 -0.417603
vt -1.744385 -1.996704
vt -1.796509 1.891846
vt -1.694092 1.777100
vt -2.396484 -2.060303
vt -2.396484 -1.962158
vt -2.493286 -2.012207
vt -2.299805 -2.108276
vt -1.259644 -1.705811
vt -0.546997 -0.903931
vt -2.023315 1.793457
vt -0.356567 -0.503174
vt -0.460205 1.556885
vt -1.486938 -0.410767
vt -1.910278 1.693848
vt -1.080078 0.445435
vt -0.377686 1.622925
vt -0.300049 1.891846
vt -0.239258 1.891846
vt -0.488281 -0.343384
vt -1.411377 -0.520508
vt -1.754883 0.652710
vt -0.299927 1.786255
vt -1.333252 -0.481445
vt -0.424438 -1.104126
vt -0.827271 -2.089844
vt -0.832764 -2.108521
vt -0.839233 -2.083496
vt -0.425415 -0.302979
vt -2.083618 -0.906250
vt -0.792236 -0.503296
vt -0.871826 0.224854
vt -0.880005 -1.254272
vt -0.915039 -1.256348
vt -1.590820 1.576050
vt -1.207520 -1.204346
vt -1.169800 -0.575195
vt -1.164917 -0.612671
vt 0.520752 -0.658325
vt 0.436646 -0.562378
vt -1.352417 1.442993
vt -1.067017 -1.550293
vt -0.355957 1.695679
vt -1.098267 -0.202881
vt -1.207520 -0.002563
vt -1.218262 0.524170
vt -0.476685 1.334717
vt -0.003174 0.589966
vt 0.030396 0.543823
vt -1.181641 -0.744263
vt 0.142212 0.610962
vt -0.976074 1.594971
vt -1.003784 -1.458862
vt -1.677856 0.598145
vt -0.856812 -1.304321
vt -0.353394 1.597290
vt 0.191284 1.891846
vt -1.037598 -2.108276
vt -0.546631 -2.108276
vt -2.089355 0.963623
vt -0.822876 -1.196411
vt -0.144775 0.771118
vt -0.846558 -2.108521
vt -1.530151 0.775513
vt -0.908203 -1.924438
vt -0.914917 -0.102783
vt -1.098267 -2.010132
vt -1.316162 0.191772
vt -1.438232 -0.803711
vt -2.023315 0.586426
vt -1.592896 0.685181
vt -0.235718 1.649658
vt -2.143311 1.891846
vt -0.003174 0.599487
vt -1.717773 1.891846
vt -0.178345 1.891846
vt -0.669434 1.891846
vt -0.852661 -2.108521
vt -0.751221 -2.108521
vt -1.432617 -2.108276
vt -0.832764 1.891846
vt 0.437134 -1.755127
vt 0.437134 -1.858643
vt 0.496216 -1.805176
vt 0.437134 1.137085
vt 0.496216 1.187134
vt 0.486694 -0.658325
s 1
usemtl mat0
f 3/1/1 2/2/1 1/3/1
f 4/4/2 2/2/3 3/1/4
f 5/5/5 4/4/2 3/1/4
f 6/6/6 4/4/7 5/5/8
f 7/7/9 6/6/10 5/5/11
f 8/8/12 6/6/10 7/7/9
f 9/9/13 8/8/14 7/7/15
f 10/10/16 8/8/17 9/9/18
f 11/11/19 10/10/16 9/9/18
f 12/12/20 10/10/21 11/11/22
f 13/13/23 12/12/24 11/11/25
f 14/14/26 12/12/24 13/13/23
f 15/15/27 14/14/27 13/13/27
f 16/16/28 14/14/29 15/15/30
f 17/17/31 16/16/28 15/15/30
f 18/18/32 16/16/33 17/17/34
f 19/19/35 18/18/36 17/17/37
f 20/20/38 18/18/39 19/19/40
f 21/21/41 20/20/42 19/19/43
f 22/22/44 20/20/45 21/21/46
f 23/23/47 22/22/44 21/21/46
f 24/24/45 22/22/44 23/23/47
f 25/25/48 24/24/48 23/23/49
f 26/26/50 24/24/48 25/25/48
f 27/27/51 26/26/51 25/25/51
f 28/28/52 26/26/52 27/27/52
f 29/29/53 28/28/53 27/27/53
f 30/30/54 28/28/54 29/29/54
f 31/31/55 30/30/56 29/29/57
f 32/32/58 30/30/56 31/31/55
f 33/33/59 32/32/60 31/31/61
f 34/34/62 32/32/62 33/33/62
f 35/35/63 34/34/63 33/33/63
f 36/36/64 34/34/65 35/35/66
f 37/37/67 36/36/68 35/35/69
f 38/38/70 36/36/68 37/37/67
f 39/39/71 38/38/72 37/37/73
f 40/40/74 38/38/74 39/39/74
f 41/41/75 40/40/75 39/39/75
f 42/42/76 40/40/76 41/41/76
f 43/43/77 42/42/77 41/41/77
f 44/44/78 42/42/78 43/43/78
f 45/45/79 44/44/80 43/43/81
f 46/46/82 44/44/80 45/45/79
f 47/47/83 46/46/84 45/45/85
f 48/48/86 46/46/84 47/47/83
f 49/49/87 48/48/86 47/47/83
f 50/50/88 48/48/89 49/49/88
f 51/51/90 50/50/91 49/49/92
f 52/52/93 50/50/93 51/51/93
f 53/53/94 52/52/94 51/51/94
f 54/54/95 52/52/96 53/53/97
f 55/55/98 54/54/95 53/53/97
f 56/56/99 54/54/99 55/55/99
f 57/57/100 56/56/100 55/55/100
f 58/58/101 56/56/101 57/57/101
f 59/59/102 58/58/102 57/57/102
f 60/60/103 58/58/104 59/59/105
f 61/61/106 60/60/106 59/59/106
f 62/62/107 60/60/107 61/61/107
f 63/63/108 62/62/109 61/61/108
f 64/64/110 62/62/110 63/63/110
f 65/65/111 64/64/111 63/63/111
f 66/66/112 64/64/112 65/65/112
f 67/67/113 66/66/113 65/65/113
f 68/68/114 66/66/114 67/67/114
f 69/69/115 68/68/115 67/67/115
f 70/70/116 68/68/117 69/69/118
f 71/71/119 70/70/116 69/69/118
f 72/72/120 70/70/121 71/71/122
f 73/73/123 72/72/124 71/71/123
f 74/74/124 72/72/124 73/73/123
f 75/75/125 74/74/125 73/73/126
f 76/76/127 74/74/128 75/75/129
f 77/77/130 76/76/127 75/75/129
f 78/78/131 76/76/132 77/77/133
f 79/79/134 78/78/135 77/77/136
f 80/80/137 78/78/135 79/79/134
f 81/81/138 80/80/139 79/79/138
f 82/82/140 80/80/141 81/81/142
f 83/83/143 82/82/140 81/81/142
f 84/84/144 82/82/144 83/83/144
f 85/85/145 84/84/146 83/83/147
f 86/86/148 84/84/146 85/85/145
f 87/87/149 86/86/149 85/85/149
f 88/88/150 86/86/150 87/87/150
f 89/89/151 88/88/151 87/87/151
f 90/90/152 88/88/152 89/89/152
f 91/91/153 90/90/154 89/89/155
f 92/92/156 90/90/157 91/91/158
f 93/93/159 92/92/156 91/91/158
f 94/94/160 92/92/161 93/93/162
f 95/95/163 94/94/164 93/93/165
f 96/96/166 94/94/164 95/95/163
f 97/97/167 96/96/168 95/95/169
f 98/98/170 96/96/171 97/97/172
f 99/99/170 98/98/170 97/97/172
f 100/100/173 98/98/174 99/99/175
f 101/101/176 100/100/177 99/99/178
f 102/102/179 100/100/177 101/101/176
f 103/103/180 102/102/181 101/101/182
f 104/104/183 102/102/184 103/103/185
f 105/105/186 104/104/183 103/103/185
f 106/106/187 104/104/187 105/105/187
f 107/107/188 106/106/189 105/105/190
f 108/108/191 106/106/189 107/107/188
f 109/109/192 108/108/193 107/107/194
f 110/110/195 108/108/196 109/109/197
f 111/111/198 110/110/195 109/109/197
f 112/112/199 110/110/200 111/111/201
f 113/113/202 112/112/203 111/111/204
f 114/114/205 112/112/203 113/113/202
f 115/115/206 114/114/207 113/113/208
f 116/116/209 114/114/210 115/115/211
f 117/117/212 116/116/209 115/115/211
f 118/118/213 116/116/214 117/117/215
f 119/119/216 118/118/217 117/117/218
f 120/120/219 118/118/217 119/119/216
f 121/121/220 120/120/221 119/119/222
f 122/122/223 120/120/224 121/121/225
f 123/123/226 122/122/223 121/121/225
f 124/124/227 122/122/228 123/123/229
f 125/125/230 124/124/231 123/123/232
f 126/126/233 124/124/231 125/125/230
f 127/127/234 126/126/235 125/125/236
f 128/128/237 126/126/238 127/127/239
f 129/129/240 128/128/237 127/127/239
f 130/130/241 128/128/241 129/129/241
f 131/131/242 130/130/242 129/129/242
f 132/132/243 130/130/244 131/131/245
f 133/133/246 132/132/243 131/131/245
f 134/134/247 132/132/248 133/133/249
f 135/135/250 134/134/251 133/133/252
f 136/136/253 134/134/251 135/135/250
f 139/137/254 138/138/254 137/139/254
f 140/140/255 138/138/256 139/137/257
f 141/141/258 140/140/255 139/137/257
f 142/142/259 140/140/260 141/141/261
f 143/143/262 142/142/263 141/141/264
f 144/144/265 142/142/263 143/143/262
f 145/145/266 144/144/267 143/143/268
f 146/146/269 144/144/269 145/145/269
f 147/147/270 146/146/270 145/145/270
f 148/148/271 146/146/271 147/147/271
f 149/149/272 148/148/273 147/147/274
f 150/150/275 148/148/273 149/149/272
f 151/151/276 150/150/276 149/149/276
f 152/152/277 150/150/277 151/151/277
f 153/153/278 152/152/279 151/151/280
f 154/154/281 152/152/279 153/153/278
f 155/155/282 154/154/283 153/153/284
f 156/156/285 154/154/286 155/155/287
f 157/157/288 156/156/285 155/155/287
f 158/158/289 156/156/290 157/157/291
f 159/159/292 158/158/293 157/157/294
f 160/160/295 158/158/293 159/159/292
f 161/161/296 160/160/297 159/159/298
f 162/162/299 160/160/300 161/161/301
f 163/163/302 162/162/299 161/161/301
f 164/164/303 162/162/304 163/163/305
f 165/165/306 164/164/307 163/163/308
f 166/166/309 164/164/307 165/165/306
f 167/167/310 166/166/311 165/165/312
f 168/168/313 166/166/314 167/167/315
f 169/169/316 168/168/313 167/167/315
f 170/170/317 168/168/318 169/169/319
f 171/171/320 170/170/321 169/169/322
f 172/172/323 170/170/321 171/171/320
f 173/173/324 172/172/324 171/171/324
f 174/174/325 172/172/325 173/173/325
f 175/175/326 174/174/326 173/173/326
f 176/176/327 174/174/328 175/175/329
f 177/177/330 176/176/330 175/175/330
f 178/178/331 176/176/331 177/177/331
f 179/179/332 178/178/332 177/177/332
f 180/180/333 178/178/334 179/179/335
f 181/181/336 180/180/336 179/179/336
f 182/182/337 180/180/337 181/181/337
f 183/183/338 182/182/339 181/181/340
f 184/184/341 182/182/339 183/183/338
f 185/185/342 184/184/343 183/183/344
f 186/186/345 184/184/343 185/185/342
f 187/187/346 186/186/345 185/185/342
f 188/188/347 186/186/348 187/187/349
f 189/189/350 188/188/351 187/187/352
f 190/190/353 188/188/353 189/189/353
f 191/191/354 190/190/354 189/189/354
f 192/192/355 190/190/356 191/191/357
f 193/193/358 192/192/355 191/191/357
f 194/194/359 192/192/355 193/193/358
f 195/195/359 194/194/359 193/193/358
f 196/196/360 194/194/360 195/195/360
f 197/197/361 196/196/361 195/195/361
f 198/198/362 196/196/363 197/197/364
f 199/199/365 198/198/366 197/197/367
f 200/200/368 198/198/369 199/199/370
f 201/201/371 200/200/368 199/199/370
f 202/202/372 200/200/368 201/201/371
f 203/203/373 202/202/374 201/201/375
f 204/204/376 202/202/374 203/203/373
f 205/205/377 204/204/378 203/203/379
f 206/206/380 204/204/378 205/205/377
f 207/207/381 206/206/381 205/205/381
f 208/208/382 206/206/382 207/207/382
f 209/209/383 208/208/384 207/207/385
f 210/210/386 208/208/384 209/209/383
f 211/211/387 210/210/386 209/209/383
f 212/212/388 210/210/388 211/211/388
f 213/213/389 212/212/389 211/211/389
f 214/214/390 212/212/390 213/213/390
f 215/215/391 214/214/391 213/213/391
f 216/216/392 214/214/392 215/215/392
f 87/87/393 216/216/393 215/215/393
f 85/85/394 216/216/394 87/87/394
f 218/217/395 217/218/395 1/219/395
f 219/220/396 217/218/397 218/217/398
f 220/221/399 219/220/396 218/217/398
f 221/222/400 219/220/401 220/221/402
f 222/223/403 221/222/404 220/221/405
f 223/224/406 221/222/404 222/223/403
f 224/225/407 223/224/408 222/223/409
f 225/226/410 223/224/411 224/225/412
f 226/227/413 225/226/410 224/225/412
f 227/228/414 225/226/414 226/227/415
f 228/229/416 227/228/416 226/227/417
f 229/230/418 227/228/416 228/229/416
f 230/231/419 229/230/419 228/229/419
f 231/232/420 229/230/421 230/231/422
f 232/233/423 231/232/420 230/231/422
f 233/234/424 231/232/424 232/233/424
f 234/235/425 233/234/425 232/233/425
f 235/236/426 233/234/427 234/235/428
f 236/237/429 235/236/430 234/235/429
f 237/238/431 235/236/432 236/237/433
f 238/239/434 237/238/431 236/237/433
f 239/240/435 237/238/431 238/239/434
f 240/241/436 239/240/437 238/239/438
f 241/242/439 239/240/437 240/241/436
f 242/243/440 241/242/440 240/241/440
f 243/244/441 241/242/441 242/243/441
f 244/245/442 243/244/442 242/243/442
f 245/246/443 243/244/444 244/245/445
f 246/247/446 245/246/443 244/245/445
f 247/248/447 245/246/443 246/247/446
f 248/249/448 247/248/448 246/247/448
f 249/250/449 247/248/450 248/249/451
f 250/251/452 249/250/449 248/249/451
f 251/252/453 249/250/453 250/251/453
f 252/253/454 251/252/455 250/251/456
f 253/254/457 251/252/455 252/253/454
f 254/255/458 253/254/459 252/253/460
f 255/256/461 253/254/462 254/255/463
f 256/257/464 255/256/461 254/255/463
f 257/258/465 255/256/465 256/257/465
f 258/259/466 257/258/466 256/257/466
f 259/260/466 257/258/466 258/259/466
f 260/261/467 259/260/468 258/259/469
f 261/262/470 259/260/470 260/261/470
f 262/263/471 261/262/472 260/261/473
f 263/264/474 261/262/475 262/263/476
f 264/265/477 263/264/474 262/263/476
f 265/266/478 263/264/478 264/265/478
f 266/267/479 265/266/479 264/265/479
f 267/268/480 265/266/481 266/267/482
f 268/269/483 267/268/484 266/267/483
f 269/270/485 267/268/486 268/269/487
f 270/271/485 269/270/485 268/269/487
f 271/272/486 269/270/485 270/271/485
f 272/273/488 271/272/489 270/271/490
f 273/274/491 271/272/489 272/273/488
f 274/275/492 273/274/492 272/273/492
f 275/276/493 273/274/493 274/275/493
f 276/277/494 275/276/495 274/275/496
f 277/278/497 275/276/495 276/277/494
f 278/279/498 277/278/498 276/277/498
f 279/280/499 277/278/499 278/279/499
f 280/281/500 279/280/500 278/279/500
f 281/282/501 279/280/501 280/281/501
f 282/283/502 281/282/503 280/281/504
f 283/284/505 281/282/503 282/283/502
f 284/285/506 283/284/507 282/283/508
f 285/286/507 283/284/507 284/285/506
f 286/287/509 285/286/510 284/285/511
f 287/288/510 285/286/510 286/287/509
f 288/289/512 287/288/510 286/287/509
f 289/290/513 287/288/514 288/289/514
f 290/291/515 289/290/516 288/289/517
f 291/292/518 289/290/519 290/291/520
f 292/293/521 291/292/521 290/291/521
f 293/294/522 291/292/522 292/293/522
f 294/295/523 293/294/524 292/293/525
f 295/296/526 293/294/524 294/295/523
f 296/297/527 218/298/527 1/299/527
f 222/223/528 218/298/529 296/297/530
f 297/300/531 222/223/528 296/297/530
f 224/225/407 222/223/409 297/300/532
f 298/301/533 224/225/534 297/300/535
f 299/302/536 224/225/534 298/301/533
f 300/303/537 299/302/538 298/301/539
f 228/229/540 299/302/541 300/303/542
f 301/304/543 228/229/540 300/303/542
f 230/231/544 228/229/544 301/304/544
f 302/305/545 230/231/545 301/304/545
f 232/233/423 230/231/422 302/305/546
f 303/306/547 232/233/423 302/305/546
f 304/307/548 232/233/549 303/306/550
f 305/308/551 304/307/551 303/306/551
f 306/309/552 304/307/552 305/308/552
f 307/310/553 306/309/554 305/308/555
f 308/311/556 306/309/556 307/310/556
f 309/312/557 308/311/557 307/310/557
f 310/313/558 308/311/558 309/312/558
f 311/314/559 310/313/560 309/312/561
f 312/315/562 310/313/560 311/314/559
f 313/316/563 312/315/562 311/314/559
f 314/317/564 312/315/562 313/316/563
f 315/318/565 314/317/565 313/316/565
f 316/319/566 314/317/567 315/318/568
f 317/320/569 316/319/566 315/318/568
f 318/321/570 316/319/571 317/320/572
f 319/322/573 318/321/574 317/320/575
f 320/323/576 318/321/574 319/322/573
f 321/324/577 320/323/578 319/322/579
f 322/325/580 320/323/581 321/324/582
f 323/326/583 322/325/580 321/324/582
f 324/327/584 322/325/585 323/326/586
f 325/328/587 324/327/588 323/326/589
f 326/329/590 324/327/588 325/328/587
f 327/330/591 326/329/592 325/328/593
f 328/331/594 326/329/595 327/330/596
f 329/332/597 328/331/594 327/330/596
f 330/333/598 328/331/599 329/332/600
f 331/334/601 330/333/602 329/332/603
f 332/335/604 330/333/602 331/334/601
f 333/336/605 332/335/606 331/334/607
f 334/337/608 332/335/609 333/336/610
f 335/338/611 334/337/608 333/336/610
f 336/339/612 334/337/613 335/338/614
f 337/340/615 336/339/616 335/338/617
f 338/341/618 336/339/616 337/340/615
f 58/58/619 338/341/619 337/340/619
f 339/342/620 338/341/621 58/58/622
f 340/343/623 339/342/620 58/58/622
f 341/344/624 339/342/625 340/343/626
f 60/60/627 341/344/628 340/343/629
f 342/345/630 341/344/628 60/60/627
f 343/346/631 342/345/631 60/60/631
f 70/70/632 342/345/633 343/346/634
f 68/68/635 70/70/632 343/346/634
f 345/347/636 344/348/637 137/349/638
f 346/350/639 344/348/639 345/347/639
f 347/351/640 346/350/640 345/347/640
f 348/352/641 346/350/642 347/351/643
f 349/353/644 348/352/641 347/351/643
f 350/354/645 348/352/645 349/353/645
f 351/355/646 350/354/647 349/353/648
f 352/356/649 350/354/647 351/355/646
f 353/357/650 352/356/651 351/355/652
f 354/358/653 352/356/654 353/357/655
f 355/359/656 354/358/653 353/357/655
f 356/360/657 354/358/658 355/359/659
f 357/361/660 356/360/661 355/359/662
f 358/362/663 356/360/661 357/361/660
f 359/363/664 358/362/665 357/361/666
f 360/364/667 358/362/668 359/363/669
f 361/365/670 360/364/667 359/363/669
f 362/366/671 360/364/671 361/365/671
f 363/367/672 362/366/673 361/365/674
f 364/368/675 362/366/673 363/367/672
f 365/369/676 364/368/676 363/367/676
f 366/370/677 364/368/677 365/369/677
f 367/371/678 366/370/679 365/369/680
f 368/372/681 366/370/679 367/371/678
f 369/373/682 368/372/683 367/371/684
f 370/374/685 368/372/683 369/373/682
f 371/375/686 370/374/687 369/373/688
f 372/376/689 370/374/687 371/375/686
f 373/377/690 372/376/691 371/375/692
f 374/378/693 372/376/691 373/377/690
f 375/379/694 374/378/693 373/377/690
f 376/380/695 374/378/696 375/379/697
f 377/381/698 376/380/699 375/379/700
f 378/382/701 376/380/702 377/381/703
f 379/383/704 378/382/704 377/381/704
f 380/384/705 378/382/706 379/383/707
f 381/385/708 380/384/708 379/383/708
f 382/386/709 380/384/709 381/385/709
f 383/387/710 382/386/710 381/385/710
f 384/388/711 382/386/711 383/387/711
f 385/389/712 384/388/712 383/387/712
f 386/390/713 384/388/714 385/389/715
f 387/391/716 386/390/717 385/389/718
f 388/392/719 386/390/717 387/391/716
f 389/393/720 388/392/721 387/391/722
f 390/394/723 388/392/724 389/393/725
f 391/395/726 390/394/723 389/393/725
f 392/396/727 390/394/728 391/395/729
f 393/397/730 392/396/731 391/395/732
f 394/398/733 392/396/731 393/397/730
f 395/399/734 394/398/735 393/397/736
f 140/140/737 396/400/737 138/138/737
f 397/401/738 396/400/739 140/140/740
f 398/402/741 397/401/738 140/140/740
f 399/403/742 397/401/743 398/402/744
f 142/142/745 399/403/746 398/402/747
f 400/404/748 399/403/746 142/142/745
f 146/146/749 400/404/750 142/142/751
f 401/405/752 400/404/753 146/146/754
f 402/406/755 401/405/752 146/146/754
f 403/407/756 401/405/757 402/406/758
f 148/148/759 403/407/760 402/406/761
f 404/408/762 403/407/760 148/148/759
f 150/150/763 404/408/763 148/148/763
f 405/409/764 404/408/764 150/150/764
f 152/152/765 405/409/765 150/150/765
f 406/410/766 405/409/766 152/152/766
f 156/156/767 406/410/768 152/152/769
f 407/411/770 406/410/771 156/156/770
f 408/412/772 407/411/770 156/156/770
f 409/413/773 407/411/773 408/412/773
f 158/158/774 409/413/775 408/412/776
f 410/414/777 409/413/775 158/158/774
f 162/162/778 410/414/779 158/158/780
f 411/415/781 410/414/782 162/162/783
f 412/416/784 411/415/781 162/162/783
f 413/417/785 411/415/785 412/416/785
f 164/164/786 413/417/787 412/416/788
f 414/418/789 413/417/787 164/164/786
f 168/168/790 414/418/791 164/164/792
f 415/419/793 414/418/794 168/168/795
f 416/420/796 415/419/793 168/168/795
f 417/421/797 415/419/798 416/420/799
f 170/170/800 417/421/801 416/420/802
f 418/422/803 417/421/801 170/170/800
f 174/174/804 418/422/805 170/170/806
f 419/423/807 418/422/808 174/174/809
f 420/424/810 419/423/807 174/174/809
f 421/425/811 419/423/812 420/424/813
f 176/176/814 421/425/814 420/424/814
f 422/426/815 421/425/815 176/176/815
f 423/427/816 422/426/816 176/176/816
f 424/428/817 422/426/817 423/427/817
f 180/180/333 424/428/818 423/427/819
f 425/429/820 424/428/818 180/180/333
f 182/182/821 425/429/821 180/180/821
f 426/430/822 425/429/822 182/182/822
f 184/184/823 426/430/824 182/182/825
f 186/186/826 426/430/824 184/184/823
f 215/215/827 89/89/827 87/87/827
f 427/431/828 89/89/828 215/215/828
f 428/432/829 427/431/829 215/215/829
f 429/433/830 427/431/830 428/432/830
f 430/434/831 429/433/831 428/432/831
f 95/95/832 429/433/832 430/434/832
f 431/435/833 95/95/833 430/434/833
f 97/97/167 95/95/169 431/435/834
f 432/436/835 97/97/835 431/435/835
f 433/437/836 97/97/836 432/436/836
f 434/438/837 433/437/837 432/436/837
f 435/439/838 433/437/838 434/438/838
f 436/440/839 435/439/839 434/438/839
f 437/441/840 435/439/841 436/440/842
f 438/442/843 437/441/843 436/440/843
f 439/443/844 437/441/844 438/442/844
f 440/444/845 439/443/845 438/442/845
f 441/445/846 439/443/846 440/444/846
f 442/446/847 441/445/847 440/444/848
f 443/447/847 441/445/847 442/446/847
f 444/448/849 443/447/850 442/446/851
f 445/449/849 443/447/850 444/448/849
f 446/450/850 445/449/849 444/448/849
f 447/451/852 445/449/853 446/450/854
f 448/452/855 447/451/856 446/450/856
f 449/453/857 447/451/857 448/452/857
f 450/454/858 449/453/858 448/452/858
f 451/455/859 449/453/859 450/454/859
f 452/456/860 451/455/860 450/454/860
f 453/457/861 451/455/861 452/456/861
f 454/458/862 453/457/862 452/456/862
f 455/459/863 453/457/864 454/458/865
f 456/460/866 455/459/866 454/458/866
f 457/461/867 455/459/867 456/460/867
f 458/462/868 457/461/869 456/460/870
f 459/463/871 457/461/869 458/462/868
f 460/464/872 459/463/872 458/462/872
f 461/465/873 459/463/873 460/464/873
f 462/466/874 461/465/874 460/464/874
f 463/467/875 461/465/875 462/466/875
f 464/468/876 463/467/876 462/466/876
f 195/195/359 463/467/356 464/468/359
f 197/197/877 195/195/877 464/468/877
f 466/469/878 465/470/878 1/471/878
f 467/472/879 465/470/879 466/469/879
f 468/473/880 467/472/880 466/469/880
f 469/474/881 467/472/882 468/473/883
f 470/475/884 469/474/884 468/473/884
f 471/476/885 469/474/886 470/475/887
f 472/477/888 471/476/885 470/475/887
f 473/478/889 471/476/885 472/477/888
f 474/479/890 473/478/890 472/477/890
f 475/480/891 473/478/891 474/479/891
f 476/481/892 475/480/892 474/479/892
f 477/482/893 475/480/893 476/481/893
f 478/483/894 477/482/895 476/481/896
f 479/484/897 477/482/895 478/483/894
f 480/485/898 479/484/898 478/483/898
f 477/482/899 479/484/899 480/485/899
f 481/486/900 477/482/900 480/485/900
f 482/487/901 477/482/902 481/486/903
f 483/488/904 482/487/904 481/486/904
f 484/489/905 482/487/906 483/488/907
f 485/490/908 484/489/905 483/488/907
f 486/491/909 484/489/910 485/490/911
f 487/492/912 486/491/912 485/490/912
f 488/493/913 486/491/914 487/492/915
f 489/494/916 488/493/917 487/492/918
f 490/495/919 488/493/920 489/494/921
f 491/496/922 490/495/919 489/494/921
f 492/497/923 490/495/919 491/496/922
f 493/498/924 492/497/925 491/496/926
f 494/499/927 492/497/925 493/498/924
f 495/500/928 494/499/928 493/498/928
f 496/501/929 494/499/929 495/500/929
f 497/502/930 496/501/930 495/500/930
f 498/503/931 496/501/931 497/502/931
f 499/504/932 498/503/933 497/502/934
f 500/505/935 498/503/936 499/504/937
f 501/506/938 500/505/938 499/504/938
f 502/507/939 500/505/939 501/506/939
f 503/508/940 502/507/940 501/506/940
f 504/509/941 502/507/941 503/508/941
f 505/510/942 504/509/943 503/508/944
f 1/511/945 504/509/945 505/510/945
f 506/512/946 134/134/947 136/136/948
f 507/513/949 134/134/947 506/512/946
f 508/514/950 507/513/951 506/512/952
f 509/515/953 507/513/954 508/514/955
f 510/516/956 509/515/953 508/514/955
f 511/517/957 509/515/958 510/516/959
f 512/518/960 511/517/961 510/516/962
f 513/519/963 511/517/961 512/518/960
f 514/520/964 513/519/964 512/518/964
f 515/521/965 513/519/966 514/520/967
f 516/522/968 515/521/965 514/520/967
f 517/523/969 515/521/965 516/522/968
f 518/524/970 517/523/969 516/522/968
f 519/525/971 517/523/971 518/524/971
f 520/526/972 519/525/972 518/524/972
f 521/527/973 519/525/973 520/526/973
f 522/528/974 521/527/974 520/526/974
f 523/529/975 521/527/975 522/528/975
f 524/530/976 523/529/976 522/528/976
f 525/531/977 523/529/977 524/530/977
f 526/532/978 525/531/979 524/530/980
f 527/533/981 525/531/979 526/532/978
f 528/534/982 527/533/981 526/532/978
f 529/535/983 527/533/983 528/534/983
f 530/536/984 529/535/984 528/534/984
f 531/537/985 529/535/985 530/536/985
f 532/538/986 531/537/987 530/536/988
f 533/539/989 531/537/990 532/538/991
f 534/540/992 533/539/989 532/538/991
f 535/541/993 533/539/993 534/540/993
f 536/542/994 535/541/995 534/540/996
f 537/543/997 535/541/995 536/542/994
f 538/544/998 537/543/998 536/542/998
f 539/545/999 537/543/999 538/544/999
f 540/546/1000 539/545/1000 538/544/1000
f 541/547/1001 539/545/1001 540/546/1002
f 542/548/1003 541/547/1004 540/546/1005
f 543/549/1006 541/547/1007 542/548/1008
f 544/550/1009 543/549/1006 542/548/1008
f 545/551/1010 543/549/1006 544/550/1009
f 546/552/1011 545/551/1012 544/550/1013
f 549/553/1014 548/554/1014 547/555/1014
f 550/556/1015 548/554/1015 549/553/1015
f 551/557/1016 550/556/1016 549/553/1016
f 552/558/1017 550/556/1017 551/557/1017
f 553/559/1018 552/558/1018 551/557/1018
f 554/560/1019 552/558/1019 553/559/1019
f 555/561/1020 554/560/1020 553/559/1020
f 556/562/1021 554/560/1022 555/561/1023
f 557/563/1024 556/562/1021 555/561/1023
f 558/564/1025 556/562/1026 557/563/1027
f 559/565/1028 558/564/1029 557/563/1030
f 560/566/1031 558/564/1029 559/565/1028
f 561/567/1032 560/566/1033 559/565/1034
f 562/568/1035 560/566/1035 561/567/1035
f 563/569/1036 562/568/1036 561/567/1036
f 564/570/1037 562/568/1037 563/569/1037
f 565/571/1038 564/570/1038 563/569/1038
f 566/572/1039 564/570/1039 565/571/1039
f 567/573/1040 566/572/1040 565/571/1040
f 568/574/1041 566/572/1042 567/573/1043
f 569/575/1044 568/574/1041 567/573/1043
f 570/576/1045 568/574/1041 569/575/1044
f 571/577/1046 570/576/1046 569/575/1046
f 572/578/1047 570/576/1047 571/577/1047
f 573/579/1048 572/578/1049 571/577/1050
f 574/580/1051 572/578/1049 573/579/1048
f 575/581/1052 574/580/1053 573/579/1054
f 576/582/1055 574/580/1053 575/581/1052
f 577/583/1056 576/582/1055 575/581/1052
f 578/584/1057 576/582/1058 577/583/1059
f 579/585/1060 578/584/1061 577/583/1062
f 580/586/1063 578/584/1063 579/585/1063
f 581/587/1064 580/586/1064 579/585/1064
f 582/588/1065 580/586/1065 581/587/1065
f 583/589/1066 582/588/1066 581/587/1066
f 584/590/1067 582/588/1067 583/589/1067
f 585/591/1068 584/590/1068 583/589/1068
f 586/592/1069 584/590/1070 585/591/1071
f 587/593/1072 586/592/1072 585/591/1072
f 588/594/1073 586/592/1073 587/593/1073
f 69/69/1074 73/73/1074 71/71/1074
f 589/595/1075 73/73/1075 69/69/1075
f 590/596/1076 589/595/1076 69/69/1076
f 591/597/1077 589/595/1077 590/596/1077
f 592/598/1078 591/597/1079 590/596/1078
f 593/599/1080 591/597/1080 592/598/1080
f 594/600/1081 593/599/1081 592/598/1081
f 595/601/1082 593/599/1082 594/600/1082
f 596/602/1083 595/601/1083 594/600/1083
f 597/603/1084 595/601/1085 596/602/1086
f 598/604/1087 597/603/1084 596/602/1086
f 599/605/1088 597/603/1089 598/604/1090
f 600/606/1091 599/605/1092 598/604/1092
f 601/607/1093 599/605/1092 600/606/1091
f 586/592/1094 601/607/1095 600/606/1096
f 602/608/1097 601/607/1098 586/592/1099
f 588/594/1100 602/608/1097 586/592/1099
f 603/609/1101 602/608/1102 588/594/1103
f 587/593/1104 603/609/1105 588/594/1106
f 604/610/1107 603/609/1105 587/593/1104
f 605/611/1108 604/610/1109 587/593/1110
f 606/612/1111 604/610/1112 605/611/1113
f 607/613/1114 606/612/1111 605/611/1113
f 608/614/1115 606/612/1116 607/613/1117
f 609/615/1118 608/614/1118 607/613/1118
f 610/616/1119 608/614/1119 609/615/1119
f 611/617/1120 610/616/1121 609/615/1122
f 612/618/1123 610/616/1123 611/617/1123
f 613/619/1124 612/618/1124 611/617/1124
f 614/620/1125 612/618/1125 613/619/1125
f 615/621/1126 614/620/1126 613/619/1126
f 616/622/1127 614/620/1128 615/621/1129
f 617/623/1130 616/622/1127 615/621/1129
f 618/624/1131 616/622/1127 617/623/1130
f 619/625/1132 618/624/1132 617/623/1132
f 620/626/1133 618/624/1133 619/625/1133
f 621/627/1134 620/626/1134 619/625/1134
f 622/628/1135 620/626/1135 621/627/1135
f 411/415/1136 622/628/1137 621/627/1138
f 413/417/1139 622/628/1139 411/415/1139
f 625/629/1140 624/630/1141 623/631/1142
f 626/632/1141 624/630/1141 625/629/1140
f 627/633/1143 626/632/1144 625/629/1145
f 628/634/1146 626/632/1147 627/633/1148
f 629/635/1149 628/634/1146 627/633/1148
f 630/636/1150 628/634/1150 629/635/1150
f 631/637/1151 630/636/1151 629/635/1151
f 632/638/1152 630/636/1152 631/637/1152
f 633/639/1153 632/638/1153 631/637/1153
f 634/640/1154 632/638/1154 633/639/1154
f 635/641/1155 634/640/1155 633/639/1155
f 636/642/1156 634/640/1156 635/641/1156
f 637/643/1157 636/642/1158 635/641/1159
f 638/644/1160 636/642/1158 637/643/1157
f 639/645/1161 638/644/1162 637/643/1163
f 640/646/1164 638/644/1165 639/645/1166
f 641/647/1167 640/646/1164 639/645/1166
f 642/648/1168 640/646/1169 641/647/1170
f 643/649/1171 642/648/1172 641/647/1173
f 644/650/1172 642/648/1172 643/649/1171
f 645/651/1174 644/650/1174 643/649/1175
f 646/652/1176 644/650/1177 645/651/1178
f 647/653/1179 646/652/1176 645/651/1178
f 648/654/1180 646/652/1181 647/653/1182
f 649/655/1183 648/654/1183 647/653/1184
f 650/656/1183 648/654/1183 649/655/1183
f 651/657/1185 650/656/1186 649/655/1187
f 652/658/1188 650/656/1189 651/657/1188
f 653/659/1188 652/658/1188 651/657/1188
f 654/660/1190 652/658/1191 653/659/1192
f 655/661/1193 654/660/1193 653/659/1193
f 656/662/1194 654/660/1194 655/661/1194
f 657/663/1195 656/662/1195 655/661/1195
f 658/664/1196 656/662/1196 657/663/1196
f 659/665/1197 658/664/1197 657/663/1197
f 660/666/1198 658/664/1199 659/665/1200
f 661/667/1201 660/666/1202 659/665/1203
f 662/668/1204 660/666/1202 661/667/1201
f 663/669/1205 662/668/1206 661/667/1207
f 665/670/1208 664/671/1208 1/672/1208
f 666/673/1209 664/671/1210 665/670/1211
f 667/674/1212 666/673/1209 665/670/1211
f 668/675/1213 666/673/1214 667/674/1215
f 669/676/1216 668/675/1217 667/674/1218
f 670/677/1219 668/675/1217 669/676/1216
f 671/678/1220 670/677/1221 669/676/1222
f 672/679/1223 670/677/1224 671/678/1225
f 673/680/1226 672/679/1223 671/678/1225
f 674/681/1227 672/679/1228 673/680/1229
f 675/682/1230 674/681/1231 673/680/1232
f 676/683/1233 674/681/1231 675/682/1230
f 677/684/1234 676/683/1235 675/682/1236
f 678/685/1237 676/683/1238 677/684/1239
f 679/686/1240 678/685/1237 677/684/1239
f 680/687/1241 678/685/1242 679/686/1243
f 681/688/1244 680/687/1245 679/686/1246
f 682/689/1247 680/687/1245 681/688/1244
f 683/690/1248 682/689/1249 681/688/1250
f 684/691/1251 682/689/1252 683/690/1253
f 685/692/1254 684/691/1251 683/690/1253
f 686/693/1255 684/691/1256 685/692/1257
f 687/694/1258 686/693/1259 685/692/1260
f 688/695/1261 686/693/1259 687/694/1258
f 689/696/1262 688/695/1263 687/694/1264
f 690/697/1265 688/695/1265 689/696/1265
f 691/698/1266 690/697/1266 689/696/1266
f 692/699/1267 690/697/1267 691/698/1267
f 693/700/1268 692/699/1268 691/698/1268
f 694/701/1269 692/699/1269 693/700/1269
f 695/702/1270 694/701/1271 693/700/1272
f 696/703/1273 694/701/1271 695/702/1270
f 697/704/1274 696/703/1275 695/702/1276
f 698/705/1277 696/703/1275 697/704/1274
f 699/706/1278 698/705/1279 697/704/1280
f 700/707/1281 698/705/1281 699/706/1281
f 54/54/1282 700/707/1282 699/706/1282
f 56/56/1283 700/707/1283 54/54/1283
f 703/708/1284 702/709/1285 701/710/1286
f 704/711/1287 702/709/1285 703/708/1284
f 705/712/1288 704/711/1288 703/708/1288
f 706/713/1289 704/711/1289 705/712/1289
f 707/714/1290 706/713/1290 705/712/1290
f 708/715/1291 706/713/1291 707/714/1291
f 709/716/1292 708/715/1292 707/714/1292
f 710/717/1293 708/715/1294 709/716/1295
f 711/718/1296 710/717/1296 709/716/1296
f 712/719/1297 710/717/1297 711/718/1298
f 713/720/1299 712/719/1299 711/718/1299
f 714/721/1300 712/719/1301 713/720/1302
f 715/722/1303 714/721/1300 713/720/1302
f 716/723/1304 714/721/1300 715/722/1303
f 717/724/1305 716/723/1306 715/722/1307
f 718/725/1308 716/723/1306 717/724/1305
f 719/726/1309 718/725/1309 717/724/1309
f 720/727/1310 718/725/1310 719/726/1310
f 721/728/1311 720/727/1311 719/726/1311
f 722/729/1312 720/727/1312 721/728/1312
f 723/730/1313 722/729/1313 721/728/1313
f 724/731/1314 722/729/1314 723/730/1314
f 725/732/1315 724/731/1315 723/730/1315
f 726/733/1316 724/731/1317 725/732/1318
f 727/734/1319 726/733/1316 725/732/1318
f 728/735/1320 726/733/1321 727/734/1322
f 625/629/1323 728/735/1320 727/734/1322
f 729/736/1324 728/735/1325 625/629/1326
f 623/631/1327 729/736/1324 625/629/1326
f 730/737/1328 729/736/1328 623/631/1328
f 624/630/1329 730/737/1330 623/631/1331
f 731/738/1332 730/737/1330 624/630/1329
f 732/739/1333 731/738/1334 624/630/1335
f 733/740/1336 731/738/1337 732/739/1338
f 734/741/1339 733/740/1336 732/739/1338
f 252/253/1340 733/740/1340 734/741/1340
f 254/255/458 252/253/460 734/741/1341
f 664/742/1342 296/743/1342 1/744/1342
f 298/301/1343 296/743/1344 664/742/1345
f 735/745/1346 298/301/1343 664/742/1345
f 300/303/537 298/301/539 735/745/1347
f 666/673/1348 300/303/1349 735/745/1350
f 736/746/1351 300/303/1349 666/673/1348
f 668/675/1213 736/746/1352 666/673/1214
f 737/747/1353 736/746/1354 668/675/1355
f 738/748/1356 737/747/1353 668/675/1355
f 739/749/1357 737/747/1358 738/748/1359
f 672/679/1360 739/749/1361 738/748/1362
f 740/750/1363 739/749/1361 672/679/1360
f 674/681/1227 740/750/1364 672/679/1228
f 741/751/1365 740/750/1366 674/681/1367
f 742/752/1368 741/751/1365 674/681/1367
f 743/753/1369 741/751/1370 742/752/1371
f 678/685/1372 743/753/1373 742/752/1374
f 744/754/1375 743/753/1373 678/685/1372
f 680/687/1241 744/754/1376 678/685/1242
f 745/755/1377 744/754/1378 680/687/1379
f 746/756/1380 745/755/1377 680/687/1379
f 747/757/1381 745/755/1382 746/756/1383
f 684/691/1384 747/757/1385 746/756/1386
f 748/758/1387 747/757/1385 684/691/1384
f 686/693/1255 748/758/1388 684/691/1256
f 749/759/1389 748/758/1390 686/693/1391
f 750/760/1392 749/759/1389 686/693/1391
f 751/761/1393 749/759/1394 750/760/1395
f 690/697/1396 751/761/1397 750/760/1398
f 752/762/1399 751/761/1397 690/697/1396
f 692/699/1400 752/762/1400 690/697/1400
f 753/763/1401 752/762/1401 692/699/1401
f 754/764/1402 753/763/1402 692/699/1402
f 700/707/1403 753/763/1404 754/764/1405
f 698/705/1406 700/707/1406 754/764/1406
f 76/76/1407 72/72/1408 74/74/1409
f 755/765/1410 72/72/1408 76/76/1407
f 756/766/1411 755/765/1412 76/76/1413
f 757/767/1414 755/765/1415 756/766/1416
f 758/768/1417 757/767/1414 756/766/1416
f 759/769/1418 757/767/1418 758/768/1419
f 760/770/1420 759/769/1421 758/768/1422
f 761/771/1423 759/769/1421 760/770/1420
f 703/708/1424 761/771/1424 760/770/1424
f 762/772/1425 761/771/1426 703/708/1427
f 701/710/1428 762/772/1425 703/708/1427
f 763/773/1429 762/772/1430 701/710/1431
f 702/709/1432 763/773/1433 701/710/1434
f 764/774/1435 763/773/1433 702/709/1432
f 765/775/1436 764/774/1437 702/709/1438
f 766/776/1439 764/774/1440 765/775/1441
f 767/777/1442 766/776/1439 765/775/1441
f 768/778/1443 766/776/1444 767/777/1445
f 769/779/1446 768/778/1447 767/777/1448
f 770/780/1449 768/778/1447 769/779/1446
f 771/781/1450 770/780/1451 769/779/1452
f 772/782/1453 770/780/1451 771/781/1450
f 773/783/1454 772/782/1455 771/781/1456
f 774/784/1457 772/782/1457 773/783/1457
f 775/785/1458 774/784/1458 773/783/1458
f 776/786/1459 774/784/1459 775/785/1459
f 730/737/1460 776/786/1461 775/785/1462
f 777/787/1463 776/786/1461 730/737/1460
f 733/740/1464 777/787/1465 730/737/1466
f 778/788/1467 777/787/1467 733/740/1467
f 779/789/1468 778/788/1468 733/740/1468
f 780/790/1469 778/788/1470 779/789/1471
f 781/791/1472 780/790/1472 779/789/1472
f 782/792/1473 780/790/1474 781/791/1475
f 785/793/1476 784/794/1476 783/795/1476
f 786/796/1477 784/794/1477 785/793/1477
f 787/797/1478 786/796/1478 785/793/1478
f 788/798/1479 786/796/1479 787/797/1479
f 789/799/1480 788/798/1481 787/797/1482
f 790/800/1483 788/798/1481 789/799/1480
f 791/801/1484 790/800/1485 789/799/1486
f 792/802/1487 790/800/1487 791/801/1487
f 793/803/1488 792/802/1488 791/801/1488
f 794/804/1489 792/802/1489 793/803/1489
f 106/106/1490 794/804/1491 793/803/1492
f 795/805/1493 794/804/1491 106/106/1490
f 110/110/1494 795/805/1495 106/106/1496
f 796/806/1497 795/805/1498 110/110/1499
f 797/807/1500 796/806/1497 110/110/1499
f 798/808/1501 796/806/1502 797/807/1503
f 112/112/1504 798/808/1505 797/807/1506
f 799/809/1507 798/808/1505 112/112/1504
f 116/116/1508 799/809/1509 112/112/1510
f 800/810/1511 799/809/1512 116/116/1513
f 801/811/1514 800/810/1511 116/116/1513
f 802/812/1515 800/810/1516 801/811/1517
f 118/118/1518 802/812/1519 801/811/1520
f 803/813/1521 802/812/1519 118/118/1518
f 122/122/1522 803/813/1523 118/118/1524
f 804/814/1525 803/813/1526 122/122/1527
f 805/815/1528 804/814/1525 122/122/1527
f 806/816/1529 804/814/1530 805/815/1531
f 124/124/1532 806/816/1533 805/815/1534
f 807/817/1535 806/816/1533 124/124/1532
f 128/128/1536 807/817/1537 124/124/1538
f 132/132/1539 807/817/1540 128/128/1541
f 130/130/1542 132/132/1539 128/128/1541
f 516/522/968 520/526/1543 518/524/970
f 808/818/1544 520/526/1543 516/522/968
f 809/819/1545 808/818/1545 516/522/1545
f 810/820/1546 808/818/1546 809/819/1546
f 811/821/1547 810/820/1548 809/819/1549
f 812/822/1550 810/820/1548 811/821/1547
f 813/823/1551 812/822/1552 811/821/1553
f 814/824/1554 812/822/1552 813/823/1551
f 815/825/1555 814/824/1554 813/823/1551
f 816/826/1556 814/824/1557 815/825/1558
f 817/827/1559 816/826/1560 815/825/1560
f 818/828/1561 816/826/1561 817/827/1561
f 819/829/1562 818/828/1562 817/827/1562
f 820/830/1563 818/828/1563 819/829/1563
f 821/831/1564 820/830/1564 819/829/1564
f 822/832/1565 820/830/1565 821/831/1565
f 823/833/1566 822/832/1567 821/831/1568
f 824/834/1569 822/832/1567 823/833/1566
f 825/835/1570 824/834/1570 823/833/1570
f 826/836/1571 824/834/1571 825/835/1571
f 827/837/1572 826/836/1572 825/835/1572
f 828/838/1573 826/836/1574 827/837/1575
f 829/839/1576 828/838/1576 827/837/1576
f 830/840/1577 828/838/1577 829/839/1577
f 831/841/1578 830/840/1579 829/839/1580
f 832/842/1581 830/840/1579 831/841/1578
f 833/843/1582 832/842/1581 831/841/1578
f 834/844/1583 832/842/1581 833/843/1582
f 835/845/1584 834/844/1583 833/843/1582
f 508/514/1585 834/844/1585 835/845/1585
f 512/518/1586 508/514/1587 835/845/1587
f 510/516/1588 508/514/1587 512/518/1586
f 838/846/1589 837/847/1590 836/848/1591
f 839/849/1592 837/847/1590 838/846/1589
f 840/850/1593 839/849/1593 838/846/1593
f 841/851/1594 839/849/1594 840/850/1594
f 842/852/1595 841/851/1595 840/850/1595
f 843/853/1596 841/851/1597 842/852/1597
f 844/854/1598 843/853/1599 842/852/1600
f 845/855/1601 843/853/1599 844/854/1598
f 846/856/1602 845/855/1603 844/854/1602
f 847/857/1604 845/855/1605 846/856/1606
f 848/858/1607 847/857/1604 846/856/1606
f 849/859/1608 847/857/1609 848/858/1610
f 850/860/1611 849/859/1612 848/858/1613
f 851/861/1614 849/859/1612 850/860/1611
f 852/862/1615 851/861/1616 850/860/1617
f 853/863/1618 851/861/1619 852/862/1620
f 854/864/1621 853/863/1618 852/862/1620
f 855/865/1622 853/863/1623 854/864/1624
f 856/866/1625 855/865/1625 854/864/1625
f 857/867/1626 855/865/1626 856/866/1626
f 858/868/1627 857/867/1627 856/866/1627
f 859/869/1628 857/867/1628 858/868/1628
f 860/870/1629 859/869/1629 858/868/1629
f 861/871/1630 859/869/1630 860/870/1630
f 862/872/1631 861/871/1631 860/870/1631
f 863/873/1632 861/871/1632 862/872/1633
f 864/874/1634 863/873/1635 862/872/1636
f 865/875/1637 863/873/1635 864/874/1634
f 480/485/1638 865/875/1639 864/874/1640
f 478/483/1641 865/875/1641 480/485/1641
f 866/876/1642 665/877/1642 1/878/1642
f 669/676/1643 665/877/1644 866/876/1645
f 867/879/1646 669/676/1643 866/876/1645
f 671/678/1220 669/676/1222 867/879/1647
f 868/880/1648 671/678/1649 867/879/1650
f 869/881/1651 671/678/1649 868/880/1648
f 870/882/1652 869/881/1653 868/880/1654
f 675/682/1655 869/881/1656 870/882/1657
f 871/883/1658 675/682/1655 870/882/1657
f 677/684/1234 675/682/1236 871/883/1659
f 872/884/1660 677/684/1661 871/883/1662
f 873/885/1663 677/684/1661 872/884/1660
f 874/886/1664 873/885/1665 872/884/1666
f 681/688/1667 873/885/1668 874/886/1669
f 875/887/1670 681/688/1667 874/886/1669
f 683/690/1248 681/688/1250 875/887/1671
f 876/888/1672 683/690/1673 875/887/1674
f 877/889/1675 683/690/1673 876/888/1672
f 878/890/1676 877/889/1677 876/888/1678
f 687/694/1679 877/889/1680 878/890/1681
f 879/891/1682 687/694/1679 878/890/1681
f 689/696/1262 687/694/1264 879/891/1683
f 880/892/1684 689/696/1685 879/891/1686
f 881/893/1687 689/696/1685 880/892/1684
f 882/894/1688 881/893/1689 880/892/1690
f 883/895/1691 881/893/1692 882/894/1691
f 884/896/1693 883/895/1691 882/894/1691
f 40/40/1694 883/895/1695 884/896/1696
f 36/36/1697 40/40/1698 884/896/1699
f 38/38/1700 40/40/1698 36/36/1697
f 593/599/1701 589/595/1701 591/597/1701
f 885/897/1702 589/595/1702 593/599/1702
f 886/898/1703 885/897/1703 593/599/1703
f 887/899/1704 885/897/1704 886/898/1705
f 597/603/1706 887/899/1707 886/898/1708
f 888/900/1709 887/899/1707 597/603/1706
f 599/605/1088 888/900/1710 597/603/1089
f 889/901/1711 888/900/1712 599/605/1713
f 890/902/1714 889/901/1711 599/605/1713
f 891/903/1715 889/901/1716 890/902/1717
f 602/608/1718 891/903/1719 890/902/1718
f 892/904/1720 891/903/1719 602/608/1718
f 603/609/1101 892/904/1721 602/608/1102
f 893/905/1722 892/904/1723 603/609/1724
f 894/906/1725 893/905/1722 603/609/1724
f 895/907/1726 893/905/1727 894/906/1728
f 606/612/1729 895/907/1730 894/906/1731
f 896/908/1732 895/907/1730 606/612/1729
f 608/614/1115 896/908/1733 606/612/1116
f 897/909/1734 896/908/1735 608/614/1736
f 898/910/1737 897/909/1734 608/614/1736
f 899/911/1738 897/909/1739 898/910/1740
f 900/912/1741 899/911/1741 898/910/1741
f 901/913/1742 899/911/1742 900/912/1742
f 902/914/1743 901/913/1743 900/912/1743
f 903/915/1744 901/913/1745 902/914/1746
f 904/916/1747 903/915/1744 902/914/1746
f 620/626/1748 903/915/1748 904/916/1748
f 616/622/1749 620/626/1749 904/916/1749
f 618/624/1750 620/626/1750 616/622/1750
f 645/651/1751 649/655/1751 647/653/1751
f 905/917/1752 649/655/1752 645/651/1752
f 906/918/1753 905/917/1753 645/651/1753
f 907/919/1754 905/917/1754 906/918/1754
f 908/920/1755 907/919/1755 906/918/1755
f 909/921/1756 907/919/1757 908/920/1758
f 910/922/1759 909/921/1756 908/920/1758
f 546/552/1760 909/921/1760 910/922/1760
f 911/923/1761 546/552/1761 910/922/1761
f 545/551/1012 546/552/1011 911/923/1762
f 912/924/1763 545/551/1764 911/923/1765
f 543/549/1006 545/551/1010 912/924/1766
f 913/925/1767 543/549/1006 912/924/1766
f 914/926/1007 543/549/1006 913/925/1767
f 915/927/1768 914/926/1769 913/925/1770
f 784/794/1771 914/926/1769 915/927/1768
f 916/928/1772 784/794/1773 915/927/1774
f 783/795/1775 784/794/1773 916/928/1772
f 917/929/1776 783/795/1777 916/928/1778
f 785/793/1779 783/795/1780 917/929/1781
f 918/930/1782 785/793/1779 917/929/1781
f 789/799/1783 785/793/1783 918/930/1783
f 919/931/1784 789/799/1784 918/930/1784
f 920/932/1785 789/799/1785 919/931/1785
f 921/933/1786 920/932/1787 919/931/1788
f 791/801/1789 920/932/1790 921/933/1791
f 922/934/1792 791/801/1789 921/933/1791
f 104/104/1793 791/801/1793 922/934/1793
f 100/100/1794 104/104/1795 922/934/1796
f 102/102/1797 104/104/1795 100/100/1794
f 924/935/1798 923/936/1799 137/937/1800
f 925/938/1801 923/936/1799 924/935/1798
f 926/939/1802 925/938/1802 924/935/1802
f 927/940/1803 925/938/1803 926/939/1803
f 928/941/1804 927/940/1804 926/939/1804
f 929/942/1805 927/940/1806 928/941/1807
f 930/943/1808 929/942/1809 928/941/1810
f 931/944/1811 929/942/1812 930/943/1813
f 932/945/1814 931/944/1811 930/943/1813
f 933/946/1815 931/944/1811 932/945/1814
f 934/947/1816 933/946/1817 932/945/1816
f 935/948/1818 933/946/1817 934/947/1816
f 936/949/1819 935/948/1820 934/947/1821
f 937/950/1822 935/948/1820 936/949/1819
f 938/951/1823 937/950/1824 936/949/1825
f 939/952/1826 937/950/1824 938/951/1823
f 940/953/1827 939/952/1828 938/951/1829
f 941/954/1830 939/952/1828 940/953/1827
f 942/955/1831 941/954/1832 940/953/1833
f 943/956/1834 941/954/1835 942/955/1836
f 944/957/1837 943/956/1834 942/955/1836
f 945/958/1838 943/956/1839 944/957/1840
f 946/959/1841 945/958/1842 944/957/1843
f 947/960/1844 945/958/1842 946/959/1841
f 948/961/1845 947/960/1846 946/959/1847
f 949/962/1848 947/960/1849 948/961/1850
f 950/963/1851 949/962/1848 948/961/1850
f 161/161/1852 949/962/1853 950/963/1854
f 165/165/1855 161/161/1856 950/963/1857
f 163/163/1858 161/161/1856 165/165/1855
f 411/415/1859 409/413/1860 410/414/1861
f 951/964/1862 409/413/1860 411/415/1859
f 621/627/1138 951/964/1863 411/415/1136
f 952/965/1864 951/964/1864 621/627/1864
f 953/966/1865 952/965/1865 621/627/1865
f 954/967/1866 952/965/1866 953/966/1866
f 955/968/1867 954/967/1867 953/966/1867
f 956/969/1868 954/967/1868 955/968/1868
f 957/970/1869 956/969/1870 955/968/1871
f 958/971/1872 956/969/1870 957/970/1869
f 959/972/1873 958/971/1874 957/970/1875
f 960/973/1876 958/971/1874 959/972/1873
f 961/974/1877 960/973/1876 959/972/1873
f 962/975/1878 960/973/1878 961/974/1878
f 963/976/1879 962/975/1880 961/974/1881
f 964/977/1882 962/975/1882 963/976/1882
f 965/978/1883 964/977/1883 963/976/1883
f 966/979/1884 964/977/1885 965/978/1886
f 967/980/1887 966/979/1887 965/978/1887
f 968/981/1888 966/979/1888 967/980/1888
f 969/982/1889 968/981/1889 967/980/1889
f 970/983/1890 968/981/1890 969/982/1890
f 971/984/1891 970/983/1891 969/982/1891
f 972/985/1892 970/983/1892 971/984/1892
f 973/986/1893 972/985/1893 971/984/1893
f 974/987/1894 972/985/1894 973/986/1894
f 549/553/1895 974/987/1895 973/986/1895
f 660/988/1896 974/987/1897 549/553/1898
f 547/555/1899 660/988/1896 549/553/1898
f 619/625/1900 953/966/1900 621/627/1900
f 955/968/1901 953/966/1901 619/625/1901
f 617/623/1902 955/968/1902 619/625/1902
f 975/989/1903 955/968/1903 617/623/1904
f 976/990/1905 975/989/1906 617/623/1907
f 959/972/1873 975/989/1908 976/990/1909
f 977/991/1873 959/972/1873 976/990/1909
f 978/992/1910 959/972/1873 977/991/1873
f 979/993/1911 978/992/1912 977/991/1913
f 980/994/1914 978/992/1912 979/993/1911
f 981/995/1915 980/994/1915 979/993/1915
f 982/996/1916 980/994/1916 981/995/1916
f 983/997/1917 982/996/1918 981/995/1919
f 984/998/1920 982/996/1920 983/997/1920
f 985/999/1921 984/998/1921 983/997/1921
f 986/1000/1922 984/998/1923 985/999/1924
f 987/1001/1925 986/1000/1922 985/999/1924
f 988/1002/1926 986/1000/1922 987/1001/1925
f 989/1003/1927 988/1002/1928 987/1001/1929
f 990/1004/1930 988/1002/1930 989/1003/1930
f 991/1005/1931 990/1004/1932 989/1003/1933
f 992/1006/1934 990/1004/1935 991/1005/1936
f 993/1007/1937 992/1006/1934 991/1005/1936
f 994/1008/1938 992/1006/1939 993/1007/1940
f 995/1009/1941 994/1008/1942 993/1007/1943
f 959/972/1873 994/1008/1876 995/1009/1876
f 961/974/1877 959/972/1873 995/1009/1876
f 337/340/1944 56/56/1944 58/58/1944
f 700/707/1945 56/56/1945 337/340/1945
f 996/1010/1946 700/707/1946 337/340/1946
f 753/763/1404 700/707/1403 996/1010/1947
f 333/336/1948 753/763/1949 996/1010/1950
f 997/1011/1951 753/763/1949 333/336/1948
f 331/334/607 997/1011/1952 333/336/605
f 751/761/1953 997/1011/1954 331/334/1955
f 998/1012/1956 751/761/1953 331/334/1955
f 749/759/1394 751/761/1393 998/1012/1957
f 327/330/1958 749/759/1959 998/1012/1960
f 999/1013/1961 749/759/1959 327/330/1958
f 325/328/593 999/1013/1962 327/330/591
f 747/757/1963 999/1013/1964 325/328/1965
f 1000/1014/1966 747/757/1963 325/328/1965
f 745/755/1382 747/757/1381 1000/1014/1967
f 321/324/1968 745/755/1969 1000/1014/1970
f 1001/1015/1971 745/755/1969 321/324/1968
f 319/322/579 1001/1015/1972 321/324/577
f 743/753/1973 1001/1015/1974 319/322/1975
f 1002/1016/1976 743/753/1973 319/322/1975
f 741/751/1370 743/753/1369 1002/1016/1977
f 315/318/1978 741/751/1979 1002/1016/1980
f 1003/1017/1981 741/751/1979 315/318/1978
f 313/316/1982 1003/1017/1982 315/318/1982
f 311/314/1983 1003/1017/1983 313/316/1983
f 1004/1018/1984 866/1019/1984 1/1020/1984
f 868/880/1985 866/1019/1986 1004/1018/1987
f 1005/1021/1988 868/880/1985 1004/1018/1987
f 870/882/1652 868/880/1654 1005/1021/1989
f 1006/1022/1990 870/882/1991 1005/1021/1992
f 1007/1023/1993 870/882/1991 1006/1022/1990
f 1008/1024/1994 1007/1023/1995 1006/1022/1996
f 872/884/1997 1007/1023/1998 1008/1024/1999
f 1009/1025/2000 872/884/1997 1008/1024/1999
f 874/886/1664 872/884/1666 1009/1025/2001
f 1010/1026/2002 874/886/2003 1009/1025/2004
f 1011/1027/2005 874/886/2003 1010/1026/2002
f 1012/1028/2006 1011/1027/2007 1010/1026/2008
f 876/888/2009 1011/1027/2010 1012/1028/2011
f 1013/1029/2012 876/888/2009 1012/1028/2011
f 878/890/1676 876/888/1678 1013/1029/2013
f 1014/1030/2014 878/890/2015 1013/1029/2016
f 1015/1031/2017 878/890/2015 1014/1030/2014
f 1016/1032/2018 1015/1031/2019 1014/1030/2020
f 880/892/2021 1015/1031/2022 1016/1032/2023
f 1017/1033/2024 880/892/2021 1016/1032/2023
f 882/894/1688 880/892/1690 1017/1033/2025
f 1018/1034/2026 882/894/2027 1017/1033/2028
f 1019/1035/2029 882/894/2027 1018/1034/2026
f 34/34/2030 1019/1035/2030 1018/1034/2030
f 36/36/64 1019/1035/2031 34/34/65
f 217/1036/2032 1020/1037/2032 1/1038/2032
f 1021/1039/2033 1020/1037/2034 217/1036/2035
f 1022/1040/2036 1021/1039/2033 217/1036/2035
f 1023/1041/2037 1021/1039/2038 1022/1040/2039
f 219/220/2040 1023/1041/2041 1022/1040/2042
f 1024/1042/2043 1023/1041/2041 219/220/2040
f 221/222/400 1024/1042/2044 219/220/401
f 1025/1043/2045 1024/1042/2045 221/222/2045
f 1026/1044/2046 1025/1043/2046 221/222/2046
f 1027/1045/2047 1025/1043/2048 1026/1044/2049
f 1028/1046/2050 1027/1045/2051 1026/1044/2052
f 1029/1047/2053 1027/1045/2051 1028/1046/2050
f 1030/1048/2054 1029/1047/2055 1028/1046/2056
f 1031/1049/2057 1029/1047/2055 1030/1048/2054
f 1032/1050/2058 1031/1049/2059 1030/1048/2060
f 1033/1051/2061 1031/1049/2059 1032/1050/2058
f 1034/1052/2062 1033/1051/2063 1032/1050/2064
f 1035/1053/2065 1033/1051/2063 1034/1052/2062
f 237/238/431 1035/1053/2066 1034/1052/2067
f 1036/1054/2068 1035/1053/2066 237/238/431
f 1037/1055/434 1036/1054/2068 237/238/431
f 1038/1056/2069 1036/1054/2070 1037/1055/2071
f 1039/1057/2072 1038/1056/2073 1037/1055/2072
f 1040/1058/2074 1038/1056/2075 1039/1057/2076
f 243/244/2077 1040/1058/2077 1039/1057/2077
f 245/246/2078 1040/1058/2078 243/244/2078
f 1020/1059/2079 1041/1060/2079 1/1061/2079
f 1042/1062/2080 1041/1060/2081 1020/1059/2082
f 1043/1063/2083 1042/1062/2080 1020/1059/2082
f 1044/1064/2084 1042/1062/2085 1043/1063/2086
f 1021/1039/2087 1044/1064/2088 1043/1063/2089
f 1045/1065/2090 1044/1064/2088 1021/1039/2087
f 1023/1041/2037 1045/1065/2091 1021/1039/2038
f 1046/1066/2092 1045/1065/2093 1023/1041/2094
f 1047/1067/2095 1046/1066/2092 1023/1041/2094
f 1048/1068/2096 1046/1066/2097 1047/1067/2098
f 1025/1043/2099 1048/1068/2100 1047/1067/2101
f 1049/1069/2102 1048/1068/2100 1025/1043/2099
f 1027/1045/2047 1049/1069/2103 1025/1043/2048
f 1050/1070/2104 1049/1069/2104 1027/1045/2104
f 1051/1071/2105 1050/1070/2105 1027/1045/2105
f 1052/1072/2106 1050/1070/2107 1051/1071/2108
f 1053/1073/2109 1052/1072/2110 1051/1071/2111
f 1054/1074/2112 1052/1072/2110 1053/1073/2109
f 1055/1075/2113 1054/1074/2114 1053/1073/2115
f 1056/1076/2116 1054/1074/2114 1055/1075/2113
f 1040/1058/2117 1056/1076/2116 1055/1075/2113
f 1057/1077/2118 1056/1076/2116 1040/1058/2117
f 1058/1078/2119 1057/1077/2118 1040/1058/2117
f 249/250/2120 1057/1077/2120 1058/1078/2120
f 245/246/2121 249/250/2121 1058/1078/2121
f 247/248/2122 249/250/2122 245/246/2122
f 725/732/2123 1059/1079/2123 727/734/2123
f 1060/1080/2124 1059/1079/2124 725/732/2124
f 1061/1081/2125 1060/1080/2126 725/732/2127
f 1062/1082/2128 1060/1080/2129 1061/1081/2130
f 1063/1083/2131 1062/1082/2128 1061/1081/2130
f 1064/1084/2132 1062/1082/2133 1063/1083/2134
f 1065/1085/2134 1064/1084/2132 1063/1083/2134
f 1066/1086/2133 1064/1084/2132 1065/1085/2134
f 1067/1087/2135 1066/1086/2136 1065/1085/2137
f 1068/1088/2138 1066/1086/2136 1067/1087/2135
f 1069/1089/2139 1068/1088/2139 1067/1087/2139
f 1070/1090/2140 1068/1088/2140 1069/1089/2140
f 1071/1091/2141 1070/1090/2141 1069/1089/2141
f 1072/1092/2142 1070/1090/2143 1071/1091/2144
f 1073/1093/2145 1072/1092/2145 1071/1091/2145
f 1074/1094/2146 1072/1092/2146 1073/1093/2146
f 1075/1095/2147 1074/1094/2147 1073/1093/2147
f 1076/1096/2148 1074/1094/2148 1075/1095/2148
f 1077/1097/2149 1076/1096/2149 1075/1095/2149
f 1078/1098/2150 1076/1096/2151 1077/1097/2152
f 1079/1099/2153 1078/1098/2150 1077/1097/2152
f 1080/1100/2154 1078/1098/2154 1079/1099/2154
f 1081/1101/2155 1080/1100/2155 1079/1099/2155
f 1082/1102/2156 1080/1100/2156 1081/1101/2156
f 1083/1103/2157 1082/1102/2158 1081/1101/2159
f 92/92/2160 1082/1102/2161 1083/1103/2162
f 639/645/2163 643/649/2164 641/647/2165
f 1084/1104/2166 643/649/2164 639/645/2163
f 1085/1105/2167 1084/1104/2167 639/645/2167
f 1086/1106/2168 1084/1104/2168 1085/1105/2168
f 1087/1107/2169 1086/1106/2170 1085/1105/2171
f 1088/1108/2172 1086/1106/2170 1087/1107/2169
f 1089/1109/2173 1088/1108/2173 1087/1107/2174
f 1090/1110/2175 1088/1108/2173 1089/1109/2173
f 1091/1111/2176 1090/1110/2176 1089/1109/2177
f 1092/1112/2178 1090/1110/2176 1091/1111/2176
f 1064/1084/2132 1092/1112/2179 1091/1111/2180
f 1093/1113/2181 1092/1112/2179 1064/1084/2132
f 1094/1114/2180 1093/1113/2181 1064/1084/2132
f 1095/1115/2182 1093/1113/2182 1094/1114/2182
f 1096/1116/2183 1095/1115/2183 1094/1114/2184
f 1090/1110/2183 1095/1115/2183 1096/1116/2183
f 1097/1117/2185 1090/1110/2185 1096/1116/2185
f 1088/1108/2186 1090/1110/2186 1097/1117/2186
f 1098/1118/2187 1088/1108/2188 1097/1117/2189
f 1099/1119/2190 1088/1108/2188 1098/1118/2187
f 1100/1120/2191 1099/1119/2191 1098/1118/2191
f 1101/1121/2192 1099/1119/2192 1100/1120/2192
f 906/918/2193 1101/1121/2194 1100/1120/2195
f 1102/1122/2196 1101/1121/2194 906/918/2193
f 645/651/2197 1102/1122/2197 906/918/2197
f 643/649/1175 1102/1122/2198 645/651/1174
f 1105/1123/2199 1104/1124/2200 1103/1125/2201
f 1106/1126/2202 1104/1124/2200 1105/1123/2199
f 1107/1127/2203 1106/1126/2203 1105/1123/2203
f 1108/1128/2204 1106/1126/2205 1107/1127/2206
f 1109/1129/2207 1108/1128/2204 1107/1127/2206
f 1110/1130/2208 1108/1128/2208 1109/1129/2208
f 1111/1131/2209 1110/1130/2209 1109/1129/2209
f 1112/1132/2210 1110/1130/2210 1111/1131/2210
f 1113/1133/2211 1112/1132/2211 1111/1131/2211
f 1114/1134/2212 1112/1132/2212 1113/1133/2212
f 1115/1135/2213 1114/1134/2213 1113/1133/2213
f 1116/1136/2214 1114/1134/2214 1115/1135/2214
f 1117/1137/2215 1116/1136/2216 1115/1135/2217
f 1118/1138/2218 1116/1136/2216 1117/1137/2215
f 838/846/2219 1118/1138/2220 1117/1137/2221
f 1119/1139/2222 1118/1138/2223 838/846/2224
f 836/848/2225 1119/1139/2222 838/846/2224
f 1120/1140/2226 1119/1139/2226 836/848/2226
f 837/847/2227 1120/1140/2228 836/848/2229
f 1121/1141/2230 1120/1140/2228 837/847/2227
f 1122/1142/2231 1121/1141/2231 837/847/2231
f 1123/1143/2232 1121/1141/2232 1122/1142/2232
f 1124/1144/2233 1123/1143/2233 1122/1142/2233
f 570/576/2234 1123/1143/2234 1124/1144/2234
f 568/574/1041 570/576/1045 1124/1144/2235
f 1119/1139/2236 1116/1136/2237 1118/1138/2238
f 1125/1145/2239 1116/1136/2237 1119/1139/2236
f 1126/1146/2240 1125/1145/2240 1119/1139/2240
f 1127/1147/2241 1125/1145/2241 1126/1146/2241
f 1128/1148/2242 1127/1147/2242 1126/1146/2242
f 1129/1149/2243 1127/1147/2244 1128/1148/2245
f 1130/1150/2246 1129/1149/2246 1128/1148/2246
f 1131/1151/2247 1129/1149/2247 1130/1150/2247
f 1132/1152/2248 1131/1151/2248 1130/1150/2248
f 1133/1153/2249 1131/1151/2249 1132/1152/2249
f 1134/1154/2250 1133/1153/2250 1132/1152/2250
f 1135/1155/2251 1133/1153/2251 1134/1154/2251
f 1136/1156/2252 1135/1155/2252 1134/1154/2252
f 1137/1157/2253 1135/1155/2254 1136/1156/2254
f 1138/1158/2254 1137/1157/2253 1136/1156/2254
f 1139/1159/2255 1137/1157/2253 1138/1158/2254
f 1140/1160/2256 1139/1159/2256 1138/1158/2256
f 1141/1161/2257 1139/1159/2257 1140/1160/2257
f 592/598/2258 1141/1161/2259 1140/1160/2260
f 1142/1162/2261 1141/1161/2259 592/598/2258
f 590/596/1078 1142/1162/2262 592/598/1078
f 67/67/2263 1142/1162/2263 590/596/2263
f 1143/1163/2264 67/67/2264 590/596/2264
f 69/69/2265 67/67/2265 1143/1163/2265
f 590/596/2266 69/69/2266 1143/1163/2266
f 2/1164/2267 1144/1165/2267 1/1166/2267
f 1145/1167/2268 1144/1165/2269 2/1164/2270
f 1146/1168/2271 1145/1167/2268 2/1164/2270
f 1147/1169/2272 1145/1167/2273 1146/1168/2274
f 4/4/2275 1147/1169/2276 1146/1168/2277
f 1148/1170/2278 1147/1169/2276 4/4/2275
f 6/6/6 1148/1170/2279 4/4/7
f 1149/1171/2280 1148/1170/2280 6/6/2280
f 1150/1172/2281 1149/1171/2281 6/6/2281
f 1151/1173/2282 1149/1171/2282 1150/1172/2282
f 1152/1174/2283 1151/1173/2283 1150/1172/2283
f 1153/1175/2284 1151/1173/2285 1152/1174/2286
f 1154/1176/2287 1153/1175/2284 1152/1174/2286
f 1155/1177/2288 1153/1175/2288 1154/1176/2288
f 1156/1178/2289 1155/1177/2290 1154/1176/2291
f 1157/1179/2292 1155/1177/2290 1156/1178/2289
f 1158/1180/2293 1157/1179/2294 1156/1178/2295
f 1159/1181/2296 1157/1179/2294 1158/1180/2293
f 22/22/44 1159/1181/45 1158/1180/2297
f 1160/1182/2298 1159/1181/45 22/22/44
f 1161/1183/2297 1160/1182/2298 22/22/44
f 1162/1184/2299 1160/1182/2300 1161/1183/2301
f 26/26/2302 1162/1184/2303 1161/1183/2304
f 28/28/2305 1162/1184/2305 26/26/2305
f 1163/1185/2306 1004/1186/2306 1/1187/2306
f 1006/1022/2307 1004/1186/2308 1163/1185/2309
f 1164/1188/2310 1006/1022/2307 1163/1185/2309
f 1008/1024/1994 1006/1022/1996 1164/1188/2311
f 1165/1189/2312 1008/1024/2313 1164/1188/2314
f 1166/1190/2315 1008/1024/2313 1165/1189/2312
f 1167/1191/2316 1166/1190/2317 1165/1189/2318
f 1010/1026/2319 1166/1190/2320 1167/1191/2321
f 1168/1192/2322 1010/1026/2319 1167/1191/2321
f 1012/1028/2006 1010/1026/2008 1168/1192/2323
f 1169/1193/2324 1012/1028/2325 1168/1192/2326
f 1170/1194/2327 1012/1028/2325 1169/1193/2324
f 1171/1195/2328 1170/1194/2328 1169/1193/2328
f 1014/1030/2329 1170/1194/2329 1171/1195/2329
f 1172/1196/2330 1014/1030/2330 1171/1195/2330
f 1016/1032/2018 1014/1030/2020 1172/1196/2331
f 1173/1197/2332 1016/1032/2333 1172/1196/2334
f 1174/1198/2335 1016/1032/2333 1173/1197/2332
f 1175/1199/2336 1174/1198/2337 1173/1197/2338
f 1018/1034/2339 1174/1198/2340 1175/1199/2341
f 1176/1200/2342 1018/1034/2339 1175/1199/2341
f 34/34/2343 1018/1034/2343 1176/1200/2343
f 30/30/2344 34/34/2344 1176/1200/2344
f 32/32/2345 34/34/2345 30/30/2345
f 1179/1201/2346 1178/1202/2346 1177/1203/2346
f 1180/1204/2347 1178/1202/2348 1179/1201/2349
f 1181/1205/2350 1180/1204/2347 1179/1201/2349
f 1182/1206/2351 1180/1204/2352 1181/1205/2353
f 1183/1207/2354 1182/1206/2355 1181/1205/2356
f 1184/1208/2357 1182/1206/2355 1183/1207/2354
f 1185/1209/2358 1184/1208/2359 1183/1207/2360
f 1186/1210/2361 1184/1208/2362 1185/1209/2363
f 1187/1211/2364 1186/1210/2361 1185/1209/2363
f 1188/1212/2365 1186/1210/2365 1187/1211/2365
f 1189/1213/2366 1188/1212/2367 1187/1211/2368
f 1190/1214/2369 1188/1212/2367 1189/1213/2366
f 1191/1215/2370 1190/1214/2371 1189/1213/2372
f 1192/1216/2373 1190/1214/2374 1191/1215/2375
f 1193/1217/2376 1192/1216/2373 1191/1215/2375
f 1194/1218/2377 1192/1216/2378 1193/1217/2379
f 1195/1219/2380 1194/1218/2381 1193/1217/2382
f 1196/1220/2383 1194/1218/2381 1195/1219/2380
f 1197/1221/2384 1196/1220/2385 1195/1219/2386
f 1198/1222/2387 1196/1220/2388 1197/1221/2389
f 1199/1223/2390 1198/1222/2387 1197/1221/2389
f 255/256/2391 1198/1222/2391 1199/1223/2391
f 251/252/2392 255/256/2393 1199/1223/2394
f 253/254/2395 255/256/2393 251/252/2392
f 1113/1133/2396 1117/1137/2397 1115/1135/2398
f 1200/1224/2399 1117/1137/2397 1113/1133/2396
f 1201/1225/2400 1200/1224/2401 1113/1133/2402
f 1202/1226/2403 1200/1224/2404 1201/1225/2405
f 1203/1227/2406 1202/1226/2403 1201/1225/2405
f 1204/1228/2407 1202/1226/2408 1203/1227/2409
f 1205/1229/2410 1204/1228/2411 1203/1227/2412
f 1206/1230/2413 1204/1228/2411 1205/1229/2410
f 1207/1231/2414 1206/1230/2415 1205/1229/2416
f 1208/1232/2417 1206/1230/2418 1207/1231/2419
f 1209/1233/2420 1208/1232/2417 1207/1231/2419
f 1210/1234/2421 1208/1232/2422 1209/1233/2423
f 1211/1235/2424 1210/1234/2425 1209/1233/2426
f 1212/1236/2427 1210/1234/2425 1211/1235/2424
f 1213/1237/2428 1212/1236/2429 1211/1235/2430
f 1214/1238/2431 1212/1236/2432 1213/1237/2433
f 1215/1239/2434 1214/1238/2431 1213/1237/2433
f 1216/1240/2435 1214/1238/2436 1215/1239/2437
f 1217/1241/2438 1216/1240/2439 1215/1239/2440
f 1218/1242/2441 1216/1240/2439 1217/1241/2438
f 864/874/2442 1218/1242/2443 1217/1241/2444
f 860/870/2445 1218/1242/2446 864/874/2445
f 862/872/2447 860/870/2445 864/874/2445
f 1041/1243/2448 1177/1203/2448 1/1244/2448
f 1179/1201/2449 1177/1203/2450 1041/1243/2451
f 1219/1245/2452 1179/1201/2449 1041/1243/2451
f 1183/1207/2453 1179/1201/2454 1219/1245/2455
f 1042/1062/2456 1183/1207/2457 1219/1245/2458
f 1220/1246/2459 1183/1207/2457 1042/1062/2456
f 1044/1064/2084 1220/1246/2460 1042/1062/2085
f 1185/1209/2461 1220/1246/2462 1044/1064/2463
f 1221/1247/2464 1185/1209/2461 1044/1064/2463
f 1189/1213/2465 1185/1209/2466 1221/1247/2467
f 1046/1066/2468 1189/1213/2469 1221/1247/2470
f 1222/1248/2471 1189/1213/2469 1046/1066/2468
f 1048/1068/2096 1222/1248/2472 1046/1066/2097
f 1191/1215/2473 1222/1248/2474 1048/1068/2475
f 1223/1249/2476 1191/1215/2473 1048/1068/2475
f 1195/1219/2477 1191/1215/2478 1223/1249/2479
f 1050/1070/2480 1195/1219/2481 1223/1249/2482
f 1224/1250/2483 1195/1219/2481 1050/1070/2480
f 1052/1072/2106 1224/1250/2484 1050/1070/2107
f 1197/1221/2485 1224/1250/2486 1052/1072/2487
f 1225/1251/2488 1197/1221/2485 1052/1072/2487
f 251/252/2489 1197/1221/2489 1225/1251/2489
f 249/250/2490 251/252/2490 1225/1251/2490
f 532/538/2491 536/542/2491 534/540/2491
f 1226/1252/2492 536/542/2492 532/538/2492
f 1227/1253/2493 1226/1252/2493 532/538/2493
f 1228/1254/2494 1226/1252/2494 1227/1253/2494
f 1229/1255/2495 1228/1254/2496 1227/1253/2497
f 1230/1256/2498 1228/1254/2496 1229/1255/2495
f 1231/1257/2499 1230/1256/2499 1229/1255/2499
f 1232/1258/2500 1230/1256/2500 1231/1257/2500
f 1233/1259/2501 1232/1258/2502 1231/1257/2503
f 1234/1260/2502 1232/1258/2502 1233/1259/2501
f 1235/1261/2504 1234/1260/2505 1233/1259/2506
f 1236/1262/2507 1234/1260/2505 1235/1261/2504
f 1237/1263/2508 1236/1262/2507 1235/1261/2504
f 1238/1264/2509 1236/1262/2510 1237/1263/2509
f 1239/1265/2511 1238/1264/2512 1237/1263/2513
f 1240/1266/2514 1238/1264/2514 1239/1265/2514
f 1241/1267/2515 1240/1266/2515 1239/1265/2515
f 1242/1268/2516 1240/1266/2517 1241/1267/2518
f 1243/1269/2519 1242/1268/2519 1241/1267/2519
f 1244/1270/2520 1242/1268/2520 1243/1269/2520
f 1245/1271/2521 1244/1270/2521 1243/1269/2521
f 822/832/2522 1244/1270/2523 1245/1271/2524
f 820/830/2525 822/832/2525 1245/1271/2525
f 1083/1103/2526 1247/1272/2527 1246/1273/2528
f 1248/1274/2529 1247/1272/2527 1083/1103/2526
f 1081/1101/2159 1248/1274/2530 1083/1103/2157
f 1249/1275/2531 1248/1274/2531 1081/1101/2531
f 1250/1276/2532 1249/1275/2533 1081/1101/2534
f 1251/1277/2535 1249/1275/2535 1250/1276/2535
f 1252/1278/2536 1251/1277/2536 1250/1276/2536
f 1253/1279/2537 1251/1277/2538 1252/1278/2539
f 1254/1280/2540 1253/1279/2541 1252/1278/2542
f 1255/1281/2543 1253/1279/2544 1254/1280/2545
f 1256/1282/2546 1255/1281/2543 1254/1280/2545
f 1257/1283/2547 1255/1281/2543 1256/1282/2546
f 1258/1284/2548 1257/1283/2549 1256/1282/2549
f 1259/1285/2550 1257/1283/2549 1258/1284/2548
f 1260/1286/2551 1259/1285/2552 1258/1284/2553
f 1261/1287/2554 1259/1285/2552 1260/1286/2551
f 1262/1288/2555 1261/1287/2556 1260/1286/2557
f 709/716/2555 1261/1287/2556 1262/1288/2555
f 1263/1289/2555 709/716/2555 1262/1288/2555
f 711/718/2558 709/716/2558 1263/1289/2558
f 1264/1290/2559 711/718/2559 1263/1289/2559
f 713/720/1299 711/718/1299 1264/1290/2560
f 715/722/2561 713/720/2562 1264/1290/2561
f 1267/1291/2563 1266/1292/2563 1265/1293/2564
f 1268/1294/2563 1266/1292/2563 1267/1291/2563
f 1269/1295/2565 1268/1294/2566 1267/1291/2567
f 1270/1296/2568 1268/1294/2569 1269/1295/2568
f 1271/1297/2568 1270/1296/2568 1269/1295/2568
f 1272/1298/2570 1270/1296/2570 1271/1297/2570
f 1273/1299/2571 1272/1298/2572 1271/1297/2573
f 1274/1300/2574 1272/1298/2572 1273/1299/2571
f 1275/1301/2575 1274/1300/2575 1273/1299/2575
f 1276/1302/2576 1274/1300/2576 1275/1301/2576
f 1277/1303/2577 1276/1302/2577 1275/1301/2577
f 1278/1304/2578 1276/1302/2578 1277/1303/2578
f 1279/1305/2579 1278/1304/2580 1277/1303/2581
f 1280/1306/2582 1278/1304/2582 1279/1305/2582
f 1281/1307/2583 1280/1306/2583 1279/1305/2583
f 632/638/2584 1280/1306/2585 1281/1307/2586
f 1282/1308/2587 632/638/2587 1281/1307/2587
f 630/636/2588 632/638/2588 1282/1308/2588
f 1283/1309/2589 630/636/2590 1282/1308/2591
f 628/634/2592 630/636/2592 1283/1309/2592
f 1284/1310/2593 628/634/2593 1283/1309/2593
f 624/630/2594 628/634/2594 1284/1310/2594
f 732/739/1333 624/630/1335 1284/1310/2595
f 354/358/2596 350/354/2597 352/356/2598
f 1285/1311/2599 350/354/2597 354/358/2596
f 1286/1312/2600 1285/1311/2601 354/358/2602
f 1287/1313/2603 1285/1311/2604 1286/1312/2605
f 1288/1314/2606 1287/1313/2603 1286/1312/2605
f 1289/1315/2607 1287/1313/2607 1288/1314/2607
f 1290/1316/2608 1289/1315/2608 1288/1314/2608
f 1291/1317/2609 1289/1315/2609 1290/1316/2609
f 1292/1318/2610 1291/1317/2610 1290/1316/2610
f 1293/1319/2611 1291/1317/2612 1292/1318/2613
f 1294/1320/2614 1293/1319/2615 1292/1318/2616
f 1295/1321/2617 1293/1319/2615 1294/1320/2614
f 1296/1322/2618 1295/1321/2619 1294/1320/2620
f 1297/1323/2621 1295/1321/2622 1296/1322/2623
f 1298/1324/2624 1297/1323/2621 1296/1322/2623
f 1299/1325/2625 1297/1323/2626 1298/1324/2627
f 1300/1326/2628 1299/1325/2629 1298/1324/2630
f 1301/1327/2631 1299/1325/2629 1300/1326/2628
f 1302/1328/2632 1301/1327/2633 1300/1326/2634
f 1303/1329/2635 1301/1327/2636 1302/1328/2637
f 1304/1330/2638 1303/1329/2635 1302/1328/2637
f 171/171/2639 1303/1329/2639 1304/1330/2639
f 173/173/2640 171/171/2640 1304/1330/2640
f 847/857/2641 843/853/2642 845/855/2643
f 1305/1331/2644 843/853/2642 847/857/2641
f 1306/1332/2645 1305/1331/2646 847/857/2647
f 1307/1333/2648 1305/1331/2648 1306/1332/2648
f 1308/1334/2649 1307/1333/2649 1306/1332/2649
f 1309/1335/2650 1307/1333/2650 1308/1334/2650
f 1310/1336/2651 1309/1335/2651 1308/1334/2651
f 1311/1337/2652 1309/1335/2653 1310/1336/2654
f 1312/1338/2655 1311/1337/2652 1310/1336/2654
f 1313/1339/2656 1311/1337/2656 1312/1338/2656
f 1314/1340/2657 1313/1339/2658 1312/1338/2659
f 1315/1341/2660 1313/1339/2661 1314/1340/2662
f 1316/1342/2663 1315/1341/2664 1314/1340/2665
f 1317/1343/2666 1315/1341/2667 1316/1342/2668
f 1318/1344/2669 1317/1343/2666 1316/1342/2668
f 1319/1345/2670 1317/1343/2666 1318/1344/2669
f 1320/1346/2671 1319/1345/2671 1318/1344/2672
f 1321/1347/2671 1319/1345/2671 1320/1346/2671
f 1322/1348/2673 1321/1347/2673 1320/1346/2673
f 1323/1349/2674 1321/1347/2674 1322/1348/2674
f 564/570/2675 1323/1349/2675 1322/1348/2675
f 566/572/2676 1323/1349/2676 564/570/2676
f 794/804/2677 1324/1350/2677 792/802/2677
f 1325/1351/2678 1324/1350/2679 794/804/2680
f 796/806/2681 1325/1351/2681 794/804/2681
f 1326/1352/2682 1325/1351/2682 796/806/2682
f 1327/1353/2683 1326/1352/2683 796/806/2683
f 529/535/2684 1326/1352/2685 1327/1353/2686
f 798/808/2687 529/535/2688 1327/1353/2689
f 1328/1354/2690 529/535/2688 798/808/2687
f 800/810/2691 1328/1354/2691 798/808/2691
f 523/529/2692 1328/1354/2692 800/810/2692
f 1329/1355/2693 523/529/2693 800/810/2693
f 519/525/2694 523/529/2695 1329/1355/2696
f 802/812/2697 519/525/2698 1329/1355/2699
f 1330/1356/2700 519/525/2698 802/812/2697
f 804/814/2701 1330/1356/2701 802/812/2701
f 511/517/2702 1330/1356/2703 804/814/2704
f 1331/1357/2705 511/517/2702 804/814/2704
f 509/515/958 511/517/957 1331/1357/2706
f 806/816/2707 509/515/2708 1331/1357/2709
f 1332/1358/2710 509/515/2708 806/816/2707
f 132/132/2711 1332/1358/2712 806/816/2713
f 134/134/247 1332/1358/2714 132/132/248
f 1107/1127/2715 1111/1131/2716 1109/1129/2717
f 1333/1359/2718 1111/1131/2716 1107/1127/2715
f 1334/1360/2719 1333/1359/2720 1107/1127/2721
f 1335/1361/2722 1333/1359/2723 1334/1360/2724
f 1336/1362/2725 1335/1361/2722 1334/1360/2724
f 1337/1363/2726 1335/1361/2727 1336/1362/2728
f 1338/1364/2729 1337/1363/2730 1336/1362/2731
f 1339/1365/2732 1337/1363/2730 1338/1364/2729
f 1340/1366/2733 1339/1365/2734 1338/1364/2735
f 1341/1367/2736 1339/1365/2737 1340/1366/2738
f 1342/1368/2739 1341/1367/2736 1340/1366/2738
f 1343/1369/2740 1341/1367/2741 1342/1368/2742
f 1344/1370/2743 1343/1369/2744 1342/1368/2745
f 1345/1371/2746 1343/1369/2744 1344/1370/2743
f 1346/1372/2747 1345/1371/2748 1344/1370/2749
f 1347/1373/2750 1345/1371/2751 1346/1372/2752
f 1348/1374/2753 1347/1373/2750 1346/1372/2752
f 1349/1375/2754 1347/1373/2755 1348/1374/2756
f 1350/1376/2757 1349/1375/2758 1348/1374/2759
f 481/486/2760 1349/1375/2758 1350/1376/2757
f 483/488/2761 481/486/2761 1350/1376/2761
f 505/1377/2762 3/1378/2762 1/1379/2762
f 7/7/2763 3/1378/2764 505/1377/2765
f 1351/1380/2766 7/7/2763 505/1377/2765
f 9/9/13 7/7/15 1351/1380/2767
f 503/508/2768 9/9/2769 1351/1380/2770
f 1352/1381/2771 9/9/2769 503/508/2768
f 501/506/2772 1352/1381/2772 503/508/2772
f 13/13/2773 1352/1381/2774 501/506/2775
f 1353/1382/2776 13/13/2773 501/506/2775
f 15/15/2777 13/13/2777 1353/1382/2777
f 1354/1383/2778 15/15/2779 1353/1382/2780
f 17/17/2781 15/15/2781 1354/1383/2781
f 1355/1384/2782 17/17/2783 1354/1383/2784
f 1356/1385/2785 17/17/2783 1355/1384/2782
f 1357/1386/2786 1356/1385/2785 1355/1384/2782
f 1358/1387/2787 1356/1385/2785 1357/1386/2786
f 1359/1388/2788 1358/1387/2789 1357/1386/2786
f 1360/1389/2790 1358/1387/2790 1359/1388/2790
f 1361/1390/2791 1360/1389/2791 1359/1388/2791
f 487/492/2792 1360/1389/2792 1361/1390/2792
f 489/494/916 487/492/918 1361/1390/2793
f 119/119/2794 386/390/2795 1362/1391/2796
f 1363/1392/2797 386/390/2795 119/119/2794
f 115/115/2798 1363/1392/2799 119/119/2800
f 384/388/2801 1363/1392/2802 115/115/2803
f 1364/1393/2804 384/388/2801 115/115/2803
f 1365/1394/2805 384/388/2806 1364/1393/2807
f 113/113/2808 1365/1394/2809 1364/1393/2810
f 1366/1395/2811 1365/1394/2809 113/113/2808
f 109/109/2812 1366/1395/2812 113/113/2812
f 1367/1396/2813 1366/1395/2813 109/109/2813
f 1368/1397/2814 1367/1396/2814 109/109/2814
f 1369/1398/2815 1367/1396/2816 1368/1397/2817
f 107/107/2818 1369/1398/2819 1368/1397/2820
f 1370/1399/2821 1369/1398/2819 107/107/2818
f 103/103/2822 1370/1399/2823 107/107/2824
f 1371/1400/2825 1370/1399/2826 103/103/2827
f 1372/1401/2828 1371/1400/2825 103/103/2827
f 435/439/2829 1371/1400/2830 1372/1401/2831
f 101/101/2832 435/439/2832 1372/1401/2832
f 433/437/2833 435/439/2833 101/101/2833
f 97/97/2834 433/437/2835 101/101/2836
f 1100/1120/2837 908/920/2838 906/918/2839
f 1373/1402/2840 908/920/2838 1100/1120/2837
f 1374/1403/2841 1373/1402/2841 1100/1120/2841
f 1375/1404/2842 1373/1402/2842 1374/1403/2842
f 1376/1405/2843 1375/1404/2844 1374/1403/2845
f 1377/1406/2846 1375/1404/2846 1376/1405/2846
f 1378/1407/2847 1377/1406/2848 1376/1405/2849
f 915/927/2850 1377/1406/2848 1378/1407/2847
f 1379/1408/2851 915/927/2850 1378/1407/2847
f 916/928/1772 915/927/1774 1379/1408/2852
f 1380/1409/2853 916/928/1778 1379/1408/2854
f 917/929/1776 916/928/1778 1380/1409/2853
f 1381/1410/2855 917/929/2855 1380/1409/2855
f 919/931/2856 917/929/2856 1381/1410/2856
f 1382/1411/2857 919/931/2858 1381/1410/2859
f 1383/1412/2860 919/931/2858 1382/1411/2857
f 1384/1413/2861 1383/1412/2862 1382/1411/2863
f 921/933/2864 1383/1412/2865 1384/1413/2866
f 1385/1414/2867 921/933/2864 1384/1413/2866
f 100/100/2868 921/933/2869 1385/1414/2870
f 98/98/174 100/100/173 1385/1414/2871
f 1289/1315/2872 1386/1415/2872 1287/1313/2872
f 1387/1416/2873 1386/1415/2873 1289/1315/2873
f 1291/1317/2874 1387/1416/2874 1289/1315/2874
f 1388/1417/2875 1387/1416/2876 1291/1317/2877
f 1389/1418/2878 1388/1417/2875 1291/1317/2877
f 1390/1419/2879 1388/1417/2880 1389/1418/2881
f 1293/1319/2882 1390/1419/2883 1389/1418/2884
f 1391/1420/2885 1390/1419/2883 1293/1319/2882
f 1297/1323/2886 1391/1420/2887 1293/1319/2888
f 1392/1421/2889 1391/1420/2890 1297/1323/2891
f 1393/1422/2892 1392/1421/2889 1297/1323/2891
f 1394/1423/2893 1392/1421/2894 1393/1422/2895
f 1299/1325/2896 1394/1423/2897 1393/1422/2898
f 1395/1424/2899 1394/1423/2897 1299/1325/2896
f 1303/1329/2900 1395/1424/2901 1299/1325/2902
f 1396/1425/2903 1395/1424/2904 1303/1329/2905
f 1397/1426/2906 1396/1425/2903 1303/1329/2905
f 167/167/2907 1396/1425/2908 1397/1426/2909
f 171/171/2910 167/167/2911 1397/1426/2912
f 169/169/2913 167/167/2911 171/171/2910
f 1398/1427/2914 345/1428/2914 137/1429/2914
f 1399/1430/2915 345/1428/2916 1398/1427/2917
f 1400/1431/2918 1399/1430/2915 1398/1427/2917
f 1401/1432/2919 1399/1430/2920 1400/1431/2921
f 1402/1433/2922 1401/1432/2923 1400/1431/2924
f 1403/1434/2925 1401/1432/2923 1402/1433/2922
f 1404/1435/2926 1403/1434/2927 1402/1433/2928
f 1405/1436/2929 1403/1434/2929 1404/1435/2929
f 1406/1437/2930 1405/1436/2930 1404/1435/2930
f 1407/1438/2931 1405/1436/2932 1406/1437/2933
f 1408/1439/2934 1407/1438/2935 1406/1437/2936
f 1409/1440/2937 1407/1438/2935 1408/1439/2934
f 1410/1441/2938 1409/1440/2939 1408/1439/2940
f 1411/1442/2941 1409/1440/2939 1410/1441/2938
f 1412/1443/2942 1411/1442/2943 1410/1441/2944
f 1413/1444/2945 1411/1442/2943 1412/1443/2942
f 1414/1445/2946 1413/1444/2947 1412/1443/2948
f 1415/1446/2949 1413/1444/2950 1414/1445/2951
f 373/377/690 1415/1446/2952 1414/1445/2953
f 371/375/692 1415/1446/2952 373/377/690
f 188/188/347 426/430/2954 186/186/348
f 1416/1447/2955 426/430/2955 188/188/2955
f 190/190/2956 1416/1447/2956 188/188/2956
f 1417/1448/2957 1416/1447/2957 190/190/2957
f 192/192/2958 1417/1448/2958 190/190/2958
f 1418/1449/2959 1417/1448/2959 192/192/2959
f 1419/1450/2960 1418/1449/2960 192/192/2960
f 1420/1451/2961 1418/1449/2961 1419/1450/2961
f 1421/1452/2962 1420/1451/2962 1419/1450/2962
f 1422/1453/2963 1420/1451/2963 1421/1452/2963
f 1423/1454/2964 1422/1453/2965 1421/1452/2966
f 1424/1455/2967 1422/1453/2965 1423/1454/2964
f 200/200/368 1424/1455/2968 1423/1454/371
f 1425/1456/2969 1424/1455/2968 200/200/368
f 1426/1457/372 1425/1456/2969 200/200/368
f 1427/1458/2970 1425/1456/2971 1426/1457/2970
f 1428/1459/2972 1427/1458/2973 1426/1457/2974
f 1429/1460/2975 1427/1458/2975 1428/1459/2975
f 208/208/2976 1429/1460/2977 1428/1459/2978
f 210/210/386 1429/1460/2979 208/208/384
f 1430/1461/2980 1398/1462/2980 137/1463/2980
f 1402/1433/2981 1398/1462/2982 1430/1461/2983
f 1431/1464/2984 1402/1433/2981 1430/1461/2983
f 1404/1435/2926 1402/1433/2928 1431/1464/2985
f 1432/1465/2986 1404/1435/2987 1431/1464/2988
f 1433/1466/2989 1404/1435/2987 1432/1465/2986
f 1434/1467/2990 1433/1466/2991 1432/1465/2992
f 1435/1468/2993 1433/1466/2994 1434/1467/2995
f 1436/1469/2996 1435/1468/2993 1434/1467/2995
f 1437/1470/2997 1435/1468/2997 1436/1469/2998
f 1438/1471/2999 1437/1470/3000 1436/1469/3001
f 1439/1472/3002 1437/1470/3000 1438/1471/2999
f 1440/1473/3003 1439/1472/3003 1438/1471/3003
f 1441/1474/3004 1439/1472/3004 1440/1473/3004
f 1442/1475/3005 1441/1474/3004 1440/1473/3004
f 1443/1476/3006 1441/1474/3004 1442/1475/3005
f 381/385/3007 1443/1476/3006 1442/1475/3005
f 379/383/3008 1443/1476/3008 381/385/3008
f 1198/1222/3009 1194/1218/3010 1196/1220/3011
f 1444/1477/3012 1194/1218/3010 1198/1222/3009
f 1445/1478/3013 1444/1477/3013 1198/1222/3013
f 1446/1479/3014 1444/1477/3014 1445/1478/3014
f 1447/1480/3015 1446/1479/3015 1445/1478/3015
f 1448/1481/3016 1446/1479/3016 1447/1480/3016
f 1449/1482/3017 1448/1481/3017 1447/1480/3017
f 1450/1483/3018 1448/1481/3019 1449/1482/3020
f 1451/1484/3021 1450/1483/3018 1449/1482/3020
f 1452/1485/3022 1450/1483/3023 1451/1484/3024
f 1453/1486/3025 1452/1485/3025 1451/1484/3025
f 1454/1487/3026 1452/1485/3026 1453/1486/3026
f 1455/1488/3027 1454/1487/3028 1453/1486/3029
f 1456/1489/3030 1454/1487/3028 1455/1488/3027
f 269/270/485 1456/1489/3031 1455/1488/3032
f 1457/1490/3033 1456/1489/3031 269/270/485
f 271/272/486 1457/1490/3033 269/270/485
f 273/274/3034 1457/1490/3035 271/272/3036
f 484/489/905 1458/1491/3037 482/487/906
f 475/480/3038 1458/1491/3037 484/489/905
f 1459/1492/3039 475/480/3039 484/489/3039
f 473/478/3040 475/480/3040 1459/1492/3040
f 1460/1493/3041 473/478/3041 1459/1492/3041
f 1461/1494/3042 473/478/3042 1460/1493/3042
f 1462/1495/3043 1461/1494/3044 1460/1493/3045
f 1463/1496/3046 1461/1494/3044 1462/1495/3043
f 490/495/919 1463/1496/3047 1462/1495/3048
f 1464/1497/3049 1463/1496/3047 490/495/919
f 1465/1498/3048 1464/1497/3049 490/495/919
f 1466/1499/3050 1464/1497/3051 1465/1498/3052
f 1467/1500/3053 1466/1499/3054 1465/1498/3055
f 1468/1501/3056 1466/1499/3057 1467/1500/3058
f 498/503/3059 1468/1501/3059 1467/1500/3059
f 1469/1502/3060 1468/1501/3060 498/503/936
f 500/505/935 1469/1502/3060 498/503/936
f 502/507/3061 1469/1502/3062 500/505/3063
f 316/319/3064 312/315/3064 314/317/3064
f 1470/1503/3065 312/315/3065 316/319/3065
f 1471/1504/3066 1470/1503/3066 316/319/3066
f 1472/1505/3067 1470/1503/3067 1471/1504/3067
f 1473/1506/3068 1472/1505/3069 1471/1504/3070
f 1474/1507/3071 1472/1505/3072 1473/1506/3073
f 1475/1508/3074 1474/1507/3075 1473/1506/3075
f 1476/1509/3076 1474/1507/3077 1475/1508/3078
f 1477/1510/3079 1476/1509/3076 1475/1508/3078
f 1478/1511/3080 1476/1509/3076 1477/1510/3079
f 1479/1512/3081 1478/1511/3082 1477/1510/3083
f 1480/1513/3084 1478/1511/3082 1479/1512/3081
f 782/792/3085 1480/1513/3086 1479/1512/3087
f 1481/1514/3088 1480/1513/3086 782/792/3085
f 781/791/1475 1481/1514/3089 782/792/1473
f 1482/1515/3090 1481/1514/3089 781/791/1475
f 248/249/3091 1482/1515/3091 781/791/3091
f 246/247/3092 1482/1515/3092 248/249/3092
f 1483/1516/3093 347/351/3093 345/347/3093
f 351/355/3094 347/351/3095 1483/1516/3096
f 1399/1430/3097 351/355/3098 1483/1516/3099
f 1484/1517/3100 351/355/3098 1399/1430/3097
f 1401/1432/2919 1484/1517/3101 1399/1430/2920
f 353/357/3102 1484/1517/3103 1401/1432/3104
f 1485/1518/3105 353/357/3102 1401/1432/3104
f 357/361/3106 353/357/3107 1485/1518/3108
f 1405/1436/3109 357/361/3110 1485/1518/3111
f 1486/1519/3112 357/361/3110 1405/1436/3109
f 1407/1438/2931 1486/1519/3113 1405/1436/2932
f 359/363/3114 1486/1519/3114 1407/1438/3114
f 1487/1520/3115 359/363/3115 1407/1438/3115
f 363/367/3116 359/363/3117 1487/1520/3118
f 1488/1521/3119 363/367/3120 1487/1520/3121
f 1489/1522/3122 363/367/3120 1488/1521/3119
f 367/371/678 1489/1522/3123 1488/1521/3124
f 365/369/680 1489/1522/3123 367/371/678
f 57/57/3125 61/61/3125 59/59/3125
f 1490/1523/3126 61/61/3126 57/57/3126
f 1491/1524/3127 1490/1523/3127 57/57/3127
f 1492/1525/3128 1490/1523/3128 1491/1524/3128
f 1493/1526/3129 1492/1525/3129 1491/1524/3129
f 1494/1527/3130 1492/1525/3130 1493/1526/3130
f 1495/1528/3131 1494/1527/3131 1493/1526/3131
f 1108/1128/3132 1494/1527/3132 1495/1528/3132
f 1496/1529/3133 1108/1128/3133 1495/1528/3133
f 1497/1530/3134 1108/1128/3134 1496/1529/3134
f 1498/1531/3135 1497/1530/3136 1496/1529/3137
f 1104/1124/3138 1497/1530/3138 1498/1531/3138
f 1499/1532/3139 1104/1124/3139 1498/1531/3139
f 1103/1125/3140 1104/1124/3141 1499/1532/3142
f 37/37/73 1103/1125/3140 1499/1532/3142
f 1105/1123/3143 1103/1125/3143 37/37/3143
f 35/35/3144 1105/1123/3144 37/37/3144
f 33/33/3145 1105/1123/3145 35/35/3145
f 1417/1448/3146 424/428/3146 425/429/3146
f 1500/1533/3147 424/428/3147 1417/1448/3147
f 1501/1534/3148 1500/1533/3148 1417/1448/3148
f 1502/1535/3149 1500/1533/3150 1501/1534/3151
f 1418/1449/3152 1502/1535/3153 1501/1534/3154
f 1503/1536/3155 1502/1535/3153 1418/1449/3152
f 1420/1451/3156 1503/1536/3157 1418/1449/3158
f 1504/1537/3159 1503/1536/3157 1420/1451/3156
f 1505/1538/3160 1504/1537/3160 1420/1451/3160
f 1506/1539/3161 1504/1537/3161 1505/1538/3161
f 1507/1540/3162 1506/1539/3162 1505/1538/3162
f 1508/1541/3163 1506/1539/3163 1507/1540/3163
f 1509/1542/3164 1508/1541/3164 1507/1540/3164
f 1510/1543/3165 1508/1541/3165 1509/1542/3165
f 1511/1544/3166 1510/1543/3166 1509/1542/3166
f 79/79/3167 1510/1543/3168 1511/1544/3169
f 81/81/138 79/79/138 1511/1544/138
f 1388/1417/3170 1512/1545/3171 1387/1416/3172
f 1513/1546/3173 1512/1545/3174 1388/1417/3175
f 1514/1547/3176 1513/1546/3173 1388/1417/3175
f 940/953/3177 1513/1546/3178 1514/1547/3179
f 1390/1419/3180 940/953/3181 1514/1547/3182
f 1515/1548/3183 940/953/3181 1390/1419/3180
f 1392/1421/3184 1515/1548/3185 1390/1419/3186
f 942/955/3187 1515/1548/3188 1392/1421/3189
f 1516/1549/3190 942/955/3187 1392/1421/3189
f 946/959/3191 942/955/3192 1516/1549/3193
f 1394/1423/3194 946/959/3195 1516/1549/3196
f 1517/1550/3197 946/959/3195 1394/1423/3194
f 1396/1425/3198 1517/1550/3199 1394/1423/3200
f 948/961/3201 1517/1550/3202 1396/1425/3203
f 1518/1551/3204 948/961/3201 1396/1425/3203
f 165/165/3205 948/961/3206 1518/1551/3207
f 167/167/310 165/165/312 1518/1551/3208
f 952/965/3209 409/413/3209 951/964/3209
f 1519/1552/3210 409/413/3210 952/965/3210
f 1520/1553/3211 1519/1552/3211 952/965/3211
f 1521/1554/3212 1519/1552/3212 1520/1553/3212
f 1522/1555/3213 1521/1554/3213 1520/1553/3213
f 1523/1556/3214 1521/1554/3214 1522/1555/3214
f 1524/1557/3215 1523/1556/3216 1522/1555/3217
f 1525/1558/3218 1523/1556/3218 1524/1557/3218
f 1526/1559/3219 1525/1558/3219 1524/1557/3219
f 1527/1560/3220 1525/1558/3221 1526/1559/3222
f 1528/1561/3223 1527/1560/3224 1526/1559/3225
f 1529/1562/3226 1527/1560/3224 1528/1561/3223
f 1530/1563/3227 1529/1562/3227 1528/1561/3227
f 1531/1564/3228 1529/1562/3229 1530/1563/3230
f 1532/1565/3231 1531/1564/3228 1530/1563/3230
f 966/979/3232 1531/1564/3232 1532/1565/3232
f 964/977/1885 966/979/1884 1532/1565/3233
f 732/739/3234 254/255/3235 734/741/3236
f 1533/1566/3237 254/255/3235 732/739/3234
f 1283/1309/3238 1533/1566/3239 732/739/3240
f 258/259/3241 1533/1566/3242 1283/1309/3243
f 1534/1567/3244 258/259/3241 1283/1309/3243
f 260/261/467 258/259/469 1534/1567/3245
f 1282/1308/3246 260/261/3247 1534/1567/3248
f 1535/1568/3249 260/261/3247 1282/1308/3246
f 1279/1305/3250 1535/1568/3251 1282/1308/3252
f 1536/1569/3253 1535/1568/3254 1279/1305/2579
f 1277/1303/2581 1536/1569/3253 1279/1305/2579
f 264/265/3255 1536/1569/3256 1277/1303/3257
f 1537/1570/3258 264/265/3255 1277/1303/3257
f 266/267/3259 264/265/3259 1537/1570/3259
f 1538/1571/3260 266/267/3260 1537/1570/3260
f 268/269/483 266/267/483 1538/1571/3261
f 270/271/3262 268/269/3262 1538/1571/3262
f 1249/1275/3263 1247/1272/3263 1248/1274/3263
f 1539/1572/3264 1247/1272/3265 1249/1275/3266
f 1540/1573/3267 1539/1572/3267 1249/1275/3267
f 1541/1574/3268 1539/1572/3268 1540/1573/3268
f 1542/1575/3269 1541/1574/3270 1540/1573/3269
f 1543/1576/3271 1541/1574/3272 1542/1575/3271
f 1544/1577/3273 1543/1576/3271 1542/1575/3271
f 1545/1578/3274 1543/1576/3275 1544/1577/3276
f 1546/1579/3277 1545/1578/3274 1544/1577/3276
f 1547/1580/3278 1545/1578/3279 1546/1579/3280
f 1548/1581/3281 1547/1580/3278 1546/1579/3280
f 1549/1582/3282 1547/1580/3282 1548/1581/3282
f 1550/1583/3282 1549/1582/3282 1548/1581/3282
f 1551/1584/3283 1549/1582/3284 1550/1583/3285
f 1552/1585/3286 1551/1584/3283 1550/1583/3285
f 1259/1285/3287 1551/1584/3288 1552/1585/3288
f 1257/1283/3287 1259/1285/3287 1552/1585/3288
f 1553/1586/3289 564/570/3289 1322/1348/3289
f 562/568/3290 564/570/3290 1553/1586/3290
f 1554/1587/3291 562/568/3291 1553/1586/3291
f 558/564/3292 562/568/3292 1554/1587/3292
f 1555/1588/3293 558/564/3293 1554/1587/3293
f 1556/1589/3294 558/564/3294 1555/1588/3294
f 1557/1590/3295 1556/1589/3296 1555/1588/3297
f 556/562/3298 1556/1589/3299 1557/1590/3300
f 1558/1591/3301 556/562/3298 1557/1590/3300
f 552/558/3302 556/562/3303 1558/1591/3304
f 1559/1592/3305 552/558/3306 1558/1591/3307
f 550/556/3308 552/558/3306 1559/1592/3305
f 1560/1593/3309 550/556/3310 1559/1592/3311
f 1561/1594/3312 550/556/3310 1560/1593/3309
f 1562/1595/3313 1561/1594/3313 1560/1593/3313
f 1563/1596/3314 1561/1594/3314 1562/1595/3314
f 1564/1597/3315 1563/1596/3316 1562/1595/3317
f 1567/1598/3318 1566/1599/3318 1565/1600/3318
f 1568/1601/3319 1566/1599/3319 1567/1598/3319
f 1569/1602/3320 1568/1601/3320 1567/1598/3320
f 1570/1603/3321 1568/1601/3322 1569/1602/3323
f 1571/1604/3324 1570/1603/3321 1569/1602/3323
f 1572/1605/3325 1570/1603/3321 1571/1604/3324
f 1573/1606/3326 1572/1605/3327 1571/1604/3328
f 1574/1607/3329 1572/1605/3327 1573/1606/3326
f 1575/1608/3330 1574/1607/3331 1573/1606/3332
f 1576/1609/3330 1574/1607/3331 1575/1608/3330
f 1577/1610/3333 1576/1609/3334 1575/1608/3335
f 1564/1597/3336 1576/1609/3334 1577/1610/3333
f 1578/1611/3337 1564/1597/3336 1577/1610/3333
f 1563/1596/3316 1564/1597/3315 1578/1611/3338
f 1579/1612/3339 1563/1596/3340 1578/1611/3341
f 1580/1613/3342 1563/1596/3342 1579/1612/3342
f 1583/1614/3343 1582/1615/3344 1581/1616/3345
f 1584/1617/3346 1582/1615/3344 1583/1614/3343
f 1585/1618/3347 1584/1617/3348 1583/1614/3349
f 1586/1619/3350 1584/1617/3351 1585/1618/3352
f 1587/1620/3353 1586/1619/3350 1585/1618/3352
f 1588/1621/3354 1586/1619/3354 1587/1620/3354
f 1589/1622/3355 1588/1621/3356 1587/1620/3357
f 1590/1623/3358 1588/1621/3356 1589/1622/3355
f 1591/1624/3359 1590/1623/3360 1589/1622/3361
f 1592/1625/3362 1590/1623/3362 1591/1624/3362
f 1593/1626/3363 1592/1625/3363 1591/1624/3363
f 1594/1627/3364 1592/1625/3364 1593/1626/3364
f 1553/1586/3365 1594/1627/3366 1593/1626/3367
f 1595/1628/3368 1594/1627/3366 1553/1586/3365
f 1322/1348/3369 1595/1628/3368 1553/1586/3365
f 1320/1346/3370 1595/1628/3370 1322/1348/3370
f 1596/1629/3371 466/1630/3371 1/1631/3371
f 1597/1632/3372 466/1630/3373 1596/1629/3374
f 1598/1633/3375 1597/1632/3372 1596/1629/3374
f 1599/1634/3376 1597/1632/3377 1598/1633/3378
f 1600/1635/3379 1599/1634/3380 1598/1633/3381
f 1601/1636/3382 1599/1634/3380 1600/1635/3379
f 1602/1637/3383 1601/1636/3384 1600/1635/3385
f 1603/1638/3386 1601/1636/3387 1602/1637/3388
f 1604/1639/3389 1603/1638/3386 1602/1637/3388
f 1605/1640/3390 1603/1638/3391 1604/1639/3392
f 1606/1641/3393 1605/1640/3394 1604/1639/3395
f 1607/1642/3396 1605/1640/3394 1606/1641/3393
f 295/1643/3397 1607/1642/3398 1606/1641/3399
f 1608/1644/3400 1607/1642/3401 295/1643/3402
f 294/1645/3403 1608/1644/3400 295/1643/3402
f 292/1646/3404 1608/1644/3400 294/1645/3403
f 1597/1632/3372 468/473/3405 466/1630/3373
f 1609/1647/3406 468/473/3407 1597/1632/3408
f 1610/1648/3409 1609/1647/3406 1597/1632/3408
f 1611/1649/3410 1609/1647/3410 1610/1648/3410
f 1599/1634/3411 1611/1649/3412 1610/1648/3413
f 1612/1650/3414 1611/1649/3412 1599/1634/3411
f 1603/1638/3415 1612/1650/3415 1599/1634/3415
f 1613/1651/3416 1612/1650/3416 1603/1638/3416
f 1614/1652/3417 1613/1651/3417 1603/1638/3417
f 863/873/3418 1613/1651/3418 1614/1652/3418
f 1605/1640/3419 863/873/3419 1614/1652/3419
f 1615/1653/3420 863/873/3420 1605/1640/3420
f 1608/1644/3421 1615/1653/3421 1605/1640/3421
f 1616/1654/3422 1615/1653/3422 1608/1644/3422
f 292/1646/3423 1616/1654/3423 1608/1644/3423
f 1617/1655/3424 1616/1654/3425 292/1646/3426
f 31/31/3427 1338/1364/3428 1618/1656/3429
f 1619/1657/3430 1338/1364/3428 31/31/3427
f 1620/1658/3431 1619/1657/3432 31/31/3433
f 1340/1366/3434 1619/1657/3434 1620/1658/3434
f 1621/1659/3435 1340/1366/3435 1620/1658/3435
f 1344/1370/3436 1340/1366/3436 1621/1659/3436
f 1622/1660/3437 1344/1370/3438 1621/1659/3439
f 1623/1661/3440 1344/1370/3438 1622/1660/3437
f 1624/1662/3441 1623/1661/3442 1622/1660/3443
f 1346/1372/3444 1623/1661/3444 1624/1662/3444
f 1625/1663/3445 1346/1372/3445 1624/1662/3445
f 1350/1376/3446 1346/1372/3447 1625/1663/3448
f 1626/1664/3449 1350/1376/3450 1625/1663/3451
f 1627/1665/3452 1350/1376/3450 1626/1664/3449
f 485/490/908 1627/1665/3453 1626/1664/3454
f 483/488/907 1627/1665/3453 485/490/908
f 756/766/3455 760/770/3456 758/768/3457
f 1628/1666/3458 760/770/3456 756/766/3455
f 1629/1667/3459 1628/1666/3460 756/766/3461
f 1630/1668/3462 1628/1666/3463 1629/1667/3464
f 1631/1669/3465 1630/1668/3462 1629/1667/3464
f 1632/1670/3466 1630/1668/3467 1631/1669/3468
f 1633/1671/3469 1632/1670/3470 1631/1669/3471
f 1634/1672/3472 1632/1670/3470 1633/1671/3469
f 1635/1673/3473 1634/1672/3473 1633/1671/3473
f 1247/1272/3474 1634/1672/3474 1635/1673/3474
f 84/84/3475 1247/1272/3475 1635/1673/3475
f 1246/1273/3476 1247/1272/3476 84/84/3476
f 88/88/3477 1246/1273/3478 84/84/3479
f 1083/1103/3480 1246/1273/3480 88/88/3480
f 90/90/3481 1083/1103/3481 88/88/3481
f 92/92/2160 1083/1103/2162 90/90/3482
f 1337/1363/3483 1205/1229/3483 1636/1674/3484
f 1637/1675/3485 1205/1229/3483 1337/1363/3483
f 1341/1367/3486 1637/1675/3487 1337/1363/3488
f 1207/1231/3489 1637/1675/3490 1341/1367/3491
f 1638/1676/3492 1207/1231/3489 1341/1367/3491
f 1211/1235/3493 1207/1231/3494 1638/1676/3495
f 1343/1369/3496 1211/1235/3497 1638/1676/3498
f 1639/1677/3499 1211/1235/3497 1343/1369/3496
f 1347/1373/3500 1639/1677/3501 1343/1369/3502
f 1213/1237/3503 1639/1677/3504 1347/1373/3505
f 1640/1678/3506 1213/1237/3503 1347/1373/3505
f 1217/1241/3507 1213/1237/3508 1640/1678/3509
f 1349/1375/3510 1217/1241/3511 1640/1678/3512
f 1641/1679/3513 1217/1241/3511 1349/1375/3510
f 480/485/3514 1641/1679/3515 1349/1375/3516
f 864/874/1640 1641/1679/3517 480/485/1638
f 773/783/3518 728/735/3519 729/736/3520
f 1642/1680/3521 728/735/3519 773/783/3518
f 771/781/1456 1642/1680/3522 773/783/1454
f 1643/1681/3523 1642/1680/3523 771/781/3523
f 1644/1682/3524 1643/1681/3524 771/781/3524
f 1645/1683/3525 1643/1681/3526 1644/1682/3527
f 1646/1684/3528 1645/1683/3529 1644/1682/3528
f 714/721/1300 1645/1683/3530 1646/1684/3531
f 1647/1685/3532 714/721/1300 1646/1684/3531
f 1648/1686/1301 714/721/1300 1647/1685/3532
f 1649/1687/3533 1648/1686/3534 1647/1685/3535
f 1650/1688/3536 1648/1686/3534 1649/1687/3533
f 1651/1689/3537 1650/1688/3537 1649/1687/3537
f 708/715/3538 1650/1688/3538 1651/1689/3538
f 706/713/3539 708/715/3539 1651/1689/3539
f 1500/1533/3540 422/426/3540 424/428/3540
f 1652/1690/3541 422/426/3541 1500/1533/3541
f 1653/1691/3542 1652/1690/3542 1500/1533/3542
f 1654/1692/3543 1652/1690/3543 1653/1691/3544
f 1502/1535/3545 1654/1692/3546 1653/1691/3547
f 1655/1693/3548 1654/1692/3546 1502/1535/3545
f 1656/1694/3549 1655/1693/3550 1502/1535/3551
f 1657/1695/3552 1655/1693/3553 1656/1694/3554
f 1658/1696/3555 1657/1695/3552 1656/1694/3554
f 1659/1697/3556 1657/1695/3556 1658/1696/3556
f 1510/1543/3557 1659/1697/3557 1658/1696/3557
f 1660/1698/3558 1659/1697/3557 1510/1543/3557
f 79/79/3167 1660/1698/3559 1510/1543/3168
f 75/75/3560 1660/1698/3560 79/79/3560
f 77/77/3561 75/75/3560 79/79/3560
f 1662/1699/3562 648/654/3563 1661/1700/3562
f 1663/1701/3563 648/654/3563 1662/1699/3562
f 1664/1702/3564 1663/1701/3564 1662/1699/3565
f 646/652/3566 1663/1701/3567 1664/1702/3568
f 1665/1703/3569 646/652/3566 1664/1702/3568
f 642/648/3570 646/652/3571 1665/1703/3572
f 1666/1704/3573 642/648/3574 1665/1703/3575
f 1667/1705/3576 642/648/3574 1666/1704/3573
f 1668/1706/3577 1667/1705/3578 1666/1704/3577
f 640/646/3579 1667/1705/3580 1668/1706/3581
f 1669/1707/3582 640/646/3579 1668/1706/3581
f 636/642/3583 640/646/3584 1669/1707/3585
f 1280/1306/3586 636/642/3587 1669/1707/3588
f 634/640/3589 636/642/3587 1280/1306/3586
f 632/638/2584 634/640/3590 1280/1306/2585
f 430/434/3591 432/436/3591 431/435/3591
f 1670/1708/3592 432/436/3592 430/434/3592
f 428/432/3593 1670/1708/3593 430/434/3593
f 1671/1709/3594 1670/1708/3594 428/432/3594
f 215/215/3595 1671/1709/3595 428/432/3595
f 1672/1710/3596 1671/1709/3596 215/215/3596
f 213/213/3597 1672/1710/3597 215/215/3597
f 1673/1711/3598 1672/1710/3598 213/213/3598
f 1674/1712/3599 1673/1711/3599 213/213/3599
f 1675/1713/3600 1673/1711/3601 1674/1712/3602
f 1676/1714/3603 1675/1713/3604 1674/1712/3603
f 444/448/849 1675/1713/851 1676/1714/3605
f 1677/1715/3606 444/448/849 1676/1714/3605
f 446/450/850 444/448/849 1677/1715/3606
f 448/452/855 446/450/856 1677/1715/855
f 344/1716/637 924/1717/3607 137/1718/638
f 1678/1719/3608 924/1717/3609 344/1716/3610
f 346/350/3611 1678/1719/3611 344/1716/3611
f 1679/1720/3612 1678/1719/3612 346/350/3612
f 348/352/3613 1679/1720/3613 346/350/3613
f 1680/1721/3614 1679/1720/3614 348/352/3614
f 1386/1415/3615 1680/1721/3616 348/352/3617
f 1681/1722/3618 1680/1721/3619 1386/1415/3620
f 1387/1416/3621 1681/1722/3618 1386/1415/3620
f 1682/1723/3622 1681/1722/3622 1387/1416/3622
f 1512/1545/3171 1682/1723/3623 1387/1416/3172
f 936/949/3624 1682/1723/3625 1512/1545/3626
f 1513/1546/3627 936/949/3624 1512/1545/3626
f 938/951/3628 936/949/3628 1513/1546/3628
f 940/953/3177 938/951/3629 1513/1546/3178
f 568/574/1041 1323/1349/3630 566/572/1042
f 1683/1724/3631 1323/1349/3630 568/574/1041
f 1684/1725/1041 1683/1724/3631 568/574/1041
f 1685/1726/3632 1683/1724/3633 1684/1725/3634
f 1686/1727/3635 1685/1726/3635 1684/1725/3635
f 1687/1728/3636 1685/1726/3637 1686/1727/3638
f 1688/1729/3639 1687/1728/3640 1686/1727/3641
f 1317/1343/2666 1687/1728/3642 1688/1729/3643
f 1689/1730/3644 1317/1343/2666 1688/1729/3643
f 1690/1731/3645 1317/1343/2666 1689/1730/3644
f 1691/1732/3646 1690/1731/3647 1689/1730/3648
f 1692/1733/3649 1690/1731/3647 1691/1732/3646
f 1693/1734/3650 1692/1733/3650 1691/1732/3650
f 1694/1735/3651 1692/1733/3651 1693/1734/3651
f 1695/1736/3652 1694/1735/3652 1693/1734/3652
f 1264/1290/2561 717/724/3653 715/722/2561
f 1696/1737/3654 717/724/3655 1264/1290/3656
f 1263/1289/3657 1696/1737/3657 1264/1290/3657
f 1697/1738/3658 1696/1737/3658 1263/1289/3658
f 1698/1739/3659 1697/1738/3659 1263/1289/3659
f 1075/1095/3660 1697/1738/3660 1698/1739/3660
f 1699/1740/3661 1075/1095/3661 1698/1739/3661
f 1077/1097/3662 1075/1095/3662 1699/1740/3662
f 1700/1741/3663 1077/1097/3663 1699/1740/3663
f 1701/1742/3664 1077/1097/3664 1700/1741/3664
f 1702/1743/3665 1701/1742/3665 1700/1741/3665
f 1703/1744/3666 1701/1742/3666 1702/1743/3666
f 1704/1745/3667 1703/1744/3668 1702/1743/3669
f 1252/1278/3670 1703/1744/3668 1704/1745/3667
f 1254/1280/2540 1252/1278/2542 1704/1745/3671
f 1243/1269/3672 820/830/3672 1245/1271/3672
f 1705/1746/3673 820/830/3673 1243/1269/3673
f 1241/1267/3674 1705/1746/3674 1243/1269/3674
f 1706/1747/3675 1705/1746/3676 1241/1267/3677
f 1707/1748/3678 1706/1747/3678 1241/1267/3678
f 1708/1749/3679 1706/1747/3679 1707/1748/3679
f 1709/1750/3680 1708/1749/3681 1707/1748/3682
f 1710/1751/3683 1708/1749/3681 1709/1750/3680
f 1235/1261/2504 1710/1751/3684 1709/1750/3685
f 1711/1752/3684 1710/1751/3684 1235/1261/2504
f 1712/1753/3686 1711/1752/3684 1235/1261/2504
f 1713/1754/3687 1711/1752/3688 1712/1753/3689
f 1714/1755/3690 1713/1754/3691 1712/1753/3692
f 524/530/3693 1713/1754/3693 1714/1755/3693
f 526/532/3694 524/530/3695 1714/1755/3696
f 1275/1301/3697 1537/1570/3697 1277/1303/3697
f 1715/1756/3698 1537/1570/3698 1275/1301/3698
f 1716/1757/3699 1715/1756/3699 1275/1301/3699
f 1717/1758/3700 1715/1756/3700 1716/1757/3700
f 1718/1759/3701 1717/1758/3702 1716/1757/3703
f 1719/1760/3704 1717/1758/3702 1718/1759/3701
f 1720/1761/3705 1719/1760/3705 1718/1759/3705
f 1721/1762/3706 1719/1760/3706 1720/1761/3706
f 1722/1763/3707 1721/1762/3707 1720/1761/3707
f 280/281/3708 1721/1762/3708 1722/1763/3708
f 1723/1764/3708 280/281/3708 1722/1763/3708
f 282/283/3709 280/281/3709 1723/1764/3709
f 1724/1765/3710 282/283/3710 1723/1764/3710
f 1725/1766/3711 282/283/3712 1724/1765/3713
f 308/311/3714 304/307/3714 306/309/3714
f 1726/1767/3715 304/307/3716 308/311/3717
f 1727/1768/3718 1726/1767/3715 308/311/3717
f 1728/1769/3719 1726/1767/3720 1727/1768/3721
f 1729/1770/3722 1728/1769/3722 1727/1768/3722
f 1730/1771/3723 1728/1769/3723 1729/1770/3723
f 1731/1772/3724 1730/1771/3725 1729/1770/3726
f 1732/1773/3727 1730/1771/3725 1731/1772/3724
f 1476/1509/3076 1732/1773/3728 1731/1772/3729
f 1733/1774/3730 1732/1773/3728 1476/1509/3076
f 1734/1775/3731 1733/1774/3730 1476/1509/3076
f 1735/1776/3732 1733/1774/3733 1734/1775/3734
f 1480/1513/3735 1735/1776/3736 1734/1775/3737
f 1481/1514/3738 1735/1776/3738 1480/1513/3738
f 943/956/3739 939/952/3740 941/954/3741
f 1736/1777/3742 939/952/3740 943/956/3739
f 1737/1778/3743 1736/1777/3744 943/956/3745
f 1738/1779/3746 1736/1777/3746 1737/1778/3746
f 1739/1780/3747 1738/1779/3747 1737/1778/3747
f 1740/1781/3748 1738/1779/3748 1739/1780/3748
f 1741/1782/3749 1740/1781/3749 1739/1780/3749
f 1742/1783/3750 1740/1781/3750 1741/1782/3750
f 1743/1784/3751 1742/1783/3751 1741/1782/3751
f 1744/1785/3752 1742/1783/3752 1743/1784/3752
f 1745/1786/3753 1744/1785/3753 1743/1784/3753
f 1746/1787/3754 1744/1785/3755 1745/1786/3756
f 153/153/3757 1746/1787/3758 1745/1786/3759
f 151/151/3760 1746/1787/3758 153/153/3757
f 1441/1474/3761 1437/1470/3761 1439/1472/3761
f 1747/1788/3762 1437/1470/3762 1441/1474/3762
f 1748/1789/3763 1747/1788/3763 1441/1474/3763
f 1749/1790/3764 1747/1788/3764 1748/1789/3764
f 1750/1791/3765 1749/1790/3766 1748/1789/3767
f 1751/1792/3768 1749/1790/3766 1750/1791/3765
f 373/377/690 1751/1792/3769 1750/1791/3770
f 1752/1793/3771 373/377/690 1750/1791/3770
f 1753/1794/3772 373/377/690 1752/1793/3771
f 1748/1789/3773 1753/1794/3774 1752/1793/3775
f 1754/1795/3776 1753/1794/3774 1748/1789/3773
f 1441/1474/3777 1754/1795/3778 1748/1789/3779
f 1443/1476/3780 1754/1795/3778 1441/1474/3777
f 65/65/3781 1142/1162/3781 67/67/3781
f 1141/1161/3782 1142/1162/3782 65/65/3782
f 1755/1796/3783 1141/1161/3783 65/65/3783
f 1756/1797/3784 1141/1161/3785 1755/1796/3786
f 1757/1798/3787 1756/1797/3787 1755/1796/3787
f 1137/1157/2253 1756/1797/3788 1757/1798/3788
f 1758/1799/2255 1137/1157/2253 1757/1798/3788
f 1759/1800/3789 1137/1157/2253 1758/1799/2255
f 1760/1801/3790 1759/1800/3790 1758/1799/3790
f 1761/1802/3791 1759/1800/3791 1760/1801/3791
f 1762/1803/3792 1761/1802/3792 1760/1801/3792
f 1763/1804/3793 1761/1802/3793 1762/1803/3793
f 1494/1527/3794 1763/1804/3794 1762/1803/3794
f 1764/1805/3795 1430/1806/3795 137/1807/3795
f 1432/1465/3796 1430/1806/3797 1764/1805/3798
f 1765/1808/3799 1432/1465/3796 1764/1805/3798
f 1434/1467/2990 1432/1465/2992 1765/1808/3800
f 1766/1809/3801 1434/1467/3802 1765/1808/3803
f 1767/1810/3804 1434/1467/3802 1766/1809/3801
f 1768/1811/3805 1767/1810/3806 1766/1809/3807
f 1438/1471/3808 1767/1810/3809 1768/1811/3810
f 1769/1812/3811 1438/1471/3808 1768/1811/3810
f 1440/1473/3812 1438/1471/3812 1769/1812/3812
f 383/387/3813 1440/1473/3814 1769/1812/3815
f 1442/1475/3816 1440/1473/3814 383/387/3813
f 381/385/3817 1442/1475/3817 383/387/3817
f 1771/1813/3818 1565/1814/3819 1770/1815/3820
f 1567/1816/3821 1565/1814/3821 1771/1813/3821
f 1772/1817/3822 1567/1816/3822 1771/1813/3822
f 1773/1818/3823 1567/1816/3823 1772/1817/3823
f 1774/1819/3824 1773/1818/3825 1772/1817/3826
f 1775/1820/3827 1773/1818/3825 1774/1819/3824
f 1776/1821/3828 1775/1820/3827 1774/1819/3824
f 1777/1822/3829 1775/1820/3829 1776/1821/3829
f 1778/1823/3830 1777/1822/3830 1776/1821/3830
f 1779/1824/3831 1777/1822/3832 1778/1823/3833
f 1780/1825/3834 1779/1824/3835 1778/1823/3836
f 1577/1826/3333 1779/1824/3837 1780/1825/3838
f 1781/1827/3839 1577/1826/3333 1780/1825/3838
f 663/669/3840 822/832/3840 824/834/3840
f 1782/1828/3841 822/832/3841 663/669/3841
f 661/667/1207 1782/1828/3842 663/669/1205
f 1244/1270/3843 1782/1828/3843 661/667/3843
f 1783/1829/3844 1244/1270/3844 661/667/3844
f 1784/1830/3845 1244/1270/3845 1783/1829/3845
f 1785/1831/3846 1784/1830/3846 1783/1829/3846
f 1240/1266/2517 1784/1830/3847 1785/1831/3848
f 1786/1832/2517 1240/1266/2517 1785/1831/3848
f 1238/1264/3849 1240/1266/3849 1786/1832/3849
f 1787/1833/3850 1238/1264/3850 1786/1832/3850
f 1236/1262/2510 1238/1264/2509 1787/1833/2510
f 1234/1260/3851 1236/1262/3852 1787/1833/3853
f 1788/1834/3854 1228/1254/3854 1230/1256/3854
f 1226/1252/3855 1228/1254/3855 1788/1834/3855
f 1789/1835/3856 1226/1252/3857 1788/1834/3858
f 536/542/3859 1226/1252/3859 1789/1835/3859
f 1790/1836/3860 536/542/3860 1789/1835/3860
f 538/544/3861 536/542/3861 1790/1836/3861
f 1791/1837/3862 538/544/3863 1790/1836/3864
f 1792/1838/3865 538/544/3863 1791/1837/3862
f 1793/1839/3866 1792/1838/3867 1791/1837/3868
f 540/546/3869 1792/1838/3870 1793/1839/3871
f 1794/1840/3872 540/546/3869 1793/1839/3871
f 542/548/1003 540/546/1005 1794/1840/3873
f 544/550/3874 542/548/3875 1794/1840/3876
f 399/403/742 1795/1841/3877 397/401/743
f 135/1842/3878 1795/1841/3879 399/403/3880
f 1796/1843/3881 135/1842/3878 399/403/3880
f 1797/1844/3882 135/1842/3883 1796/1843/3884
f 401/405/3885 1797/1844/3886 1796/1843/3887
f 1798/1845/3888 1797/1844/3886 401/405/3885
f 403/407/756 1798/1845/3889 401/405/757
f 1799/1846/3890 1798/1845/3891 403/407/3892
f 1800/1847/3893 1799/1846/3890 403/407/3892
f 1525/1558/3894 1799/1846/3895 1800/1847/3896
f 1801/1848/3897 1525/1558/3897 1800/1847/3897
f 1523/1556/3898 1525/1558/3898 1801/1848/3898
f 1521/1554/3899 1523/1556/3900 1801/1848/3901
f 580/586/3902 1802/1849/3902 578/584/3902
f 1803/1850/3903 1802/1849/3904 580/586/3905
f 1804/1851/3903 1803/1850/3903 580/586/3905
f 1805/1852/3906 1803/1850/3906 1804/1851/3906
f 1806/1853/3907 1805/1852/3907 1804/1851/3907
f 1126/1146/3908 1805/1852/3909 1806/1853/3910
f 1807/1854/3911 1126/1146/3908 1806/1853/3910
f 1808/1855/3912 1126/1146/3913 1807/1854/3914
f 1809/1856/3915 1808/1855/3915 1807/1854/3915
f 1810/1857/3916 1808/1855/3916 1809/1856/3916
f 600/606/3917 1810/1857/3917 1809/1856/3917
f 596/602/3918 1810/1857/3918 600/606/3918
f 598/604/3919 596/602/3919 600/606/3919
f 1811/1858/3920 909/921/3921 546/552/3922
f 907/919/1757 909/921/1756 1811/1858/3923
f 1812/1859/3924 907/919/1757 1811/1858/3923
f 905/917/3925 907/919/3925 1812/1859/3925
f 1813/1860/3926 905/917/3927 1812/1859/3928
f 649/655/3929 905/917/3929 1813/1860/3929
f 1814/1861/3930 649/655/3930 1813/1860/3930
f 651/657/1185 649/655/1187 1814/1861/3931
f 1815/1862/3932 651/657/3933 1814/1861/3934
f 1816/1863/3935 651/657/3933 1815/1862/3932
f 1817/1864/3936 1816/1863/3937 1815/1862/3938
f 655/661/3939 1816/1863/3940 1817/1864/3941
f 1818/1865/3942 655/661/3939 1817/1864/3941
f 1499/1532/3142 39/39/71 37/37/73
f 1819/1866/3943 39/39/3943 1499/1532/3943
f 1820/1867/3944 1819/1866/3944 1499/1532/3944
f 1821/1868/3945 1819/1866/3945 1820/1867/3946
f 1822/1869/3947 1821/1868/3948 1820/1867/3949
f 47/47/83 1821/1868/85 1822/1869/3950
f 1823/1870/3951 47/47/83 1822/1869/3950
f 1824/1871/3952 47/47/83 1823/1870/3951
f 1825/1872/3953 1824/1871/3954 1823/1870/3955
f 1826/1873/3956 1824/1871/3954 1825/1872/3953
f 1827/1874/3957 1826/1873/3957 1825/1872/3957
f 1491/1524/3958 1826/1873/3958 1827/1874/3958
f 1493/1526/3959 1491/1524/3960 1827/1874/3961
f 1144/1875/3962 1163/1876/3962 1/1877/3962
f 1165/1189/3963 1163/1876/3964 1144/1875/3965
f 1828/1878/3966 1165/1189/3963 1144/1875/3965
f 1167/1191/2316 1165/1189/2318 1828/1878/3967
f 1145/1167/3968 1167/1191/3969 1828/1878/3970
f 1829/1879/3971 1167/1191/3969 1145/1167/3968
f 1147/1169/2272 1829/1879/3972 1145/1167/2273
f 1169/1193/3973 1829/1879/3973 1147/1169/3973
f 1830/1880/3974 1169/1193/3974 1147/1169/3974
f 1171/1195/3975 1169/1193/3975 1830/1880/3975
f 1149/1171/3976 1171/1195/3977 1830/1880/3978
f 1151/1173/3979 1171/1195/3977 1149/1171/3976
f 853/863/3980 849/859/3981 851/861/3982
f 1831/1881/3983 849/859/3981 853/863/3980
f 1832/1882/3984 1831/1881/3985 853/863/3986
f 1833/1883/3987 1831/1881/3987 1832/1882/3987
f 1834/1884/3988 1833/1883/3988 1832/1882/3988
f 1582/1615/3989 1833/1883/3989 1834/1884/3989
f 1835/1885/3990 1582/1615/3990 1834/1884/3990
f 1581/1616/3991 1582/1615/3991 1835/1885/3991
f 1836/1886/3992 1581/1616/3993 1835/1885/3994
f 1583/1614/3995 1581/1616/3996 1836/1886/3997
f 1837/1887/3998 1583/1614/3995 1836/1886/3997
f 1838/1888/3999 1583/1614/3999 1837/1887/4000
f 652/658/4001 648/654/4002 650/656/4003
f 1661/1700/4004 648/654/4002 652/658/4001
f 1839/1889/4005 1661/1700/4006 652/658/4007
f 1662/1699/4008 1661/1700/4009 1839/1889/4010
f 1840/1890/4011 1662/1699/4008 1839/1889/4010
f 1266/1292/4012 1662/1699/4012 1840/1890/4012
f 1771/1813/4013 1266/1292/4013 1840/1890/4013
f 1265/1293/4014 1266/1292/4014 1771/1813/4014
f 1770/1815/3820 1265/1293/4015 1771/1813/3818
f 1267/1291/4016 1265/1293/4017 1770/1815/4018
f 1841/1891/4019 1267/1291/4016 1770/1815/4018
f 1838/1892/4020 1267/1291/4020 1841/1891/4021
f 1794/1840/3876 546/552/4022 544/550/3874
f 1811/1858/3920 546/552/3922 1794/1840/4023
f 1842/1893/4024 1811/1858/3920 1794/1840/4023
f 1812/1859/3924 1811/1858/3923 1842/1893/4025
f 1843/1894/4026 1812/1859/3924 1842/1893/4025
f 1813/1860/3926 1812/1859/3928 1843/1894/4027
f 1844/1895/4028 1813/1860/3926 1843/1894/4027
f 1815/1862/4029 1813/1860/4030 1844/1895/4031
f 1789/1835/4032 1815/1862/4033 1844/1895/4034
f 1845/1896/4035 1815/1862/4033 1789/1835/4032
f 1788/1834/3858 1845/1896/4036 1789/1835/3856
f 1817/1864/4037 1845/1896/4038 1788/1834/4039
f 246/247/4040 1481/1514/4040 1482/1515/4040
f 1846/1897/4041 1481/1514/4041 246/247/4041
f 244/245/4042 1846/1897/4042 246/247/4042
f 1847/1898/4043 1846/1897/4043 244/245/4043
f 1848/1899/4044 1847/1898/4045 244/245/4046
f 1849/1900/4047 1847/1898/4045 1848/1899/4044
f 242/243/4048 1849/1900/4047 1848/1899/4044
f 1850/1901/4049 1849/1900/4049 242/243/4049
f 240/241/4050 1850/1901/4050 242/243/4050
f 1851/1902/4051 1850/1901/4051 240/241/4051
f 238/239/4052 1851/1902/4053 240/241/4054
f 236/237/4053 1851/1902/4053 238/239/4052
f 819/829/4055 823/833/4056 821/831/4057
f 1852/1903/4058 823/833/4056 819/829/4055
f 1853/1904/4059 1852/1903/4060 819/829/4061
f 1854/1905/4062 1852/1903/4060 1853/1904/4059
f 1855/1906/4063 1854/1905/4064 1853/1904/4065
f 1856/1907/4066 1854/1905/4064 1855/1906/4063
f 813/823/1551 1856/1907/4067 1855/1906/1551
f 1857/1908/4068 1856/1907/4067 813/823/1551
f 1858/1909/4069 1857/1908/4068 813/823/1551
f 1859/1910/4070 1857/1908/4071 1858/1909/4072
f 1860/1911/4073 1859/1910/4074 1858/1909/4075
f 833/843/4076 1859/1910/4076 1860/1911/4076
f 561/567/4077 565/571/4077 563/569/4077
f 1861/1912/4078 565/571/4078 561/567/4078
f 1862/1913/4079 1861/1912/4079 561/567/4079
f 1863/1914/4080 1861/1912/4080 1862/1913/4080
f 1864/1915/4081 1863/1914/4081 1862/1913/4081
f 1865/1916/4082 1863/1914/4082 1864/1915/4082
f 1866/1917/4083 1865/1916/4083 1864/1915/4083
f 1867/1918/4084 1865/1916/4084 1866/1917/4084
f 1868/1919/4085 1867/1918/4086 1866/1917/4087
f 1869/1920/4088 1867/1918/4086 1868/1919/4085
f 605/611/4089 1869/1920/4090 1868/1919/4091
f 587/593/1110 1869/1920/4092 605/611/1108
f 1720/1761/4093 1871/1921/4094 1870/1922/4095
f 1836/1923/4096 1871/1921/4097 1720/1761/4098
f 1872/1924/4099 1836/1923/4096 1720/1761/4098
f 1873/1925/4100 1836/1923/4101 1872/1924/4102
f 1718/1759/4103 1873/1925/4103 1872/1924/4103
f 1874/1926/4104 1873/1925/4104 1718/1759/4104
f 1716/1757/3703 1874/1926/4105 1718/1759/3701
f 1273/1299/4106 1874/1926/4106 1716/1757/4106
f 1875/1927/4107 1273/1299/4107 1716/1757/4107
f 1275/1301/4108 1273/1299/4108 1875/1927/4108
f 1716/1757/4109 1275/1301/4109 1875/1927/4109
f 1110/1130/4110 1494/1527/4110 1108/1128/4110
f 1763/1804/4111 1494/1527/4111 1110/1130/4111
f 1876/1928/4112 1763/1804/4112 1110/1130/4112
f 1877/1929/4113 1763/1804/4113 1876/1928/4113
f 1878/1930/4114 1877/1929/4114 1876/1928/4114
f 1879/1931/4115 1877/1929/4115 1878/1930/4115
f 1880/1932/4116 1879/1931/4116 1878/1930/4116
f 1137/1157/2253 1879/1931/2254 1880/1932/4117
f 1881/1933/4118 1137/1157/2253 1880/1932/4117
f 1135/1155/2254 1137/1157/2253 1881/1933/4118
f 1133/1153/4119 1135/1155/4119 1881/1933/4119
f 1865/1916/4120 1882/1934/4120 1863/1914/4120
f 1883/1935/4121 1882/1934/4121 1865/1916/4121
f 1884/1936/4122 1883/1935/4122 1865/1916/4122
f 1885/1937/4123 1883/1935/4123 1884/1936/4123
f 1886/1938/4124 1885/1937/4124 1884/1936/4124
f 1887/1939/4125 1885/1937/4126 1886/1938/4127
f 1888/1940/4128 1887/1939/4129 1886/1938/4130
f 575/581/1052 1887/1939/4131 1888/1940/1055
f 1889/1941/4132 575/581/1052 1888/1940/1055
f 577/583/1056 575/581/1052 1889/1941/4132
f 579/585/1060 577/583/1062 1889/1941/4133
f 637/643/1163 1085/1105/4134 639/645/1161
f 1890/1942/4135 1085/1105/4135 637/643/4135
f 635/641/4136 1890/1942/4136 637/643/4136
f 1891/1943/4137 1890/1942/4137 635/641/4137
f 633/639/4138 1891/1943/4139 635/641/4140
f 1892/1944/4141 1891/1943/4139 633/639/4138
f 629/635/4142 1892/1944/4143 633/639/4144
f 1059/1079/4145 1892/1944/4145 629/635/4145
f 627/633/4146 1059/1079/4146 629/635/4146
f 727/734/4147 1059/1079/4147 627/633/4147
f 625/629/1145 727/734/4148 627/633/1143
f 1893/1945/4149 438/442/4149 436/440/4149
f 1894/1946/4150 438/442/4150 1893/1945/4150
f 1670/1708/4151 1894/1946/4152 1893/1945/4153
f 1895/1947/4154 1894/1946/4152 1670/1708/4151
f 1671/1709/4155 1895/1947/4155 1670/1708/4155
f 1896/1948/4156 1895/1947/4157 1671/1709/4158
f 1897/1949/4159 1896/1948/4160 1671/1709/4159
f 444/448/849 1896/1948/850 1897/1949/849
f 1898/1950/850 444/448/849 1897/1949/849
f 1675/1713/851 444/448/849 1898/1950/850
f 1673/1711/3601 1675/1713/3600 1898/1950/4161
f 1900/1951/4162 1899/1952/4163 137/1953/4164
f 1901/1954/4165 1899/1952/4166 1900/1951/4167
f 1902/1955/4165 1901/1954/4165 1900/1951/4167
f 1903/1956/4168 1901/1954/4165 1902/1955/4165
f 1904/1957/4169 1903/1956/4169 1902/1955/4169
f 1905/1958/4170 1903/1956/4170 1904/1957/4170
f 1906/1959/4171 1905/1958/4172 1904/1957/4173
f 1907/1960/4174 1905/1958/4172 1906/1959/4171
f 149/149/4175 1907/1960/4176 1906/1959/4177
f 145/145/4178 1907/1960/4179 149/149/4180
f 147/147/4181 145/145/4178 149/149/4180
f 455/459/4182 1300/1326/4183 1908/1961/4184
f 1909/1962/4185 1300/1326/4183 455/459/4182
f 1910/1963/4186 1909/1962/4186 455/459/4186
f 1302/1328/4187 1909/1962/4187 1910/1963/4187
f 1911/1964/4188 1302/1328/4188 1910/1963/4188
f 1912/1965/4189 1302/1328/4189 1911/1964/4189
f 1913/1966/4190 1912/1965/4191 1911/1964/4191
f 173/173/4192 1912/1965/4192 1913/1966/4192
f 1914/1967/4193 173/173/4194 1913/1966/4195
f 175/175/4194 173/173/4194 1914/1967/4193
f 177/177/4196 175/175/4196 1914/1967/4196
f 1890/1942/4197 1087/1107/4197 1085/1105/4197
f 1915/1968/4198 1087/1107/4198 1890/1942/4198
f 1916/1969/4199 1915/1968/4200 1890/1942/4201
f 1917/1970/4202 1915/1968/4203 1916/1969/4204
f 1918/1971/4205 1917/1970/4205 1916/1969/4206
f 1919/1972/4205 1917/1970/4205 1918/1971/4205
f 1920/1973/4207 1919/1972/4208 1918/1971/4209
f 1921/1974/4210 1919/1972/4208 1920/1973/4207
f 1060/1080/4211 1921/1974/4211 1920/1973/4211
f 1062/1082/4212 1921/1974/4211 1060/1080/4211
f 1453/1486/4213 1922/1975/4214 1455/1488/4215
f 1923/1976/4216 1922/1975/4214 1453/1486/4213
f 1451/1484/4217 1923/1976/4217 1453/1486/4217
f 1924/1977/4218 1923/1976/4218 1451/1484/4218
f 1925/1978/4219 1924/1977/4219 1451/1484/4219
f 1926/1979/4220 1924/1977/4221 1925/1978/4222
f 1445/1478/4223 1926/1979/4223 1925/1978/4223
f 1927/1980/4224 1926/1979/4224 1445/1478/4224
f 1198/1222/4225 1927/1980/4225 1445/1478/4225
f 255/256/4226 1927/1980/4226 1198/1222/4226
f 707/714/4227 1261/1287/4227 709/716/4227
f 1928/1981/4228 1261/1287/4228 707/714/4228
f 705/712/4229 1928/1981/4229 707/714/4229
f 1929/1982/4230 1928/1981/4230 705/712/4230
f 1930/1983/4231 1929/1982/4231 705/712/4231
f 1931/1984/4232 1929/1982/4233 1930/1983/4234
f 1932/1985/4235 1931/1984/4235 1930/1983/4235
f 1630/1668/4236 1931/1984/4236 1932/1985/4236
f 760/770/4237 1630/1668/4238 1932/1985/4239
f 1628/1666/4240 1630/1668/4238 760/770/4237
f 989/1003/1933 1933/1986/4241 991/1005/1931
f 553/559/4242 1933/1986/4242 989/1003/4242
f 1934/1987/4243 553/559/4243 989/1003/4243
f 555/561/4244 553/559/4244 1934/1987/4244
f 1935/1988/4245 555/561/4245 1934/1987/4245
f 1936/1989/4246 555/561/4246 1935/1988/4246
f 1937/1990/4247 1936/1989/4247 1935/1988/4247
f 559/565/4248 1936/1989/4248 1937/1990/4248
f 1862/1913/4249 559/565/4249 1937/1990/4249
f 561/567/1032 559/565/1034 1862/1913/4250
f 1906/1959/4177 151/151/4251 149/149/4175
f 1746/1787/4252 151/151/4252 1906/1959/4252
f 1938/1991/4253 1746/1787/3754 1906/1959/4254
f 1744/1785/3755 1746/1787/3754 1938/1991/4253
f 1939/1992/4255 1744/1785/4256 1938/1991/4257
f 1940/1993/4258 1744/1785/4258 1939/1992/4258
f 1941/1994/4259 1940/1993/4259 1939/1992/4259
f 1942/1995/4260 1940/1993/4261 1941/1994/4262
f 1943/1996/4263 1942/1995/4264 1941/1994/4265
f 931/944/1811 1942/1995/4266 1943/1996/1813
f 1840/1890/4267 1772/1817/4267 1771/1813/4267
f 1774/1819/4268 1772/1817/4268 1840/1890/4268
f 1839/1889/4269 1774/1819/4269 1840/1890/4269
f 1944/1997/4270 1774/1819/4271 1839/1889/4272
f 1945/1998/4273 1944/1997/4270 1839/1889/4272
f 1946/1999/4274 1944/1997/4274 1945/1998/4274
f 654/660/4275 1946/1999/4276 1945/1998/4277
f 1947/2000/4278 1946/1999/4276 654/660/4275
f 656/662/4279 1947/2000/4279 654/660/4279
f 658/664/4280 1947/2000/4280 656/662/4280
f 1948/2001/4281 257/258/4281 259/260/4281
f 1949/2002/4282 257/258/4283 1948/2001/4284
f 1950/2003/4285 1949/2002/4286 1948/2001/4287
f 1924/1977/4221 1949/2002/4286 1950/2003/4285
f 1951/2004/4288 1924/1977/4288 1950/2003/4288
f 1923/1976/4289 1924/1977/4289 1951/2004/4289
f 1952/2005/4290 1923/1976/4291 1951/2004/4292
f 1922/1975/4293 1923/1976/4291 1952/2005/4290
f 269/270/485 1922/1975/487 1952/2005/4294
f 1455/1488/3032 1922/1975/487 269/270/485
f 833/843/4295 512/518/4295 835/845/4295
f 1953/2006/4296 512/518/4296 833/843/4296
f 1860/1911/4297 1953/2006/4297 833/843/4297
f 1954/2007/4298 1953/2006/4298 1860/1911/4298
f 1955/2008/4299 1954/2007/4300 1860/1911/4301
f 1956/2009/4302 1954/2007/4300 1955/2008/4299
f 813/823/1551 1956/2009/4303 1955/2008/4304
f 1957/2010/4305 1956/2009/4303 813/823/1551
f 811/821/1553 1957/2010/4305 813/823/1551
f 809/819/4306 1957/2010/4307 811/821/4308
f 1204/1228/4309 844/854/4310 1958/2011/4311
f 1959/2012/4312 844/854/4310 1204/1228/4309
f 1208/1232/4313 1959/2012/4314 1204/1228/4315
f 846/856/4316 1959/2012/4317 1208/1232/4318
f 1960/2013/4319 846/856/4316 1208/1232/4318
f 850/860/4320 846/856/4321 1960/2013/4322
f 1210/1234/4323 850/860/4324 1960/2013/4325
f 1961/2014/4326 850/860/4324 1210/1234/4323
f 1214/1238/4327 1961/2014/4328 1210/1234/4329
f 852/862/4330 1961/2014/4331 1214/1238/4332
f 1127/1147/4333 1116/1136/4333 1125/1145/4333
f 1962/2015/4334 1116/1136/4334 1127/1147/4334
f 1963/2016/4335 1962/2015/4335 1127/1147/4335
f 1964/2017/4336 1962/2015/4336 1963/2016/4336
f 1965/2018/4337 1964/2017/4337 1963/2016/4337
f 1966/2019/4338 1964/2017/4338 1965/2018/4338
f 1876/1928/4339 1966/2019/4339 1965/2018/4340
f 1967/2020/4341 1966/2019/4339 1876/1928/4339
f 1110/1130/4342 1967/2020/4342 1876/1928/4342
f 1112/1132/4343 1967/2020/4343 1110/1130/4343
f 1968/2021/4344 1596/2022/4344 1/2023/4344
f 1600/1635/4345 1596/2022/4346 1968/2021/4347
f 1969/2024/4348 1600/1635/4345 1968/2021/4347
f 1602/1637/3383 1600/1635/3385 1969/2024/4349
f 1970/2025/4350 1602/1637/4351 1969/2024/4352
f 1971/2026/4353 1602/1637/4351 1970/2025/4350
f 1180/2027/4354 1971/2026/4355 1970/2025/4356
f 1606/1641/4357 1971/2026/4358 1180/2027/4359
f 1972/2028/4360 1606/1641/4357 1180/2027/4359
f 295/1643/3397 1606/1641/3399 1972/2028/4361
f 613/619/4362 979/993/4362 615/621/4362
f 1973/2029/4363 979/993/4363 613/619/4363
f 611/617/4364 1973/2029/4364 613/619/4364
f 1974/2030/4365 1973/2029/4365 611/617/4365
f 609/615/1122 1974/2030/4366 611/617/1120
f 1975/2031/4367 1974/2030/4368 609/615/4369
f 1976/2032/4370 1975/2031/4367 609/615/4369
f 1868/1919/4371 1975/2031/4372 1976/2032/4373
f 605/611/4089 1868/1919/4091 1976/2032/4374
f 366/370/4375 1977/2033/4375 364/368/4375
f 1978/2034/4376 1977/2033/4376 366/370/4376
f 368/372/681 1978/2034/4377 366/370/679
f 1979/2035/4378 1978/2034/4378 368/372/4378
f 1980/2036/4379 1979/2035/4379 368/372/4379
f 1981/2037/4380 1979/2035/4380 1980/2036/4380
f 1982/2038/4381 1981/2037/4381 1980/2036/4381
f 376/380/4382 1981/2037/4382 1982/2038/4382
f 374/378/696 376/380/695 1982/2038/4383
f 1307/1333/4384 843/853/4385 1305/1331/4386
f 1983/2039/4387 843/853/4385 1307/1333/4384
f 1695/1736/4388 1983/2039/4388 1307/1333/4388
f 841/851/4389 1983/2039/4389 1695/1736/4389
f 1984/2040/4390 841/851/4390 1695/1736/4390
f 839/849/4391 841/851/4391 1984/2040/4391
f 1985/2041/4392 839/849/4392 1984/2040/4392
f 837/847/4393 839/849/4393 1985/2041/4393
f 1122/1142/4394 837/847/4394 1985/2041/4394
f 310/313/4395 1727/1768/4395 308/311/4395
f 1986/2042/4396 1727/1768/4396 310/313/4396
f 1987/2043/4397 1986/2042/4397 310/313/4397
f 1988/2044/4398 1986/2042/4399 1987/2043/4400
f 1989/2045/4401 1988/2044/4402 1987/2043/4403
f 1476/1509/3076 1988/2044/4404 1989/2045/3729
f 1990/2046/4404 1476/1509/3076 1989/2045/3729
f 1474/1507/3077 1476/1509/3076 1990/2046/4404
f 1472/1505/3072 1474/1507/3071 1990/2046/4405
f 855/865/1622 1991/2047/4406 853/863/1623
f 1992/2048/4407 1991/2047/4407 855/865/4407
f 857/867/4408 1992/2048/4408 855/865/4408
f 1993/2049/4409 1992/2048/4409 857/867/4409
f 1994/2050/4410 1993/2049/4410 857/867/4410
f 1995/2051/4411 1993/2049/4412 1994/2050/4411
f 1996/2052/4413 1995/2051/4414 1994/2050/4415
f 286/2053/509 1995/2051/4416 1996/2052/4417
f 1997/2054/4418 286/2053/509 1996/2052/4417
f 778/788/4419 776/786/4420 777/787/4421
f 1998/2055/4422 776/786/4420 778/788/4419
f 1999/2056/4423 1998/2055/4423 778/788/4423
f 2000/2057/4424 1998/2055/4425 1999/2056/4426
f 2001/2058/4427 2000/2057/4424 1999/2056/4426
f 2002/2059/4428 2000/2057/4429 2001/2058/4430
f 2003/2060/4431 2002/2059/4432 2001/2058/4433
f 1471/1504/4433 2002/2059/4432 2003/2060/4431
f 1473/1506/3068 1471/1504/3070 2003/2060/4434
f 2006/2061/4435 2005/2062/4436 2004/2063/4437
f 826/2064/4438 2005/2062/4439 2006/2061/4440
f 2007/2065/4441 826/2064/4438 2006/2061/4440
f 2008/2066/4442 826/2064/4443 2007/2065/4444
f 1531/1564/4445 2008/2066/4446 2007/2065/4447
f 2009/2067/4448 2008/2066/4446 1531/1564/4445
f 966/979/4449 2009/2067/4449 1531/1564/4449
f 970/983/4450 2009/2067/4451 966/979/4452
f 968/981/4453 970/983/4450 966/979/4452
f 457/461/4454 1910/1963/4454 455/459/4454
f 2010/2068/4455 1910/1963/4456 457/461/4457
f 2011/2069/4458 2010/2068/4459 457/461/4460
f 2012/2070/4461 2010/2068/4462 2011/2069/4463
f 2013/2071/4464 2012/2070/4465 2011/2069/4466
f 185/185/342 2012/2070/4467 2013/2071/4468
f 2014/2072/4469 185/185/342 2013/2071/4468
f 2015/2073/4470 185/185/342 2014/2072/4469
f 2016/2074/4471 2015/2073/4472 2014/2072/4473
f 278/279/4474 1721/1762/4474 280/281/4474
f 1719/1760/4475 1721/1762/4475 278/279/4475
f 276/277/4476 1719/1760/4476 278/279/4476
f 1717/1758/4477 1719/1760/4477 276/277/4477
f 274/275/4478 1717/1758/4479 276/277/4480
f 1715/1756/4481 1717/1758/4479 274/275/4478
f 272/273/4482 1715/1756/4482 274/275/4482
f 1538/1571/4483 1715/1756/4483 272/273/4483
f 270/271/3262 1538/1571/3262 272/273/4484
f 954/967/4485 1520/1553/4485 952/965/4485
f 2017/2075/4486 1520/1553/4487 954/967/4488
f 956/969/4489 2017/2075/4489 954/967/4489
f 2018/2076/4490 2017/2075/4490 956/969/4490
f 2019/2077/4491 2018/2076/4491 956/969/4491
f 2020/2078/4492 2018/2076/4492 2019/2077/4492
f 2021/2079/4493 2020/2078/4493 2019/2077/4493
f 1528/1561/4494 2020/2078/4494 2021/2079/4494
f 1530/1563/4495 1528/1561/4495 2021/2079/4495
f 362/366/4496 2022/2080/4496 360/364/4496
f 439/443/4497 2022/2080/4498 362/366/4499
f 2023/2081/4500 439/443/4497 362/366/4499
f 2024/2082/4501 439/443/4501 2023/2081/4501
f 2025/2083/4502 2024/2082/4502 2023/2081/4502
f 437/441/4503 2024/2082/4504 2025/2083/4505
f 2026/2084/4506 437/441/4503 2025/2083/4505
f 435/439/841 437/441/840 2026/2084/4507
f 1371/1400/2830 435/439/2829 2026/2084/4508
f 520/526/4509 2027/2085/4509 522/528/4509
f 2028/2086/4510 2027/2085/4511 520/526/4512
f 808/818/4513 2028/2086/4510 520/526/4512
f 2029/2087/4514 2028/2086/4515 808/818/4516
f 810/820/4517 2029/2087/4517 808/818/4517
f 2030/2088/4518 2029/2087/4518 810/820/4518
f 812/822/4519 2030/2088/4520 810/820/4521
f 814/824/4522 2030/2088/4520 812/822/4519
f 360/364/4523 356/360/4523 358/362/4523
f 2031/2089/4524 356/360/4525 360/364/4526
f 2022/2080/4527 2031/2089/4524 360/364/4526
f 2032/2090/4528 2031/2089/4528 2022/2080/4528
f 441/445/4529 2032/2090/4529 2022/2080/4529
f 2033/2091/4530 2032/2090/4530 441/445/4530
f 443/447/4531 2033/2091/4531 441/445/4531
f 445/449/4532 2033/2091/4531 443/447/4531
f 1078/1098/4533 1074/1094/4533 1076/1096/4533
f 2034/2092/4534 1074/1094/4534 1078/1098/4534
f 2035/2093/4535 2034/2092/4536 1078/1098/4537
f 2036/2094/4538 2034/2092/4538 2035/2093/4538
f 2037/2095/4539 2036/2094/4539 2035/2093/4539
f 2038/2096/4540 2036/2094/4540 2037/2095/4540
f 1382/1411/4541 2038/2096/4542 2037/2095/4543
f 1381/1410/4544 2038/2096/4542 1382/1411/4541
f 2039/2097/4545 1764/2098/4545 137/2099/4545
f 1766/1809/4546 1764/2098/4547 2039/2097/4548
f 2040/2100/4549 1766/1809/4546 2039/2097/4548
f 1768/1811/3805 1766/1809/3807 2040/2100/4550
f 2041/2101/4551 1768/1811/4552 2040/2100/4553
f 2042/2102/4554 1768/1811/4552 2041/2101/4551
f 389/393/4555 2042/2102/4556 2041/2101/4557
f 387/391/722 2042/2102/4558 389/393/720
f 2043/2103/4559 1230/1256/4559 1232/1258/4559
f 1788/1834/4560 1230/1256/4560 2043/2103/4560
f 2044/2104/4561 1788/1834/4561 2043/2103/4561
f 1817/1864/4037 1788/1834/4039 2044/2104/4562
f 2045/2105/4563 1817/1864/4564 2044/2104/4565
f 1818/1865/4566 1817/1864/4564 2045/2105/4563
f 657/663/4567 1818/1865/4567 2045/2105/4567
f 655/661/4568 1818/1865/4568 657/663/4568
f 1325/1351/2678 2046/2106/4569 1324/1350/2679
f 2047/2107/4570 2046/2106/4570 1325/1351/4570
f 1326/1352/4571 2047/2107/4572 1325/1351/4573
f 2048/2108/4574 2047/2107/4572 1326/1352/4571
f 533/539/4575 2048/2108/4575 1326/1352/4575
f 2047/2107/4576 2048/2108/4577 533/539/4578
f 2049/2109/4579 2047/2107/4576 533/539/4578
f 2050/2110/4580 2047/2107/4576 2049/2109/4579
f 261/262/4581 1948/2001/4581 259/260/4581
f 2051/2111/4582 1948/2001/4583 261/262/4584
f 263/264/474 2051/2111/4585 261/262/475
f 2052/2112/4586 2051/2111/4587 263/264/4588
f 265/266/4589 2052/2112/4589 263/264/4589
f 2053/2113/4590 2052/2112/4591 265/266/4592
f 267/268/480 2053/2113/4593 265/266/481
f 269/270/485 2053/2113/4594 267/268/486
f 465/2114/4595 504/2115/4595 1/2116/4595
f 502/507/4596 504/2115/4597 465/2114/4598
f 467/472/4599 502/507/4596 465/2114/4598
f 2054/2117/4600 502/507/4601 467/472/4602
f 2055/2118/4603 2054/2117/4600 467/472/4602
f 2056/2119/4604 2054/2117/4604 2055/2118/4604
f 469/474/4605 2056/2119/4605 2055/2118/4605
f 471/476/885 2056/2119/4606 469/474/886
f 2058/2120/4607 1505/1538/4607 2057/2121/4607
f 1507/1540/4608 1505/1538/4609 2058/2120/4610
f 2059/2122/4611 1507/1540/4608 2058/2120/4610
f 1509/1542/4612 1507/1540/4612 2059/2122/4612
f 2060/2123/4613 1509/1542/4614 2059/2122/4615
f 2061/2124/4616 1509/1542/4614 2060/2123/4613
f 214/214/4617 2061/2124/4617 2060/2123/4617
f 216/216/4618 2061/2124/4619 214/214/4620
f 1384/1413/4621 98/98/4622 1385/1414/4623
f 2062/2125/4624 98/98/4622 1384/1413/4621
f 2063/2126/4625 2062/2125/4626 1384/1413/4627
f 94/94/4628 2062/2125/4629 2063/2126/4630
f 2064/2127/4631 94/94/4628 2063/2126/4630
f 92/92/161 94/94/160 2064/2127/4632
f 1080/1100/4633 92/92/4634 2064/2127/4635
f 1082/1102/4636 92/92/4634 1080/1100/4633
f 1562/1595/4637 1576/1609/4638 1564/1597/4639
f 1574/1607/4640 1576/1609/4638 1562/1595/4637
f 1560/1593/4641 1574/1607/4641 1562/1595/4641
f 1572/1605/4642 1574/1607/4642 1560/1593/4642
f 1559/1592/3311 1572/1605/4643 1560/1593/3309
f 2065/2128/4644 1572/1605/4644 1559/1592/4644
f 1558/1591/4645 2065/2128/4645 1559/1592/4645
f 1557/1590/4646 2065/2128/4647 1558/1591/4648
f 1309/1335/4649 1695/1736/4649 1307/1333/4649
f 1694/1735/4650 1695/1736/4650 1309/1335/4650
f 1311/1337/2652 1694/1735/4651 1309/1335/2653
f 2066/2129/4652 1694/1735/4652 1311/1337/4652
f 1313/1339/4653 2066/2129/4653 1311/1337/4653
f 2067/2130/4654 2066/2129/4655 1313/1339/4656
f 1315/1341/2660 2067/2130/4657 1313/1339/2661
f 1317/1343/2666 2067/2130/4658 1315/1341/2667
f 1365/1394/2805 382/386/4659 384/388/2806
f 380/384/4660 382/386/4661 1365/1394/4662
f 2068/2131/4663 380/384/4660 1365/1394/4662
f 378/382/706 380/384/705 2068/2131/4664
f 2069/2132/4665 378/382/706 2068/2131/4664
f 2070/2133/4666 378/382/706 2069/2132/4665
f 1366/1395/4667 2070/2133/4667 2069/2132/4667
f 1367/1396/4668 2070/2133/4668 1366/1395/4668
f 207/207/385 211/211/387 209/209/383
f 2071/2134/4669 211/211/4670 207/207/4671
f 205/205/4672 2071/2134/4669 207/207/4671
f 2072/2135/4673 2071/2134/4673 205/205/4673
f 2073/2136/4674 2072/2135/4674 205/205/4674
f 460/464/4675 2072/2135/4676 2073/2136/4677
f 464/468/4678 460/464/4675 2073/2136/4677
f 462/466/4679 460/464/4679 464/468/4679
f 155/155/4680 159/159/4681 157/157/4682
f 2074/2137/4683 159/159/4681 155/155/4680
f 2075/2138/4684 2074/2137/4685 155/155/4686
f 2076/2139/4687 2074/2137/4688 2075/2138/4689
f 2077/2140/4690 2076/2139/4687 2075/2138/4689
f 2078/2141/4691 2076/2139/4692 2077/2140/4693
f 1741/1782/4694 2078/2141/4695 2077/2140/4696
f 1739/1780/4697 2078/2141/4695 1741/1782/4694
f 1613/1651/4698 1611/1649/4698 1612/1650/4698
f 2079/2142/4699 1611/1649/4699 1613/1651/4699
f 478/483/4700 2079/2142/4701 1613/1651/4702
f 1611/1649/4703 2079/2142/4703 478/483/4703
f 476/481/4704 1611/1649/4704 478/483/4704
f 1609/1647/4705 1611/1649/4705 476/481/4705
f 474/479/4706 1609/1647/4706 476/481/4706
f 472/477/4707 1609/1647/4707 474/479/4707
f 2080/2143/4708 575/581/1052 573/579/1054
f 2081/2144/1053 575/581/1052 2080/2143/4708
f 2082/2145/4709 2081/2144/4710 2080/2143/4711
f 2083/2146/4712 2081/2144/4710 2082/2145/4709
f 567/573/4713 2083/2146/4713 2082/2145/4713
f 2084/2147/4714 2083/2146/4714 567/573/4714
f 565/571/4715 2084/2147/4716 567/573/4717
f 1861/1912/4718 2084/2147/4716 565/571/4715
f 231/232/4719 227/228/4719 229/230/4719
f 2085/2148/4720 227/228/4720 231/232/4720
f 2086/2149/4721 2085/2148/4721 231/232/4721
f 2087/2150/4722 2085/2148/4722 2086/2149/4722
f 2088/2151/4723 2087/2150/4724 2086/2149/4725
f 2089/2152/4726 2087/2150/4724 2088/2151/4723
f 237/238/431 2089/2152/4727 2088/2151/4728
f 1034/1052/2067 2089/2152/4727 237/238/431
f 1797/1844/3882 136/2153/4729 135/1842/3883
f 506/2154/4730 136/2153/4731 1797/1844/4732
f 2090/2155/4733 506/2154/4730 1797/1844/4732
f 2091/2156/4734 506/2154/4734 2090/2155/4734
f 1799/1846/4735 2091/2156/4736 2090/2155/4737
f 2092/2157/4738 2091/2156/4736 1799/1846/4735
f 1525/1558/3894 2092/2157/4739 1799/1846/3895
f 1527/1560/3220 2092/2157/4740 1525/1558/3221
f 1585/1618/4741 1589/1622/4742 1587/1620/4743
f 2093/2158/4744 1589/1622/4742 1585/1618/4741
f 2094/2159/4745 2093/2158/4746 1585/1618/4747
f 2095/2160/4748 2093/2158/4749 2094/2159/4750
f 2096/2161/4750 2095/2160/4748 2094/2159/4750
f 1566/1599/4751 2095/2160/4751 2096/2161/4751
f 1770/2162/4752 1566/1599/4753 2096/2161/4754
f 1565/1600/4755 1566/1599/4753 1770/2162/4752
f 1835/1885/3994 1871/2163/4756 1836/1886/3992
f 1870/2164/4757 1871/2163/4758 1835/1885/4759
f 2097/2165/4760 1870/2164/4757 1835/1885/4759
f 2098/2166/4761 1870/2164/4761 2097/2165/4761
f 2099/2167/4762 2098/2166/4762 2097/2165/4762
f 1991/2047/4763 2098/2166/4763 2099/2167/4763
f 1832/1882/4764 1991/2047/4764 2099/2167/4764
f 853/863/3986 1991/2047/4765 1832/1882/3984
f 1098/1118/4766 2100/2168/4766 1100/1120/4766
f 2101/2169/4767 2100/2168/4767 1098/1118/4767
f 1097/1117/4768 2101/2169/4768 1098/1118/4768
f 2102/2170/4769 2101/2169/4769 1097/1117/4769
f 2103/2171/4770 2102/2170/4771 1097/1117/4772
f 2104/2172/4773 2102/2170/4771 2103/2171/4770
f 1072/1092/4774 2104/2172/4774 2103/2171/4774
f 1074/1094/4775 2104/2172/4775 1072/1092/4775
f 539/545/4776 535/541/4777 537/543/4778
f 2049/2109/4779 535/541/4777 539/545/4776
f 2105/2173/4780 2049/2109/4780 539/545/4780
f 2050/2174/4781 2049/2109/4781 2105/2173/4781
f 2106/2175/4782 2050/2174/4782 2105/2173/4782
f 2107/2176/4783 2050/2174/4783 2106/2175/4783
f 2108/2177/4784 2107/2176/4784 2106/2175/4784
f 1530/1563/4785 964/977/4785 1532/1565/4785
f 2109/2178/4786 964/977/4786 1530/1563/4786
f 2021/2079/4787 2109/2178/4787 1530/1563/4787
f 962/975/4788 2109/2178/4788 2021/2079/4788
f 2019/2077/4789 962/975/4789 2021/2079/4789
f 960/973/1878 962/975/1878 2019/2077/1878
f 958/971/4790 960/973/4791 2019/2077/4792
f 792/802/4793 788/798/4793 790/800/4793
f 2110/2179/4794 788/798/4794 792/802/4794
f 1324/1350/4795 2110/2179/4796 792/802/4797
f 2108/2180/4798 2110/2179/4796 1324/1350/4795
f 2046/2106/4799 2108/2180/4799 1324/1350/4799
f 2107/2181/4800 2108/2180/4800 2046/2106/4800
f 2050/2110/4801 2107/2181/4801 2046/2106/4801
f 945/958/4802 2078/2141/4803 2111/2182/4804
f 2112/2183/4805 2078/2141/4803 945/958/4802
f 949/962/4806 2112/2183/4807 945/958/4808
f 2076/2139/4809 2112/2183/4810 949/962/4811
f 2113/2184/4812 2076/2139/4809 949/962/4811
f 159/159/4813 2076/2139/4814 2113/2184/4815
f 161/161/296 159/159/298 2113/2184/4816
f 2114/2185/4817 395/2186/4817 137/2187/4817
f 2115/2188/4818 395/2186/4819 2114/2185/4820
f 2116/2189/4821 2115/2188/4818 2114/2185/4820
f 127/127/4822 2115/2188/4823 2116/2189/4824
f 2117/2190/4825 127/127/4826 2116/2189/4827
f 129/129/4828 127/127/4826 2117/2190/4825
f 131/131/4829 129/129/4829 2117/2190/4829
f 1373/1402/4830 910/922/4830 908/920/4830
f 2118/2191/4831 910/922/4831 1373/1402/4831
f 1375/1404/4832 2118/2191/4832 1373/1402/4832
f 911/923/4833 2118/2191/4833 1375/1404/4833
f 1377/1406/4834 911/923/4834 1375/1404/4834
f 912/924/1763 911/923/1765 1377/1406/4835
f 913/925/4836 912/924/4837 1377/1406/4838
f 2095/2160/4839 1589/1622/4840 2093/2158/4841
f 2119/2192/4840 1589/1622/4840 2095/2160/4839
f 1555/1588/4842 2119/2192/4842 2095/2160/4842
f 1591/1624/4843 2119/2192/4843 1555/1588/4843
f 1554/1587/4844 1591/1624/4844 1555/1588/4844
f 1593/1626/4845 1591/1624/4845 1554/1587/4845
f 1553/1586/4846 1593/1626/4846 1554/1587/4846
f 1192/1216/4847 1188/1212/4848 1190/1214/4849
f 2120/2193/4850 1188/1212/4848 1192/1216/4847
f 2121/2194/4851 2120/2193/4852 1192/1216/4851
f 2122/2195/4853 2120/2193/4853 2121/2194/4853
f 2123/2196/4854 2122/2195/4854 2121/2194/4854
f 291/292/4855 2122/2195/4855 2123/2196/4855
f 289/290/519 291/292/518 2123/2196/4856
f 1849/1900/4047 1728/1769/3719 1847/1898/4045
f 1726/1767/3720 1728/1769/3719 1849/1900/4047
f 1850/1901/4857 1726/1767/3720 1849/1900/4047
f 2124/2197/4858 1726/1767/3720 1850/1901/4857
f 1851/1902/4859 2124/2197/4859 1850/1901/4859
f 234/235/4860 2124/2197/4860 1851/1902/4860
f 236/237/429 234/235/429 1851/1902/4861
f 1290/1316/4862 1294/1320/4862 1292/1318/4862
f 2125/2198/4863 1294/1320/4863 1290/1316/4863
f 2126/2199/4864 2125/2198/4865 1290/1316/4866
f 2127/2200/4867 2125/2198/4867 2126/2199/4867
f 2128/2201/4868 2127/2200/4868 2126/2199/4868
f 449/453/4869 2127/2200/4870 2128/2201/4871
f 447/451/4872 449/453/4872 2128/2201/4872
f 1773/1818/4873 2129/2202/4873 1567/1816/4873
f 2130/2203/4874 2129/2202/4874 1773/1818/4874
f 2131/2204/4875 2130/2203/4875 1773/1818/4875
f 2132/2205/4876 2130/2203/4877 2131/2204/4878
f 2133/2206/4879 2132/2205/4880 2131/2204/4879
f 1577/1826/3333 2132/2205/4881 2133/2206/3839
f 1779/1824/3837 1577/1826/3333 2133/2206/3839
f 1356/1385/4882 1624/1662/4882 17/17/4882
f 1625/1663/4883 1624/1662/4883 1356/1385/4883
f 1358/1387/4884 1625/1663/4884 1356/1385/4884
f 1626/1664/4885 1625/1663/4886 1358/1387/4887
f 1360/1389/4888 1626/1664/4885 1358/1387/4887
f 485/490/908 1626/1664/3454 1360/1389/4889
f 487/492/4890 485/490/4890 1360/1389/4890
f 1123/1143/4891 1120/1140/4891 1121/1141/4891
f 1803/1850/4892 1120/1140/4892 1123/1143/4892
f 2134/2207/4893 1803/1850/4893 1123/1143/4893
f 1802/1849/3904 1803/1850/3903 2134/2207/4894
f 2135/2208/4895 1802/1849/4895 2134/2207/4895
f 578/584/4896 1802/1849/4896 2135/2208/4896
f 576/582/1058 578/584/1057 2135/2208/4897
f 322/325/4898 318/321/4899 320/323/4900
f 2136/2209/4901 318/321/4899 322/325/4898
f 2137/2210/4902 2136/2209/4902 322/325/4902
f 2000/2057/4903 2136/2209/4903 2137/2210/4903
f 2138/2211/4904 2000/2057/4904 2137/2210/4904
f 776/786/4905 2000/2057/4906 2138/2211/4907
f 774/784/4908 776/786/4908 2138/2211/4908
f 1134/1154/4909 2139/2212/4909 1136/1156/4909
f 2140/2213/4910 2139/2212/4910 1134/1154/4910
f 1132/1152/4911 2140/2213/4911 1134/1154/4911
f 2141/2214/4912 2140/2213/4913 1132/1152/4912
f 2142/2215/4914 2141/2214/4912 1132/1152/4912
f 1810/1857/4915 2141/2214/4915 2142/2215/4915
f 1808/1855/4916 1810/1857/4917 2142/2215/4918
f 2054/2117/4919 1469/1502/3062 502/507/3061
f 1468/1501/3060 1469/1502/3060 2054/2117/4920
f 2056/2119/4921 1468/1501/3060 2054/2117/4920
f 1466/1499/3057 1468/1501/3056 2056/2119/4922
f 2143/2216/4923 1466/1499/4923 2056/2119/4923
f 1464/1497/3051 1466/1499/3050 2143/2216/4924
f 1463/1496/4925 1464/1497/4926 2143/2216/4927
f 364/368/4928 2023/2081/4928 362/366/4928
f 2025/2083/4929 2023/2081/4929 364/368/4929
f 1977/2033/4930 2025/2083/4931 364/368/4932
f 2144/2217/4933 2025/2083/4931 1977/2033/4930
f 1369/1398/4934 2144/2217/4935 1977/2033/4936
f 1371/1400/4937 2144/2217/4938 1369/1398/4939
f 1370/1399/4940 1371/1400/4937 1369/1398/4939
f 1992/2048/4941 2098/2166/4763 1991/2047/4763
f 2145/2218/4942 2098/2166/4942 1992/2048/4942
f 2146/2219/4943 2145/2218/4943 1992/2048/4943
f 2147/2220/4944 2145/2218/4945 2146/2219/4946
f 2148/2221/4947 2147/2220/4948 2146/2219/4949
f 286/2053/509 2147/2220/4950 2148/2221/4951
f 1995/2051/4416 286/2053/509 2148/2221/4951
f 1681/1722/4952 1679/1720/4953 1680/1721/4954
f 2149/2222/4955 1679/1720/4953 1681/1722/4952
f 2150/2223/4956 2149/2222/4957 1681/1722/4958
f 2151/2224/4959 2149/2222/4959 2150/2223/4959
f 2152/2225/4960 2151/2224/4960 2150/2223/4960
f 928/941/4961 2151/2224/4961 2152/2225/4961
f 930/943/1808 928/941/1810 2152/2225/4962
f 1864/1915/4963 1868/1919/4964 1866/1917/4965
f 2153/2226/4966 1868/1919/4964 1864/1915/4963
f 1937/1990/4967 2153/2226/4967 1864/1915/4967
f 1975/2031/4968 2153/2226/4969 1937/1990/4970
f 2154/2227/4971 1975/2031/4968 1937/1990/4970
f 983/997/4972 1975/2031/4973 2154/2227/4974
f 1935/1988/4975 983/997/4975 2154/2227/4975
f 1696/1737/3654 719/726/4976 717/724/3655
f 721/728/4977 719/726/4977 1696/1737/4977
f 2155/2228/4978 721/728/4978 1696/1737/4978
f 2156/2229/4979 721/728/4980 2155/2228/4981
f 2157/2230/4982 2156/2229/4982 2155/2228/4983
f 1071/1091/4984 2156/2229/4982 2157/2230/4982
f 1073/1093/4985 1071/1091/4985 2157/2230/4985
f 211/211/4986 1674/1712/4986 213/213/4986
f 2158/2231/4987 1674/1712/4988 211/211/4989
f 2159/2232/4990 2158/2231/4987 211/211/4989
f 450/454/4991 2158/2231/4991 2159/2232/4991
f 2160/2233/4992 450/454/4992 2159/2232/4992
f 452/456/4993 450/454/4994 2160/2233/4995
f 454/458/4996 452/456/4993 2160/2233/4995
f 2162/2234/4997 2161/2235/4998 728/735/4999
f 720/727/5000 2161/2235/5000 2162/2234/5000
f 2163/2236/5001 720/727/5002 2162/2234/5003
f 718/725/5004 720/727/5002 2163/2236/5001
f 2164/2237/5005 718/725/5006 2163/2236/5007
f 716/723/5008 718/725/5006 2164/2237/5005
f 714/721/1300 716/723/1304 2164/2237/3531
f 543/549/1006 2165/2238/5009 541/547/1007
f 2166/2239/5010 2165/2238/5009 543/549/1006
f 2167/2240/5011 2166/2239/5010 543/549/1006
f 2106/2175/5012 2166/2239/5013 2167/2240/5014
f 2168/2241/5015 2106/2175/5016 2167/2240/5015
f 2108/2177/5017 2106/2175/5017 2168/2241/5017
f 2110/2179/5018 2108/2177/5018 2168/2241/5018
f 1904/1957/5019 1938/1991/5019 1906/1959/5019
f 1939/1992/4255 1938/1991/4257 1904/1957/5020
f 1902/1955/5021 1939/1992/5021 1904/1957/5021
f 1941/1994/5022 1939/1992/5022 1902/1955/5022
f 2169/2242/5023 1941/1994/5023 1902/1955/5023
f 1943/1996/4263 1941/1994/4265 2169/2242/5024
f 27/27/5025 1621/1659/5025 1620/1658/5025
f 2170/2243/5026 1621/1659/5026 27/27/5026
f 25/25/5027 2170/2243/5028 27/27/5029
f 2171/2244/5030 2170/2243/5028 25/25/5027
f 23/23/5031 2171/2244/5032 25/25/5033
f 21/21/5034 2171/2244/5032 23/23/5031
f 2172/2245/5035 2039/2246/5035 137/2247/5035
f 2041/2101/5036 2039/2246/5037 2172/2245/5038
f 2173/2248/5039 2041/2101/5036 2172/2245/5038
f 389/393/4555 2041/2101/4557 2173/2248/5040
f 393/397/5041 389/393/5042 2173/2248/5043
f 391/395/5044 389/393/5042 393/397/5041
f 992/1006/5045 988/1002/5045 990/1004/5045
f 2174/2249/5046 988/1002/5046 992/1006/5046
f 2175/2250/5047 2174/2249/5048 992/1006/5049
f 2176/2251/5050 2174/2249/5048 2175/2250/5047
f 959/972/1873 2176/2251/5051 2175/2250/1877
f 978/992/1910 2176/2251/5051 959/972/1873
f 526/532/5052 2177/2252/5052 528/534/5052
f 2178/2253/5053 2177/2252/5053 526/532/5053
f 1714/1755/3696 2178/2253/5054 526/532/3694
f 2179/2254/5055 2178/2253/5056 1714/1755/5057
f 1712/1753/3692 2179/2254/5058 1714/1755/3690
f 1235/1261/2504 2179/2254/2506 1712/1753/3686
f 2180/2255/5059 2114/2256/5059 137/2257/5059
f 2117/2190/5060 2114/2256/5061 2180/2255/5062
f 2181/2258/5063 2117/2190/5060 2180/2255/5062
f 2182/2259/5064 2117/2190/5064 2181/2258/5064
f 2183/2260/5065 2182/2259/5065 2181/2258/5065
f 397/2261/5066 2182/2259/5067 2183/2260/5068
f 1642/1680/5069 2162/2234/4997 728/735/4999
f 2184/2262/5070 2162/2234/5070 1642/1680/5070
f 1643/1681/5071 2184/2262/5071 1642/1680/5071
f 2185/2263/5072 2184/2262/5073 1643/1681/5074
f 1645/1683/3525 2185/2263/5075 1643/1681/3526
f 714/721/1300 2185/2263/1304 1645/1683/3530
f 1355/1384/2782 1359/1388/2788 1357/1386/2786
f 495/500/5076 1359/1388/2788 1355/1384/2782
f 2186/2264/5077 495/500/5076 1355/1384/2782
f 497/502/5078 495/500/5078 2186/2264/5078
f 1354/1383/5079 497/502/5079 2186/2264/5079
f 1353/1382/2780 497/502/5080 1354/1383/2778
f 2051/2111/4582 1950/2003/5081 1948/2001/4583
f 2187/2265/5082 1950/2003/5083 2051/2111/5084
f 2052/2112/4586 2187/2265/5085 2051/2111/4587
f 2188/2266/5086 2187/2265/5087 2052/2112/5088
f 2053/2113/4590 2188/2266/5089 2052/2112/4591
f 269/270/485 2188/2266/5090 2053/2113/4594
f 1787/1833/3853 1232/1258/5091 1234/1260/3851
f 2043/2103/5092 1232/1258/5092 1787/1833/5092
f 1786/1832/5093 2043/2103/5093 1787/1833/5093
f 2045/2105/5094 2043/2103/5094 1786/1832/5094
f 1785/1831/5095 2045/2105/5095 1786/1832/5095
f 1783/1829/5096 2045/2105/5096 1785/1831/5096
f 1427/1458/2970 2057/2121/2971 1425/1456/2971
f 2058/2120/5097 2057/2121/5097 1427/1458/5097
f 1429/1460/5098 2058/2120/5098 1427/1458/5098
f 2189/2267/5099 2058/2120/5099 1429/1460/5099
f 210/210/5100 2189/2267/5100 1429/1460/5100
f 212/212/5101 2189/2267/5101 210/210/5101
f 1452/1485/3022 2190/2268/5102 1450/1483/3023
f 2191/2269/5103 2190/2268/5103 1452/1485/5103
f 1454/1487/5104 2191/2269/5104 1452/1485/5104
f 2192/2270/5105 2191/2269/5105 1454/1487/5105
f 1456/1489/5106 2192/2270/5106 1454/1487/5107
f 1457/1490/5108 2192/2270/5106 1456/1489/5106
f 1155/1177/5109 1175/1199/2336 1173/1197/2338
f 2193/2271/5110 1175/1199/5110 1155/1177/5110
f 1157/1179/5111 2193/2271/5111 1155/1177/5111
f 2194/2272/5112 2193/2271/5112 1157/1179/5112
f 1159/1181/5113 2194/2272/5114 1157/1179/5113
f 1160/1182/5115 2194/2272/5114 1159/1181/5113
f 281/282/5116 2195/2273/5116 279/280/5116
f 2196/2274/5117 2195/2273/5117 281/282/5117
f 283/284/5118 2196/2274/5119 281/282/5120
f 2197/2275/5121 2196/2274/5119 283/284/5118
f 285/286/5122 2197/2275/5123 283/284/5122
f 287/288/5124 2197/2275/5123 285/286/5122
f 1308/1334/5125 1588/1621/5126 1310/1336/5127
f 1586/1619/5128 1588/1621/5128 1308/1334/5128
f 1306/1332/5129 1586/1619/5129 1308/1334/5129
f 2198/2276/5130 1586/1619/5130 1306/1332/5130
f 1833/1883/5131 2198/2276/5132 1306/1332/5133
f 1582/1615/5134 2198/2276/5134 1833/1883/5134
f 194/194/359 1419/1450/5135 192/192/355
f 2199/2277/5136 1419/1450/5136 194/194/5137
f 196/196/5138 2199/2277/5138 194/194/5138
f 2200/2278/5139 2199/2277/5139 196/196/5139
f 198/198/362 2200/2278/362 196/196/363
f 200/200/368 2200/2278/2968 198/198/369
f 1272/1298/5140 1666/1704/5141 2201/2279/5142
f 2202/2280/5143 1666/1704/5141 1272/1298/5140
f 1276/1302/5144 2202/2280/5145 1272/1298/5146
f 1668/1706/5147 2202/2280/5147 1276/1302/5147
f 1278/1304/5148 1668/1706/5148 1276/1302/5148
f 1280/1306/5149 1668/1706/5149 1278/1304/5149
f 22/22/44 2204/2281/2297 2203/2282/47
f 2205/2283/5150 2204/2281/2297 22/22/44
f 2206/2284/47 2205/2283/5150 22/22/44
f 2207/2285/5151 2205/2283/5152 2206/2284/5153
f 1156/1178/5154 2207/2285/5155 2206/2284/5156
f 1154/1176/5157 2207/2285/5158 1156/1178/5159
f 2168/2241/5160 788/798/5160 2110/2179/5160
f 786/796/5161 788/798/5161 2168/2241/5161
f 2208/2286/5162 786/796/5163 2168/2241/5164
f 2209/2287/5165 786/796/5163 2208/2286/5162
f 543/549/1006 2209/2287/5009 2208/2286/5166
f 914/926/1007 2209/2287/5009 543/549/1006
f 1693/1734/5167 1984/2040/5167 1695/1736/5167
f 2210/2288/5168 1984/2040/5169 1693/1734/5170
f 1691/1732/5171 2210/2288/5171 1693/1734/5171
f 2211/2289/5172 2210/2288/5172 1691/1732/5172
f 1689/1730/5173 2211/2289/5173 1691/1732/5174
f 1688/1729/5175 2211/2289/5173 1689/1730/5173
f 2002/2059/4428 2136/2209/5176 2000/2057/4429
f 2212/2290/5177 2136/2209/5177 2002/2059/5177
f 1471/1504/4433 2212/2290/5178 2002/2059/4432
f 2213/2291/5179 2212/2290/5178 1471/1504/4433
f 316/319/5180 2213/2291/5180 1471/1504/5180
f 318/321/570 2213/2291/5181 316/319/571
f 191/191/357 461/465/5182 463/467/356
f 2016/2074/5183 461/465/5183 191/191/5183
f 189/189/5184 2016/2074/5184 191/191/5184
f 2015/2073/4472 2016/2074/4471 189/189/5185
f 187/187/352 2015/2073/5186 189/189/350
f 185/185/342 2015/2073/4470 187/187/346
f 2214/2292/4469 185/185/342 183/183/344
f 2215/2293/343 185/185/342 2214/2292/4469
f 2216/2294/5187 2215/2293/5188 2214/2292/5189
f 2217/2295/5190 2215/2293/5188 2216/2294/5187
f 2218/2296/5191 2217/2295/5192 2216/2294/5193
f 1911/1964/5194 2217/2295/5192 2218/2296/5191
f 2220/2297/5195 931/944/1811 2219/2298/5196
f 2221/2299/1813 931/944/1811 2220/2297/5195
f 2222/2300/5197 2221/2299/5198 2220/2297/5199
f 2223/2301/5200 2221/2299/5198 2222/2300/5197
f 1742/1783/5201 2223/2301/5201 2222/2300/5201
f 1744/1785/5202 2223/2301/5202 1742/1783/5202
f 1891/1943/5203 1916/1969/4199 1890/1942/4201
f 1918/1971/5204 1916/1969/5205 1891/1943/5205
f 1892/1944/5204 1918/1971/5204 1891/1943/5205
f 1920/1973/5206 1918/1971/5206 1892/1944/5206
f 1059/1079/5207 1920/1973/5207 1892/1944/5207
f 1060/1080/5208 1920/1973/5208 1059/1079/5208
f 2224/2302/1813 931/944/1811 933/946/1815
f 2219/2298/5196 931/944/1811 2224/2302/1813
f 2225/2303/5209 2219/2298/5210 2224/2302/5211
f 2226/2304/5212 2219/2298/5210 2225/2303/5209
f 1738/1779/5213 2226/2304/5214 2225/2303/5215
f 1740/1781/5216 2226/2304/5214 1738/1779/5213
f 2091/2156/5217 2227/2305/5217 506/2154/5217
f 2004/2063/5218 2227/2305/5219 2091/2156/5220
f 2228/2306/5221 2004/2063/5218 2091/2156/5220
f 2006/2061/4435 2004/2063/4437 2228/2306/5222
f 1527/1560/5223 2006/2061/5223 2228/2306/5223
f 1529/1562/5224 2006/2061/5224 1527/1560/5224
f 575/581/1052 2229/2307/5225 1887/1939/4131
f 2230/2308/5226 2229/2307/5225 575/581/1052
f 2231/2309/1054 2230/2308/5226 575/581/1052
f 2232/2310/5227 2230/2308/5228 2231/2309/5229
f 2083/2146/5230 2232/2310/5231 2231/2309/5232
f 2084/2147/5233 2232/2310/5233 2083/2146/5233
f 1749/1790/5234 1410/1441/5234 1747/1788/5234
f 1412/1443/5235 1410/1441/5235 1749/1790/5235
f 1751/1792/5236 1412/1443/5237 1749/1790/5238
f 2233/2311/5239 1412/1443/5237 1751/1792/5236
f 373/377/690 2233/2311/5240 1751/1792/3769
f 1414/1445/2953 2233/2311/5240 373/377/690
f 16/16/28 2234/2312/5241 14/14/29
f 2235/2313/5242 2234/2312/5242 16/16/5242
f 18/18/32 2235/2313/5243 16/16/33
f 2203/2282/5244 2235/2313/5245 18/18/5246
f 20/20/38 2203/2282/5247 18/18/39
f 22/22/44 2203/2282/47 20/20/45
f 1701/1742/5248 1079/1099/5248 1077/1097/5248
f 1081/1101/5249 1079/1099/5249 1701/1742/5249
f 1703/1744/5250 1081/1101/5250 1701/1742/5250
f 1250/1276/2532 1081/1101/2534 1703/1744/5251
f 1252/1278/5252 1250/1276/5252 1703/1744/5252
f 1632/1670/3466 1931/1984/5253 1630/1668/3467
f 2236/2314/5254 1931/1984/5254 1632/1670/5254
f 2237/2315/5255 2236/2314/5255 1632/1670/5255
f 1545/1578/5256 2236/2314/5256 2237/2315/5256
f 1543/1576/5257 1545/1578/5258 2237/2315/5259
f 1549/1582/5260 1929/1982/5260 1547/1580/5260
f 1928/1981/5261 1929/1982/5261 1549/1582/5261
f 1551/1584/5262 1928/1981/5262 1549/1582/5262
f 1261/1287/5263 1928/1981/5263 1551/1584/5263
f 1259/1285/5264 1261/1287/5264 1551/1584/5264
f 1498/1531/5265 1820/1867/5265 1499/1532/5265
f 2238/2316/5266 1820/1867/5266 1498/1531/5266
f 2239/2317/5267 2238/2316/5267 1498/1531/5267
f 1825/1872/5268 2238/2316/5268 2239/2317/5268
f 1827/1874/5269 1825/1872/5269 2239/2317/5269
f 1053/1073/2115 2240/2318/5270 1055/1075/2113
f 1031/1049/5271 2240/2318/5271 1053/1073/5271
f 2241/2319/5272 1031/1049/5272 1053/1073/5272
f 1029/1047/2055 1031/1049/2057 2241/2319/5273
f 1027/1045/5274 1029/1047/5274 2241/2319/5274
f 1055/1075/5275 1038/1056/2075 1040/1058/2074
f 2242/2320/5276 1038/1056/5276 1055/1075/5276
f 2240/2318/5277 2242/2320/5277 1055/1075/5277
f 1033/1051/5278 2242/2320/5279 2240/2318/5280
f 1031/1049/5281 1033/1051/5278 2240/2318/5280
f 816/826/1556 2030/2088/5282 814/824/1557
f 2243/2321/5283 2030/2088/5283 816/826/5283
f 818/828/5284 2243/2321/5284 816/826/5284
f 1705/1746/3676 2243/2321/5285 818/828/5286
f 820/830/5287 1705/1746/5287 818/828/5287
f 522/528/5288 1713/1754/5288 524/530/5288
f 2244/2322/5289 1713/1754/5289 522/528/5289
f 2027/2085/5290 2244/2322/5290 522/528/5290
f 1708/1749/5291 2244/2322/5292 2027/2085/5291
f 1706/1747/5291 1708/1749/5291 2027/2085/5291
f 1251/1277/5293 1540/1573/5293 1249/1275/5293
f 2245/2323/5294 1540/1573/5295 1251/1277/5294
f 2246/2324/5294 2245/2323/5294 1251/1277/5294
f 1255/1281/2543 2245/2323/2544 2246/2324/5296
f 1253/1279/2544 1255/1281/2543 2246/2324/5296
f 1032/1050/5297 2089/2152/5298 1034/1052/5299
f 2087/2150/5300 2089/2152/5298 1032/1050/5297
f 1030/1048/5301 2087/2150/5301 1032/1050/5301
f 2085/2148/5302 2087/2150/5302 1030/1048/5302
f 227/228/5303 2085/2148/5303 1030/1048/5303
f 969/982/5304 973/986/5304 971/984/5304
f 1933/1986/5305 973/986/5305 969/982/5305
f 2247/2325/5306 1933/1986/5306 969/982/5306
f 991/1005/5307 1933/1986/5307 2247/2325/5307
f 993/1007/5308 991/1005/5308 2247/2325/5308
f 697/704/5309 50/50/5309 52/52/5309
f 2248/2326/5310 50/50/5310 697/704/5310
f 695/702/5311 2248/2326/5311 697/704/5311
f 44/44/5312 2248/2326/5313 695/702/5314
f 42/42/5315 44/44/5312 695/702/5314
f 10/10/5316 6/6/5316 8/8/5316
f 1150/1172/5317 6/6/5317 10/10/5317
f 2249/2327/5318 1150/1172/5318 10/10/5318
f 1152/1174/5319 1150/1172/5320 2249/2327/5321
f 1154/1176/5322 1152/1174/5319 2249/2327/5321
f 75/75/5323 1659/1697/5324 1660/1698/5325
f 2250/2328/5326 1659/1697/5324 75/75/5323
f 73/73/126 2250/2328/126 75/75/125
f 885/897/5327 2250/2328/5327 73/73/5327
f 589/595/5328 885/897/5328 73/73/5328
f 1652/1690/5329 421/425/5329 422/426/5329
f 2251/2329/5330 421/425/5330 1652/1690/5330
f 891/903/5331 2251/2329/5332 1652/1690/5333
f 893/905/5334 2251/2329/5335 891/903/5336
f 892/904/5337 893/905/5334 891/903/5336
f 2252/2330/5338 1776/1821/5339 1946/1999/5340
f 1778/1823/5341 1776/1821/5341 2252/2330/5341
f 2253/2331/5342 1778/1823/5342 2252/2330/5342
f 1780/1825/3834 1778/1823/3836 2253/2331/5343
f 1781/1827/5344 1780/1825/5345 2253/2331/5344
f 1793/1839/3871 1842/1893/5346 1794/1840/3872
f 1843/1894/5347 1842/1893/5348 1793/1839/3866
f 1791/1837/3868 1843/1894/5347 1793/1839/3866
f 1844/1895/5349 1843/1894/5349 1791/1837/5349
f 1789/1835/5350 1844/1895/5350 1791/1837/5350
f 1657/1695/5351 1654/1692/5352 1655/1693/5353
f 2254/2332/5354 1654/1692/5352 1657/1695/5351
f 887/899/5355 2254/2332/5356 1657/1695/5357
f 889/901/5358 2254/2332/5358 887/899/5358
f 888/900/5359 889/901/5358 887/899/5358
f 737/747/5360 300/303/5360 736/746/5360
f 301/304/5361 300/303/5361 737/747/5361
f 305/308/5362 301/304/5362 737/747/5362
f 302/305/5363 301/304/5364 305/308/5365
f 303/306/5366 302/305/5363 305/308/5365
f 1450/1483/5367 2196/2274/5367 1448/1481/5367
f 2195/2273/5368 2196/2274/5369 1450/1483/3023
f 2190/2268/5102 2195/2273/5368 1450/1483/3023
f 279/280/5370 2195/2273/5370 2190/2268/5370
f 277/278/5371 279/280/5371 2190/2268/5371
f 1903/1956/4168 1899/1952/4166 1901/1954/4165
f 2255/2333/5372 1899/1952/5372 1903/1956/5372
f 1905/1958/5373 2255/2333/5373 1903/1956/5373
f 145/145/5374 2255/2333/5374 1905/1958/5374
f 1907/1960/5375 145/145/5375 1905/1958/5375
f 1686/1727/3641 2211/2289/5376 1688/1729/3639
f 2256/2334/5377 2211/2289/5378 1686/1727/5379
f 1684/1725/5380 2256/2334/5380 1686/1727/5380
f 1122/1142/5381 2256/2334/5382 1684/1725/5383
f 1124/1144/5384 1122/1142/5384 1684/1725/5384
f 1873/1925/4100 1837/2335/5385 1836/1923/4101
f 1838/1892/5386 1837/2335/5387 1873/1925/5388
f 2257/2336/5389 1838/1892/5386 1873/1925/5388
f 1267/1291/4020 1838/1892/4020 2257/2336/4020
f 1269/1295/2565 1267/1291/2567 2257/2336/5390
f 2100/2168/5391 1374/1403/5391 1100/1120/5391
f 2258/2337/5392 1374/1403/5392 2100/2168/5392
f 2259/2338/5393 2258/2337/5393 2100/2168/5393
f 2260/2339/5394 2258/2337/5394 2259/2338/5394
f 2038/2096/5395 2260/2339/5395 2259/2338/5395
f 2115/2188/5396 394/398/5396 395/2186/5396
f 392/396/5397 394/398/5398 2115/2188/5399
f 2261/2340/5400 392/396/5397 2115/2188/5399
f 125/125/5401 392/396/5402 2261/2340/5403
f 127/127/234 125/125/236 2261/2340/5404
f 2262/2341/5405 1068/1088/5406 1070/1090/5406
f 1066/1086/5407 1068/1088/5408 2262/2341/5409
f 2263/2342/5409 1066/1086/5407 2262/2341/5409
f 1064/1084/2132 1066/1086/2133 2263/2342/2134
f 1094/1114/2180 1064/1084/2132 2263/2342/2134
f 769/779/5410 1644/1682/5410 771/781/5410
f 2264/2343/5411 1644/1682/5411 769/779/5411
f 2265/2344/5412 2264/2343/5412 769/779/5412
f 1649/1687/5413 2264/2343/5414 2265/2344/5415
f 1651/1689/5416 1649/1687/5413 2265/2344/5415
f 2008/2066/4442 824/2345/5417 826/2064/4443
f 663/2346/5418 824/2345/5418 2008/2066/5418
f 2266/2347/5419 663/2346/5419 2008/2066/5419
f 972/985/5420 663/2346/5421 2266/2347/5422
f 970/983/5423 972/985/5423 2266/2347/5423
f 757/767/5424 72/72/5424 755/765/5425
f 2267/2348/5424 72/72/5424 757/767/5424
f 341/344/5426 2267/2348/5427 757/767/5428
f 70/70/5429 2267/2348/5430 341/344/5429
f 342/345/5429 70/70/5429 341/344/5429
f 762/772/5431 759/769/5432 761/771/5433
f 2268/2349/5434 759/769/5432 762/772/5431
f 336/339/5435 2268/2349/5436 762/772/5437
f 339/342/5438 2268/2349/5439 336/339/5440
f 338/341/5441 339/342/5438 336/339/5440
f 765/775/5442 1651/1689/5443 2265/2344/5444
f 2269/2350/5445 1651/1689/5445 765/775/5445
f 702/709/1438 2269/2350/5446 765/775/1436
f 706/713/5447 2269/2350/5448 702/709/5449
f 704/711/5450 706/713/5447 702/709/5449
f 766/776/5451 763/773/5452 764/774/5453
f 2270/2351/5454 763/773/5452 766/776/5451
f 330/333/5455 2270/2351/5456 766/776/5457
f 334/337/5458 2270/2351/5459 330/333/5460
f 332/335/5461 334/337/5458 330/333/5460
f 2234/2312/5462 12/12/24 14/14/26
f 2271/2352/5463 12/12/20 2234/2312/5464
f 2272/2353/5465 2271/2352/5466 2234/2312/5467
f 2249/2327/5468 2271/2352/5466 2272/2353/5465
f 1154/1176/5469 2249/2327/5468 2272/2353/5465
f 2273/2354/5470 2031/2089/5470 2032/2090/5470
f 356/360/5471 2031/2089/5472 2273/2354/5473
f 2274/2355/5474 356/360/5471 2273/2354/5473
f 354/358/658 356/360/657 2274/2355/5475
f 1286/1312/2600 354/358/2602 2274/2355/5476
f 1894/1946/5477 440/444/5477 438/442/5477
f 2275/2356/5478 440/444/5478 1894/1946/5479
f 2276/2357/5480 2275/2356/5481 1894/1946/5482
f 444/448/849 2275/2356/3605 2276/2357/3606
f 1896/1948/850 444/448/849 2276/2357/3606
f 419/423/5483 417/421/5484 418/422/5485
f 2277/2358/5486 417/421/5484 419/423/5483
f 895/907/5487 2277/2358/5488 419/423/5489
f 897/909/5490 2277/2358/5491 895/907/5492
f 896/908/5493 897/909/5490 895/907/5492
f 2278/2359/5494 1687/1728/3642 1317/1343/2666
f 1685/1726/3637 1687/1728/3636 2278/2359/5495
f 2279/2360/5496 1685/1726/5497 2278/2359/5497
f 1683/1724/3633 1685/1726/3632 2279/2360/5498
f 1323/1349/5499 1683/1724/5499 2279/2360/5499
f 2280/2361/5500 2179/2254/2506 1235/1261/2504
f 2178/2253/5056 2179/2254/5055 2280/2361/5501
f 2281/2362/5502 2178/2253/5503 2280/2361/5504
f 2177/2252/5505 2178/2253/5505 2281/2362/5505
f 1229/1255/5506 2177/2252/5507 2281/2362/5508
f 415/419/5509 413/417/5510 414/418/5511
f 2282/2363/5512 413/417/5510 415/419/5509
f 899/911/5513 2282/2363/5514 415/419/5513
f 903/915/5515 2282/2363/5516 899/911/5517
f 901/913/5518 903/915/5515 899/911/5517
f 2283/2364/5519 1426/1457/372 200/200/368
f 1428/1459/2972 1426/1457/2974 2283/2364/5520
f 2284/2365/5521 1428/1459/5522 2283/2364/5523
f 208/208/2976 1428/1459/2978 2284/2365/5524
f 206/206/5525 208/208/5526 2284/2365/5527
f 2285/2366/345 2012/2070/4467 185/185/342
f 2010/2068/4462 2012/2070/4461 2285/2366/5528
f 2286/2367/5529 2010/2068/5530 2285/2366/5531
f 1910/1963/4456 2010/2068/4455 2286/2367/5532
f 1911/1964/5533 1910/1963/5534 2286/2367/5535
f 2288/2368/5536 2287/2369/5536 770/780/5536
f 324/327/5537 2287/2369/5537 2288/2368/5537
f 2289/2370/5538 324/327/5538 2288/2368/5538
f 322/325/585 324/327/584 2289/2370/5539
f 2137/2210/5540 322/325/5540 2289/2370/5540
f 2290/2371/84 1821/1868/85 47/47/83
f 1819/1866/3945 1821/1868/3945 2290/2371/5541
f 2291/2372/5542 1819/1866/5543 2290/2371/5544
f 39/39/5545 1819/1866/5545 2291/2372/5545
f 41/41/5546 39/39/5546 2291/2372/5546
f 2292/2373/5547 49/49/87 47/47/83
f 51/51/90 49/49/92 2292/2373/5548
f 2293/2374/5549 51/51/5549 2292/2373/5549
f 53/53/5550 51/51/5550 2293/2374/5550
f 1491/1524/5551 53/53/5551 2293/2374/5551
f 2294/2375/5552 373/377/690 1753/1794/3772
f 2295/2376/5553 373/377/690 2294/2375/5552
f 2296/2377/5554 2295/2376/5555 2294/2375/5556
f 377/381/5557 2295/2376/5555 2296/2377/5554
f 379/383/5558 377/381/5558 2296/2377/5558
f 2297/2378/921 490/495/919 492/497/923
f 2298/2379/3047 490/495/919 2297/2378/921
f 2299/2380/5559 2298/2379/5560 2297/2378/5561
f 1467/1500/5562 2298/2379/5560 2299/2380/5559
f 498/503/5563 1467/1500/5563 2299/2380/5563
f 2300/2381/5564 490/495/919 1462/1495/3048
f 2301/2382/5565 490/495/919 2300/2381/5564
f 2302/2383/5566 2301/2382/5567 2300/2381/5568
f 486/491/5569 2301/2382/5567 2302/2383/5566
f 484/489/910 486/491/909 2302/2383/5570
f 2075/2138/5571 1741/1782/5571 2077/2140/5571
f 1743/1784/5572 1741/1782/5572 2075/2138/5572
f 2303/2384/5573 1743/1784/5573 2075/2138/5573
f 1745/1786/5574 1743/1784/5574 2303/2384/5574
f 153/153/3757 1745/1786/3759 2303/2384/5575
f 1629/1667/5576 1633/1671/5577 1631/1669/5578
f 2304/2385/5579 1633/1671/5577 1629/1667/5576
f 78/78/5580 2304/2385/5581 1629/1667/5582
f 82/82/5583 2304/2385/5584 78/78/5585
f 80/80/5586 82/82/5583 78/78/5585
f 2170/2243/5587 1622/1660/5587 1621/1659/5587
f 2305/2386/5588 1622/1660/5588 2170/2243/5588
f 2171/2244/5589 2305/2386/5589 2170/2243/5589
f 19/19/5590 2305/2386/5590 2171/2244/5590
f 21/21/41 19/19/43 2171/2244/5591
f 2137/2210/5592 774/784/5593 2138/2211/5594
f 2306/2387/5595 774/784/5593 2137/2210/5592
f 2288/2368/5596 2306/2387/5597 2137/2210/5598
f 772/782/5599 2306/2387/5599 2288/2368/5599
f 770/780/5600 772/782/5600 2288/2368/5600
f 1594/1627/5601 1312/1338/5601 1592/1625/5601
f 1314/1340/2657 1312/1338/2659 1594/1627/5602
f 2307/2388/5603 1314/1340/5603 1594/1627/5603
f 1316/1342/2663 1314/1340/2665 2307/2388/5604
f 1318/1344/5605 1316/1342/5606 2307/2388/5607
f 1069/1089/5608 2156/2229/5608 1071/1091/5608
f 723/730/5609 2156/2229/5609 1069/1089/5609
f 2308/2389/5610 723/730/5611 1069/1089/5612
f 725/732/5613 723/730/5611 2308/2389/5610
f 1061/1081/2125 725/732/2127 2308/2389/5614
f 1762/1803/5615 1492/1525/5615 1494/1527/5615
f 2309/2390/5616 1492/1525/5617 1762/1803/5618
f 2310/2391/5619 2309/2390/5616 1762/1803/5618
f 61/61/5620 2309/2390/5620 2310/2391/5620
f 63/63/108 61/61/108 2310/2391/5621
f 1846/1897/5622 1735/1776/5622 1481/1514/5622
f 2311/2392/5623 1735/1776/5623 1846/1897/5623
f 1847/1898/5624 2311/2392/5624 1846/1897/5624
f 1730/1771/5625 2311/2392/5625 1847/1898/5625
f 1728/1769/5626 1730/1771/5626 1847/1898/5626
f 307/310/5627 311/314/5627 309/312/5627
f 1003/1017/5628 311/314/5628 307/310/5628
f 739/749/5629 1003/1017/5630 307/310/5631
f 741/751/5632 1003/1017/5632 739/749/5632
f 740/750/5633 741/751/5633 739/749/5633
f 2127/2200/5634 1294/1320/5634 2125/2198/5634
f 2312/2393/5635 1294/1320/5635 2127/2200/5635
f 2313/2394/5636 2312/2393/5636 2127/2200/5636
f 453/457/5637 2312/2393/5637 2313/2394/5637
f 451/455/5638 453/457/5638 2313/2394/5638
f 2152/2225/5639 932/945/5640 930/943/5641
f 934/947/5642 932/945/5640 2152/2225/5639
f 2150/2223/5643 934/947/5643 2152/2225/5643
f 936/949/5644 934/947/5644 2150/2223/5644
f 1682/1723/5645 936/949/5645 2150/2223/5645
f 1296/1322/5646 1300/1326/5647 1298/1324/5648
f 1908/1961/5649 1300/1326/5647 1296/1322/5646
f 453/457/5650 1908/1961/5650 1296/1322/5650
f 455/459/863 1908/1961/5651 453/457/864
f 138/2395/5652 2180/2396/5652 137/2397/5652
f 2183/2260/5653 2180/2396/5654 138/2395/5655
f 396/2398/5656 2183/2260/5653 138/2395/5655
f 397/2261/5066 2183/2260/5068 396/2398/5657
f 343/346/5658 66/66/5658 68/68/5658
f 2314/2399/5659 66/66/5659 343/346/5659
f 64/64/5660 2314/2399/5660 343/346/5660
f 66/66/5661 2314/2399/5661 64/64/5661
f 233/234/5662 2086/2149/5662 231/232/5662
f 2315/2400/5663 2086/2149/5664 233/234/5665
f 235/236/426 2315/2400/5666 233/234/427
f 237/238/431 2315/2400/5667 235/236/432
f 1287/1313/5668 350/354/5668 1285/1311/5668
f 2316/2401/5669 350/354/5669 1287/1313/5669
f 1386/1415/5670 2316/2401/5670 1287/1313/5670
f 348/352/3617 2316/2401/5671 1386/1415/3615
f 584/590/5672 1809/1856/5673 2317/2402/5674
f 2318/2403/5675 1809/1856/5673 584/590/5672
f 586/592/1069 2318/2403/5676 584/590/1070
f 600/606/1096 2318/2403/1094 586/592/1094
f 1039/1057/5677 241/242/5677 243/244/5677
f 2319/2404/5678 241/242/5679 1039/1057/5680
f 1037/1055/2072 2319/2404/5681 1039/1057/2072
f 237/238/431 2319/2404/5682 1037/1055/434
f 2035/2093/5683 1382/1411/5684 2037/2095/5685
f 2320/2405/5686 1382/1411/5684 2035/2093/5683
f 2063/2126/5687 2320/2405/5688 2035/2093/5689
f 1384/1413/4627 2320/2405/5690 2063/2126/4625
f 1982/2038/5691 372/376/5692 374/378/5693
f 370/374/5694 372/376/5692 1982/2038/5691
f 1980/2036/5695 370/374/5695 1982/2038/5695
f 368/372/5696 370/374/5696 1980/2036/5696
f 2321/2406/5697 2193/2271/5698 2194/2272/5699
f 2322/2407/5700 2193/2271/5700 2321/2406/5700
f 30/30/5701 2322/2407/5702 2321/2406/5703
f 1176/1200/5704 2322/2407/5702 30/30/5701
f 1162/1184/2299 2194/2272/5705 1160/1182/2300
f 2321/2406/5697 2194/2272/5699 1162/1184/5706
f 28/28/5707 2321/2406/5707 1162/1184/5707
f 30/30/5701 2321/2406/5703 28/28/5708
f 1915/1968/5709 1089/1109/5709 1087/1107/5709
f 2323/2408/5710 1089/1109/5711 1915/1968/5710
f 1917/1970/4202 2323/2408/5712 1915/1968/4203
f 1064/1084/2132 2323/2408/5713 1917/1970/5713
f 889/901/5714 1654/1692/5715 2254/2332/5716
f 2324/2409/5717 1654/1692/5715 889/901/5714
f 891/903/1715 2324/2409/5718 889/901/1716
f 1652/1690/5333 2324/2409/5719 891/903/5331
f 1061/1081/5720 1065/1085/5721 1063/1083/5722
f 1067/1087/5723 1065/1085/5721 1061/1081/5720
f 2308/2389/5724 1067/1087/5725 1061/1081/5726
f 1069/1089/5727 1067/1087/5725 2308/2389/5724
f 2130/2203/5728 2325/2410/5728 2129/2202/5728
f 2326/2411/5729 2325/2410/5730 2130/2203/5731
f 2132/2205/4876 2326/2411/5732 2130/2203/4877
f 1577/1826/3333 2326/2411/5733 2132/2205/4881
f 1446/1479/5734 1194/1218/5735 1444/1477/5736
f 2327/2412/5737 1194/1218/5735 1446/1479/5734
f 2121/2194/5738 2327/2412/5739 1446/1479/5740
f 1192/1216/4851 2327/2412/5741 2121/2194/4851
f 935/948/5742 2224/2302/5743 933/946/5744
f 2225/2303/5745 2224/2302/5743 935/948/5742
f 937/950/5746 2225/2303/5747 935/948/5748
f 1738/1779/5749 2225/2303/5747 937/950/5746
f 923/2413/5750 1900/2414/5750 137/2415/5750
f 1902/1955/5751 1900/2414/5751 923/2413/5751
f 925/2416/5752 1902/1955/5752 923/2413/5752
f 2169/2242/5753 1902/1955/5753 925/2416/5753
f 1131/1151/5754 1965/2018/5754 1963/2016/5754
f 2328/2417/5755 1965/2018/5756 1131/1151/5757
f 1133/1153/5758 2328/2417/5758 1131/1151/5758
f 1881/1933/5759 2328/2417/5760 1133/1153/5761
f 1334/1360/5762 1338/1364/5763 1336/1362/5764
f 1618/1656/5765 1338/1364/5763 1334/1360/5762
f 33/33/5766 1618/1656/5767 1334/1360/5768
f 31/31/61 1618/1656/5769 33/33/59
f 1335/1361/5770 1111/1131/5771 1333/1359/5772
f 2329/2418/5773 1111/1131/5771 1335/1361/5770
f 1201/1225/5774 2329/2418/5775 1335/1361/5776
f 1113/1133/2402 2329/2418/5777 1201/1225/2400
f 548/2419/5778 1947/2000/5778 658/664/5778
f 2330/2420/5779 1947/2000/5779 548/2419/5779
f 1580/2421/5780 2330/2420/5780 548/2419/5780
f 1579/2422/5781 2330/2420/5781 1580/2421/5781
f 2128/2201/5782 2032/2090/5782 2033/2091/5782
f 2331/2423/5783 2032/2090/5783 2128/2201/5783
f 2126/2199/5784 2331/2423/5785 2128/2201/5786
f 1286/1312/5787 2331/2423/5785 2126/2199/5784
f 1979/2035/5788 1977/2033/5788 1978/2034/5788
f 2332/2424/5789 1977/2033/5789 1979/2035/5789
f 1367/1396/5790 2332/2424/5791 1979/2035/5792
f 1369/1398/2815 2332/2424/5793 1367/1396/2816
f 2063/2126/5794 1080/1100/5795 2064/2127/5796
f 2333/2425/5797 1080/1100/5795 2063/2126/5794
f 2035/2093/5689 2333/2425/5798 2063/2126/5687
f 1078/1098/4537 2333/2425/5799 2035/2093/4535
f 1201/1225/5800 1205/1229/5801 1203/1227/5802
f 1636/1674/5803 1205/1229/5801 1201/1225/5800
f 1335/1361/5776 1636/1674/5804 1201/1225/5774
f 1337/1363/2726 1636/1674/5805 1335/1361/2727
f 390/394/5806 386/390/5807 388/392/5808
f 1362/1391/5809 386/390/5807 390/394/5806
f 121/121/5810 1362/1391/5811 390/394/5812
f 119/119/222 1362/1391/5813 121/121/220
f 2145/2218/5814 1724/2426/5814 1723/2427/5814
f 2334/2428/5815 1724/2426/5816 2145/2218/5817
f 2147/2220/4944 2334/2428/5818 2145/2218/4945
f 286/2053/509 2334/2428/5819 2147/2220/4950
f 121/121/5820 125/125/5821 123/123/5822
f 2335/2429/5823 125/125/5821 121/121/5820
f 390/394/5812 2335/2429/5824 121/121/5810
f 392/396/727 2335/2429/5825 390/394/728
f 2226/2304/5826 2220/2297/5827 2219/2298/5826
f 2222/2300/5827 2220/2297/5827 2226/2304/5826
f 1740/1781/5828 2222/2300/5829 2226/2304/5830
f 1742/1783/5831 2222/2300/5829 1740/1781/5828
f 1940/1993/5832 2223/2301/5832 1744/1785/5832
f 2336/2430/5833 2223/2301/5834 1940/1993/5835
f 1942/1995/4260 2336/2430/5836 1940/1993/4261
f 931/944/1811 2336/2430/5837 1942/1995/4266
f 852/862/5838 856/866/5839 854/864/5840
f 2337/2431/5841 856/866/5839 852/862/5838
f 1214/1238/4332 2337/2431/5842 852/862/4330
f 1216/1240/2435 2337/2431/5843 1214/1238/2436
f 328/331/5844 324/327/5845 326/329/5846
f 2287/2369/5847 324/327/5845 328/331/5844
f 768/778/5848 2287/2369/5848 328/331/5848
f 770/780/1449 2287/2369/5849 768/778/1447
f 1999/2056/5850 2003/2060/5850 2001/2058/5850
f 2338/2432/5851 2003/2060/5851 1999/2056/5851
f 782/792/5852 2338/2432/5852 1999/2056/5852
f 1479/1512/5853 2338/2432/5853 782/792/5853
f 2160/2233/5854 2072/2135/5854 454/458/5854
f 2071/2134/5855 2072/2135/5855 2160/2233/5855
f 2159/2232/5856 2071/2134/5856 2160/2233/5856
f 211/211/5857 2071/2134/5857 2159/2232/5857
f 2281/2362/5508 1231/1257/5858 1229/1255/5506
f 2339/2433/5859 1231/1257/5860 2281/2362/5861
f 2280/2361/5504 2339/2433/5862 2281/2362/5502
f 1235/1261/2504 2339/2433/2504 2280/2361/5500
f 407/411/5863 405/409/5864 406/410/5865
f 2340/2434/5866 405/409/5864 407/411/5863
f 1521/1554/5867 2340/2434/5867 407/411/5867
f 1801/1848/3901 2340/2434/5868 1521/1554/3899
f 2284/2365/5527 204/204/5869 206/206/5525
f 2341/2435/5870 204/204/5871 2284/2365/5872
f 2283/2364/5523 2341/2435/5873 2284/2365/5521
f 200/200/368 2341/2435/2969 2283/2364/5519
f 459/463/5874 2011/2069/4458 457/461/4460
f 2342/2436/5875 2011/2069/5875 459/463/5875
f 461/465/5876 2342/2436/5876 459/463/5876
f 2016/2074/5877 2342/2436/5877 461/465/5877
f 1616/1654/5878 859/869/5878 861/871/5878
f 2343/2437/5879 859/869/5879 1616/1654/5879
f 1617/1655/3424 2343/2437/5880 1616/1654/3425
f 1997/2054/5881 2343/2437/5882 1617/1655/5881
f 290/291/5883 1617/2438/5883 292/293/5883
f 2344/2439/5884 1617/2438/5885 290/291/5886
f 288/289/517 2344/2439/517 290/291/515
f 286/287/509 2344/2439/5887 288/289/512
f 1177/2440/5888 1968/2441/5888 1/2442/5888
f 1970/2025/5889 1968/2441/5890 1177/2440/5891
f 1178/2443/5892 1970/2025/5889 1177/2440/5891
f 1180/2027/4354 1970/2025/4356 1178/2443/5893
f 181/181/5894 2214/2292/5895 183/183/5896
f 2216/2294/5897 2214/2292/5895 181/181/5894
f 179/179/5898 2216/2294/5898 181/181/5898
f 2218/2296/5899 2216/2294/5899 179/179/5899
f 1833/1883/5900 849/859/5901 1831/1881/5902
f 2345/2444/5903 849/859/5901 1833/1883/5900
f 1306/1332/5133 2345/2444/5904 1833/1883/5131
f 847/857/2647 2345/2444/5905 1306/1332/2645
f 1225/1251/5906 1057/1077/5906 249/250/5906
f 1056/1076/5907 1057/1077/5907 1225/1251/5907
f 1052/1072/5908 1056/1076/5908 1225/1251/5908
f 1054/1074/5909 1056/1076/5909 1052/1072/5909
f 893/905/5910 421/425/5911 2251/2329/5912
f 2346/2445/5913 421/425/5911 893/905/5910
f 895/907/1726 2346/2445/5914 893/905/1727
f 419/423/5489 2346/2445/5915 895/907/5487
f 1186/1210/5916 1182/1206/5917 1184/1208/5918
f 2347/2446/5919 1182/1206/5917 1186/1210/5916
f 293/294/5920 2347/2446/5920 1186/1210/5920
f 295/296/526 2347/2446/5921 293/294/524
f 2286/2367/5535 2217/2295/5922 1911/1964/5533
f 2348/2447/5923 2217/2295/5924 2286/2367/5925
f 2285/2366/5531 2348/2447/5529 2286/2367/5529
f 185/185/342 2348/2447/343 2285/2366/345
f 1239/1265/5926 1707/1748/5926 1241/1267/5926
f 2349/2448/5927 1707/1748/5927 1239/1265/5928
f 1237/1263/2513 2349/2448/5929 1239/1265/2511
f 1235/1261/2504 2349/2448/5500 1237/1263/2508
f 693/700/1272 42/42/5930 695/702/1270
f 2350/2449/5931 42/42/5930 693/700/1272
f 883/895/5932 2350/2449/5933 693/700/5934
f 40/40/1694 2350/2449/5935 883/895/1695
f 1914/1967/5936 179/179/5936 177/177/5936
f 2218/2296/5937 179/179/5938 1914/1967/5939
f 1913/1966/4190 2218/2296/5937 1914/1967/5939
f 1911/1964/4191 2218/2296/5937 1913/1966/4190
f 2122/2195/5940 1188/1212/5941 2120/2193/5942
f 2351/2450/5943 1188/1212/5941 2122/2195/5940
f 291/292/5944 2351/2450/5944 2122/2195/5944
f 293/294/5945 2351/2450/5945 291/292/5945
f 2165/2238/5946 539/545/1001 541/547/1001
f 2105/2173/5947 539/545/5948 2165/2238/5949
f 2166/2239/5947 2105/2173/5947 2165/2238/5949
f 2106/2175/5012 2105/2173/5950 2166/2239/5013
f 710/717/1293 1650/1688/5951 708/715/1294
f 2352/2451/5952 1650/1688/5952 710/717/5952
f 712/719/1297 2352/2451/5953 710/717/1297
f 714/721/1300 2352/2451/1300 712/719/1301
f 2243/2321/5954 2029/2087/5954 2030/2088/5954
f 2353/2452/5955 2029/2087/4514 2243/2321/5285
f 1705/1746/3676 2353/2452/5955 2243/2321/5285
f 1706/1747/3675 2353/2452/5955 1705/1746/3676
f 828/838/1573 2005/2453/5956 826/836/1574
f 2004/2454/5957 2005/2453/5958 828/838/5959
f 830/840/5960 2004/2454/5957 828/838/5959
f 832/842/5961 2004/2454/5961 830/840/5961
f 2199/2277/5136 1421/1452/5962 1419/1450/5136
f 2354/2455/5963 1421/1452/5963 2199/2277/5963
f 2200/2278/5139 2354/2455/5139 2199/2277/5139
f 200/200/368 2354/2455/2968 2200/2278/2968
f 2291/2372/5964 43/43/5964 41/41/5964
f 2355/2456/5965 43/43/5966 2291/2372/5967
f 2290/2371/5544 2355/2456/5544 2291/2372/5542
f 47/47/83 2355/2456/3950 2290/2371/84
f 1986/2042/5968 1729/1770/5968 1727/1768/5968
f 2356/2457/5969 1729/1770/5970 1986/2042/5971
f 1988/2044/4398 2356/2457/5972 1986/2042/4399
f 1476/1509/3076 2356/2457/5973 1988/2044/4404
f 1854/1905/5974 829/839/5974 1852/1903/5974
f 2357/2458/5975 829/839/5975 1854/1905/5975
f 1856/1907/5976 2357/2458/5976 1854/1905/5977
f 1857/1908/5978 2357/2458/5976 1856/1907/5976
f 2174/2249/5979 986/1000/5979 988/1002/5979
f 984/998/5980 986/1000/5980 2174/2249/5980
f 980/994/5981 984/998/5981 2174/2249/5981
f 982/996/5982 984/998/5982 980/994/5982
f 2293/2374/5983 1826/1873/5983 1491/1524/5983
f 2358/2459/5984 1826/1873/5985 2293/2374/5986
f 2292/2373/5549 2358/2459/5987 2293/2374/5549
f 47/47/83 2358/2459/5988 2292/2373/5547
f 897/909/5989 417/421/5990 2277/2358/5991
f 2359/2460/5992 417/421/5990 897/909/5989
f 899/911/1738 2359/2460/5993 897/909/1739
f 415/419/5513 2359/2460/5994 899/911/5513
f 1140/1160/5995 594/600/5995 592/598/5995
f 2139/2212/5996 594/600/5996 1140/1160/5996
f 1138/1158/5997 2139/2212/5997 1140/1160/5997
f 1136/1156/5998 2139/2212/5998 1138/1158/5998
f 2361/2461/5999 2360/2462/6000 1577/1610/3333
f 2362/2463/6001 2360/2462/6002 2361/2461/6003
f 1573/1606/6004 2362/2463/6005 2361/2461/6006
f 1571/1604/6007 2362/2463/6007 1573/1606/6007
f 203/203/6008 2073/2136/6008 205/205/6008
f 2363/2464/6009 2073/2136/6009 203/203/6009
f 201/201/6010 2363/2464/6011 203/203/6012
f 199/199/6013 2363/2464/6011 201/201/6010
f 2204/2281/6014 2235/2313/5245 2203/2282/5244
f 2364/2465/6015 2235/2313/6016 2204/2281/6017
f 2205/2283/6018 2364/2465/6015 2204/2281/6017
f 2207/2285/5151 2364/2465/6019 2205/2283/5152
f 1806/1853/6020 1809/1856/6021 1807/1854/6022
f 2317/2402/6023 1809/1856/6021 1806/1853/6020
f 582/588/6024 2317/2402/6024 1806/1853/6024
f 584/590/6025 2317/2402/6025 582/588/6025
f 2364/2465/6026 2234/2312/6026 2235/2313/6026
f 2272/2353/6027 2234/2312/6027 2364/2465/6027
f 2207/2285/6028 2272/2353/6028 2364/2465/6028
f 1154/1176/5157 2272/2353/6029 2207/2285/5158
f 840/850/6030 844/854/6031 842/852/6032
f 1958/2011/6033 844/854/6031 840/850/6030
f 1202/1226/6034 1958/2011/6035 840/850/6036
f 1204/1228/2407 1958/2011/6037 1202/1226/2408
f 1737/1778/6038 2078/2141/6039 1739/1780/6040
f 2111/2182/6041 2078/2141/6039 1737/1778/6038
f 943/956/3745 2111/2182/6042 1737/1778/3743
f 945/958/1838 2111/2182/6043 943/956/1839
f 493/498/6044 1359/1388/6044 495/500/6044
f 1361/1390/6045 1359/1388/6045 493/498/6045
f 491/496/6046 1361/1390/6047 493/498/6048
f 489/494/6049 1361/1390/6047 491/496/6046
f 987/1001/1929 1934/1987/6050 989/1003/1927
f 1935/1988/6051 1934/1987/6051 987/1001/6051
f 985/999/6052 1935/1988/6052 987/1001/6052
f 983/997/6053 1935/1988/6053 985/999/6053
f 885/897/6054 1659/1697/6055 2250/2328/6056
f 2365/2466/6057 1659/1697/6055 885/897/6054
f 887/899/1704 2365/2466/1704 885/897/1704
f 1657/1695/5357 2365/2466/6058 887/899/5355
f 596/602/6059 2141/2214/6059 1810/1857/6059
f 2140/2213/6060 2141/2214/6060 596/602/6060
f 594/600/6061 2140/2213/6061 596/602/6061
f 2139/2212/6062 2140/2213/6062 594/600/6062
f 1634/1672/6063 2237/2315/6063 1632/1670/6063
f 2366/2467/6064 2237/2315/6064 1634/1672/6064
f 1247/1272/6065 2366/2467/6065 1634/1672/6065
f 1539/1572/3264 2366/2467/6066 1247/1272/3265
f 1460/1493/6067 2300/2381/6068 1462/1495/6069
f 2302/2383/6070 2300/2381/6068 1460/1493/6067
f 1459/1492/6071 2302/2383/6071 1460/1493/6071
f 484/489/6072 2302/2383/6072 1459/1492/6072
f 2189/2267/6073 2059/2122/4611 2058/2120/4610
f 2060/2123/6074 2059/2122/6075 2189/2267/6076
f 212/212/6077 2060/2123/6074 2189/2267/6076
f 214/214/6078 2060/2123/6078 212/212/6078
f 581/587/6079 2367/2468/6080 583/589/6081
f 2368/2469/6082 2367/2468/6082 581/587/6082
f 579/585/6083 2368/2469/6083 581/587/6083
f 1889/1941/6084 2368/2469/6085 579/585/6086
f 2123/2196/6087 2196/2274/6088 2197/2275/6089
f 2369/2470/6090 2196/2274/6090 2123/2196/6090
f 2121/2194/6091 2369/2470/6091 2123/2196/6091
f 1446/1479/5740 2369/2470/6092 2121/2194/5738
f 1202/1226/6093 1117/1137/6094 1200/1224/6095
f 2370/2471/6096 1117/1137/6094 1202/1226/6093
f 840/850/6036 2370/2471/6097 1202/1226/6034
f 838/846/6098 2370/2471/6098 840/850/6098
f 2371/2472/6099 65/65/6099 63/63/6099
f 2372/2473/6100 65/65/6100 2371/2472/6100
f 1760/1801/6101 2372/2473/6101 2371/2472/6101
f 1758/1799/6102 2372/2473/6102 1760/1801/6102
f 1422/1453/6103 1505/1538/6103 1420/1451/6103
f 2057/2121/6104 1505/1538/6104 1422/1453/6104
f 1424/1455/6105 2057/2121/6106 1422/1453/6107
f 1425/1456/6108 2057/2121/6106 1424/1455/6105
f 927/940/6109 2169/2474/6109 925/938/6109
f 2373/2475/6110 2169/2474/6111 927/940/6112
f 929/942/1805 2373/2475/6113 927/940/1806
f 931/944/1811 2373/2475/6114 929/942/1812
f 2187/2265/5082 1951/2004/6115 1950/2003/5083
f 2374/2476/6116 1951/2004/6116 2187/2265/6116
f 2188/2266/5086 2374/2476/6117 2187/2265/5087
f 269/270/485 2374/2476/6118 2188/2266/5090
f 2066/2129/6119 1692/1733/6119 1694/1735/6119
f 2375/2477/6120 1692/1733/6121 2066/2129/6122
f 2067/2130/4654 2375/2477/6123 2066/2129/4655
f 1317/1343/2666 2375/2477/3644 2067/2130/4658
f 817/827/6124 1853/1904/6124 819/829/6124
f 2376/2478/6125 1853/1904/6126 817/827/6127
f 815/825/1560 2376/2478/6128 817/827/1559
f 813/823/1551 2376/2478/6129 815/825/1555
f 2036/2094/6130 2102/2170/6130 2104/2172/6130
f 2101/2169/6131 2102/2170/6131 2036/2094/6131
f 2259/2338/6132 2101/2169/6132 2036/2094/6132
f 2100/2168/6133 2101/2169/6133 2259/2338/6133
f 2103/2171/6134 1070/1090/2143 1072/1092/2142
f 2262/2341/5405 1070/1090/5406 2103/2171/5405
f 1096/1116/6135 2262/2341/6135 2103/2171/6135
f 1094/1114/6136 2262/2341/6137 1096/1116/6138
f 339/342/6139 759/769/6140 2268/2349/6141
f 2377/2479/6142 759/769/6140 339/342/6139
f 341/344/624 2377/2479/6143 339/342/625
f 757/767/5428 2377/2479/6144 341/344/5426
f 334/337/6145 763/773/6146 2270/2351/6147
f 2378/2480/6148 763/773/6146 334/337/6145
f 336/339/612 2378/2480/6149 334/337/613
f 762/772/5437 2378/2480/6150 336/339/5435
f 2184/2262/6151 2163/2236/6151 2162/2234/6151
f 2379/2481/6152 2163/2236/6152 2184/2262/6153
f 2185/2263/5072 2379/2481/6154 2184/2262/5073
f 714/721/1300 2379/2481/1300 2185/2263/1304
f 2177/2252/6155 530/536/6155 528/534/6155
f 2380/2482/6156 530/536/6156 2177/2252/6156
f 1229/1255/2495 2380/2482/6157 2177/2252/6158
f 1227/1253/2497 2380/2482/6157 1229/1255/2495
f 1508/1541/6159 1504/1537/6159 1506/1539/6159
f 1656/1694/6160 1504/1537/6160 1508/1541/6160
f 1510/1543/6161 1656/1694/6161 1508/1541/6161
f 1658/1696/6162 1656/1694/6162 1510/1543/6162
f 1488/1521/3124 2381/2483/6163 367/371/678
f 2382/2484/6164 2381/2483/6164 1488/1521/6164
f 1487/1520/6165 2382/2484/6165 1488/1521/6165
f 1407/1438/6166 2382/2484/6166 1487/1520/6166
f 1877/1929/6167 1761/1802/6167 1763/1804/6167
f 2383/2485/6168 1761/1802/6168 1877/1929/6168
f 1879/1931/6169 2383/2485/6169 1877/1929/6169
f 1137/1157/2253 2383/2485/3788 1879/1931/2254
f 1380/1409/6170 2038/2096/6171 1381/1410/6172
f 2260/2339/6173 2038/2096/6171 1380/1409/6170
f 1379/1408/6174 2260/2339/6175 1380/1409/6176
f 1378/1407/6177 2260/2339/6175 1379/1408/6174
f 1130/1150/6178 2142/2215/6178 1132/1152/6178
f 1808/1855/4916 2142/2215/4918 1130/1150/6179
f 1128/1148/6180 1808/1855/4916 1130/1150/6179
f 1126/1146/3913 1808/1855/3912 1128/1148/6181
f 515/521/6182 511/517/6182 513/519/6182
f 1330/1356/6183 511/517/6183 515/521/6183
f 517/523/6184 1330/1356/6184 515/521/6184
f 519/525/6185 1330/1356/6185 517/523/6185
f 1410/1441/6186 1437/1470/6186 1747/1788/6186
f 2384/2486/6187 1437/1470/6187 1410/1441/6187
f 1408/1439/2940 2384/2486/6188 1410/1441/2938
f 1435/1468/6189 2384/2486/6189 1408/1439/6189
f 1270/1296/6190 1266/1292/6191 1268/1294/6192
f 2385/2487/6193 1266/1292/6191 1270/1296/6190
f 1664/1702/6194 2385/2487/6195 1270/1296/6196
f 1662/1699/3565 2385/2487/3565 1664/1702/3564
f 1664/1702/6197 1666/1704/6197 1665/1703/6198
f 2201/2279/6197 1666/1704/6197 1664/1702/6197
f 1270/1296/6196 2201/2279/6199 1664/1702/6194
f 1272/1298/2570 2201/2279/6200 1270/1296/2570
f 2279/2360/6201 1321/1347/6201 1323/1349/6201
f 2386/2488/6202 1321/1347/6203 2279/2360/6204
f 2278/2359/5497 2386/2488/5496 2279/2360/5496
f 1317/1343/2666 2386/2488/2667 2278/2359/5494
f 312/315/6205 1987/2043/6205 310/313/6205
f 2387/2489/6206 1987/2043/6206 312/315/6206
f 1470/1503/6207 2387/2489/6207 312/315/6207
f 1472/1505/6208 2387/2489/6208 1470/1503/6208
f 571/577/6209 2080/2143/6210 573/579/6211
f 2082/2145/6212 2080/2143/6210 571/577/6209
f 569/575/6213 2082/2145/6213 571/577/6213
f 567/573/6214 2082/2145/6214 569/575/6214
f 2229/2307/6215 1885/1937/4126 1887/1939/4125
f 2388/2490/6216 1885/1937/6217 2229/2307/6218
f 2230/2308/6219 2388/2490/6216 2229/2307/6218
f 2232/2310/5227 2388/2490/6220 2230/2308/5228
f 2388/2490/6221 1883/1935/6221 1885/1937/6221
f 1882/1934/6222 1883/1935/6222 2388/2490/6222
f 2232/2310/6223 1882/1934/6223 2388/2490/6223
f 2084/2147/6224 1882/1934/6224 2232/2310/6224
f 2028/2086/4515 1706/1747/3675 2027/2085/6225
f 2389/2491/6226 1706/1747/3675 2028/2086/4515
f 2029/2087/4514 2389/2491/6226 2028/2086/4515
f 2353/2452/5955 2389/2491/6226 2029/2087/4514
f 458/462/6227 2072/2135/6228 460/464/6229
f 454/458/6230 2072/2135/6228 458/462/6227
f 456/460/6231 454/458/6231 458/462/6231
f 2305/2386/6232 1624/1662/3441 1622/1660/3443
f 17/17/6233 1624/1662/6233 2305/2386/6233
f 19/19/35 17/17/37 2305/2386/6234
f 1993/2049/6235 2146/2219/6235 1992/2048/6235
f 2148/2221/4947 2146/2219/4949 1993/2049/6236
f 1995/2051/4411 2148/2221/6237 1993/2049/4412
f 131/131/6238 135/135/6239 133/133/6240
f 1795/2492/6241 135/135/6239 131/131/6238
f 397/2261/6242 1795/2492/6243 131/131/6244
f 2307/2388/5607 1320/1346/6245 1318/1344/5605
f 1595/1628/6246 1320/1346/6246 2307/2388/6246
f 1594/1627/6247 1595/1628/6247 2307/2388/6247
f 252/253/6248 779/789/6248 733/740/6248
f 248/249/6249 779/789/6250 252/253/6251
f 250/251/6252 248/249/6249 252/253/6251
f 883/895/6253 689/696/6254 881/893/6255
f 691/698/6256 689/696/6254 883/895/6253
f 693/700/5934 691/698/6257 883/895/5932
f 1216/1240/6258 856/866/6259 2337/2431/6260
f 858/868/6261 856/866/6259 1216/1240/6258
f 860/870/6262 858/868/6263 1216/1240/6264
f 1561/1594/6265 548/554/6265 550/556/6265
f 1580/1613/6266 548/554/6266 1561/1594/6266
f 1563/1596/6267 1580/1613/6267 1561/1594/6267
f 2099/2167/6268 1834/1884/6268 1832/1882/6268
f 1835/1885/6269 1834/1884/6269 2099/2167/6269
f 2097/2165/6270 1835/1885/6270 2099/2167/6270
f 2238/2316/6271 1822/1869/3947 1820/1867/3949
f 1823/1870/6272 1822/1869/6273 2238/2316/6274
f 1825/1872/6275 1823/1870/6272 2238/2316/6274
f 2094/2159/6276 1770/2162/6277 2096/2161/6278
f 1841/2493/6279 1770/2162/6277 2094/2159/6276
f 1838/1888/6280 1841/2493/6281 2094/2159/6282
f 225/226/6283 221/222/6284 223/224/6285
f 1026/1044/6286 221/222/6284 225/226/6283
f 1028/1046/6287 1026/1044/6287 225/226/6287
f 902/914/6288 616/622/6288 904/916/6288
f 614/620/6289 616/622/6289 902/914/6289
f 612/618/6290 614/620/6290 902/914/6290
f 900/912/6291 612/618/6291 902/914/6291
f 610/616/6292 612/618/6292 900/912/6292
f 608/614/6293 610/616/6293 900/912/6293
f 1852/1903/4058 825/835/6294 823/833/4056
f 827/837/6295 825/835/6294 1852/1903/4058
f 829/839/6296 827/837/6295 1852/1903/4058
f 963/976/6297 967/980/6298 965/978/6299
f 993/1007/6300 967/980/6298 963/976/6297
f 995/1009/1941 993/1007/1943 963/976/6301
f 2135/2208/6302 574/580/6303 576/582/6304
f 572/578/6305 574/580/6303 2135/2208/6302
f 2134/2207/6306 572/578/6306 2135/2208/6306
f 1064/1084/2132 1921/1974/5713 1062/1082/2133
f 1919/1972/5713 1921/1974/5713 1064/1084/2132
f 1917/1970/5713 1919/1972/5713 1064/1084/2132
f 1805/1852/6307 1120/1140/6307 1803/1850/6307
f 1119/1139/6308 1120/1140/6308 1805/1852/6308
f 1126/1146/6309 1119/1139/6309 1805/1852/6309
f 2363/2464/6310 464/468/6310 2073/2136/6310
f 197/197/6311 464/468/6311 2363/2464/6311
f 199/199/365 197/197/367 2363/2464/6312
f 1704/1745/6313 1256/1282/6314 1254/1280/6315
f 1258/1284/6316 1256/1282/6314 1704/1745/6313
f 1702/1743/6317 1258/1284/6317 1704/1745/6317
f 2253/2331/5344 1579/2422/6318 1781/1827/5344
f 2330/2420/6319 1579/2422/6319 2253/2331/6319
f 2252/2330/6320 2330/2420/6320 2253/2331/6320
f 1262/1288/6321 1698/1739/6321 1263/1289/6321
f 1700/1741/6322 1698/1739/6323 1262/1288/6324
f 1702/1743/6325 1700/1741/6325 1262/1288/6325
f 2124/2197/6326 304/307/3716 1726/1767/3715
f 232/233/549 304/307/548 2124/2197/6327
f 234/235/6328 232/233/6328 2124/2197/6328
f 972/985/5420 662/2494/6329 663/2346/5421
f 660/988/6330 662/2494/6331 972/985/6332
f 974/987/6333 660/988/6330 972/985/6332
f 2143/2216/4927 1461/1494/6334 1463/1496/4925
f 471/476/6335 1461/1494/6335 2143/2216/6335
f 2056/2119/6336 471/476/6336 2143/2216/6336
f 387/391/6337 1768/1811/6337 2042/2102/6337
f 1769/1812/6338 1768/1811/6338 387/391/6338
f 383/387/6339 1769/1812/6340 387/391/6341
f 1592/1625/6342 1588/1621/6342 1590/1623/6342
f 1310/1336/5127 1588/1621/5126 1592/1625/6343
f 1312/1338/6344 1310/1336/6344 1592/1625/6344
f 2390/2495/6345 227/228/6345 1030/1048/6345
f 225/226/414 227/228/414 2390/2495/6346
f 1028/1046/6347 225/226/6347 2390/2495/6347
f 1925/1978/6348 1447/1480/6348 1445/1478/6348
f 1449/1482/6349 1447/1480/6349 1925/1978/6349
f 1451/1484/6350 1449/1482/6350 1925/1978/6350
f 2357/2458/6351 831/841/6351 829/839/6351
f 1859/1910/6352 831/841/6352 2357/2458/6352
f 1857/1908/4071 1859/1910/4070 2357/2458/6353
f 2391/2496/6354 1884/1936/6354 1865/1916/6354
f 583/589/6081 1884/1936/6355 2391/2496/6355
f 585/591/6356 583/589/6356 2391/2496/6356
f 2392/2497/6357 1979/2035/6357 1981/2037/6357
f 1367/1396/5790 1979/2035/5792 2392/2497/6358
f 2070/2133/6359 1367/1396/6359 2392/2497/6359
f 615/621/6360 976/990/1905 617/623/1907
f 977/991/6361 976/990/6362 615/621/6363
f 979/993/6364 977/991/6361 615/621/6363
f 2362/2463/6001 2325/2498/6365 2360/2462/6002
f 1569/1602/6366 2325/2498/6366 2362/2463/6366
f 1571/1604/6367 1569/1602/6367 2362/2463/6367
f 85/85/6368 2061/2124/4619 216/216/4618
f 81/81/6369 2061/2124/6369 85/85/6369
f 83/83/6370 81/81/6370 85/85/6370
f 2393/2499/6371 782/792/6371 1999/2056/6371
f 780/790/1474 782/792/1473 2393/2499/6372
f 778/788/1470 780/790/1469 2393/2499/6373
f 2161/2235/6374 726/733/6374 728/735/6374
f 724/731/6375 726/733/6375 2161/2235/6375
f 722/729/6376 724/731/6376 2161/2235/6376
f 1435/1468/6377 1404/1435/6378 1433/1466/6379
f 1406/1437/6380 1404/1435/6378 1435/1468/6377
f 1408/1439/6381 1406/1437/6381 1435/1468/6381
f 2296/2377/6382 1443/1476/6383 379/383/6384
f 1754/1795/6385 1443/1476/6383 2296/2377/6382
f 1753/1794/6386 1754/1795/6387 2296/2377/6388
f 2236/2314/6389 1929/1982/4233 1931/1984/4232
f 1547/1580/6390 1929/1982/6390 2236/2314/6390
f 1545/1578/6391 1547/1580/6391 2236/2314/6391
f 2299/2380/6392 496/501/6392 498/503/6392
f 494/499/6393 496/501/6393 2299/2380/6393
f 492/497/6394 494/499/6395 2299/2380/6396
f 2258/2337/6397 1376/1405/2843 1374/1403/2845
f 1378/1407/6177 1376/1405/2843 2258/2337/6397
f 2260/2339/6175 1378/1407/6177 2258/2337/6397
f 2394/2500/6398 1570/1603/6398 1557/1590/6398
f 1568/1601/6399 1570/1603/6399 2394/2500/6399
f 1566/1599/6400 1568/1601/6400 2394/2500/6400
f 2395/2501/5580 78/78/5580 1629/1667/5582
f 76/76/132 78/78/131 2395/2501/6401
f 756/766/1411 76/76/1413 2395/2501/6402
f 2396/2502/6403 2094/2159/4745 1585/1618/4747
f 1838/1888/6280 2094/2159/6282 2396/2502/6404
f 1583/1614/3999 1838/1888/3999 2396/2502/6405
f 2397/2503/6406 766/776/1444 768/778/1443
f 330/333/5455 766/776/5457 2397/2503/6407
f 328/331/599 330/333/598 2397/2503/6408
f 2398/2504/6409 1107/1127/6409 1105/1123/6409
f 1334/1360/2719 1107/1127/2721 2398/2504/6410
f 33/33/5766 1334/1360/5768 2398/2504/6411
f 2399/2505/6412 307/310/553 305/308/555
f 739/749/5629 307/310/5631 2399/2505/6413
f 737/747/1358 739/749/1357 2399/2505/6414
f 2394/2500/6415 2095/2160/6415 1566/1599/6415
f 1555/1588/6416 2095/2160/6416 2394/2500/6416
f 1557/1590/3295 1555/1588/3297 2394/2500/6417
f 2400/2506/6418 2338/2432/6418 1479/1512/6418
f 2003/2060/6419 2338/2432/6419 2400/2506/6419
f 1473/1506/6420 2003/2060/6420 2400/2506/6420
f 2401/2507/6421 1954/2007/6422 1956/2009/6423
f 514/520/6424 1954/2007/6424 2401/2507/6424
f 516/522/6425 514/520/6425 2401/2507/6425
f 1182/1206/2351 1972/2508/6426 1180/1204/2352
f 295/296/6427 1972/2508/6428 1182/1206/6429
f 2347/2446/6430 295/296/6427 1182/1206/6429
f 2371/2472/6431 1762/1803/6431 1760/1801/6431
f 2310/2391/5619 1762/1803/5618 2371/2472/6432
f 63/63/6433 2310/2391/6433 2371/2472/6433
f 2402/2509/6434 1413/1444/2950 1415/1446/2949
f 2381/2483/6435 1413/1444/6436 2402/2509/6437
f 367/371/6438 2381/2483/6438 2402/2509/6438
f 1997/2510/4418 2344/2439/5887 286/287/509
f 1617/2438/5885 2344/2439/5884 1997/2510/6439
f 1496/1529/3137 2239/2317/6440 1498/1531/3135
f 1495/1528/6441 2239/2317/6440 1496/1529/3137
f 2239/2317/6440 1493/1526/3959 1827/1874/3961
f 1495/1528/6441 1493/1526/3959 2239/2317/6440
f 46/46/6442 2248/2326/6443 44/44/6444
f 48/48/6445 2248/2326/6443 46/46/6442
f 2069/2132/6446 1365/1394/6446 1366/1395/6446
f 2068/2131/6447 1365/1394/6447 2069/2132/6447
f 525/531/6448 1328/1354/6448 523/529/6448
f 527/533/6449 1328/1354/6449 525/531/6449
f 1955/2008/4304 1858/1909/4069 813/823/1551
f 1860/1911/4073 1858/1909/4075 1955/2008/6450
f 1953/2006/6451 514/520/6451 512/518/6451
f 1954/2007/6452 514/520/6452 1953/2006/6452
f 832/842/6453 2227/2511/6453 2004/2454/6453
f 834/844/6454 2227/2511/6454 832/842/6454
f 1855/1906/1551 2376/2478/6129 813/823/1551
f 1853/1904/6126 2376/2478/6125 1855/1906/6455
f 508/514/6456 2227/2511/6456 834/844/6456
f 506/512/952 2227/2511/6457 508/514/950
f 1326/1352/6458 531/537/6458 533/539/6458
f 529/535/2684 531/537/6459 1326/1352/2685
f 134/134/6460 509/515/6461 1332/1358/6462
f 507/513/6463 509/515/6461 134/134/6460
f 1527/1560/6464 2091/2156/6465 2092/2157/6466
f 2228/2306/6467 2091/2156/6465 1527/1560/6464
f 448/452/6468 2158/2231/6468 450/454/6468
f 1677/1715/6469 2158/2231/6469 448/452/6470
f 1676/1714/6469 2158/2231/6469 1677/1715/6469
f 1674/1712/3603 2158/2231/6471 1676/1714/3603
f 1912/1965/6472 1304/1330/6472 1302/1328/6472
f 173/173/6473 1304/1330/6473 1912/1965/6473
f 2014/2072/6474 2342/2436/6474 2016/2074/6474
f 2013/2071/6475 2342/2436/6474 2014/2072/6474
f 1528/1561/6476 1524/1557/6476 2020/2078/6476
f 1526/1559/6477 1524/1557/6477 1528/1561/6477
f 1531/1564/6478 2006/2061/6479 1529/1562/6480
f 2007/2065/6481 2006/2061/6479 1531/1564/6478
f 1709/1750/3685 2349/2448/5500 1235/1261/2504
f 1707/1748/5927 2349/2448/5927 1709/1750/6482
f 1710/1751/6483 2244/2322/6484 1708/1749/6485
f 1711/1752/6486 2244/2322/6484 1710/1751/6483
f 1542/1575/6487 2245/2323/2544 1255/1281/2543
f 1540/1573/3269 2245/2323/6488 1542/1575/3269
f 1722/1763/6489 1870/1922/6489 1723/1764/6489
f 1720/1761/4093 1870/1922/4095 1722/1763/6490
f 1873/1925/6491 1269/1295/6492 2257/2336/6493
f 1874/1926/6494 1269/1295/6492 1873/1925/6491
f 2351/2450/6495 1186/1210/6495 1188/1212/6495
f 293/294/6496 1186/1210/6496 2351/2450/6496
f 1139/1159/2255 1756/1797/3788 1137/1157/2253
f 1141/1161/3785 1756/1797/3784 1139/1159/6497
f 2309/2390/6498 1490/1523/6498 1492/1525/6498
f 61/61/6499 1490/1523/6499 2309/2390/6499
f 1759/1800/3789 2383/2485/3788 1137/1157/2253
f 1761/1802/6500 2383/2485/6500 1759/1800/6500
f 970/983/6501 2008/2066/6502 2009/2067/6503
f 2266/2347/6504 2008/2066/6502 970/983/6501
f 2313/2394/6505 449/453/6505 451/455/6505
f 2127/2200/4870 449/453/4869 2313/2394/6506
f 1296/1322/6507 2312/2393/6507 453/457/6507
f 1294/1320/2620 2312/2393/6508 1296/1322/2618
f 104/104/6509 793/803/6509 791/801/6509
f 106/106/6510 793/803/6510 104/104/6510
f 1242/1268/2516 1784/1830/3847 1240/1266/2517
f 1244/1270/6511 1784/1830/6511 1242/1268/6511
f 609/615/6512 605/611/6513 1976/2032/6514
f 607/613/6515 605/611/6513 609/615/6512
f 606/612/6516 603/609/6517 604/610/6518
f 894/906/6519 603/609/6517 606/612/6516
f 95/95/6520 91/91/6520 429/433/6520
f 93/93/6521 91/91/6521 95/95/6521
f 131/131/6244 2182/2259/6522 397/2261/6242
f 2117/2190/6523 2182/2259/6523 131/131/6523
f 447/451/852 2033/2091/853 445/449/853
f 2128/2201/6524 2033/2091/6524 447/451/6524
f 2025/2083/6525 1371/1400/6526 2026/2084/6527
f 2144/2217/6528 1371/1400/6526 2025/2083/6525
f 98/98/6529 94/94/6529 96/96/6529
f 2062/2125/6529 94/94/6529 98/98/6529
f 547/2512/6530 658/664/1199 660/666/1198
f 548/2419/6531 658/664/6531 547/2512/6531
f 587/593/6532 1867/1918/6532 1869/1920/6532
f 585/591/6533 1867/1918/6533 587/593/6533
f 1635/1673/6534 82/82/6534 84/84/6534
f 1633/1671/6535 82/82/6536 1635/1673/6537
f 1552/1585/2544 1255/1281/2543 1257/1283/2547
f 1550/1583/5296 1255/1281/2543 1552/1585/2544
f 1548/1581/6538 1255/1281/2543 1550/1583/5296
f 1546/1579/2545 1255/1281/2543 1548/1581/6538
f 1544/1577/2546 1255/1281/2543 1546/1579/2545
f 1542/1575/6487 1255/1281/2543 1544/1577/2546
f 705/712/6539 1932/1985/6539 1930/1983/6539
f 703/708/6540 1932/1985/6540 705/712/6540
f 1541/1574/6541 2366/2467/6541 1539/1572/6541
f 1543/1576/6542 2366/2467/6542 1541/1574/6542
f 1260/1286/2557 1702/1743/2556 1262/1288/2555
f 1258/1284/6543 1702/1743/6543 1260/1286/6543
f 1696/1737/6544 2157/2230/6545 2155/2228/6546
f 1697/1738/6547 2157/2230/6545 1696/1737/6544
f 1073/1093/6548 1697/1738/6548 1075/1095/6548
f 2157/2230/6549 1697/1738/6549 1073/1093/6549
f 1129/1149/2243 1963/2016/6550 1127/1147/2244
f 1131/1151/6551 1963/2016/6551 1129/1149/6551
f 1962/2015/6552 1114/1134/6552 1116/1136/6552
f 1964/2017/6553 1114/1134/6554 1962/2015/6555
f 1966/2019/6556 1114/1134/6554 1964/2017/6553
f 1967/2020/6557 1114/1134/6557 1966/2019/6557
f 1880/1932/6558 2328/2417/5760 1881/1933/5759
f 1878/1930/6559 2328/2417/6559 1880/1932/6559
f 1878/1930/6560 1965/2018/5756 2328/2417/5755
f 1876/1928/6561 1965/2018/6561 1878/1930/6561
f 1273/1299/6562 1269/1295/6562 1874/1926/6562
f 1271/1297/6563 1269/1295/6563 1273/1299/6563
f 1985/2041/6564 2256/2334/5382 1122/1142/5381
f 1984/2040/5169 2256/2334/5382 1985/2041/6564
f 1690/1731/3645 2375/2477/3644 1317/1343/2666
f 1692/1733/6121 2375/2477/6120 1690/1731/6565
f 2256/2334/5377 2210/2288/6566 2211/2289/5378
f 1984/2040/5169 2210/2288/5168 2256/2334/5382
f 2129/2513/6567 1569/1602/6567 1567/1598/6567
f 2325/2498/6568 1569/1602/6568 2129/2513/6568
f 1781/2514/3839 1578/1611/3337 1577/1610/3333
f 1579/1612/3339 1578/1611/3341 1781/2514/6569
f 1586/1619/6570 1582/1615/6571 1584/1617/6572
f 2198/2276/6573 1582/1615/6571 1586/1619/6570
f 2098/2166/6574 1723/2427/6574 1870/2164/6574
f 2145/2218/6575 1723/2427/6575 2098/2166/6575
f 1996/2052/6576 2343/2437/5882 1997/2054/5881
f 1994/2050/4415 2343/2437/6577 1996/2052/4413
f 1994/2050/6578 859/869/6578 2343/2437/6578
f 857/867/6579 859/869/6579 1994/2050/6579
f 1725/2515/6580 2334/2428/5819 286/2053/509
f 1724/2426/5816 2334/2428/5815 1725/2515/6581
f 1783/1829/6582 657/663/6582 2045/2105/6582
f 661/667/6583 657/663/6583 1783/1829/6583
f 2360/2516/6000 2326/2411/5733 1577/1826/3333
f 2325/2410/5730 2326/2411/5729 2360/2516/6584
f 2065/2128/6585 1570/1603/3321 1572/1605/3325
f 1557/1590/4646 1570/1603/6586 2065/2128/4647
f 2133/2206/6587 1777/1822/3832 1779/1824/3831
f 2131/2204/4879 1777/1822/6588 2133/2206/4879
f 555/561/6589 559/565/6589 557/563/6590
f 1936/1989/6589 559/565/6589 555/561/6589
f 2131/2204/6591 1775/1820/6591 1777/1822/6591
f 1773/1818/6592 1775/1820/6592 2131/2204/6592
f 602/608/6593 599/605/6594 601/607/6595
f 890/902/6596 599/605/6594 602/608/6593
f 1091/1111/2180 2323/2408/5713 1064/1084/2132
f 1089/1109/5711 2323/2408/5710 1091/1111/6597
f 81/81/6598 1509/1542/6599 2061/2124/6600
f 1511/1544/6599 1509/1542/6599 81/81/6598
f 1175/1199/6601 2322/2407/6601 1176/1200/6601
f 2193/2271/6602 2322/2407/6602 1175/1199/6602
f 655/661/6603 651/657/6604 1816/1863/6605
f 653/659/6606 651/657/6604 655/661/6603
f 378/382/701 1981/2037/6607 376/380/702
f 2070/2133/4666 1981/2037/6608 378/382/706
f 239/240/435 2319/2404/5682 237/238/431
f 241/242/5679 2319/2404/5678 239/240/6609
f 2088/2151/4728 2315/2400/5667 237/238/431
f 2086/2149/5664 2315/2400/5663 2088/2151/6610
f 1051/1071/6611 2241/2319/6611 1053/1073/6611
f 1027/1045/6612 2241/2319/6612 1051/1071/6612
f 1035/1053/6613 2242/2320/6614 1033/1051/6615
f 1036/1054/6616 2242/2320/6614 1035/1053/6613
f 1899/2517/4163 139/2518/6617 137/2519/4164
f 2255/2333/6618 139/2518/6618 1899/2517/6618
f 597/603/6619 593/599/6620 595/601/6621
f 886/898/6622 593/599/6620 597/603/6619
f 395/399/6623 2172/2520/6623 137/2521/6623
f 393/397/736 2172/2520/6624 395/399/734
f 427/431/6625 91/91/153 89/89/155
f 429/433/6626 91/91/6626 427/431/6626
f 343/346/6627 62/62/6627 64/64/6627
f 60/60/6628 62/62/6628 343/346/6628
f 1947/2000/6629 2252/2330/5338 1946/1999/5340
f 2330/2420/6630 2252/2330/5338 1947/2000/6629
f 1151/1173/6631 1172/1196/6631 1171/1195/6631
f 1153/1175/6632 1172/1196/6632 1151/1173/6632
f 499/504/6633 1353/1382/6633 501/506/6633
f 497/502/934 1353/1382/6634 499/504/932
f 699/706/1278 52/52/96 54/54/95
f 697/704/1280 52/52/96 699/706/1278
f 1153/1175/6635 1173/1197/6636 1172/1196/6637
f 1155/1177/6638 1173/1197/6636 1153/1175/6635
f 2190/2268/6639 275/276/6639 277/278/6639
f 2191/2269/6640 275/276/6640 2190/2268/6640
f 273/274/3034 2192/2270/6641 1457/1490/3035
f 275/276/6642 2192/2270/6642 273/274/6642
f 289/290/513 2197/2275/6643 287/288/514
f 2123/2196/6087 2197/2275/6089 289/290/6644
f 284/285/511 1725/1766/6580 286/287/509
f 282/283/3712 1725/1766/3711 284/285/6645
f 2369/2470/6646 1448/1481/6646 2196/2274/6646
f 1446/1479/6647 1448/1481/6647 2369/2470/6647
f 754/764/6648 696/703/6648 698/705/6648
f 692/699/6649 696/703/6650 754/764/6651
f 423/427/819 178/178/334 180/180/333
f 176/176/6652 178/178/6652 423/427/6652
f 139/2518/6653 143/143/6653 141/141/6653
f 2255/2333/6654 143/143/6654 139/2518/6654
f 24/24/45 1161/1183/2297 22/22/44
f 26/26/2302 1161/1183/2304 24/24/6655
f 1748/1789/3773 1752/1793/3775 1750/1791/6656
f 1926/1979/4220 1949/2002/4286 1924/1977/4221
f 1927/1980/6657 1949/2002/6657 1926/1979/6657
f 1927/1980/6658 257/258/4283 1949/2002/4282
f 255/256/6659 257/258/6659 1927/1980/6659
f 55/55/6660 1491/1524/6660 57/57/6660
f 53/53/97 1491/1524/6661 55/55/98
f 1952/2005/4294 2374/2476/6118 269/270/485
f 1951/2004/6116 2374/2476/6116 1952/2005/6662
f 333/336/6663 337/340/6664 335/338/6665
f 996/1010/6666 337/340/6664 333/336/6663
f 1095/1115/6667 1092/1112/6667 1093/1113/6667
f 1090/1110/2176 1092/1112/2178 1095/1115/6668
f 643/649/6669 1101/1121/6670 1102/1122/6671
f 1084/1104/6672 1101/1121/6670 643/649/6669
f 1944/1997/6673 1776/1821/3828 1774/1819/3824
f 1946/1999/6674 1776/1821/6674 1944/1997/6674
f 2391/2496/6675 1867/1918/6675 585/591/6675
f 1865/1916/6676 1867/1918/6676 2391/2496/6676
f 652/658/4007 1945/1998/6677 1839/1889/4005
f 654/660/1190 1945/1998/6678 652/658/1191
f 775/785/6679 729/736/6679 730/737/6679
f 773/783/3518 729/736/3520 775/785/6680
f 751/761/6681 753/763/6682 997/1011/6683
f 752/762/6684 753/763/6682 751/761/6681
f 2034/2092/6685 2104/2172/6685 1074/1094/6685
f 2036/2094/6686 2104/2172/6686 2034/2092/6686
f 327/330/6687 331/334/6688 329/332/6689
f 998/1012/6690 331/334/6688 327/330/6687
f 1535/1568/6691 262/263/471 260/261/473
f 1536/1569/6692 262/263/6692 1535/1568/6692
f 258/259/6693 254/255/6694 1533/1566/6695
f 256/257/6696 254/255/6694 258/259/6693
f 882/894/6697 36/36/6697 884/896/6697
f 1019/1035/6697 36/36/6697 882/894/6697
f 686/693/6698 690/697/6699 750/760/6700
f 688/695/6701 690/697/6699 686/693/6698
f 747/757/6702 749/759/6703 999/1013/6704
f 748/758/6705 749/759/6703 747/757/6702
f 321/324/6706 325/328/6707 323/326/6708
f 1000/1014/6709 325/328/6707 321/324/6706
f 878/890/6710 880/892/6711 879/891/6712
f 1015/1031/6713 880/892/6711 878/890/6710
f 2164/2237/3531 2379/2481/1300 714/721/1300
f 2163/2236/6152 2379/2481/6152 2164/2237/6714
f 683/690/6715 687/694/6716 685/692/6717
f 877/889/6718 687/694/6716 683/690/6715
f 680/687/6719 684/691/6720 746/756/6721
f 682/689/6722 684/691/6720 680/687/6719
f 2380/2482/6723 532/538/986 530/536/988
f 1227/1253/6724 532/538/6724 2380/2482/6724
f 743/753/6725 745/755/6726 1001/1015/6727
f 744/754/6728 745/755/6726 743/753/6725
f 29/29/6729 1620/1658/3431 31/31/3433
f 27/27/6730 1620/1658/6730 29/29/6730
f 1458/1491/6731 477/482/902 482/487/901
f 475/480/6732 477/482/6732 1458/1491/6732
f 315/318/6733 319/322/6733 317/320/6734
f 1002/1016/6735 319/322/6733 315/318/6733
f 1012/1028/6736 1014/1030/6737 1013/1029/6738
f 1170/1194/6739 1014/1030/6737 1012/1028/6736
f 874/886/6740 876/888/6741 875/887/6742
f 1011/1027/6743 876/888/6741 874/886/6740
f 1409/1440/6744 2382/2484/6744 1407/1438/6744
f 1411/1442/2941 2382/2484/6745 1409/1440/2939
f 1411/1442/6746 2381/2483/6746 2382/2484/6746
f 1413/1444/6436 2381/2483/6435 1411/1442/6747
f 677/684/6748 681/688/6749 679/686/6750
f 873/885/6751 681/688/6749 677/684/6748
f 674/681/6752 678/685/6753 742/752/6754
f 676/683/6755 678/685/6753 674/681/6752
f 2271/2352/5463 10/10/21 12/12/20
f 2249/2327/6756 10/10/6756 2271/2352/6756
f 1048/1068/6757 1050/1070/6758 1223/1249/6759
f 1049/1069/6760 1050/1070/6758 1048/1068/6757
f 2331/2423/6761 2273/2354/6761 2032/2090/6761
f 1286/1312/6762 2273/2354/6763 2331/2423/6764
f 1602/1637/6765 1606/1641/6766 1604/1639/6767
f 1971/2026/6768 1606/1641/6766 1602/1637/6765
f 434/438/6769 1893/1945/6769 436/440/6769
f 432/436/6770 1893/1945/6771 434/438/6772
f 9/9/6773 13/13/6774 11/11/6775
f 1352/1381/6776 13/13/6774 9/9/6773
f 442/446/851 2275/2356/3605 444/448/849
f 440/444/5478 2275/2356/5478 442/446/6777
f 1898/1950/6778 1672/1710/6779 1673/1711/6780
f 1897/1949/6779 1672/1710/6779 1898/1950/6778
f 2276/2357/6781 1895/1947/4157 1896/1948/4156
f 1894/1946/5482 1895/1947/6782 2276/2357/5480
f 1147/1169/6783 1149/1171/6784 1830/1880/6785
f 1148/1170/6786 1149/1171/6784 1147/1169/6783
f 1167/1191/6787 1169/1193/6788 1168/1192/6789
f 1829/1879/6790 1169/1193/6788 1167/1191/6787
f 1008/1024/6791 1010/1026/6792 1009/1025/6793
f 1166/1190/6794 1010/1026/6792 1008/1024/6791
f 870/882/6795 872/884/6796 871/883/6797
f 1007/1023/6798 872/884/6796 870/882/6795
f 671/678/6799 675/682/6800 673/680/6801
f 869/881/6802 675/682/6800 671/678/6799
f 1319/1345/2670 2386/2488/2667 1317/1343/2666
f 1321/1347/6203 2386/2488/6202 1319/1345/6803
f 668/675/6804 672/679/6805 738/748/6806
f 670/677/6807 672/679/6805 668/675/6804
f 224/225/6808 228/229/6809 226/227/6810
f 299/302/6811 228/229/6809 224/225/6808
f 1863/1914/6812 2084/2147/4716 1861/1912/4718
f 1882/1934/6813 2084/2147/4716 1863/1914/6812
f 1023/1041/6814 1025/1043/6815 1047/1067/6816
f 1024/1042/6817 1025/1043/6815 1023/1041/6814
f 2081/2144/1053 2231/2309/1054 575/581/1052
f 2083/2146/5230 2231/2309/5232 2081/2144/6818
f 1044/1064/6819 1046/1066/6820 1221/1247/6821
f 1045/1065/6822 1046/1066/6820 1044/1064/6819
f 1099/1119/6823 1086/1106/6823 1088/1108/6823
f 1101/1121/6824 1086/1106/6824 1099/1119/6824
f 1016/1032/6825 1018/1034/6826 1017/1033/6827
f 1174/1198/6828 1018/1034/6826 1016/1032/6825
f 1478/1511/3080 1734/1775/3731 1476/1509/3076
f 1480/1513/3735 1734/1775/3737 1478/1511/6829
f 1732/1773/6830 2311/2392/6831 1730/1771/6832
f 1733/1774/6833 2311/2392/6831 1732/1773/6830
f 1990/2046/6834 2387/2489/6835 1472/1505/6836
f 1989/2045/6837 2387/2489/6835 1990/2046/6834
f 1731/1772/3729 2356/2457/5973 1476/1509/3076
f 1729/1770/5970 2356/2457/5969 1731/1772/6838
f 2221/2299/1813 2336/2430/5837 931/944/1811
f 2223/2301/5834 2336/2430/5833 2221/2299/6839
f 2212/2290/6840 318/321/6840 2136/2209/6840
f 2213/2291/6841 318/321/6841 2212/2290/6841
f 1678/1719/3608 926/939/6842 924/1717/3609
f 1679/1720/6843 926/939/6843 1678/1719/6843
f 1233/1259/2506 2339/2433/2504 1235/1261/2504
f 1231/1257/5860 2339/2433/5859 1233/1259/6844
f 1943/2522/1813 2373/2475/6114 931/944/1811
f 2169/2474/6111 2373/2475/6110 1943/2522/6845
f 193/193/358 463/467/356 195/195/359
f 191/191/357 463/467/356 193/193/358
f 202/202/372 2341/2435/2969 200/200/368
f 204/204/5871 2341/2435/5870 202/202/6846
f 1648/1686/1301 2352/2451/1300 714/721/1300
f 1650/1688/5952 2352/2451/5952 1648/1686/6847
f 767/777/6848 2265/2344/6848 769/779/6848
f 765/775/5442 2265/2344/5444 767/777/6849
f 1647/1685/6850 2264/2343/6851 1649/1687/6852
f 1646/1684/6853 2264/2343/6851 1647/1685/6850
f 622/628/6854 903/915/6854 620/626/6854
f 413/417/6855 903/915/6856 622/628/6857
f 2215/2293/343 2348/2447/343 185/185/342
f 2217/2295/5924 2348/2447/5923 2215/2293/6858
f 957/970/1875 975/989/1908 959/972/1873
f 955/968/1903 975/989/1903 957/970/6859
f 2175/2250/1877 994/1008/1876 959/972/1873
f 992/1006/1939 994/1008/1938 2175/2250/6860
f 2208/2286/5166 2167/2240/5011 543/549/1006
f 2168/2241/5015 2167/2240/5015 2208/2286/6861
f 2017/2075/4486 1522/1555/6862 1520/1553/4487
f 2018/2076/6863 1522/1555/6862 2017/2075/4486
f 2209/2287/6864 784/794/6865 786/796/6866
f 914/926/6867 784/794/6865 2209/2287/6864
f 2018/2076/6868 1524/1557/3215 1522/1555/3217
f 2020/2078/6869 1524/1557/6869 2018/2076/6869
f 1736/1777/6870 937/950/6870 939/952/6870
f 1738/1779/6871 937/950/6871 1736/1777/6871
f 45/45/85 2355/2456/3950 47/47/83
f 43/43/5966 2355/2456/5965 45/45/6872
f 2247/2325/6873 967/980/6298 993/1007/6300
f 969/982/6874 967/980/6874 2247/2325/6874
f 553/559/6875 973/986/6876 1933/1986/6877
f 551/557/6878 973/986/6876 553/559/6875
f 1824/1871/3952 2358/2459/5988 47/47/83
f 1826/1873/5985 2358/2459/5984 1824/1871/6879
f 1609/1647/6880 470/475/6881 468/473/6882
f 472/477/6883 470/475/6881 1609/1647/6880
f 1575/1608/3335 2361/2461/5999 1577/1610/3333
f 1573/1606/6004 2361/2461/6006 1575/1608/6884
f 1106/1126/6885 1497/1530/6885 1104/1124/6885
f 1108/1128/6886 1497/1530/6886 1106/1126/6886
f 865/875/6887 1613/1651/6887 863/873/6887
f 478/483/4700 1613/1651/4702 865/875/6888
f 1158/1180/2297 2206/2284/47 22/22/44
f 1156/1178/5154 2206/2284/5156 1158/1180/6889
f 570/576/6890 2134/2207/6890 1123/1143/6890
f 572/578/6891 2134/2207/6891 570/576/6891
f 1804/1851/6892 582/588/6892 1806/1853/6892
f 580/586/6893 582/588/6893 1804/1851/6893
f 1615/1653/6894 861/871/1632 863/873/1632
f 1616/1654/6895 861/871/6895 1615/1653/6895
f 2295/2376/5553 375/379/694 373/377/690
f 377/381/698 375/379/700 2295/2376/6896
f 1416/1447/6897 425/429/6897 426/430/6897
f 1417/1448/6898 425/429/6898 1416/1447/6898
f 1503/1536/6899 1656/1694/3549 1502/1535/3551
f 1504/1537/6900 1656/1694/6900 1503/1536/6900
f 2298/2379/3047 1465/1498/3048 490/495/919
f 1467/1500/3053 1465/1498/3055 2298/2379/6901
f 1423/1454/371 2354/2455/2968 200/200/368
f 1421/1452/5963 2354/2455/5963 1423/1454/6902
f 2149/2222/6903 926/939/6903 1679/1720/6903
f 2151/2224/6904 926/939/6904 2149/2222/6904
f 2301/2382/5565 488/493/920 490/495/919
f 486/491/914 488/493/913 2301/2382/6905
f 2176/2251/6906 980/994/6907 2174/2249/6908
f 978/992/6909 980/994/6907 2176/2251/6906
f 1973/2029/6910 981/995/6910 979/993/6910
f 1974/2030/6911 981/995/1919 1973/2029/6912
f 1974/2030/6911 983/997/1917 981/995/1919
f 1975/2031/4973 983/997/4972 1974/2030/6913
f 1401/1432/6914 1405/1436/6915 1485/1518/6916
f 1403/1434/6917 1405/1436/6915 1401/1432/6914
f 1434/1467/6918 1438/1471/6919 1436/1469/6920
f 1767/1810/6921 1438/1471/6919 1434/1467/6918
f 401/405/6922 399/403/6923 400/404/6924
f 1796/1843/6925 399/403/6923 401/405/6922
f 2303/2384/6926 155/155/282 153/153/284
f 2075/2138/4684 155/155/4686 2303/2384/6927
f 1888/1940/6928 2368/2469/6085 1889/1941/6084
f 1886/1938/4130 2368/2469/6929 1888/1940/4128
f 1886/1938/6930 2367/2468/6930 2368/2469/6930
f 1884/1936/6931 2367/2468/6931 1886/1938/6931
f 1288/1314/6932 2126/2199/4864 1290/1316/4866
f 1286/1312/6933 2126/2199/6933 1288/1314/6933
f 1477/1510/6934 2400/2506/6935 1479/1512/6936
f 1475/1508/6937 2400/2506/6935 1477/1510/6934
f 1799/1846/6938 1797/1844/6939 1798/1845/6940
f 2090/2155/6941 1797/1844/6939 1799/1846/6938
f 1957/2010/6942 2401/2507/6421 1956/2009/6423
f 809/819/4306 2401/2507/6943 1957/2010/4307
f 403/407/6944 1801/1848/6945 1800/1847/6946
f 404/408/6947 1801/1848/6945 403/407/6944
f 1757/1798/6948 2372/2473/6948 1758/1799/6948
f 1755/1796/6949 2372/2473/6949 1757/1798/6949
f 405/409/6950 1801/1848/6951 404/408/6952
f 2340/2434/6953 1801/1848/6951 405/409/6950
f 1519/1552/6954 407/411/6954 409/413/6954
f 1521/1554/5867 407/411/5867 1519/1552/5867
f 371/375/6955 2402/2509/6956 1415/1446/6957
f 369/373/6958 2402/2509/6956 371/375/6955
f 846/856/4321 850/860/4320 848/858/6959
f 1204/1228/4315 1206/1230/6960 1208/1232/4313
f 910/922/6961 2118/2191/6961 911/923/6961
f 60/60/103 340/343/6962 58/58/104
f 1207/1231/2414 1205/1229/2416 1637/1675/6963
f 1213/1237/2428 1211/1235/2430 1639/1677/6964
f 1343/1369/2740 1638/1676/6965 1341/1367/2741
f 864/874/2442 1217/1241/2444 1641/1679/6966
f 1349/1375/2754 1640/1678/6967 1347/1373/2755
f 2183/2260/6968 2181/2258/6968 2180/2396/6968
f 1113/1133/6969 1111/1131/6969 2329/2418/6969
f 1283/1309/3238 732/739/3240 1284/1310/6970
f 1210/1234/4329 1212/1236/6971 1214/1238/4327
f 1207/1231/3494 1211/1235/3493 1209/1233/6972
f 1337/1363/3488 1339/1365/6973 1341/1367/3486
f 2117/2190/6974 2116/2189/6974 2114/2256/6974
f 393/397/6975 2173/2248/6975 2172/2520/6975
f 1340/1366/2733 1338/1364/2735 1619/1657/6976
f 483/488/6977 1350/1376/6977 1627/1665/6977
f 1346/1372/2747 1344/1370/2749 1623/1661/6978
f 776/786/4905 1998/2055/6979 2000/2057/4906
f 1213/1237/3508 1217/1241/3507 1215/1239/6980
f 1343/1369/3502 1345/1371/6981 1347/1373/3500
f 1340/1366/6982 1344/1370/6982 1342/1368/6982
f 2041/2101/6983 2040/2100/6983 2039/2246/6983
f 1766/1809/6984 1765/1808/6984 1764/2098/6984
f 1432/1465/6985 1431/1464/6985 1430/1806/6985
f 1402/1433/6986 1400/1431/6986 1398/1462/6986
f 1399/1430/6987 1483/1516/6987 345/1428/6987
f 1042/1062/6988 1219/1245/6988 1041/1060/6988
f 1194/1218/2377 2327/2412/6989 1192/1216/2378
f 1349/1375/3516 481/486/6990 480/485/3514
f 1346/1372/3447 1350/1376/3446 1348/1374/6991
f 1244/1270/2523 822/832/2522 1782/1828/6992
f 657/663/6993 661/667/6993 659/665/6993
f 1021/1039/6994 1043/1063/6994 1020/1037/6994
f 112/112/1510 114/114/6995 116/116/1508
f 219/220/6996 1022/1040/6996 217/218/6996
f 103/103/2822 107/107/2824 105/105/6997
f 2350/2449/6998 40/40/6998 42/42/6998
f 556/562/3303 552/558/3302 554/560/6999
f 1935/1988/7000 2154/2227/7000 1937/1990/7000
f 1297/1323/2886 1293/1319/2888 1295/1321/7001
f 1975/2031/4372 1868/1919/4371 2153/2226/7002
f 1864/1915/7003 1862/1913/7003 1937/1990/7003
f 421/425/811 2346/2445/7004 419/423/812
f 222/223/7005 220/221/7005 218/298/7005
f 298/301/7006 297/300/7006 296/743/7006
f 1500/1533/3150 1502/1535/3149 1653/1691/7007
f 666/673/7008 735/745/7008 664/671/7008
f 669/676/7009 667/674/7009 665/877/7009
f 1654/1692/3543 2324/2409/7010 1652/1690/3543
f 868/880/7011 867/879/7011 866/1019/7011
f 109/109/7012 113/113/7012 111/111/7012
f 1006/1022/7013 1005/1021/7013 1004/1186/7013
f 1394/1423/2893 1516/1549/7014 1392/1421/2894
f 84/84/3479 86/86/7015 88/88/3477
f 1165/1189/7016 1164/1188/7016 1163/1876/7016
f 948/961/1845 946/959/1847 1517/1550/7017
f 1145/1167/7018 1828/1878/7018 1144/1165/7018
f 4/4/7019 1146/1168/7019 2/2/7019
f 1078/1098/7020 1080/1100/7020 2333/2425/7020
f 7/7/7021 5/5/7021 3/1378/7021
f 1382/1411/2863 2320/2405/7022 1384/1413/2861
f 1813/1860/4030 1815/1862/4029 1814/1861/7023
f 903/915/6856 413/417/6855 2282/2363/7024
f 2076/2139/4814 159/159/4813 2074/2137/7025
f 503/508/944 1351/1380/7026 505/510/942
f 945/958/4808 947/960/7027 949/962/4806
f 1600/1635/7028 1598/1633/7028 1596/2022/7028
f 556/562/1026 558/564/1025 1556/1589/7029
f 562/568/7030 558/564/7030 560/566/7030
f 1970/2025/7031 1969/2024/7031 1968/2441/7031
f 600/606/7032 1809/1856/7032 2318/2403/7032
f 244/245/4046 242/243/4048 1848/1899/4044
f 942/955/3192 946/959/3191 944/957/7033
f 469/474/881 2055/2118/7034 467/472/882
f 1058/1078/7035 1040/1058/7035 245/246/7035
f 1390/1419/3186 1391/1420/7036 1392/1421/3184
f 1291/1317/2612 1293/1319/2611 1389/1418/7037
f 1038/1056/2069 2242/2320/7038 1036/1054/2070
f 161/161/1852 2113/2184/7039 949/962/1853
f 386/390/713 1363/1392/7040 384/388/714
f 124/124/227 805/815/7041 122/122/228
f 132/132/2711 806/816/2713 807/817/7042
f 1659/1697/3556 2365/2466/7043 1657/1695/3556
f 82/82/6536 1633/1671/6535 2304/2385/7044
f 948/961/3206 165/165/3205 950/963/7045
f 1394/1423/3200 1395/1424/7046 1396/1425/3198
f 1297/1323/2626 1299/1325/2625 1393/1422/7047
f 162/162/778 158/158/780 160/160/7048
f 156/156/290 158/158/289 408/412/7049
f 437/441/7050 439/443/7050 2024/2082/7050
f 124/124/1538 126/126/7051 128/128/1536
f 125/125/5401 2335/2429/7052 392/396/5402
f 275/276/7053 2191/2269/7053 2192/2270/7053
f 383/387/6339 387/391/6341 385/389/7054
f 439/443/7055 441/445/7055 2022/2080/7055
f 2011/2069/4466 2342/2436/7056 2013/2071/4464
f 359/363/664 357/361/666 1486/1519/7057
f 1977/2033/4936 2332/2424/7058 1369/1398/4934
f 800/810/1516 802/812/1515 1329/1355/7059
f 115/115/206 113/113/208 1364/1393/7060
f 118/118/213 801/811/7061 116/116/214
f 804/814/7062 802/812/7062 803/813/7062
f 1303/1329/7063 171/171/7063 1397/1426/7063
f 1300/1326/2634 1909/1962/7064 1302/1328/2632
f 109/109/192 107/107/194 1368/1397/7065
f 112/112/199 797/807/7066 110/110/200
f 800/810/7067 798/808/7067 799/809/7067
f 519/525/2694 521/527/7068 523/529/2695
f 1303/1329/2900 1299/1325/2902 1301/1327/7069
f 103/103/180 101/101/182 1372/1401/7070
f 796/806/7071 794/804/7071 795/805/7071
f 973/986/7072 551/557/7072 549/553/7072
f 1817/1864/3936 1815/1862/3938 1845/1896/7073
f 1713/1754/3687 2244/2322/7074 1711/1752/3688
f 353/357/3107 357/361/3106 355/359/7075
f 1390/1419/2879 1514/1547/7076 1388/1417/2880
f 2038/2096/7077 2259/2338/7077 2036/2094/7077
f 2103/2171/7078 1097/1117/7078 1096/1116/7078
f 106/106/1496 108/108/7079 110/110/1494
f 2262/2341/6137 1094/1114/6136 2263/2342/7080
f 796/806/1502 798/808/1501 1327/1353/7081
f 942/955/1831 940/953/1833 1515/1548/7082
f 2070/2133/4666 2392/2497/6608 1981/2037/6608
f 350/354/7083 2316/2401/7083 348/352/7083
f 1720/1761/7084 1718/1759/7084 1872/1924/7084
f 167/167/2907 1518/1551/7085 1396/1425/2908
f 168/168/790 164/164/792 166/166/7086
f 2161/2235/7087 720/727/7087 722/729/7087
f 1377/1406/4838 915/927/7088 913/925/4836
f 1216/1240/6264 1218/1242/7089 860/870/6262
f 760/770/7090 1932/1985/7090 703/708/7090
f 2076/2139/4692 2078/2141/4691 2112/2183/7091
f 156/156/767 152/152/769 154/154/7092
f 146/146/7093 148/148/7093 402/406/7093
f 2115/2188/4823 127/127/4822 2261/2340/7094
f 471/476/7095 473/478/7095 1461/1494/7095
f 168/168/318 170/170/317 416/420/7096
f 1028/1046/2056 2390/2495/7097 1030/1048/2054
f 1251/1277/2538 1253/1279/2537 2246/2324/7098
f 262/263/7099 1536/1569/7099 264/265/7099
f 2237/2315/5259 2366/2467/7100 1543/1576/5257
f 963/976/1879 961/974/1881 995/1009/1879
f 2019/2077/4792 956/969/7101 958/971/4790
f 353/357/650 351/355/652 1484/1517/7102
f 347/351/3095 351/355/3094 349/353/7103
f 1700/1741/6322 1699/1740/7104 1698/1739/6323
f 1286/1312/6762 2274/2355/7105 2273/2354/6763
f 608/614/7106 900/912/7106 898/910/7106
f 1681/1722/4958 1682/1723/7107 2150/2223/4956
f 926/939/7108 2151/2224/7108 928/941/7108
f 146/146/749 142/142/751 144/144/7109
f 432/436/6770 1670/1708/7110 1893/1945/6771
f 162/162/304 164/164/303 412/416/7111
f 1671/1709/4159 1672/1710/4159 1897/1949/4159
f 721/728/4980 2156/2229/4979 723/730/7112
f 529/535/7113 1328/1354/7113 527/533/7113
f 1999/2056/7114 778/788/7114 2393/2499/7114
f 921/933/1786 919/931/1788 1383/1412/7115
f 1435/1468/2997 1437/1470/2997 2384/2486/7116
f 143/143/268 2255/2333/7117 145/145/266
f 1412/1443/2948 2233/2311/7118 1414/1445/2946
f 648/654/1180 1663/1701/7119 646/652/1181
f 72/72/120 2267/2348/7120 70/70/121
f 642/648/1168 1667/1705/7121 640/646/1169
f 140/140/260 142/142/259 398/402/7122
f 1537/1570/7123 1715/1756/7123 1538/1571/7123
f 1668/1706/3577 1666/1704/3577 2202/2280/3577
f 1418/1449/7124 1501/1534/7124 1417/1448/7124
f 1662/1699/7125 1266/1292/7125 2385/2487/7125
f 696/703/6650 692/699/6649 694/701/7126
f 417/421/797 2359/2460/7127 415/419/798
f 174/174/328 176/176/327 420/424/7128
f 789/799/7129 787/797/7129 785/793/7129
f 97/97/2834 101/101/2836 99/99/7130
f 1967/2020/7131 1112/1132/7131 1114/1134/7131
f 2353/2452/5955 1706/1747/3675 2389/2491/6226
f 921/933/2869 100/100/2868 922/934/7132
f 917/929/7133 919/931/7133 918/930/7133
f 757/767/1418 759/769/1418 2377/2479/1418
f 1668/1706/7134 1280/1306/7134 1669/1707/7134
f 1272/1298/5146 1274/1300/7135 1276/1302/5144
f 535/541/7136 2049/2109/7136 533/539/7136
f 2046/2106/7137 2047/2107/7137 2050/2110/7137
f 789/799/1486 920/932/7138 791/801/1484
f 2109/2178/7139 962/975/7139 964/977/7139
f 843/853/1596 1983/2039/1596 841/851/1597
f 1644/1682/3528 2264/2343/7140 1646/1684/3528
f 706/713/7141 1651/1689/7141 2269/2350/7141
f 774/784/7142 2306/2387/7142 772/782/7142
f 174/174/804 170/170/806 172/172/7143
f 2288/2368/5596 2137/2210/5598 2289/2370/7144
f 833/843/7145 831/841/7145 1859/1910/7145
f 804/814/1530 806/816/1529 1331/1357/7146
f 568/574/1041 1124/1144/2235 1684/1725/1041
f 781/791/7147 779/789/7147 248/249/7147
f 1987/2043/4403 2387/2489/4401 1989/2045/4401
f 846/856/1602 844/854/1602 1959/2012/7148
f 852/862/1615 850/860/1617 1961/2014/7149
f 1210/1234/2421 1960/2013/7150 1208/1232/2422
f 1735/1776/3732 2311/2392/7151 1733/1774/3733
f 838/846/2219 1117/1137/2221 2370/2471/7152
f 1101/1121/7153 1084/1104/7153 1086/1106/7153
f 762/772/1430 763/773/1429 2378/2480/7154
f 1279/1305/3250 1282/1308/3252 1281/1307/7155
f 365/369/7156 363/367/7156 1489/1522/7156
f 1355/1384/7157 1354/1383/7157 2186/2264/7157
f 629/635/4142 633/639/4144 631/637/7158
f 1179/1201/2454 1183/1207/2453 1181/1205/7159
f 1185/1209/2358 1183/1207/2360 1220/1246/7160
f 1753/1794/6386 2296/2377/6388 2294/2375/7161
f 1597/1632/3377 1599/1634/3376 1610/1648/7162
f 118/118/1524 120/120/7163 122/122/1522
f 538/544/7164 1792/1838/7164 540/546/7164
f 492/497/6394 2299/2380/6396 2297/2378/7165
f 1603/1638/7166 1599/1634/7166 1601/1636/7166
f 1185/1209/2466 1189/1213/2465 1187/1211/7167
f 1191/1215/2370 1189/1213/2372 1222/1248/7168
f 1603/1638/3391 1605/1640/3390 1614/1652/7169
f 756/766/3461 2395/2501/3461 1629/1667/3459
f 2045/2105/7170 2044/2104/7170 2043/2103/7170
f 1585/1618/3347 1583/1614/3349 2396/2502/7171
f 1608/1644/7172 1605/1640/7172 1607/1642/7172
f 768/778/7173 328/331/7173 2397/2503/7173
f 849/859/1608 2345/2444/7174 847/857/1609
f 1105/1123/7175 33/33/7175 2398/2504/7175
f 1191/1215/2478 1195/1219/2477 1193/1217/7176
f 305/308/7177 737/747/7177 2399/2505/7177
f 1197/1221/2384 1195/1219/2386 1224/1250/7178
f 1197/1221/7179 251/252/7179 1199/1223/7179
f 1283/1309/2589 1282/1308/2591 1534/1567/7180
f 583/589/6081 2367/2468/6080 1884/1936/6355
f 730/737/1466 731/738/7181 733/740/1464
f 624/630/2594 626/632/2594 628/634/2594
f 1473/1506/3075 2400/2506/3074 1475/1508/3074
f 115/115/2798 119/119/2800 117/117/7182
f 636/642/3583 638/644/7183 640/646/3584
f 516/522/7184 2401/2507/7184 809/819/7184
f 359/363/3117 363/367/3116 361/365/7185
f 50/50/88 2248/2326/7186 48/48/89
f 65/65/7187 2372/2473/7187 1755/1796/7187
f 642/648/3570 644/650/7188 646/652/3571
f 1789/1835/7189 1791/1837/7189 1790/1836/7189
f 1591/1624/3359 1589/1622/3361 2119/2192/7190
f 367/371/7191 2402/2509/7191 369/373/7191
